Symbol,InstrumentToken,Name,BSE_TOKEN,NSE_TOKEN,Segment,InstrumentType
NIFTY 50,256265,NIFTY 50,,1001,INDICES,EQ
NIFTY MIDCAP 100,256777,NIFTY MIDCAP 100,,1003,INDICES,EQ
NIFTY BANK,260105,NIFTY BANK,,1016,INDICES,EQ
NIFTY 100,260617,NIFTY 100,,1018,INDICES,EQ
NIFTY DIV OPPS 50,257033,NIFTY DIV OPPS 50,,1004,INDICES,EQ
NIFTY COMMODITIES,257289,NIFTY COMMODITIES,,1005,INDICES,EQ
NIFTY CONSUMPTION,257545,NIFTY CONSUMPTION,,1006,INDICES,EQ
NIFTY FIN SERVICE,257801,NIFTY FIN SERVICE,,1007,INDICES,EQ
NIFTY50 PR 2X LEV,258825,NIFTY50 PR 2X LEV,,1011,INDICES,EQ
NIFTY50 PR 1X INV,259081,NIFTY50 PR 1X INV,,1012,INDICES,EQ
NIFTY50 TR 2X LEV,259337,NIFTY50 TR 2X LEV,,1013,INDICES,EQ
NIFTY50 TR 1X INV,259593,NIFTY50 TR 1X INV,,1014,INDICES,EQ
NIFTY IT,259849,NIFTY IT,,1015,INDICES,EQ
NIFTY MIDCAP 50,260873,NIFTY MIDCAP 50,,1019,INDICES,EQ
NIFTY REALTY,261129,NIFTY REALTY,,1020,INDICES,EQ
NIFTY INFRA,261385,NIFTY INFRA,,1021,INDICES,EQ
NIFTY ENERGY,261641,NIFTY ENERGY,,1022,INDICES,EQ
NIFTY FMCG,261897,NIFTY FMCG,,1023,INDICES,EQ
NIFTY MNC,262153,NIFTY MNC,,1024,INDICES,EQ
NIFTY PHARMA,262409,NIFTY PHARMA,,1025,INDICES,EQ
NIFTY PSE,262665,NIFTY PSE,,1026,INDICES,EQ
NIFTY PSU BANK,262921,NIFTY PSU BANK,,1027,INDICES,EQ
NIFTY SERV SECTOR,263177,NIFTY SERV SECTOR,,1028,INDICES,EQ
NIFTY AUTO,263433,NIFTY AUTO,,1029,INDICES,EQ
NIFTY METAL,263689,NIFTY METAL,,1030,INDICES,EQ
NIFTY MEDIA,263945,NIFTY MEDIA,,1031,INDICES,EQ
NIFTY 200,264457,NIFTY 200,,1033,INDICES,EQ
HANGSENG BEES-NAV,264713,HANGSENG BEES-NAV,,1034,INDICES,EQ
INDIA VIX,264969,INDIA VIX,,1035,INDICES,EQ
NIFTY50 DIV POINT,265225,NIFTY50 DIV POINT,,1036,INDICES,EQ
NIFTY200 QUALTY30,265737,NIFTY200 QUALTY30,,1038,INDICES,EQ
NIFTY ALPHA 50,265993,NIFTY ALPHA 50,,1039,INDICES,EQ
NIFTY MIDCAP 150,266249,NIFTY MIDCAP 150,,1040,INDICES,EQ
NIFTY MIDSML 400,266505,NIFTY MIDSML 400,,1041,INDICES,EQ
NIFTY SMLCAP 50,266761,NIFTY SMLCAP 50,,1042,INDICES,EQ
NIFTY SMLCAP 100,267017,NIFTY SMLCAP 100,,1043,INDICES,EQ
NIFTY SMLCAP 250,267273,NIFTY SMLCAP 250,,1044,INDICES,EQ
NIFTY50 VALUE 20,267529,NIFTY50 VALUE 20,,1045,INDICES,EQ
NIFTY100 LIQ 15,267785,NIFTY100 LIQ 15,,1046,INDICES,EQ
NIFTY 500,268041,NIFTY 500,,1047,INDICES,EQ
NIFTY CPSE,268297,NIFTY CPSE,,1048,INDICES,EQ
NIFTY GS 4 8YR,268553,NIFTY GS 4 8YR,,1049,INDICES,EQ
NIFTY GS 8 13YR,268809,NIFTY GS 8 13YR,,1050,INDICES,EQ
NIFTY GS 10YR,269065,NIFTY GS 10YR,,1051,INDICES,EQ
NIFTY GS 10YR CLN,269321,NIFTY GS 10YR CLN,,1052,INDICES,EQ
NIFTY GS 11 15YR,269577,NIFTY GS 11 15YR,,1053,INDICES,EQ
NIFTY GS 15YRPLUS,269833,NIFTY GS 15YRPLUS,,1054,INDICES,EQ
NIFTY GS COMPSITE,270089,NIFTY GS COMPSITE,,1055,INDICES,EQ
NIFTY GROWSECT 15,270345,NIFTY GROWSECT 15,,1056,INDICES,EQ
NIFTY MID LIQ 15,270601,NIFTY MID LIQ 15,,1057,INDICES,EQ
NIFTY NEXT 50,270857,NIFTY NEXT 50,,1058,INDICES,EQ
NIFTY PVT BANK,271113,NIFTY PVT BANK,,1059,INDICES,EQ
NIFTY50 EQL WGT,271625,NIFTY50 EQL WGT,,1061,INDICES,EQ
NIFTY100 EQL WGT,271881,NIFTY100 EQL WGT,,1062,INDICES,EQ
NIFTY100 LOWVOL30,272137,NIFTY100 LOWVOL30,,1063,INDICES,EQ
NIFTY100 QUALTY30,272393,NIFTY100 QUALTY30,,1064,INDICES,EQ
NIFTY ALPHALOWVOL,273673,NIFTY ALPHALOWVOL,,1069,INDICES,EQ
NIFTY MID SELECT,288009,NIFTY MIDCAP SELECT (MIDCPNIFTY),,1125,INDICES,EQ
NIFTY FINSRV25 50,288265,NIFTY FINSRV25 50,,1126,INDICES,EQ
NIFTY HEALTHCARE,288521,NIFTY HEALTHCARE,,1127,INDICES,EQ
NIFTY CONSR DURBL,288777,NIFTY CONSR DURBL,,1128,INDICES,EQ
NIFTY OIL AND GAS,289033,NIFTY OIL AND GAS,,1129,INDICES,EQ
NIFTY500 MULTICAP,289289,NIFTY500 MULTICAP,,1130,INDICES,EQ
NIFTY LARGEMID250,289545,NIFTY LARGEMID250,,1131,INDICES,EQ
NIFTY100ESGSECLDR,289801,NIFTY100ESGSECLDR,,1132,INDICES,EQ
NIFTY200MOMENTM30,290057,NIFTY200MOMENTM30,,1133,INDICES,EQ
NIFTY TOTAL MKT,290313,NIFTY TOTAL MKT,,1134,INDICES,EQ
NIFTY MICROCAP250,290569,NIFTY MICROCAP250,,1135,INDICES,EQ
NIFTY M150 QLTY50,290825,NIFTY M150 QLTY50,,1136,INDICES,EQ
NIFTY INDIA MFG,291081,NIFTY INDIA MFG,,1137,INDICES,EQ
NIFTY IND DIGITAL,291337,NIFTY IND DIGITAL,,1138,INDICES,EQ
NIFTY100 ESG,291593,NIFTY100 ESG,,1139,INDICES,EQ
NIFTY200 ALPHA 30,294409,NIFTY200 ALPHA 30,,1150,INDICES,EQ
NIFTYM150MOMNTM50,294665,NIFTYM150MOMNTM50,,1151,INDICES,EQ
NIFTY TATA 25 CAP,294921,NIFTY TATA 25 CAP,,1152,INDICES,EQ
NIFTY MULTI MFG,295177,NIFTY MULTI MFG,,1153,INDICES,EQ
NIFTY MULTI INFRA,295433,NIFTY MULTI INFRA,,1154,INDICES,EQ
NIFTY MIDSML HLTH,295689,NIFTY MIDSML HLTH,,1155,INDICES,EQ
NIFTY AQL 30,404745,NIFTY ALPHA QUALITY LOW-VOLATILITY 30,,1581,INDICES,EQ
NIFTY AQLV 30,405001,NIFTY ALPHA QUALITY VALUE LOW VOLATILITY 30,,1582,INDICES,EQ
NIFTY CORP MAATR,405257,NIFTY INDIA SELECT 5 CORPORATE GROUPS,,1583,INDICES,EQ
NIFTY EV,405513,NIFTY EV & NEW AGE AUTOMOTIVE,,1584,INDICES,EQ
NIFTY HIGHBETA 50,405769,NIFTY HIGHBETA 50,,1585,INDICES,EQ
NIFTY LOW VOL 50,406025,NIFTY LOW VOLATILITY 50,,1586,INDICES,EQ
NIFTY MOBILITY,406281,NIFTY MOBILITY,,1587,INDICES,EQ
NIFTY MULTI MQ 50,406537,NIFTY500 MULTICAP MOMENTUM QUALITY 50,,1588,INDICES,EQ
NIFTY NEW CONSUMP,406793,NIFTY INDIA NEW AGE CONSUMPTION,,1589,INDICES,EQ
NIFTY QLTY LV 30,407049,NIFTY QUALITY LOW VOLATILITY 30,,1590,INDICES,EQ
NIFTY SML250 Q50,407305,NIFTY SMALLCAP250 QUALITY 50,,1591,INDICES,EQ
NIFTY TOP 10 EW,407561,NIFTY TOP 10 EQUAL WEIGHT,,1592,INDICES,EQ
NIFTY TOP 15 EW,407817,NIFTY TOP 15 EQUAL WEIGHT,,1593,INDICES,EQ
NIFTY TOP 20 EW,408073,NIFTY TOP 20 EQUAL WEIGHT,,1594,INDICES,EQ
NIFTY100 ALPHA 30,408329,NIFTY100 ALPHA 30,,1595,INDICES,EQ
NIFTY100 ENH ESG,408585,NIFTY100 ENHANCED ESG,,1596,INDICES,EQ
NIFTY200 VALUE 30,408841,NIFTY200 VALUE 30,,1597,INDICES,EQ
NIFTY500 EW,409097,NIFTY500 EQUAL WEIGHT,,1598,INDICES,EQ
NIFTY500 VALUE 50,409353,NIFTY500 VALUE 50,,1599,INDICES,EQ
NIFTY500MOMENTM50,409609,NIFTY500 MOMENTUM 50,,1600,INDICES,EQ
NIFTYMS400 MQ 100,409865,NIFTY MIDSMALLCAP400 MOMENTUM QUALITY 100,,1601,INDICES,EQ
NIFTYSML250MQ 100,410121,NIFTY SMALLCAP250 MOMENTUM QUALITY 100,,1602,INDICES,EQ
NIFTY COREHOUSING,410377,NIFTY CORE HOUSING,,1603,INDICES,EQ
NIFTY FINSEREXBNK,410633,NIFTY FINANCIAL SERVICES,,1604,INDICES,EQ
NIFTY HOUSING,410889,NIFTY HOUSING,,1605,INDICES,EQ
NIFTY IPO,411145,NIFTY IPO,,1606,INDICES,EQ
NIFTY MS FIN SERV,411401,NIFTY MIDSMALL FINANCIAL SERVICES,,1607,INDICES,EQ
NIFTY MS IND CONS,411657,NIFTY MIDSMALL INDIA CONSUMPTION,,1608,INDICES,EQ
NIFTY MS IT TELCM,411913,NIFTY MIDSMALL IT & TELECOM,,1609,INDICES,EQ
NIFTY NONCYC CONS,412169,NIFTY NON-CYCLICAL CONSUMER,,1610,INDICES,EQ
NIFTY RURAL,412425,NIFTY RURAL,,1611,INDICES,EQ
NIFTY SHARIAH 25,412681,NIFTY SHARIAH 25,,1612,INDICES,EQ
NIFTY TRANS LOGIS,412937,NIFTY TRANSPORTATION & LOGISTICS,,1613,INDICES,EQ
NIFTY50 SHARIAH,413193,NIFTY50 SHARIAH,,1614,INDICES,EQ
NIFTY500 LMS EQL,413449,NIFTY500 LARGEMIDSMALL EQUAL CAP WEIGHTED,,1615,INDICES,EQ
NIFTY500 SHARIAH,413705,NIFTY500 SHARIAH,,1616,INDICES,EQ
NIFTY IND DEFENCE,413961,NIFTY INDIA DEFENCE,,1617,INDICES,EQ
NIFTY IND TOURISM,414217,NIFTY INDIA TOURISM,,1618,INDICES,EQ
NIFTY CAPITAL MKT,414473,NIFTY CAPITAL MARKETS,,1619,INDICES,EQ
Nifty BHARATBondIndex-Apr2025,416521,NSE INDEX NIFTY BHARATBONDINDEX-APR2025,,1627,INDICES,EQ
BHARATBOND-APR33,416777,NSE INDEX BHARATBOND-APR33,,1628,INDICES,EQ
BHARATBOND-APR32,417033,NSE INDEX BHARATBOND-APR32,,1629,INDICES,EQ
BHARATBOND-APR31,417289,NSE INDEX BHARATBOND-APR31,,1630,INDICES,EQ
BHARATBOND-APR30,417545,NSE INDEX BHARATBOND-APR30,,1631,INDICES,EQ
Nifty500 LowVol50,417801,NSE INDEX NIFTY500 LOWVOL50,,1632,INDICES,EQ
Nifty500 MQVLv50,418057,NSE INDEX NIFTY500 MQVLV50,,1633,INDICES,EQ
Nifty500 Qlty50,418313,NSE INDEX NIFTY500 QLTY50,,1634,INDICES,EQ
NIFTY50 USD,418569,NSE INDEX NIFTY50 USD,,1635,INDICES,EQ
GOLDSTAR-SM,257,GOLDSTAR POWER,,1,NSE,EQ
21STCENMGM,134891780,TWENTYFIRST CENTURY MANAGEMENT,526921,4,BSE,EQ
AARTIIND,134197252,AARTI INDUSTRIES,524208,7,BSE,EQ
ABB,128000516,ABB INDIA,500002,13,BSE,EQ
656KA30-SG,3585,SDL KA 6.56% 2030,,14,NSE,EQ
GATECHDVR,145921284,GACM TECHNOLOGIES  - DV,570005,17,BSE,EQ
66RJ30-SG,4609,SDL RJ 6.6% 2030,,18,NSE,EQ
STYRENIX,129592836,STYRENIX PERFORMANCE MATERIALS,506222,19,BSE,EQ
66GA30A-SG,5121,SDL GA 6.6% 2030,,20,NSE,EQ
664UP30-SG,5377,SDL UP 6.64% 2030,,21,NSE,EQ
ACC,128104964,ACC,500410,22,BSE,EQ
67JK30-SG,5889,SDL JK 6.7% 2030,,23,NSE,EQ
ADANIENT,131225348,ADANI ENTERPRISES,512599,25,BSE,EQ
67HR30-SG,6657,SDL HR 6.7% 2030,,26,NSE,EQ
667MH31-SG,7425,SDL MH 6.67% 2031,,29,NSE,EQ
679MP33-SG,8193,SDL MP 6.79% 2033,,32,NSE,EQ
ADOR,132362500,ADOR WELDING,517041,34,BSE,EQ
677KA34-SG,8961,SDL KA 6.77% 2034,,35,NSE,EQ
685AP36-SG,9729,SDL AP 6.85% 2036,,38,NSE,EQ
AEGISLOG,128000772,AEGIS LOGISTICS,500003,40,BSE,EQ
687AP38-SG,10497,SDL AP 6.87% 2038,,41,NSE,EQ
677WB40-SG,10753,SDL WB 6.77% 2040,,42,NSE,EQ
SANWARIA-BZ,11777,SANWARIA CONSUMER,,46,NSE,EQ
HAPPSTMNDS,139066116,HAPPIEST MINDS TECHNOLOGIES LI,543227,48,BSE,EQ
663GJ29-SG,16641,SDL GJ 6.63% 2029,,65,NSE,EQ
684TS40-SG,17409,SDL TS 6.84% 2040,,68,NSE,EQ
665KA30-SG,18433,SDL KA 6.65% 2030,,72,NSE,EQ
675KA33-SG,18945,SDL KA 6.75% 2033,,74,NSE,EQ
667UK30-SG,19457,SDL UK 6.67% 2030,,76,NSE,EQ
ALEMBICLTD,129596164,ALEMBIC,506235,79,BSE,EQ
BETA-SM,20737,BETA DRUGS,,81,NSE,EQ
67ML30-SG,21249,SDL ML 6.7% 2030,,83,NSE,EQ
67NL30-SG,22017,SDL NL 6.7% 2030,,86,NSE,EQ
667RJ30-SG,22273,SDL RJ 6.67% 2030,,87,NSE,EQ
67TR30-SG,22785,SDL TR 6.7% 2030,,89,NSE,EQ
668UP30-SG,23553,SDL UP 6.68% 2030,,92,NSE,EQ
676MP33-SG,24321,SDL MP 6.76% 2033,,95,NSE,EQ
ARE&M,128002052,AMARA RAJA ENERGY & MOBILITY L,500008,100,BSE,EQ
SHAREINDIA,138425604,SHARE INDIA SECURITIES ,540725,104,BSE,EQ
OMFURN-SM,29953,OMFURN INDIA,,117,NSE,EQ
ROUTE,139066372,ROUTE MOBILE ,543228,128,BSE,EQ
ANDHRSUGAR,151055876,ANDHRA SUGARS,590062,136,BSE,EQ
GODREJAGRO,138430212,GODREJ AGROVET ,540743,144,BSE,EQ
SGBSEP28VI-GB,38145,2.50%GOLDBONDS2028SR-VI,,149,NSE,EQ
APCOTEXIND,134065668,APCOTEX INDUSTRIES,523694,154,BSE,EQ
APOLLOHOSP,130270468,APOLLO HOSPITALS ENTERPRISE LT,508869,157,BSE,EQ
67MH28-SG,40449,SDL MH 6.7% 2028,,158,NSE,EQ
MILTON-SM,40705,MILTON INDUSTRIES,,159,NSE,EQ
674UP30-SG,41217,SDL UP 6.74% 2030,,161,NSE,EQ
APOLLOTYRE,128224516,APOLLO TYRES,500877,163,BSE,EQ
68AS30-SG,41985,SDL AS 6.8% 2030,,164,NSE,EQ
674GA30-SG,42241,SDL GA 6.74% 2030,,165,NSE,EQ
ANDHRAPAP,128596484,ANDHRA PAPER,502330,166,BSE,EQ
67GJ30-SG,42753,SDL GJ 6.7% 2030,,167,NSE,EQ
67KA30-SG,43521,SDL KA 6.7% 2030,,170,NSE,EQ
672RJ30-SG,43777,SDL RJ 6.72% 2030,,171,NSE,EQ
673SK30-SG,44289,SDL SK 6.73% 2030,,173,NSE,EQ
669TN30-SG,45825,SDL TN 6.69% 2030,,179,NSE,EQ
ARENTERP,134825476,RAJDARSHAN INDUSTRIES,526662,181,BSE,EQ
678KA32-SG,46593,SDL KA 6.78% 2032,,182,NSE,EQ
TCPLPACK,133965060,TCPL PACKAGING,523301,184,BSE,EQ
678MH32-SG,47361,SDL MH 6.78% 2032,,185,NSE,EQ
850NHAI29-N5,47617,,,186,NSE,EQ
875NHAI29-N6,49153,,,192,NSE,EQ
ARVIND,128025860,ARVIND,500101,193,BSE,EQ
MASFIN,138431748,MAS FINANCIAL SERVICES ,540749,199,BSE,EQ
UNIDT,133635588,UNITED DRILLING TOOLS,522014,201,BSE,EQ
ASHAPURMIN,134912260,ASHAPURA MINECHEM,527001,203,BSE,EQ
ASHIMASYN,131657220,ASHIMA,514286,206,BSE,EQ
ASHOKLEY,128122116,ASHOK LEYLAND,500477,212,BSE,EQ
IEX,138432004,INDIAN ENERGY EXCHANGE ,540750,220,BSE,EQ
AAKASH,60161,AAKASH EXPLORATION SER L,,235,NSE,EQ
ASIANPAINT,128209924,ASIAN PAINTS,500820,236,BSE,EQ
ADL,139067140,ARCHIDPLY DECOR ,543231,245,BSE,EQ
NIRAJ,136444420,NIRAJ CEMENT STRUCTURALS,532986,255,BSE,EQ
ATUL,128006916,ATUL,500027,263,BSE,EQ
CHEMCON,139067652,CHEMCON SPECIALITY CHEMICALS L,543233,270,BSE,EQ
AUROPHARMA,134349828,AUROBINDO PHARMA,524804,275,BSE,EQ
GICRE,138433284,GENERAL INSURANCE CORPORATION,540755,277,BSE,EQ
AUTOAXLES,129282564,AUTOMOTIVE AXLES,505010,278,BSE,EQ
69PY29-SG,74497,SDL PY 6.9% 2029,,291,NSE,EQ
69AS30A-SG,75265,SDL AS 6.9% 2030,,294,NSE,EQ
683GJ30-SG,76033,SDL GJ 6.83% 2030,,297,NSE,EQ
685KA30-SG,76801,SDL KA 6.85% 2030,,300,NSE,EQ
685RJ30-SG,77313,SDL RJ 6.85% 2030,,302,NSE,EQ
689GA30-SG,77569,SDL GA 6.89% 2030,,303,NSE,EQ
BAJAJHLDNG,128125444,BAJAJ HOLDINGS & INVESTMENT LT,500490,305,BSE,EQ
69ML30-SG,78337,SDL ML 6.9% 2030,,306,NSE,EQ
69UP30-SG,78593,SDL UP 6.9% 2030,,307,NSE,EQ
BAJAJHIND,128008196,BAJAJ HINDUSTHAN SUGAR,500032,308,BSE,EQ
69UK30A-SG,79105,SDL UK 6.9% 2030,,309,NSE,EQ
697KA31-SG,79617,SDL KA 6.97% 2031,,311,NSE,EQ
TIINDIA,138435076,TUBE INVESTMENTS OF INDIA,540762,312,BSE,EQ
71MH32-SG,80129,SDL MH 7.1% 2032,,313,NSE,EQ
696JK35-SG,80385,SDL JK 6.96% 2035,,314,NSE,EQ
704WB35-SG,80641,SDL WB 7.04% 2035,,315,NSE,EQ
705MZ35-SG,80897,SDL MZ 7.05% 2035,,316,NSE,EQ
BAJFINANCE,128008708,BAJAJ FINANCE,500034,317,BSE,EQ
70AP39-SG,81409,SDL AP 7.0% 2039,,318,NSE,EQ
695PN40-SG,81665,SDL PN 6.95% 2040,,319,NSE,EQ
705HR40-SG,82177,SDL HR 7.05% 2040,,321,NSE,EQ
694TS50-SG,82433,SDL TS 6.94% 2050,,322,NSE,EQ
ANGELONE,139068164,ANGEL ONE,543235,324,BSE,EQ
VALIANTORG-BE,85505,VALIANT ORGANICS,,334,NSE,EQ
BALKRISIND,128602884,BALKRISHNA INDUSTRIES,502355,335,BSE,EQ
BALMLAWRIE,133969668,BALMER LAWRIE & CO.LTD.,523319,338,BSE,EQ
BALRAMCHIN,128009732,BALRAMPUR CHINI MILLS,500038,341,BSE,EQ
CAMS,139067396,COMPUTER AGE MANAGEMENT SERVIC,543232,342,BSE,EQ
BANARBEADS,134873348,BANARAS BEADS,526849,347,BSE,EQ
BANARISUG,128010500,BANNARI AMMAN SUGARS,500041,350,BSE,EQ
SGBOCT25V-GB,90881,2.50% GOLDBONDS2025SR-V,,355,NSE,EQ
NAM-INDIA,138436356,NIPPON LIFE INDIA ASSET MANAGE,540767,357,BSE,EQ
ROML,136471812,RAJ OIL MILLS,533093,359,BSE,EQ
BASF,128010756,BASF INDIA,500042,368,BSE,EQ
BATAINDIA,128011012,BATA INDIA,500043,371,BSE,EQ
BBTC,128364804,BOMBAY BURMAH TRADING CORP.LTD,501425,380,BSE,EQ
SINTERCOM,97537,SINTERCOM INDIA,,381,NSE,EQ
BEL,128012548,BHARAT ELECTRONICS,500049,383,BSE,EQ
MAHLOG,138436612,MAHINDRA LOGISTICS ,540768,385,BSE,EQ
GLOBE,100609,GLOBE TEXTILES (I),,393,NSE,EQ
BEML,128012292,BEML,500048,395,BSE,EQ
SGBNOV25VI-GB,101889,2.50% GOLDBONDS2025SR-VI,,398,NSE,EQ
NIACL,138436868,THE NEW INDIA ASSURANCE COMPAN,540769,399,BSE,EQ
BERGEPAINT,130426884,BERGER PAINTS INDIA,509480,404,BSE,EQ
BEPL,128013316,BHANSALI ENGINEERING POLYMERS,500052,419,BSE,EQ
672TN27-SG,107521,SDL TN 6.72% 2027,,420,NSE,EQ
BHARATFORG,128126212,BHARAT FORGE,500493,422,BSE,EQ
KHADIM,138438404,KHADIM INDIA ,540775,425,BSE,EQ
681MH28-SG,109313,SDL MH 6.81% 2028,,427,NSE,EQ
693JH30-SG,109569,SDL JH 6.93% 2030,,428,NSE,EQ
692RJ30-SG,110081,SDL RJ 6.92% 2030,,430,NSE,EQ
691AS30-SG,110337,SDL AS 6.91% 2030,,431,NSE,EQ
IFGLEXPOR,138438148,IFGL REFRACTORIES ,540774,436,BSE,EQ
691NL30-SG,111873,SDL NL 6.91% 2030,,437,NSE,EQ
BHEL,128026372,BHARAT HEAVY ELECTRICALS,500103,438,BSE,EQ
691UP30A-SG,112385,SDL UP 6.91% 2030,,439,NSE,EQ
69GA30A-SG,112641,SDL GA 6.9% 2030,,440,NSE,EQ
5PAISA,138438660,5PAISA CAPITAL ,540776,445,BSE,EQ
69HP30-SG,114177,SDL HP 6.9% 2030,,446,NSE,EQ
687MH30-SG,114689,SDL MH 6.87% 2030,,448,NSE,EQ
686KA30-SG,114945,SDL KA 6.86% 2030,,449,NSE,EQ
684GJ30-SG,116225,SDL GJ 6.84% 2030,,454,NSE,EQ
715JK32-SG,116993,SDL JK 7.15% 2032,,457,NSE,EQ
SGBNOV25-GB,117249,2.50% GOLDBONDS2025SR-VII,,458,NSE,EQ
707MP32-SG,117761,SDL MP 7.07% 2032,,460,NSE,EQ
705MH32-SG,119297,SDL MH 7.05% 2032,,466,NSE,EQ
HDFCLIFE,138438916,HDFC LIFE INSURANCE COMPANY LI,540777,467,BSE,EQ
708KA34-SG,119809,SDL KA 7.08% 2034,,468,NSE,EQ
71AP37-SG,120065,SDL AP 7.1% 2037,,469,NSE,EQ
OSWALGREEN,138058244,OSWAL GREENTECH ,539290,471,BSE,EQ
709WB40-SG,120833,SDL WB 7.09% 2040,,472,NSE,EQ
3MINDIA,133989124,3M INDIA,523395,474,BSE,EQ
703AP40-SG,121601,SDL AP 7.03% 2040,,475,NSE,EQ
BIRLACABLE,128015364,BIRLA CABLE ,500060,477,BSE,EQ
BIRLACORPN,128085764,BIRLA CORPORATION,500335,480,BSE,EQ
AISL-SM,123393,ANI INTEGRATED SERV,,482,NSE,EQ
ICEMAKE,125185,ICE MAKE REFRIGERAT,,489,NSE,EQ
BLUEDART,134812676,BLUE DART EXPRESS,526612,495,BSE,EQ
SGBNOV258-GB,127233,2.50%GOLDBONDS2025SR-VIII,,497,NSE,EQ
903SFL28-YI,127489,,,498,NSE,EQ
PULZ-SM,129793,PULZ ELECTRONICS,,507,NSE,EQ
MAZDOCK,139068676,MAZAGON DOCK SHIPBUILDERS LIMI,543237,509,BSE,EQ
BOMDYEING,128005124,BOMBAY DYEING & MFG.CO.LTD.,500020,513,BSE,EQ
ICICIB22,138441476,ICICI PRUDENTIAL MUTUAL FUND,540787,522,BSE,EQ
BPCL,128140036,BHARAT PETROLEUM CORPORATION L,500547,526,BSE,EQ
UTIAMC,139068932,UTI ASSET MANAGEMENT COMPANY L,543238,527,BSE,EQ
BPL,128018948,BPL,500074,530,BSE,EQ
SGBNOV25IX-GB,138241,2.50%GOLDBONDS 2025SR-IX,,540,NSE,EQ
BRITANNIA,128211204,BRITANNIA INDUSTRIES,500825,547,BSE,EQ
BSL,131595524,BSL,514045,559,BSE,EQ
FELIX-SM,146689,FELIX INDUSTRIES,,573,NSE,EQ
LIKHITHA,139069444,LIKHITHA INFRASTRUCTURE LIMITE,543240,578,BSE,EQ
CANFINHOME,130866180,CAN FIN HOMES,511196,583,BSE,EQ
669PN30-SG,151041,SDL PN 6.69% 2030,,590,NSE,EQ
840IRFC29-N8,151297,,,591,NSE,EQ
GRAPHITE,130428932,GRAPHITE INDIA,509488,592,BSE,EQ
661KA30-SG,151809,SDL KA 6.61% 2030,,593,NSE,EQ
CARBORUNIV,131424004,CARBORUNDUM UNIVERSAL,513375,595,BSE,EQ
663MH30-SG,152577,SDL MH 6.63% 2030,,596,NSE,EQ
645MH27-SG,153345,SDL MH 6.45% 2027,,599,NSE,EQ
865IRFC29-NA,154369,,,603,NSE,EQ
655MH28-SG,154881,SDL MH 6.55% 2028,,605,NSE,EQ
665ML30-SG,155905,SDL ML 6.65% 2030,,609,NSE,EQ
66RJ30A-SG,156417,SDL RJ 6.6% 2030,,611,NSE,EQ
663UP30-SG,157185,SDL UP 6.63% 2030,,614,NSE,EQ
662UK30-SG,157953,SDL UK 6.62% 2030,,617,NSE,EQ
675KA33A-SG,158209,SDL KA 6.75% 2033,,618,NSE,EQ
CENTENKA,128071684,CENTURY ENKA,500280,619,BSE,EQ
699WB35-SG,158721,SDL WB 6.99% 2035,,620,NSE,EQ
SGBDEC25-GB,159489,2.50%GOLDBONDS 2025 SR-X,,623,NSE,EQ
ABREL,128010244,ADITYA BIRLA REAL ESTATE LIMIT,500040,625,BSE,EQ
691AP39-SG,160257,SDL AP 6.91% 2039,,626,NSE,EQ
CESC,128021508,CESC,500084,628,BSE,EQ
691MP40-SG,161025,SDL MP 6.91% 2040,,629,NSE,EQ
694TS50A-SG,161281,SDL TS 6.94% 2050,,630,NSE,EQ
IGARASHI,132449284,IGARASHI MOTORS INDIA,517380,634,BSE,EQ
CHAMBLFERT,128021764,CHAMBAL FERTILISERS & CHEMICAL,500085,637,BSE,EQ
DNAMEDIA,138441988,DILIGENT MEDIA CORPORATION LIM,540789,641,BSE,EQ
EXIDEIND,128022020,EXIDE INDUSTRIES,500086,676,BSE,EQ
CHOLAFIN,130878212,CHOLAMANDALAM INVESTMENT AND F,511243,685,BSE,EQ
CIPLA,128022276,CIPLA,500087,694,BSE,EQ
HEMIPROP,139069956,HEMISPHERE PROPERTIES INDIA LI,543242,701,BSE,EQ
DICIND,128022788,DIC INDIA,500089,703,BSE,EQ
SHRADHA,181249,SHRADHA INFRAPROJECTS,,708,NSE,EQ
SHALBY,138444036,SHALBY ,540797,714,BSE,EQ
HEUBACHIND,129635844,HEUBACH COLORANTS INDIA LIMITE,506390,715,BSE,EQ
SBIETFPB,184833,SBIAMC - SBIETFPB,,722,NSE,EQ
SGBDEC25XI-GB,186625,2.50%GOLDBONDS 2025 SR-XI,,729,NSE,EQ
COROMANDEL,129637124,COROMANDEL INTERNATIONAL,506395,739,BSE,EQ
SBIETFIT,189441,SBIAMC - SBIETFIT,,740,NSE,EQ
COSMOFIRST,130256388,COSMO FIRST ,508814,742,BSE,EQ
687AP35-SG,190977,SDL AP 6.87% 2035,,746,NSE,EQ
656AS30-SG,193025,SDL AS 6.56% 2030,,754,NSE,EQ
CRISIL,128023556,CRISIL,500092,757,BSE,EQ
651KA30-SG,194049,SDL KA 6.51% 2030,,758,NSE,EQ
CGPOWER,128023812,CG POWER AND INDUSTRIAL SOLUTI,500093,760,BSE,EQ
662JH30-SG,194817,SDL JH 6.62% 2030,,761,NSE,EQ
689MP40-SG,196353,SDL MP 6.89% 2040,,767,NSE,EQ
DABUR,128024580,DABUR INDIA,500096,772,BSE,EQ
647MH28-SG,197889,SDL MH 6.47% 2028,,773,NSE,EQ
656MH30-SG,198657,SDL MH 6.56% 2030,,776,NSE,EQ
KEEPLEARN,134829316,DSJ KEEP LEARNING,526677,778,BSE,EQ
654UP30-SG,199425,SDL UP 6.54% 2030,,779,NSE,EQ
DALMIASUG,128024836,DALMIA BHARAT SUGAR AND INDUST,500097,781,BSE,EQ
662KA32-SG,200193,SDL KA 6.62% 2032,,782,NSE,EQ
SGBDEC2512-GB,203521,2.50%GOLDBONDS2025 SR-XII,,795,NSE,EQ
SHIVATEX,130843652,SHIVA TEXYARN,511108,804,BSE,EQ
DCM,128721924,DCM,502820,805,BSE,EQ
BSHSL,207105,BOMBAY SUPER HYBRID SEEDS,,809,NSE,EQ
DCMSHRIRAM,133981956,DCM SHRIRAM,523367,811,BSE,EQ
DCW,128029956,DCW,500117,817,BSE,EQ
BANKA,210433,BANKA BIOLOO,,822,NSE,EQ
DEEPAKFERT,128165124,DEEPAK FERTILISERS & PETROCHEM,500645,827,BSE,EQ
SGBOC28VII-GB,213505,2.50%GOLDBONDS2028SR-VII,,834,NSE,EQ
575PY26-SG,214017,SDL PY 5.75% 2026,,836,NSE,EQ
61RJ27-SG,214273,SDL RJ 6.1% 2027,,837,NSE,EQ
645HP29-SG,214529,SDL HP 6.45% 2029,,838,NSE,EQ
651HP30-SG,215041,SDL HP 6.51% 2030,,840,NSE,EQ
64KA30B-SG,215809,SDL KA 6.4% 2030,,843,NSE,EQ
64GJ30A-SG,216577,SDL GJ 6.4% 2030,,846,NSE,EQ
SMVD-SM,216833,SMVD POLY PACK,,847,NSE,EQ
642UP30-SG,217345,SDL UP 6.42% 2030,,849,NSE,EQ
642GA30-SG,218113,SDL GA 6.42% 2030,,852,NSE,EQ
644UK30-SG,218369,SDL UK 6.44% 2030,,853,NSE,EQ
645RJ30-SG,218881,SDL RJ 6.45% 2030,,855,NSE,EQ
DHAMPURSUG,128030468,DHAMPUR SUGAR MILLS,500119,857,BSE,EQ
655TR30-SG,219649,SDL TR 6.55% 2030,,858,NSE,EQ
648KA31-SG,220417,SDL KA 6.48% 2031,,861,NSE,EQ
SGBDEC2513-GB,220673,2.50%GOLDBONDS2025SR-XIII,,862,NSE,EQ
655AP33-SG,221185,SDL AP 6.55% 2033,,864,NSE,EQ
672HR35-SG,221953,SDL HR 6.72% 2035,,867,NSE,EQ
ASTRON,138450948,ASTRON PAPER & BOARD MILL LIMI,540824,874,BSE,EQ
677AP38-SG,224257,SDL AP 6.77% 2038,,876,NSE,EQ
676PN40-SG,224513,SDL PN 6.76% 2040,,877,NSE,EQ
678TS50-SG,224769,SDL TS 6.78% 2050,,878,NSE,EQ
DRREDDY,128031748,DR.REDDYS LABORATORIES,500124,881,BSE,EQ
KHAICHEM,129995268,KHAITAN CHEMICALS & FERTILIZER,507794,896,BSE,EQ
EICHERMOT,129331204,EICHER MOTORS,505200,910,BSE,EQ
EQUITASBNK,139070212,EQUITAS SMALL FINANCE BANK LIM,543243,913,BSE,EQ
EIDPARRY,128032004,E.I.D.-PARRY (INDIA),500125,916,BSE,EQ
EIHOTEL,128215044,EIH - OBEROI HOTELS,500840,919,BSE,EQ
ORCHPHARMA,134239236,ORCHID PHARMA ,524372,926,BSE,EQ
ELECTCAST,128032772,ELECTROSTEEL CASTINGS,500128,928,BSE,EQ
DPABHUSHAN,139305220,D P ABHUSHAN,544161,936,BSE,EQ
ELGIEQUIP,133650948,ELGI EQUIPMENTS,522074,937,BSE,EQ
PGHL,128032260,PROCTER & GAMBLE HEALTH LIMITE,500126,940,BSE,EQ
SGBJAN26-GB,241921,2.50%GOLDBONDS2026SR-XIV,,945,NSE,EQ
622GS2035-GS,243969,GOI LOAN  6.22% 2035,,953,NSE,EQ
ESABINDIA,128034052,ESAB INDIA,500133,955,BSE,EQ
667GS2050-GS,244737,GOI LOAN  6.67% 2050,,956,NSE,EQ
ESCORTS,128126724,ESCORTS KUBOTA ,500495,958,BSE,EQ
SUBEXLTD,136281092,SUBEX,532348,967,BSE,EQ
675RJ30-SG,248065,SDL RJ 6.75% 2030,,969,NSE,EQ
535CG25-SG,248577,SDL CG 5.35% 2025,,971,NSE,EQ
64KA30C-SG,248833,SDL KA 6.4% 2030,,972,NSE,EQ
64MH30-SG,249089,SDL MH 6.4% 2030,,973,NSE,EQ
643AP30-SG,249857,SDL AP 6.43% 2030,,976,NSE,EQ
EPL,128034564,EPL,500135,981,BSE,EQ
646GJ30-SG,251393,SDL GJ 6.46% 2030,,982,NSE,EQ
648AS30-SG,252161,SDL AS 6.48% 2030,,985,NSE,EQ
648MZ30-SG,252929,SDL MZ 6.48% 2030,,988,NSE,EQ
65NL30-SG,253697,SDL NL 6.5% 2030,,991,NSE,EQ
EVERESTIND,130279940,EVEREST INDUSTRIES,508906,993,BSE,EQ
652PY30-SG,254465,SDL PY 6.52% 2030,,994,NSE,EQ
659UP30-SG,255233,SDL UP 6.59% 2030,,997,NSE,EQ
EUROTEXIND,133379588,EUROTEX INDUSTRIES & EXPORTS L,521014,999,BSE,EQ
656MH32-SG,256001,SDL MH 6.56% 2032,,1000,NSE,EQ
94SFL28-YL,256257,,,1001,NSE,EQ
679AP34-SG,257025,SDL AP 6.79% 2034,,1004,NSE,EQ
675KA35-SG,257537,SDL KA 6.75% 2035,,1006,NSE,EQ
679PN35-SG,257793,SDL PN 6.79% 2035,,1007,NSE,EQ
FACT,151046148,FERTILIZERS & CHEMICALS TRAVAN,590024,1008,BSE,EQ
68JK35-SG,258305,SDL JK 6.8% 2035,,1009,NSE,EQ
SCHAEFFLER,129482244,SCHAEFFLER INDIA ,505790,1011,BSE,EQ
676MP40-SG,259073,SDL MP 6.76% 2040,,1012,NSE,EQ
688WB40-SG,259841,SDL WB 6.88% 2040,,1015,NSE,EQ
68TS50-SG,260609,SDL TS 6.8% 2050,,1018,NSE,EQ
FEDERALBNK,128120068,FEDERAL BANK,500469,1023,BSE,EQ
AARON,263681,AARON INDUSTRIES,,1030,NSE,EQ
FINCABLES,128036868,FINOLEX CABLES,500144,1038,BSE,EQ
FINPIPE,128240644,FINOLEX INDUSTRIES,500940,1041,BSE,EQ
AXISBNKETF,267265,AXISAMC - AXISBNKETF,,1044,NSE,EQ
UFLEX,128037892,UFLEX,500148,1053,BSE,EQ
515GS2025-GS,269825,GOI LOAN  5.15% 2025,,1054,NSE,EQ
FOSECOIND,128038404,FOSECO INDIA,500150,1073,BSE,EQ
655GA30-SG,274945,SDL GA 6.55% 2030,,1074,NSE,EQ
65GJ30-SG,275201,SDL GJ 6.5% 2030,,1075,NSE,EQ
ZENSARTECH,129041156,ZENSAR TECHNOLOGIES,504067,1076,BSE,EQ
659HR30-SG,275713,SDL HR 6.59% 2030,,1077,NSE,EQ
647KA30-SG,276481,SDL KA 6.47% 2030,,1080,NSE,EQ
661RJ30-SG,277249,SDL RJ 6.61% 2030,,1083,NSE,EQ
66SK30-SG,277505,SDL SK 6.6% 2030,,1084,NSE,EQ
GABRIEL,129462788,GABRIEL INDIA,505714,1085,BSE,EQ
66UP30-SG,278017,SDL UP 6.6% 2030,,1086,NSE,EQ
684MZ34-SG,279041,SDL MZ 6.84% 2034,,1090,NSE,EQ
675KA34-SG,279553,SDL KA 6.75% 2034,,1092,NSE,EQ
679MP40-SG,280321,SDL MP 6.79% 2040,,1095,NSE,EQ
68TS50A-SG,281089,SDL TS 6.8% 2050,,1098,NSE,EQ
GARFIBRES,130446596,GARWARE TECHNICAL FIBRES LIMIT,509557,1100,BSE,EQ
DANGEE,284161,DANGEE DUMS,,1110,NSE,EQ
GHCL,128043780,GHCL,500171,1127,BSE,EQ
GTECJAINX,289025,G-TEC JAINX EDUCATION,,1129,NSE,EQ
APOLLO,138465028,APOLLO MICRO SYSTEMS ,540879,1134,BSE,EQ
GICHSGFIN,130989060,GIC HOUSING FINANCE,511676,1139,BSE,EQ
GIPCL,132428804,GUJARAT INDUSTRIES POWER CO.LT,517300,1145,BSE,EQ
GLAXO,128168964,GLAXOSMITHKLINE PHARMACEUTICAL,500660,1153,BSE,EQ
GLFL,128044548,GUJARAT LEASE FINANCING,500174,1156,BSE,EQ
654AR30-SG,296193,SDL AR 6.54% 2030,,1157,NSE,EQ
649KA30A-SG,296449,SDL KA 6.49% 2030,,1158,NSE,EQ
654RJ30A-SG,296961,SDL RJ 6.54% 2030,,1160,NSE,EQ
GTL,128040964,GTL,500160,1162,BSE,EQ
66AS30-SG,297729,SDL AS 6.6% 2030,,1163,NSE,EQ
NEWGEN,138470404,NEWGEN SOFTWARE TECHNOLOGIES L,540900,1164,BSE,EQ
66PN30-SG,298241,SDL PN 6.6% 2030,,1165,NSE,EQ
672KA33-SG,298497,SDL KA 6.72% 2033,,1166,NSE,EQ
GMBREW,129916932,G.M.BREWERIES,507488,1168,BSE,EQ
678WB35-SG,299265,SDL WB 6.78% 2035,,1169,NSE,EQ
681TR35-SG,300033,SDL TR 6.81% 2035,,1172,NSE,EQ
GNFC,128171524,GUJARAT NARMADA VALLEY FERTILI,500670,1174,BSE,EQ
GODFRYPHLP,128041732,GODFREY PHILLIPS INDIA,500163,1181,BSE,EQ
AMBER,138470916,AMBER ENTERPRISES INDIA LIMITE,540902,1185,BSE,EQ
GLAND,139070724,GLAND PHARMA ,543245,1186,BSE,EQ
FMGOETZE,129470468,FEDERAL-MOGUL GOETZE (INDIA) L,505744,1190,BSE,EQ
KANSAINER,128042244,KANSAI NEROLAC PAINTS,500165,1196,BSE,EQ
ESG,139070980,MIRAE ASSET MUTUAL FUND,543246,1200,BSE,EQ
53BR25-SG,308993,SDL BR 5.3% 2025,,1207,NSE,EQ
532CG25-SG,309505,SDL CG 5.32% 2025,,1209,NSE,EQ
532AS25-SG,309761,SDL AS 5.32% 2025,,1210,NSE,EQ
635MH28-SG,310273,SDL MH 6.35% 2028,,1212,NSE,EQ
DELTAMAGNT,129097220,DELTA MANUFACTURING,504286,1214,BSE,EQ
653HP29-SG,311041,SDL HP 6.53% 2029,,1215,NSE,EQ
PRAXIS-BE,311297,PRAXIS HOME RETAIL,,1216,NSE,EQ
66HP30-SG,312577,SDL HP 6.6% 2030,,1221,NSE,EQ
65KA30A-SG,314113,SDL KA 6.5% 2030,,1227,NSE,EQ
GRASIM,128076804,GRASIM INDUSTRIES,500300,1232,BSE,EQ
65GJ30A-SG,315649,SDL GJ 6.5% 2030,,1233,NSE,EQ
GREAVESCOT,128372484,GREAVES COTTON,501455,1235,BSE,EQ
652MH30-SG,316417,SDL MH 6.52% 2030,,1236,NSE,EQ
657GA30-SG,316673,SDL GA 6.57% 2030,,1237,NSE,EQ
658UP30-SG,317185,SDL UP 6.58% 2030,,1239,NSE,EQ
659RJ30A-SG,317697,SDL RJ 6.59% 2030,,1241,NSE,EQ
664AS30-SG,318977,SDL AS 6.64% 2030,,1246,NSE,EQ
GSFC,128176644,GUJARAT STATE FERTILIZERS & CH,500690,1247,BSE,EQ
666KA32-SG,319489,SDL KA 6.66% 2032,,1248,NSE,EQ
CASTROLIND,128222724,CASTROL INDIA,500870,1250,BSE,EQ
667MH32-SG,320257,SDL MH 6.67% 2032,,1251,NSE,EQ
67JK32-SG,320769,SDL JK 6.7% 2032,,1253,NSE,EQ
673TN40-SG,321025,SDL TN 6.73% 2040,,1254,NSE,EQ
673TS50-SG,321537,SDL TS 6.73% 2050,,1256,NSE,EQ
GUJALKALI,135680260,GUJARAT ALKALIES & CHEMICALS L,530001,1267,BSE,EQ
AMBUJACEM,128108804,AMBUJA CEMENTS,500425,1270,BSE,EQ
VASA-SM,326145,VASA RETAIL & OVERSEA,,1274,NSE,EQ
GFLLIMITED,128044292,GFL,500173,1289,BSE,EQ
HARRMALAYA,128119556,HARRISONS MALAYALAM,500467,1313,BSE,EQ
GALAXYSURF,138479364,GALAXY SURFACTANTS ,540935,1315,BSE,EQ
HCL-INSYS,128045828,HCL INFOSYSTEMS,500179,1327,BSE,EQ
MARINE,339969,MARINE ELECTRICAL (I),,1328,NSE,EQ
HDFCBANK,128046084,HDFC BANK,500180,1333,BSE,EQ
HEG,130465540,HEG,509631,1336,BSE,EQ
SDBL,129923588,SOM DISTILLERIES & BREWERIES L,507514,1338,BSE,EQ
585GS2030-GS,343297,GOI LOAN  5.85% 2030,,1341,NSE,EQ
SGBN28VIII-GB,343553,2.5%GOLDBONDS2028SR-VIII,,1342,NSE,EQ
HEROMOTOCO,128046596,HERO MOTOCORP,500182,1348,BSE,EQ
AMJUMBO-SM,346369,A AND M JUMBO BAGS,,1353,NSE,EQ
HIMATSEIDE,131595012,HIMATSINGKA SEIDE,514043,1360,BSE,EQ
622KL27-SG,348417,SDL KL 6.22% 2027,,1361,NSE,EQ
64AP28-SG,348673,SDL AP 6.4% 2028,,1362,NSE,EQ
HINDALCO,128112644,HINDALCO INDUSTRIES,500440,1363,BSE,EQ
649GJ29-SG,349185,SDL GJ 6.49% 2029,,1364,NSE,EQ
653KA30-SG,349441,SDL KA 6.53% 2030,,1365,NSE,EQ
66MN30-SG,350209,SDL MN 6.6% 2030,,1368,NSE,EQ
662RJ30-SG,350465,SDL RJ 6.62% 2030,,1369,NSE,EQ
HINDCOMPOS,130466564,HINDUSTAN COMPOSITES,509635,1372,BSE,EQ
665JK30-SG,351489,SDL JK 6.65% 2030,,1373,NSE,EQ
HCC,128047364,HINDUSTAN CONSTRUCTION CO.LTD.,500185,1375,BSE,EQ
668JH32-SG,352257,SDL JH 6.68% 2032,,1376,NSE,EQ
668AP33-SG,352769,SDL AP 6.68% 2033,,1378,NSE,EQ
669KA37-SG,353025,SDL KA 6.69% 2037,,1379,NSE,EQ
855IREDA29-N2,353281,,,1380,NSE,EQ
673PN40-SG,353793,SDL PN 6.73% 2040,,1382,NSE,EQ
855IREDA34-N3,354049,,,1383,NSE,EQ
674TS50-SG,354817,SDL TS 6.74% 2050,,1386,NSE,EQ
880IREDA29-N5,356097,,,1391,NSE,EQ
880IREDA34-N6,356609,,,1393,NSE,EQ
HINDUNILVR,128178180,HINDUSTAN UNILEVER,500696,1394,BSE,EQ
HINDOILEXP,128047620,HINDUSTAN OIL EXPLORATION CO.L,500186,1403,BSE,EQ
HINDPETRO,128026628,HINDUSTAN PETROLEUM CORPORATIO,500104,1406,BSE,EQ
AGI,128047876,AGI GREENPAC,500187,1412,BSE,EQ
GLOBAL,362241,GLOBAL EDUCATION,,1415,NSE,EQ
66RJ30B-SG,364033,SDL RJ 6.6% 2030,,1422,NSE,EQ
HINDZINC,128048132,HINDUSTAN ZINC,500188,1424,BSE,EQ
662AS30-SG,364801,SDL AS 6.62% 2030,,1425,NSE,EQ
MHHL-SM,365057,MOHINI HEALTH&HYGIENE,,1426,NSE,EQ
662NL30-SG,365569,SDL NL 6.62% 2030,,1428,NSE,EQ
668MZ31-SG,366081,SDL MZ 6.68% 2031,,1430,NSE,EQ
668AP35A-SG,366593,SDL AP 6.68% 2035,,1432,NSE,EQ
668KA36-SG,367873,SDL KA 6.68% 2036,,1437,NSE,EQ
SANOFI,128172548,SANOFI INDIA,500674,1442,BSE,EQ
671WB40-SG,369409,SDL WB 6.71% 2040,,1443,NSE,EQ
671TS40-SG,370177,SDL TS 6.71% 2040,,1446,NSE,EQ
HLVLTD,128049412,HLV,500193,1448,BSE,EQ
593CG26-SG,370945,SDL CG 5.93% 2026,,1449,NSE,EQ
654KA30-SG,371969,SDL KA 6.54% 2030,,1453,NSE,EQ
655GA30A-SG,372225,SDL GA 6.55% 2030,,1454,NSE,EQ
BIRLANU,130476804,BIRLANU,509675,1455,BSE,EQ
ACCURACY,375041,ACCURACY SHIPPING,,1465,NSE,EQ
AKZOINDIA,128181764,AKZO NOBEL INDIA,500710,1467,BSE,EQ
IDBI,128029700,IDBI BANK,500116,1476,BSE,EQ
REPL,378881,RUDRABHISHEK ENTERP,,1480,NSE,EQ
IFBAGRO,129904132,IFB AGRO INDUSTRIES,507438,1482,BSE,EQ
IFBIND,129465860,IFB INDUSTRIES,505726,1485,BSE,EQ
IFCI,128027140,IFCI,500106,1491,BSE,EQ
RBA,139071492,RESTAURANT BRANDS ASIA ,543248,1494,BSE,EQ
SHIVAMILLS,138486020,SHIVA MILLS ,540961,1497,BSE,EQ
MOGSEC,139072004,,543250,1507,BSE,EQ
ASTERDM,138489604,ASTER DM HEALTHCARE ,540975,1508,BSE,EQ
INDHOTEL,128217604,INDIAN HOTELS CO.LTD.,500850,1512,BSE,EQ
535RJ25-SG,387329,SDL RJ 5.35% 2025,,1513,NSE,EQ
INDIACEM,135681284,INDIA CEMENTS,530005,1515,BSE,EQ
654GA30A-SG,388097,SDL GA 6.54% 2030,,1516,NSE,EQ
INDIAGLYCO,128051460,INDIA GLYCOLS,500201,1521,BSE,EQ
652KA30-SG,389633,SDL KA 6.52% 2030,,1522,NSE,EQ
656UP30-SG,390401,SDL UP 6.56% 2030,,1525,NSE,EQ
66ML30-SG,391169,SDL ML 6.6% 2030,,1528,NSE,EQ
INDIANHUME,129213700,INDIAN HUME PIPE CO.LTD.,504741,1530,BSE,EQ
665KA35-SG,391937,SDL KA 6.65% 2035,,1531,NSE,EQ
668WB35-SG,392193,SDL WB 6.68% 2035,,1532,NSE,EQ
667TS50-SG,392961,SDL TS 6.67% 2050,,1535,NSE,EQ
RKEC,396033,RKEC PROJECTS,,1547,NSE,EQ
GMMPFAUDLR,129345284,GMM PFAUDLER,505255,1570,BSE,EQ
RVHL-BE,402433,RAVINDER HEIGHTS,,1572,NSE,EQ
GILLETTE,130000644,GILLETTE INDIA,507815,1576,BSE,EQ
TARC,139071748,TARC,543249,1581,BSE,EQ
MGEL,139333892,MANGALAM GLOBAL ENTERPRISE LIM,544273,1593,BSE,EQ
INFY,128053508,INFOSYS,500209,1594,BSE,EQ
INGERRAND,128053764,INGERSOLL-RAND (INDIA),500210,1597,BSE,EQ
AURIGROW,411393,AURI GROW INDIA,,1607,NSE,EQ
FAIRCHEMOR,139072516,FAIRCHEM ORGANICS ,543252,1614,BSE,EQ
TATAINVEST,128333060,TATA INVESTMENT CORPORATION LT,501301,1621,BSE,EQ
IOC,135927044,INDIAN OIL CORPORATION,530965,1624,BSE,EQ
LINDEINDIA,134004996,LINDE INDIA ,523457,1627,BSE,EQ
BECTORFOOD,139072772,MRS. BECTORS FOOD SPECIALITIES,543253,1628,BSE,EQ
IONEXCHANG,128054788,ION EXCHANGE (INDIA),500214,1630,BSE,EQ
IPCALAB,134270468,IPCA LABORATORIES,524494,1633,BSE,EQ
657HP30-SG,420865,SDL HP 6.57% 2030,,1644,NSE,EQ
66AS30A-SG,421121,SDL AS 6.6% 2030,,1645,NSE,EQ
658GA30A-SG,421377,SDL GA 6.58% 2030,,1646,NSE,EQ
657HP30A-SG,421633,SDL HP 6.57% 2030,,1647,NSE,EQ
66UP30A-SG,422145,SDL UP 6.6% 2030,,1649,NSE,EQ
651KA30B-SG,422401,SDL KA 6.51% 2030,,1650,NSE,EQ
663KA34-SG,422657,SDL KA 6.63% 2034,,1651,NSE,EQ
663TN35-SG,422913,SDL TN 6.63% 2035,,1652,NSE,EQ
669TS40-SG,423681,SDL TS 6.69% 2040,,1655,NSE,EQ
ITC,128224004,ITC,500875,1660,BSE,EQ
SUNDROP,128055044,SUNDROP BRANDS,500215,1663,BSE,EQ
HGINFRA,138500868,H.G. INFRA ENGINEERING ,541019,1672,BSE,EQ
ITI,134044164,ITI,523610,1675,BSE,EQ
IVP,129940484,IVP,507580,1681,BSE,EQ
662UP30-SG,433921,SDL UP 6.62% 2030,,1695,NSE,EQ
541GA25-SG,434433,SDL GA 5.41% 2025,,1697,NSE,EQ
532RJ25-SG,435201,SDL RJ 5.32% 2025,,1700,NSE,EQ
588CG26-SG,435969,SDL CG 5.88% 2026,,1703,NSE,EQ
617KL27-SG,437505,SDL KL 6.17% 2027,,1709,NSE,EQ
66ML30A-SG,438273,SDL ML 6.6% 2030,,1712,NSE,EQ
66RJ30C-SG,439041,SDL RJ 6.6% 2030,,1715,NSE,EQ
JAYSREETEA,130487044,JAY SHREE TEA & INDUSTRIES,509715,1720,BSE,EQ
66WB30-SG,440577,SDL WB 6.6% 2030,,1721,NSE,EQ
JBCHEPHARM,129777412,J.B.CHEMICALS & PHARMACEUTICAL,506943,1726,BSE,EQ
651KA30C-SG,442113,SDL KA 6.51% 2030,,1727,NSE,EQ
664PY32-SG,442881,SDL PY 6.64% 2032,,1730,NSE,EQ
662KA32A-SG,443649,SDL KA 6.62% 2032,,1733,NSE,EQ
665TR35-SG,444929,SDL TR 6.65% 2035,,1738,NSE,EQ
665AP36-SG,445185,SDL AP 6.65% 2036,,1739,NSE,EQ
665TS40-SG,445953,SDL TS 6.65% 2040,,1742,NSE,EQ
665AP40-SG,446721,SDL AP 6.65% 2040,,1745,NSE,EQ
JINDALPOLY,128058116,JINDAL POLY FILMS,500227,1756,BSE,EQ
665PN50A-SG,449793,SDL PN 6.65% 2050,,1757,NSE,EQ
868NHB29-N3,450049,,,1758,NSE,EQ
865NHB34-N4,450817,,,1761,NSE,EQ
893NHB29-N6,451841,,,1765,NSE,EQ
890NHB34-N7,452353,,,1767,NSE,EQ
KANPRPLA,129991428,KANPUR PLASTIPACK,507779,1782,BSE,EQ
AWHCL,139073028,ANTONY WASTE HANDLING CELL LIM,543254,1797,BSE,EQ
JYOTISTRUC,131392004,JYOTI STRUCTURES,513250,1802,BSE,EQ
KABRAEXTRU,134171908,KABRA EXTRUSIONTECHNIK,524109,1805,BSE,EQ
KAJARIACER,128059652,KAJARIA CERAMICS,500233,1808,BSE,EQ
KAKATCEM,128059908,KAKATIYA CEMENT SUGAR & INDUST,500234,1811,BSE,EQ
KPIL,133705476,KALPATARU PROJECTS INTERNATION,522287,1814,BSE,EQ
532AS26-SG,466177,SDL AS 5.32% 2026,,1821,NSE,EQ
582RJ27-SG,466945,SDL RJ 5.82% 2027,,1824,NSE,EQ
KAMATHOTEL,134827012,KAMAT HOTELS (INDIA),526668,1826,BSE,EQ
645GJ30A-SG,467713,SDL GJ 6.45% 2030,,1827,NSE,EQ
658GA31-SG,468481,SDL GA 6.58% 2031,,1830,NSE,EQ
663MN31-SG,469249,SDL MN 6.63% 2031,,1833,NSE,EQ
KANORICHEM,129670404,KANORIA CHEMICALS & INDUSTRIES,506525,1835,BSE,EQ
659RJ31-SG,470017,SDL RJ 6.59% 2031,,1836,NSE,EQ
KARURVYSYA,151040772,KARUR VYSYA BANK,590003,1838,BSE,EQ
653TN31-SG,470785,SDL TN 6.53% 2031,,1839,NSE,EQ
KCP,151056900,K.C.P.LTD.,590066,1841,BSE,EQ
66UP31-SG,471553,SDL UP 6.6% 2031,,1842,NSE,EQ
66UK31-SG,474625,SDL UK 6.6% 2031,,1854,NSE,EQ
KESORAMIND,128751876,KESORAM INDUSTRIES,502937,1859,BSE,EQ
666JH34-SG,476161,SDL JH 6.66% 2034,,1860,NSE,EQ
664JK36-SG,476929,SDL JK 6.64% 2036,,1863,NSE,EQ
664AP39-SG,477697,SDL AP 6.64% 2039,,1866,NSE,EQ
665AP41-SG,478977,SDL AP 6.65% 2041,,1871,NSE,EQ
664TS51-SG,479233,SDL TS 6.64% 2051,,1872,NSE,EQ
CARYSIL,134167300,CARYSIL,524091,1879,BSE,EQ
572BR26-SG,482817,SDL BR 5.72% 2026,,1886,NSE,EQ
597CG27-SG,483073,SDL CG 5.97% 2027,,1887,NSE,EQ
664SK31-SG,483329,SDL SK 6.64% 2031,,1888,NSE,EQ
657TN31-SG,483841,SDL TN 6.57% 2031,,1890,NSE,EQ
661UP31-SG,484097,SDL UP 6.61% 2031,,1891,NSE,EQ
661RJ31-SG,485377,SDL RJ 6.61% 2031,,1896,NSE,EQ
664MZ32-SG,486145,SDL MZ 6.64% 2032,,1899,NSE,EQ
CUMMINSIND,128122884,CUMMINS INDIA,500480,1901,BSE,EQ
663WB41-SG,486913,SDL WB 6.63% 2041,,1902,NSE,EQ
663AP37-SG,487681,SDL AP 6.63% 2037,,1905,NSE,EQ
663PN51-SG,488961,SDL PN 6.63% 2051,,1910,NSE,EQ
KOPRAN,134215684,KOPRAN,524280,1919,BSE,EQ
SGBJAN29IX-GB,491521,2.50%GOLDBONDS2029SR-IX,,1920,NSE,EQ
KOTAKBANK,128063236,KOTAK MAHINDRA BANK,500247,1922,BSE,EQ
WEALTH,139401220,WEALTH FIRST PORTFOLIO MANAGER,544536,1923,BSE,EQ
LIQUIDETF,138520836,,541097,1927,BSE,EQ
582BR26-SG,495617,SDL BR 5.82% 2026,,1936,NSE,EQ
KREBSBIO,134276612,KREBS BIOCHEMICALS & INDUSTRIE,524518,1937,BSE,EQ
662UP31-SG,496129,SDL UP 6.62% 2031,,1938,NSE,EQ
662GA31-SG,496385,SDL GA 6.62% 2031,,1939,NSE,EQ
663ML31-SG,496641,SDL ML 6.63% 2031,,1940,NSE,EQ
661KA33-SG,497665,SDL KA 6.61% 2033,,1944,NSE,EQ
661WB36-SG,498433,SDL WB 6.61% 2036,,1947,NSE,EQ
KSB,128063748,KSB,500249,1949,BSE,EQ
66KA37-SG,499201,SDL KA 6.6% 2037,,1950,NSE,EQ
661MP37-SG,499969,SDL MP 6.61% 2037,,1953,NSE,EQ
662TS41-SG,501505,SDL TS 6.62% 2041,,1959,NSE,EQ
TRENT,128064260,TRENT,500251,1964,BSE,EQ
LMW,128064516,LMW ,500252,1979,BSE,EQ
863IRFC29-NC,509697,,,1991,NSE,EQ
LIBERTSHOE,134808580,LIBERTY SHOES,526596,1994,BSE,EQ
LICHSGFIN,128064772,LIC HOUSING FINANCE,500253,1997,BSE,EQ
888IRFC29-NE,511745,,,1999,NSE,EQ
SGBJAN29X-GB,512769,2.50%GOLDBONDS2029SR-X,,2003,NSE,EQ
AHLADA,513025,AHLADA ENGINEERS,,2004,NSE,EQ
61CG27-SG,515329,SDL CG 6.1% 2027,,2013,NSE,EQ
657GJ31-SG,515585,SDL GJ 6.57% 2031,,2014,NSE,EQ
661RJ31A-SG,516097,SDL RJ 6.61% 2031,,2016,NSE,EQ
661TS51-SG,516353,SDL TS 6.61% 2051,,2017,NSE,EQ
LUMAXIND,132404740,LUMAX INDUSTRIES,517206,2018,BSE,EQ
662HR41-SG,516865,SDL HR 6.62% 2041,,2019,NSE,EQ
662RJ41-SG,517121,SDL RJ 6.62% 2041,,2020,NSE,EQ
663HP31-SG,517377,SDL HP 6.63% 2031,,2021,NSE,EQ
663WB31-SG,517633,SDL WB 6.63% 2031,,2022,NSE,EQ
663HP33-SG,517889,SDL HP 6.63% 2033,,2023,NSE,EQ
664UP31-SG,518145,SDL UP 6.64% 2031,,2024,NSE,EQ
LYKALABS,128066308,LYKA LABS,500259,2028,BSE,EQ
IRFC,139073796,INDIAN RAILWAY FINANCE CORPORA,543257,2029,BSE,EQ
M&M,128133124,MAHINDRA & MAHINDRA,500520,2031,BSE,EQ
RAMCOCEM,128066564,THE RAMCO CEMENTS,500260,2043,BSE,EQ
INDIGOPNTS,139074052,INDIGO PAINTS ,543258,2048,BSE,EQ
CHENNPETRO,128028164,CHENNAI PETROLEUM CORPORATION,500110,2049,BSE,EQ
HOMEFIRST,139074308,HOME FIRST FINANCE COMPANY IND,543259,2056,BSE,EQ
689BR28-SG,528641,SDL BR 6.89% 2028,,2065,NSE,EQ
645RJ27-SG,530177,SDL RJ 6.45% 2027,,2071,NSE,EQ
VTL,128764420,VARDHMAN TEXTILES,502986,2073,BSE,EQ
699JK31-SG,530945,SDL JK 6.99% 2031,,2074,NSE,EQ
685GA31-SG,531713,SDL GA 6.85% 2031,,2077,NSE,EQ
688MN31-SG,531969,SDL MN 6.88% 2031,,2078,NSE,EQ
685RJ31-SG,532225,SDL RJ 6.85% 2031,,2079,NSE,EQ
688UP31-SG,532481,SDL UP 6.88% 2031,,2080,NSE,EQ
69AP32-SG,532737,SDL AP 6.9% 2032,,2081,NSE,EQ
MAHSCOOTER,128068100,MAHARASHTRA SCOOTERS,500266,2085,BSE,EQ
689AP35-SG,534017,SDL AP 6.89% 2035,,2086,NSE,EQ
MAHSEAMLES,128067844,MAHARASHTRA SEAMLESS,500265,2088,BSE,EQ
688RJ46-SG,534785,SDL RJ 6.88% 2046,,2089,NSE,EQ
689WB41-SG,535553,SDL WB 6.89% 2041,,2092,NSE,EQ
686TS41-SG,536321,SDL TS 6.86% 2041,,2095,NSE,EQ
687AP37-SG,536577,SDL AP 6.87% 2037,,2096,NSE,EQ
685TN51-SG,536833,SDL TN 6.85% 2051,,2097,NSE,EQ
MANGLMCEM,128552196,MANGALAM CEMENT,502157,2106,BSE,EQ
STOVEKRAFT,139074564,STOVE KRAFT,543260,2107,BSE,EQ
MARALOVER,133380612,MARAL OVERSEAS,521018,2112,BSE,EQ
619AS26-SG,543489,SDL AS 6.19% 2026,,2123,NSE,EQ
MASTEK,134068228,MASTEK,523704,2124,BSE,EQ
609RJ26-SG,544001,SDL RJ 6.09% 2026,,2125,NSE,EQ
MDL-SM,545793,MARVEL DECOR,,2132,NSE,EQ
698AS31-SG,546305,SDL AS 6.98% 2031,,2134,NSE,EQ
705PN31-SG,546561,SDL PN 7.05% 2031,,2135,NSE,EQ
695RJ31-SG,547073,SDL RJ 6.95% 2031,,2137,NSE,EQ
694UP31-SG,547841,SDL UP 6.94% 2031,,2140,NSE,EQ
MFSL,128069380,MAX FINANCIAL SERVICES ,500271,2142,BSE,EQ
704MZ33-SG,548609,SDL MZ 7.04% 2033,,2143,NSE,EQ
BDL,138532612,BHARAT DYNAMICS ,541143,2144,BSE,EQ
698HR41-SG,549377,SDL HR 6.98% 2041,,2146,NSE,EQ
696RJ41-SG,549633,SDL RJ 6.96% 2041,,2147,NSE,EQ
697WB36-SG,550145,SDL WB 6.97% 2036,,2149,NSE,EQ
697RJ51-SG,550401,SDL RJ 6.97% 2051,,2150,NSE,EQ
RAJMET,555009,RAJNANDINI METAL,,2168,NSE,EQ
AKG,557057,AKG EXIM,,2176,NSE,EQ
BOSCHLTD,128135684,BOSCH,500530,2181,BSE,EQ
TSFINV,558849,TSF INVESTMENTS,,2183,NSE,EQ
GENCON,138088196,GENERIC ENGINEERING CONSTRUCTI,539407,2188,BSE,EQ
SGBFEB29XI-GB,563201,2.50%GOLDBONDS2029SR-XI,,2200,NSE,EQ
BIRET-RR,563969,BROOKFIELD INDIA RET,,2203,NSE,EQ
621AS26-SG,569345,SDL AS 6.21% 2026,,2224,NSE,EQ
70TS51-SG,570113,SDL TS 7.0% 2051,,2227,NSE,EQ
MODIRUBBER,128227844,MODI RUBBER,500890,2229,BSE,EQ
693GJ31-SG,570881,SDL GJ 6.93% 2031,,2230,NSE,EQ
705HP35-SG,571649,SDL HP 7.05% 2035,,2233,NSE,EQ
702HP36-SG,572417,SDL HP 7.02% 2036,,2236,NSE,EQ
703MP31-SG,573185,SDL MP 7.03% 2031,,2239,NSE,EQ
MODTHREAD,128072196,MODERN THREADS (INDIA),500282,2241,BSE,EQ
705NL31-SG,573953,SDL NL 7.05% 2031,,2242,NSE,EQ
705RJ31-SG,574721,SDL RJ 7.05% 2031,,2245,NSE,EQ
703RJ36-SG,575489,SDL RJ 7.03% 2036,,2248,NSE,EQ
699RJ41-SG,576257,SDL RJ 6.99% 2041,,2251,NSE,EQ
PENINLAND,128775940,PENINSULA LAND,503031,2256,BSE,EQ
697RJ51A-SG,577793,SDL RJ 6.97% 2051,,2257,NSE,EQ
MOREPENLAB,128073732,MOREPEN LABORATORIES,500288,2259,BSE,EQ
695TN31-SG,578561,SDL TN 6.95% 2031,,2260,NSE,EQ
BANDHANBNK,138535172,BANDHAN BANK ,541153,2263,BSE,EQ
708UP31-SG,579585,SDL UP 7.08% 2031,,2264,NSE,EQ
705WB31-SG,579841,SDL WB 7.05% 2031,,2265,NSE,EQ
707AS31-SG,580097,SDL AS 7.07% 2031,,2266,NSE,EQ
MOTOGENFIN,128343812,MOTOR & GENERAL FINANCE,501343,2268,BSE,EQ
IRISDOREME,582401,IRIS CLOTHINGS,,2275,NSE,EQ
MRF,128074244,MRF,500290,2277,BSE,EQ
MRPL,128027908,MANGALORE REFINERY & PETROCHEM,500109,2283,BSE,EQ
HLEGLAS,133687044,HLE GLASCOAT,522215,2289,BSE,EQ
MTNL,128027652,MAHANAGAR TELEPHONE NIGAM,500108,2294,BSE,EQ
HAL,138535428,HINDUSTAN AERONAUTICS ,541154,2303,BSE,EQ
BESTAGRO,138152964,BEST AGROLIFE,539660,2306,BSE,EQ
MUNJALSHOW,133131012,MUNJAL SHOWA,520043,2307,BSE,EQ
MURUDCERA,131849476,MURUDESHWAR CERAMICS,515037,2313,BSE,EQ
HEIDELBERG,128074756,HEIDELBERGCEMENT INDIA,500292,2316,BSE,EQ
676GS2061-GS,593153,GOI LOAN  6.76% 2061,,2317,NSE,EQ
NCC,128075268,NCC,500294,2319,BSE,EQ
SMCGLOBAL,139075332,SMC GLOBAL SECURITIES ,543263,2320,BSE,EQ
CPSEETF,137742596,CPSE ETF,538057,2328,BSE,EQ
JAYNECOIND,133704964,JAYASWAL NECO INDUSTRIES,522285,2331,BSE,EQ
NURECA,139075588,NURECA ,543264,2350,BSE,EQ
GIRIRAJ-SM,605441,GIRIRAJ CIVIL DEVP,,2365,NSE,EQ
63PY26-SG,607233,SDL PY 6.3% 2026,,2372,NSE,EQ
67AS27-SG,607745,SDL AS 6.7% 2027,,2374,NSE,EQ
708CG29-SG,609281,SDL CG 7.08% 2029,,2380,NSE,EQ
707GJ31-SG,609537,SDL GJ 7.07% 2031,,2381,NSE,EQ
708MH31-SG,610049,SDL MH 7.08% 2031,,2383,NSE,EQ
719SK31-SG,610305,SDL SK 7.19% 2031,,2384,NSE,EQ
NAVNETEDUL,130301188,NAVNEET EDUCATION,508989,2385,BSE,EQ
72GA31-SG,610817,SDL GA 7.2% 2031,,2386,NSE,EQ
72UP31-SG,611073,SDL UP 7.2% 2031,,2387,NSE,EQ
NELCO,129052676,NELCO,504112,2388,BSE,EQ
724AS31-SG,611585,SDL AS 7.24% 2031,,2389,NSE,EQ
72JH35-SG,612097,SDL JH 7.2% 2035,,2391,NSE,EQ
734TR36-SG,612865,SDL TR 7.34% 2036,,2394,NSE,EQ
722AP37-SG,613121,SDL AP 7.22% 2037,,2395,NSE,EQ
SANDHAR,138537732,SANDHAR TECHNOLOGIES ,541163,2397,BSE,EQ
722KA38-SG,613889,SDL KA 7.22% 2038,,2398,NSE,EQ
735KA39-SG,614401,SDL KA 7.35% 2039,,2400,NSE,EQ
735KA40-SG,615425,SDL KA 7.35% 2040,,2404,NSE,EQ
NEULANDLAB,134286852,NEULAND LABORATORIES,524558,2406,BSE,EQ
718HR41-SG,616193,SDL HR 7.18% 2041,,2407,NSE,EQ
722RJ41-SG,617729,SDL RJ 7.22% 2041,,2413,NSE,EQ
723WB41-SG,617985,SDL WB 7.23% 2041,,2414,NSE,EQ
NILKAMAL,133986564,NILKAMAL,523385,2421,BSE,EQ
RAILTEL,139075844,RAILTEL CORPORATION OF INDIA L,543265,2431,BSE,EQ
CONSUMBEES,623361,NIP IND ETF CONSUMPTION,,2435,NSE,EQ
NKIND,132990468,N.K.INDUSTRIES,519494,2439,BSE,EQ
NOCIL,128186884,NOCIL,500730,2442,BSE,EQ
CENTRUM,128294404,CENTRUM CAPITAL,501150,2454,BSE,EQ
MIDHANI,138545924,MISHRA DHATU NIGAM ,541195,2463,BSE,EQ
OILCOUNTUB,128080132,OIL COUNTRY TUBULAR,500313,2472,BSE,EQ
ONGC,128079876,OIL AND NATURAL GAS CORPORATIO,500312,2475,BSE,EQ
ONWARDTEC,132489220,ONWARD TECHNOLOGIES,517536,2481,BSE,EQ
ORIENTHOT,128080388,ORIENTAL HOTELS,500314,2493,BSE,EQ
SILGO-BE,638721,SILGO RETAIL,,2495,NSE,EQ
ORIENTPPR,128619524,ORIENT PAPER & INDUSTRIES,502420,2496,BSE,EQ
BCLIND,134228996,BCL INDUSTRIES,524332,2513,BSE,EQ
OSWALAGRO,128081156,OSWAL AGRO MILLS,500317,2514,BSE,EQ
CONTI-SM,647937,CONTINENTAL SEED CHEM,,2531,NSE,EQ
PGHH,128117508,PROCTER & GAMBLE HYGIENE & HEA,500459,2535,BSE,EQ
702KL28-SG,649473,SDL KL 7.02% 2028,,2537,NSE,EQ
702HR29-SG,649985,SDL HR 7.02% 2029,,2539,NSE,EQ
704MH29-SG,650753,SDL MH 7.04% 2029,,2542,NSE,EQ
715RJ31-SG,651521,SDL RJ 7.15% 2031,,2545,NSE,EQ
717AS31-SG,652289,SDL AS 7.17% 2031,,2548,NSE,EQ
717ML31-SG,653057,SDL ML 7.17% 2031,,2551,NSE,EQ
719UP31-SG,653313,SDL UP 7.19% 2031,,2552,NSE,EQ
723PN31-SG,654593,SDL PN 7.23% 2031,,2557,NSE,EQ
724RJ36-SG,655361,SDL RJ 7.24% 2036,,2560,NSE,EQ
HUHTAMAKI,130513924,HUHTAMAKI INDIA,509820,2562,BSE,EQ
724JK36-SG,656129,SDL JK 7.24% 2036,,2563,NSE,EQ
729KA36-SG,656897,SDL KA 7.29% 2036,,2566,NSE,EQ
729KA37-SG,659201,SDL KA 7.29% 2037,,2575,NSE,EQ
722KA38A-SG,659969,SDL KA 7.22% 2038,,2578,NSE,EQ
725TS41-SG,660737,SDL TS 7.25% 2041,,2581,NSE,EQ
72RJ46-SG,661505,SDL RJ 7.2% 2046,,2584,NSE,EQ
3PLAND,132119556,3P LAND HOLDINGS,516092,2595,BSE,EQ
AMJLAND,128087812,AMJ LAND HOLDINGS,500343,2598,BSE,EQ
PARTYCRUS-SM,665345,PARTY CRUISERS,,2599,NSE,EQ
LEMONTREE,138555652,LEMON TREE HOTELS ,541233,2606,BSE,EQ
PEARLPOLY,133954564,PEARL POLYMERS,523260,2610,BSE,EQ
HERANBA,139076100,HERANBA INDUSTRIES ,543266,2614,BSE,EQ
SEAMECLTD,134862596,SEAMEC,526807,2616,BSE,EQ
IT,672513,KOTAKMAMC - KOTAKIT,,2627,NSE,EQ
DIVOPPBEES,674817,NIP IND ETF DIV OPP,,2636,NSE,EQ
PFIZER,128174084,PFIZER,500680,2643,BSE,EQ
DRCSYSTEMS,139076612,DRC SYSTEMS INDIA ,543268,2645,BSE,EQ
PCBL,129687044,PCBL CHEMICAL ,506590,2649,BSE,EQ
729KA39-SG,679937,SDL KA 7.29% 2039,,2656,NSE,EQ
725WB41-SG,680193,SDL WB 7.25% 2041,,2657,NSE,EQ
72TS51-SG,680705,SDL TS 7.2% 2051,,2659,NSE,EQ
PIDILITIND,128084740,PIDILITE INDUSTRIES,500331,2664,BSE,EQ
VERA-SM,682497,VERA SYNTHETIC,,2666,NSE,EQ
702PN28-SG,683009,SDL PN 7.02% 2028,,2668,NSE,EQ
702MH29-SG,683521,SDL MH 7.02% 2029,,2670,NSE,EQ
708GJ31-SG,683777,SDL GJ 7.08% 2031,,2671,NSE,EQ
713RJ31-SG,684289,SDL RJ 7.13% 2031,,2673,NSE,EQ
717UP31-SG,685057,SDL UP 7.17% 2031,,2676,NSE,EQ
718MN31-SG,685825,SDL MN 7.18% 2031,,2679,NSE,EQ
718SK31-SG,686337,SDL SK 7.18% 2031,,2681,NSE,EQ
727MZ33-SG,686849,SDL MZ 7.27% 2033,,2683,NSE,EQ
POLYPLEX,134157060,POLYPLEX CORPORATION,524051,2687,BSE,EQ
728JH36-SG,688129,SDL JH 7.28% 2036,,2688,NSE,EQ
729TR36-SG,688641,SDL TR 7.29% 2036,,2690,NSE,EQ
724KA37-SG,688897,SDL KA 7.24% 2037,,2691,NSE,EQ
724KA38-SG,689409,SDL KA 7.24% 2038,,2693,NSE,EQ
PRAJIND,133684484,PRAJ INDUSTRIES,522205,2705,BSE,EQ
PRAKASH,129541636,PRAKASH INDUSTRIES,506022,2708,BSE,EQ
MTARTECH,139077124,MTAR TECHNOLOGIES ,543270,2709,BSE,EQ
PRECOT,694017,PRECOT,,2711,NSE,EQ
BUTTERFLY,132459780,BUTTERFLY GANDHIMATHI APPLIANC,517421,2716,BSE,EQ
PRECWIRE,134025988,PRECISION WIRES INDIA,523539,2717,BSE,EQ
711GJ31-SG,696577,SDL GJ 7.11% 2031,,2721,NSE,EQ
643AS26-SG,699649,SDL AS 6.43% 2026,,2733,NSE,EQ
699KA28-SG,700161,SDL KA 6.99% 2028,,2735,NSE,EQ
PRSMJOHNSN,128086532,PRISM JOHNSON,500338,2739,BSE,EQ
706CG29-SG,701441,SDL CG 7.06% 2029,,2740,NSE,EQ
714HR31-SG,702209,SDL HR 7.14% 2031,,2743,NSE,EQ
715RJ31A-SG,702465,SDL RJ 7.15% 2031,,2744,NSE,EQ
716GA31-SG,702977,SDL GA 7.16% 2031,,2746,NSE,EQ
716ML31-SG,705537,SDL ML 7.16% 2031,,2756,NSE,EQ
716UP31-SG,706305,SDL UP 7.16% 2031,,2759,NSE,EQ
719WB36-SG,707073,SDL WB 7.19% 2036,,2762,NSE,EQ
719KA39-SG,708609,SDL KA 7.19% 2039,,2768,NSE,EQ
719KA40-SG,709377,SDL KA 7.19% 2040,,2771,NSE,EQ
JUBLINGREA,139077380,JUBILANT INGREVIA ,543271,2783,BSE,EQ
EASEMYTRIP,139077636,EASY TRIP PLANNERS ,543272,2792,BSE,EQ
RSWM,128089604,RSWM,500350,2794,BSE,EQ
CHEMFAB,138564868,CHEMFAB ALKALIS,541269,2799,BSE,EQ
RAJSREESUG,128090628,RAJSHREE SUGARS & CHEMICALS LT,500354,2809,BSE,EQ
SGBMR29XII-GB,719361,2.50%GOLDBONDS2029SR-XII,,2810,NSE,EQ
ARVEE,720385,ARVEE LABORATORIES I,,2814,NSE,EQ
RALLIS,128090884,RALLIS INDIA,500355,2816,BSE,EQ
ANURAS,139078404,ANUPAM RASAYAN INDIA ,543275,2829,BSE,EQ
RANASUG,129917444,RANA SUGARS,507490,2837,BSE,EQ
MAHICKRA-SM,726785,MAHICKRA CHEMICAL,,2839,NSE,EQ
LXCHEM,139078916,LAXMI ORGANIC INDUSTRIES LIMIT,543277,2841,BSE,EQ
RANEHOLDIN,129484804,RANE HOLDINGS,505800,2844,BSE,EQ
CRAFTSMAN,139078660,CRAFTSMAN AUTOMATION ,543276,2854,BSE,EQ
RAYMOND,128084484,RAYMOND,500330,2859,BSE,EQ
RCF,134202884,RASHTRIYA CHEMICALS & FERTILIZ,524230,2866,BSE,EQ
HITECH,139113220,HI-TECH PIPES,543411,2868,BSE,EQ
10IIFL28A-NE,734977,,,2871,NSE,EQ
96IIFL28A-NF,736513,,,2877,NSE,EQ
IIFLZC28-NG,738049,,,2883,NSE,EQ
RELIANCE,128083204,RELIANCE INDUSTRIES,500325,2885,BSE,EQ
SGBMAY26-GB,740097,2.50%GOLDBONDS2026SR-I,,2891,NSE,EQ
INTERISE-IV,740353,INTERISE TRUST,,2892,NSE,EQ
672KL27-SG,742657,SDL KL 6.72% 2027,,2901,NSE,EQ
694CG29-SG,744193,SDL CG 6.94% 2029,,2907,NSE,EQ
RICOAUTO,133122052,RICO AUTO INDUSTRIES,520008,2909,BSE,EQ
685GA31A-SG,744961,SDL GA 6.85% 2031,,2910,NSE,EQ
RIIL,134001924,RELIANCE INDUSTRIAL INFRASTRUC,523445,2912,BSE,EQ
693SK31-SG,745729,SDL SK 6.93% 2031,,2913,NSE,EQ
686JH36-SG,746497,SDL JH 6.86% 2036,,2916,NSE,EQ
684UK31-SG,747265,SDL UK 6.84% 2031,,2919,NSE,EQ
685AR31-SG,748033,SDL AR 6.85% 2031,,2922,NSE,EQ
683WB31-SG,748801,SDL WB 6.83% 2031,,2925,NSE,EQ
684GJ31-SG,749569,SDL GJ 6.84% 2031,,2928,NSE,EQ
685AS31-SG,750081,SDL AS 6.85% 2031,,2930,NSE,EQ
863REC29-NC,750849,,,2933,NSE,EQ
861REC34-ND,751361,,,2935,NSE,EQ
685ML31-SG,751873,SDL ML 6.85% 2031,,2937,NSE,EQ
RUBYMILLS,128811268,RUBY MILLS,503169,2939,BSE,EQ
686PN33-SG,752641,SDL PN 6.86% 2033,,2940,NSE,EQ
686PY34-SG,753409,SDL PY 6.86% 2034,,2943,NSE,EQ
888REC29-NF,754433,,,2947,NSE,EQ
S&SPOWER,132421892,S&S POWER SWITCHGEAR,517273,2951,BSE,EQ
886REC34-NG,755969,,,2953,NSE,EQ
KALYANKJIL,139079172,KALYAN JEWELLERS INDIA ,543278,2955,BSE,EQ
SAIL,128028932,STEEL AUTHORITY OF INDIA,500113,2963,BSE,EQ
SAKHTISUG,129872644,SAKTHI SUGARS,507315,2969,BSE,EQ
SURYODAY,139079428,SURYODAY SMALL FINANCE BANK LI,543279,2970,BSE,EQ
ORIENTELEC,138573060,ORIENT ELECTRIC ,541301,2972,BSE,EQ
ORTINGLOBE-BE,762881,ORTIN GLOBAL,,2980,NSE,EQ
NAZARA,139079684,NAZARA TECHNOLOGIES ,543280,2987,BSE,EQ
SANDESH,134841604,SANDESH,526725,2988,BSE,EQ
SANGHIIND,134789380,SANGHI INDUSTRIES,526521,2997,BSE,EQ
SUVIDHAA,139079940,SUVIDHAA INFOSERVE ,543281,2998,BSE,EQ
BSE500IETF,138576132,ICICI PRUDENTIAL BSE 500 ETF,541313,3001,BSE,EQ
WONDERLA,137796612,WONDERLA HOLIDAYS,538268,3002,BSE,EQ
KOHINOOR,131215108,KOHINOOR FOODS,512559,3009,BSE,EQ
AXISTECETF,139096836,AXIS MUTUAL FUND,543347,3010,BSE,EQ
SAURASHCEM,128556804,SAURASHTRA CEMENT,502175,3018,BSE,EQ
SOTL,134314756,SAVITA OIL TECHNOLOGIES,524667,3021,BSE,EQ
SDL26BEES,773633,RELCAPAMC-NETFSDL26,,3022,NSE,EQ
JINDALSAW,128096772,JINDAL SAW,500378,3024,BSE,EQ
SBIN,128028676,STATE BANK OF INDIA,500112,3045,BSE,EQ
SCI,134041092,SHIPPING CORPORATION OF INDIA,523598,3048,BSE,EQ
618GJ26-SG,782849,SDL GJ 6.18% 2026,,3058,NSE,EQ
658GJ27-SG,783617,SDL GJ 6.58% 2027,,3061,NSE,EQ
VEDL,128075524,VEDANTA,500295,3063,BSE,EQ
69GJ30-SG,784385,SDL GJ 6.9% 2030,,3064,NSE,EQ
SESHAPAPER,128627204,SESHASAYEE PAPER & BOARDS,502450,3066,BSE,EQ
68UK31-SG,785153,SDL UK 6.8% 2031,,3067,NSE,EQ
68KL31-SG,785921,SDL KL 6.8% 2031,,3070,NSE,EQ
684JK31-SG,786689,SDL JK 6.84% 2031,,3073,NSE,EQ
684GA31-SG,787457,SDL GA 6.84% 2031,,3076,NSE,EQ
682KL32-SG,787713,SDL KL 6.82% 2032,,3077,NSE,EQ
SHANTIGEAR,133640708,SHANTHI GEARS,522034,3078,BSE,EQ
698PY33-SG,788225,SDL PY 6.98% 2033,,3079,NSE,EQ
682JH34-SG,788993,SDL JH 6.82% 2034,,3082,NSE,EQ
682KL35-SG,789249,SDL KL 6.82% 2035,,3083,NSE,EQ
682PN36-SG,789761,SDL PN 6.82% 2036,,3085,NSE,EQ
INDOSTAR,138582020,INDOSTAR CAPITAL FINANCE LIMIT,541336,3088,BSE,EQ
699WB36-SG,790785,SDL WB 6.99% 2036,,3089,NSE,EQ
SHREDIGCEM,128558084,SHREE DIGVIJAY CEMENT CO.LTD.,502180,3099,BSE,EQ
SHREECEM,128099076,SHREE CEMENT,500387,3103,BSE,EQ
SHREYANIND,132100100,SHREYANS INDUSTRIES,516016,3126,BSE,EQ
UFBL,139080452,UNITED FOODBRANDS,543283,3127,BSE,EQ
TRANSWORLD,133158660,TRANSWORLD SHIPPING LINES LIMI,520151,3129,BSE,EQ
HONDAPOWER,133648388,HONDA INDIA POWER PRODUCTS LIM,522064,3138,BSE,EQ
SIDDHIKA-SM,805889,SIDDHIKA COATINGS,,3148,NSE,EQ
BORORENEW,128568068,BOROSIL RENEWABLES,502219,3149,BSE,EQ
SIEMENS,128140804,SIEMENS,500550,3150,BSE,EQ
SIMPLEXINF,134102532,SIMPLEX INFRASTRUCTURES,523838,3162,BSE,EQ
GILT5YBEES,812033,RELCAPAMC - NETFGILT5Y,,3172,NSE,EQ
VMARCIND-SM,816129,V MARC INDIA,,3188,NSE,EQ
675RJ31-SG,817921,SDL RJ 6.75% 2031,,3195,NSE,EQ
678AP38-SG,818177,SDL AP 6.78% 2038,,3196,NSE,EQ
678AP39-SG,819201,SDL AP 6.78% 2039,,3200,NSE,EQ
563GS2026-GS,819713,GOI LOAN  5.63% 2026,,3202,NSE,EQ
664GS2035-GS,820225,GOI LOAN  6.64% 2035,,3204,NSE,EQ
LODHA,139081476,LODHA DEVELOPERS ,543287,3220,BSE,EQ
JTEKTINDIA,133134596,JTEKT INDIA,520057,3237,BSE,EQ
682ML31-SG,828929,SDL ML 6.82% 2031,,3238,NSE,EQ
678RJ31-SG,829697,SDL RJ 6.78% 2031,,3241,NSE,EQ
678JK33-SG,830465,SDL JK 6.78% 2033,,3244,NSE,EQ
NITIRAJ,831233,NITIRAJ ENGINEERS,,3247,NSE,EQ
SPIC,151047684,SOUTHERN PETROCHEMICALS,590030,3252,BSE,EQ
684AR31-SG,833793,SDL AR 6.84% 2031,,3257,NSE,EQ
682RJ31-SG,834305,SDL RJ 6.82% 2031,,3259,NSE,EQ
685NL31-SG,835841,SDL NL 6.85% 2031,,3265,NSE,EQ
689TS51-SG,836097,SDL TS 6.89% 2051,,3266,NSE,EQ
SRF,128974340,SRF,503806,3273,BSE,EQ
TEMBO,838401,TEMBO GLOBAL IND,,3275,NSE,EQ
STARPAPER,132101636,STAR PAPER MILLS,516022,3291,BSE,EQ
DEEPINDS,139081732,DEEP INDUSTRIES ,543288,3292,BSE,EQ
678MN31-SG,845825,SDL MN 6.78% 2031,,3304,NSE,EQ
MODISONLTD,129602820,MODISON,506261,3316,BSE,EQ
SPMLINFRA,128102916,SPML INFRA,500402,3321,BSE,EQ
SUBROS,132395012,SUBROS,517168,3324,BSE,EQ
SUDARSCHEM,129703684,SUDARSHAN CHEMICAL INDUSTRIES,506655,3327,BSE,EQ
ISGEC,136456452,ISGEC HEAVY ENGINEERING,533033,3329,BSE,EQ
SUNDARMFIN,151058180,SUNDARAM FINANCE,590071,3339,BSE,EQ
SUNDRMFAST,128103172,SUNDRAM FASTENERS,500403,3345,BSE,EQ
SUNFLAG,128103428,SUNFLAG IRON & STEEL CO.LTD.,500404,3348,BSE,EQ
SUNPHARMA,134327044,SUN PHARMACEUTICAL INDUSTRIES,524715,3351,BSE,EQ
SUPERSPIN,133422084,SUPER SPINNING MILLS,521180,3357,BSE,EQ
SUPREMEIND,130542084,SUPREME INDUSTRIES,509930,3363,BSE,EQ
677TN31-SG,861185,SDL TN 6.77% 2031,,3364,NSE,EQ
678RJ31A-SG,863489,SDL RJ 6.78% 2031,,3373,NSE,EQ
SURYAROSNI,128086020,SURYA ROSHNI,500336,3375,BSE,EQ
682MH32-SG,864257,SDL MH 6.82% 2032,,3376,NSE,EQ
687MH33-SG,865025,SDL MH 6.87% 2033,,3379,NSE,EQ
692HR36-SG,865793,SDL HR 6.92% 2036,,3382,NSE,EQ
SWARAJENG,128104196,SWARAJ ENGINES,500407,3384,BSE,EQ
69AP39-SG,866561,SDL AP 6.9% 2039,,3385,NSE,EQ
SMLISUZU,129329156,SML ISUZU,505192,3387,BSE,EQ
691AP40-SG,867329,SDL AP 6.91% 2040,,3388,NSE,EQ
AGARIND,136171780,AGARWAL INDUSTRIAL CORPORATION,531921,3389,BSE,EQ
696TS51-SG,868097,SDL TS 6.96% 2051,,3391,NSE,EQ
69JK33-SG,868353,SDL JK 6.9% 2033,,3392,NSE,EQ
TAINWALCHM,129992964,TAINWALA CHEMICALS & PLASTICS,507785,3396,BSE,EQ
AJOONI,871169,AJOONI BIOTECH,,3403,NSE,EQ
TATACHEM,128197124,TATA CHEMICALS,500770,3405,BSE,EQ
TATAELXSI,128104452,TATA ELXSI,500408,3411,BSE,EQ
HONAUT,132396548,HONEYWELL AUTOMATION INDIA,517174,3417,BSE,EQ
745IGT26-NC,876033,,,3422,NSE,EQ
76IGT26-ND,876801,,,3425,NSE,EQ
TATAPOWER,128102404,TATA POWER CO.LTD.,500400,3426,BSE,EQ
77IGT28-NE,877569,,,3428,NSE,EQ
TATACONSUM,128204804,TATA CONSUMER PRODUCTS,500800,3432,BSE,EQ
79IGT28-NF,878849,,,3433,NSE,EQ
BBOX,128118532,BLACK BOX,500463,3435,BSE,EQ
749IGT28-NG,881153,,,3442,NSE,EQ
769IGT28-NH,883457,,,3451,NSE,EQ
TMPV,128145924,TATA MOTORS PASSENGER VEHICLES,500570,3456,BSE,EQ
795IGT31-NI,884993,,,3457,NSE,EQ
82IGT31-NJ,886785,,,3464,NSE,EQ
TFCILTD,134822404,TOURISM FINANCE CORPORATION OF,526650,3466,BSE,EQ
772IGT31-NK,888321,,,3470,NSE,EQ
THERMAX,128105220,THERMAX,500411,3475,BSE,EQ
797IGT31-NL,889857,,,3476,NSE,EQ
THOMASCOOK,128105732,THOMAS COOK (INDIA),500413,3481,BSE,EQ
CLSEL,135758596,CHAMAN LAL SETIA EXPORTS,530307,3482,BSE,EQ
TIL,129330180,TIL,505196,3484,BSE,EQ
PGINVIT-IV,894465,POWERGRID INFRA. INVITS,,3494,NSE,EQ
TIRUMALCHM,128105476,THIRUMALAI CHEMICALS,500412,3496,BSE,EQ
TATASTEEL,128120324,TATA STEEL,500470,3499,BSE,EQ
TITAN,128029188,TITAN COMPANY,500114,3506,BSE,EQ
MAFANG,139082500,MIRAE ASSET MUTUAL FUND,543291,3507,BSE,EQ
TNPETRO,128198916,TAMILNADU PETROPRODUCTS,500777,3509,BSE,EQ
677RJ31-SG,898817,SDL RJ 6.77% 2031,,3511,NSE,EQ
TNTELE,133995268,TAMILNADU TELECOMMUNICATIONS L,523419,3512,BSE,EQ
694AP37-SG,899329,SDL AP 6.94% 2037,,3513,NSE,EQ
694AP38-SG,899585,SDL AP 6.94% 2038,,3514,NSE,EQ
613RJ26-SG,900097,SDL RJ 6.13% 2026,,3516,NSE,EQ
679HR31-SG,900353,SDL HR 6.79% 2031,,3517,NSE,EQ
TORNTPHARM,128107524,TORRENT PHARMACEUTICALS,500420,3518,BSE,EQ
683WB31A-SG,900865,SDL WB 6.83% 2031,,3519,NSE,EQ
684MH32-SG,901121,SDL MH 6.84% 2032,,3520,NSE,EQ
688MH33-SG,901633,SDL MH 6.88% 2033,,3522,NSE,EQ
69MZ33-SG,901889,SDL MZ 6.9% 2033,,3523,NSE,EQ
AXISBPSETF,903681,AXISAMC - AXISBPSETF,,3530,NSE,EQ
TTKPRESTIG,132481540,TTK PRESTIGE,517506,3546,BSE,EQ
EQUIPPP-BE,909569,EQUIPPP SOC IMP TECH,,3553,NSE,EQ
ADANIGREEN,138611204,ADANI GREEN ENERGY ,541450,3563,BSE,EQ
683MH32-SG,913153,SDL MH 6.83% 2032,,3567,NSE,EQ
UCAL,128118788,UCAL,500464,3570,BSE,EQ
684HR32-SG,914177,SDL HR 6.84% 2032,,3571,NSE,EQ
687MH33A-SG,914945,SDL MH 6.87% 2033,,3574,NSE,EQ
696AP35-SG,915201,SDL AP 6.96% 2035,,3575,NSE,EQ
696AP36-SG,915457,SDL AP 6.96% 2036,,3576,NSE,EQ
698TS41-SG,915713,SDL TS 6.98% 2041,,3577,NSE,EQ
696TN51-SG,915969,SDL TN 6.96% 2051,,3578,NSE,EQ
UNICHEMLAB,129712644,UNICHEM LABORATORIES,506690,3579,BSE,EQ
696TN56-SG,916481,SDL TN 6.96% 2056,,3580,NSE,EQ
MOKSH,918017,MOKSH ORNAMENTS,,3586,NSE,EQ
UNITECH,130016772,UNITECH,507878,3594,BSE,EQ
UNIVCABLES,129078276,UNIVERSAL CABLES,504212,3607,BSE,EQ
AXISHCETF,139097092,AXIS MUTUAL FUND,543348,3608,BSE,EQ
HEALTHIETF,139082756,ICICI PRUDENTIAL MUTUAL FUND,543292,3626,BSE,EQ
JUBLPHARMA,135684868,JUBILANT PHARMOVA,530019,3637,BSE,EQ
61RJ26-SG,931329,SDL RJ 6.1% 2026,,3638,NSE,EQ
676RJ31-SG,932097,SDL RJ 6.76% 2031,,3641,NSE,EQ
678SK31-SG,932609,SDL SK 6.78% 2031,,3643,NSE,EQ
699TN41-SG,933121,SDL TN 6.99% 2041,,3645,NSE,EQ
VARDMNPOLY,131628804,VARDHMAN POLYTEX,514175,3646,BSE,EQ
697TN46-SG,933633,SDL TN 6.97% 2046,,3647,NSE,EQ
639BR27-SG,934401,SDL BR 6.39% 2027,,3650,NSE,EQ
678KL31-SG,935681,SDL KL 6.78% 2031,,3655,NSE,EQ
684KL33-SG,935937,SDL KL 6.84% 2033,,3656,NSE,EQ
678MH31-SG,936705,SDL MH 6.78% 2031,,3659,NSE,EQ
683MH32A-SG,938241,SDL MH 6.83% 2032,,3665,NSE,EQ
SOLARA,138634244,SOLARA ACTIVE PHARMA SCIENCES,541540,3672,BSE,EQ
VESUVIUS,133148932,VESUVIUS INDIA,520113,3676,BSE,EQ
704AP40-SG,944385,SDL AP 7.04% 2040,,3689,NSE,EQ
704AP41-SG,945153,SDL AP 7.04% 2041,,3692,NSE,EQ
VINDHYATEL,132355844,VINDHYA TELELINKS,517015,3694,BSE,EQ
645BR27-SG,945921,SDL BR 6.45% 2027,,3695,NSE,EQ
695HR33-SG,946177,SDL HR 6.95% 2033,,3696,NSE,EQ
704JK36-SG,946433,SDL JK 7.04% 2036,,3697,NSE,EQ
GAYAHWS-BE,946945,GAYATRI HIGHWAYS,,3699,NSE,EQ
696KL34-SG,947457,SDL KL 6.96% 2034,,3701,NSE,EQ
VIPIND,130017284,V.I.P.INDUSTRIES,507880,3703,BSE,EQ
681MH31-SG,948225,SDL MH 6.81% 2031,,3704,NSE,EQ
686MH32-SG,948993,SDL MH 6.86% 2032,,3707,NSE,EQ
685NL31A-SG,949761,SDL NL 6.85% 2031,,3710,NSE,EQ
684RJ31-SG,950529,SDL RJ 6.84% 2031,,3713,NSE,EQ
VLSFINANCE,130901252,VLS FINANCE,511333,3715,BSE,EQ
705RJ41-SG,951297,SDL RJ 7.05% 2041,,3716,NSE,EQ
VOLTAS,128147204,VOLTAS,500575,3718,BSE,EQ
703TN46-SG,952065,SDL TN 7.03% 2046,,3719,NSE,EQ
TATACOMM,128123652,TATA COMMUNICATIONS,500483,3721,BSE,EQ
703TN51-SG,952833,SDL TN 7.03% 2051,,3722,NSE,EQ
VSTIND,130551300,VST INDUSTRIES,509966,3724,BSE,EQ
705TS41-SG,953601,SDL TS 7.05% 2041,,3725,NSE,EQ
665WB28-SG,953857,SDL WB 6.65% 2028,,3726,NSE,EQ
ANMOL,138863876,ANMOL INDIA ,542437,3727,BSE,EQ
WALCHANNAG,129896964,WALCHANDNAGAR INDUSTRIES,507410,3736,BSE,EQ
SGBMAY29I-GB,957953,2.5%GOLDBONDS2029SR-I,,3742,NSE,EQ
SGBJUN29II-GB,958209,2.5%GOLDBONDS2029SR-II,,3743,NSE,EQ
FINEORG,138638596,FINE ORGANIC INDUSTRIES LIMITE,541557,3744,BSE,EQ
WEIZMANIND,133890820,WEIZMANN,523011,3748,BSE,EQ
672GJ30-SG,960001,SDL GJ 6.72% 2030,,3750,NSE,EQ
68RJ31-SG,960513,SDL RJ 6.8% 2031,,3752,NSE,EQ
681PN31-SG,961281,SDL PN 6.81% 2031,,3755,NSE,EQ
VENKEYS,133954820,VENKYS (INDIA),523261,3757,BSE,EQ
70AP38-SG,962049,SDL AP 7.0% 2038,,3758,NSE,EQ
RITES,138638340,RITES ,541556,3761,BSE,EQ
701AP39-SG,963073,SDL AP 7.01% 2039,,3762,NSE,EQ
707RJ46-SG,963329,SDL RJ 7.07% 2046,,3763,NSE,EQ
WHEELS,151058692,WHEELS INDIA,590073,3766,BSE,EQ
704TS51-SG,964353,SDL TS 7.04% 2051,,3767,NSE,EQ
WILLAMAGOR,132921348,WILLIAMSON MAGOR & COMPANY,519224,3772,BSE,EQ
WIPRO,129967364,WIPRO,507685,3787,BSE,EQ
WSTCSTPAPR,128113668,WEST COAST PAPER MILLS ,500444,3799,BSE,EQ
SGBJU29III-GB,972801,2.5%GOLDBONDS2029SR-III,,3800,NSE,EQ
VINEETLAB,139084292,VINEET LABORATORIES ,543298,3807,BSE,EQ
ZEEL,129417476,ZEE ENTERTAINMENT ENTERPRISES,505537,3812,BSE,EQ
ARIHANTCAP,130970884,ARIHANT CAPITAL MARKETS,511605,3813,BSE,EQ
ZODIACLOTH,133417732,ZODIAC CLOTHING CO.LTD.,521163,3821,BSE,EQ
ZUARIIND,128199684,ZUARI INDUSTRIES ,500780,3827,BSE,EQ
BHARATRAS,151045380,BHARAT RASAYAN,590021,3834,BSE,EQ
TOKYOPLAST,128107012,TOKYO PLAST INTERNATIONAL,500418,3837,BSE,EQ
VARROC,138643972,VARROC ENGINEERING ,541578,3857,BSE,EQ
SOMANYCERA,136076292,SOMANY CERAMICS,531548,3880,BSE,EQ
HATSUN,136071940,HATSUN AGRO PRODUCT,531531,3892,BSE,EQ
CAPLIPOINT,134333956,CAPLIN POINT LABORATORIES,524742,3906,BSE,EQ
PREMIERPOL,131674628,PREMIER POLYFILM,514354,3908,BSE,EQ
KHAITANLTD,151057412,KHAITAN (INDIA),590068,3912,BSE,EQ
NATCOPHARM,134352900,NATCO PHARMA,524816,3918,BSE,EQ
JAKHARIA-ST,1011201,JAKHARIA FABRIC,,3950,NSE,EQ
GOCLCORP,129658884,GOCL CORPORATION ,506480,3963,BSE,EQ
REMSONSIND,135915268,REMSONS INDUSTRIES,530919,3965,BSE,EQ
PARASPETRO,133438980,PARAS PETROFILS,521246,3972,BSE,EQ
TNPL,136045060,TAMIL NADU NEWSPRINT & PAPERS,531426,3980,BSE,EQ
GREENPLY,134860036,GREENPLY INDUSTRIES,526797,3987,BSE,EQ
CORALFINAC,136078340,CORAL INDIA FINANCE & HOUSING,531556,4007,BSE,EQ
NAVA,131333892,NAVA,513023,4014,BSE,EQ
AUSOMENT,130306308,AUSOM ENTERPRISE,509009,4037,BSE,EQ
EIMCOELECO,134069252,EIMCO ELECON (INDIA),523708,4040,BSE,EQ
JAYAGROGN,134228484,JAYANT AGRO-ORGANICS,524330,4041,BSE,EQ
PANACEABIO,136025348,PANACEA BIOTEC,531349,4055,BSE,EQ
CUBEXTUB,134662916,CUBEX TUBINGS,526027,4064,BSE,EQ
MARICO,136100356,MARICO,531642,4067,BSE,EQ
AMBANIORGO-SM,1045249,AMBANI ORGOCHEM,,4083,NSE,EQ
SILINV,133425668,SIL INVESTMENTS,521194,4105,BSE,EQ
HBSL,136247300,HB STOCKHOLDINGS,532216,4116,BSE,EQ
SAMBHAAV,130977284,SAMBHAAV MEDIA,511630,4127,BSE,EQ
REGENCERAM,131844612,REGENCY CERAMICS,515018,4130,BSE,EQ
BIOFILCHEM,134245380,BIOFIL CHEMICALS & PHARMACEUTI,524396,4136,BSE,EQ
KEYFINSERV,131224836,KEYNOTE FINANCIAL SERVICES LIM,512597,4157,BSE,EQ
ZENITHEXPO,131213572,ZENITH EXPORTS,512553,4176,BSE,EQ
SUNDRMBRAK,151058436,SUNDARAM BRAKE LININGS,590072,4179,BSE,EQ
SANGAMIND,131643908,SANGAM (INDIA),514234,4184,BSE,EQ
MOTHERSON,132437508,SAMVARDHANA MOTHERSON INTERNAT,517334,4204,BSE,EQ
UCL-SM,1078273,USHANTI COLOUR CHEM,,4212,NSE,EQ
VISAKAIND,130318084,VISAKA INDUSTRIES,509055,4221,BSE,EQ
WENDT,129385476,WENDT (INDIA),505412,4235,BSE,EQ
HDFCAMC,138682628,HDFC ASSET MANAGEMENT COMPANY,541729,4244,BSE,EQ
GS101125C-GS,1086977,GOI STRIPS C 101125,,4246,NSE,EQ
GS071225C-GS,1088001,GOI STRIPS C 071225,,4250,NSE,EQ
GS121225C-GS,1089025,GOI STRIPS C 121225,,4254,NSE,EQ
DENORA,151047940,DE NORA INDIA,590031,4279,BSE,EQ
943ECL28-NJ,1097729,,,4288,NSE,EQ
985ECL28-NK,1098753,,,4292,NSE,EQ
BDR-IT,1099265,BDR BUILDCON,,4294,NSE,EQ
STERTOOLS,135874308,STERLING TOOLS,530759,4299,BSE,EQ
SHRIRAMFIN,130871812,SHRIRAM FINANCE ,511218,4306,BSE,EQ
GS151225C-GS,1104385,GOI STRIPS C 151225,,4314,NSE,EQ
GS171225C-GS,1106689,GOI STRIPS C 171225,,4323,NSE,EQ
GS231225C-GS,1107201,GOI STRIPS C 231225,,4325,NSE,EQ
GS311225C-GS,1108481,GOI STRIPS C 311225,,4330,NSE,EQ
GS020126C-GS,1108993,GOI STRIPS C 020126,,4332,NSE,EQ
GS100226C-GS,1111297,GOI STRIPS C 100226,,4341,NSE,EQ
GS220226C-GS,1111809,GOI STRIPS C 220226,,4343,NSE,EQ
PUNJABCHEM,129694212,PUNJAB CHEMICALS AND CROP PROT,506618,4344,BSE,EQ
GS090326C-GS,1117185,GOI STRIPS C 090326,,4364,NSE,EQ
GS150326C-GS,1117697,GOI STRIPS C 150326,,4366,NSE,EQ
GS200326C-GS,1118209,GOI STRIPS C 200326,,4368,NSE,EQ
SENSEXIETF,142222084,ICICI PRUDENTIAL BSE SENSEX ET,555555,4378,BSE,EQ
GS100426C-GS,1121537,GOI STRIPS C 100426,,4381,NSE,EQ
GS260426C-GS,1121793,GOI STRIPS C 260426,,4382,NSE,EQ
GS100526C-GS,1122305,GOI STRIPS C 100526,,4384,NSE,EQ
GS070626C-GS,1123073,GOI STRIPS C 070626,,4387,NSE,EQ
GS120626C-GS,1123585,GOI STRIPS C 120626,,4389,NSE,EQ
GULFOILLUB,137873156,GULF OIL LUBRICANTS INDIA,538567,4391,BSE,EQ
GS150626C-GS,1124609,GOI STRIPS C 150626,,4393,NSE,EQ
MIRZAINT,134820356,MIRZA INTERNATIONAL,526642,4394,BSE,EQ
GS220261P-GS,1125121,GOI STRIPS P 220261,,4395,NSE,EQ
GS151226C-GS,1128705,GOI STRIPS C 151226,,4409,NSE,EQ
JAGSNPHARM,129993988,JAGSONPAL PHARMACEUTICALS,507789,4410,BSE,EQ
CREDITACC,138693124,CREDITACCESS GRAMEEN,541770,4421,BSE,EQ
INDIANCARD,130481156,INDIAN CARD CLOTHING CO.LTD.,509692,4422,BSE,EQ
GS220230C-GS,1132289,GOI STRIPS C 220230,,4423,NSE,EQ
GS220830C-GS,1133313,GOI STRIPS C 220830,,4427,NSE,EQ
GS220231C-GS,1133825,GOI STRIPS C 220231,,4429,NSE,EQ
GS220831C-GS,1134337,GOI STRIPS C 220831,,4431,NSE,EQ
GS220236C-GS,1134593,GOI STRIPS C 220236,,4432,NSE,EQ
ELECTHERM,134811652,ELECTROTHERM (INDIA),526608,4469,BSE,EQ
AARTIDRUGS,134233092,AARTI DRUGS,524348,4481,BSE,EQ
ALKYLAMINE,129732356,ALKYL AMINES CHEMICALS,506767,4487,BSE,EQ
JCHAC,133989892,JOHNSON CONTROLS-HITACHI AIR C,523398,4491,BSE,EQ
GS220836C-GS,1150465,GOI STRIPS C 220836,,4494,NSE,EQ
MPHASIS,134732548,MPHASIS,526299,4503,BSE,EQ
GS220240C-GS,1157121,GOI STRIPS C 220240,,4520,NSE,EQ
SIGIND,131105540,SIGNET INDUSTRIES,512131,4522,BSE,EQ
DYNAMATECH,129341956,DYNAMATIC TECHNOLOGIES,505242,4525,BSE,EQ
NEXT50IETF,138703108,ICICI PRUDENTIAL MUTUAL FUND,541809,4529,BSE,EQ
GS220840C-GS,1163777,GOI STRIPS C 220840,,4546,NSE,EQ
GS220250C-GS,1165313,GOI STRIPS C 220250,,4552,NSE,EQ
GS220850C-GS,1165569,GOI STRIPS C 220850,,4553,NSE,EQ
GS220261C-GS,1166081,GOI STRIPS C 220261,,4555,NSE,EQ
703TS51-SG,1166337,SDL TS 7.03% 2051,,4556,NSE,EQ
RUCHINFRA,130309124,RUCHI INFRASTRUCTURE,509020,4566,BSE,EQ
ATLASCYCLE,129287428,ATLAS CYCLES (HARYANA),505029,4568,BSE,EQ
605RJ26-SG,1169921,SDL RJ 6.05% 2026,,4570,NSE,EQ
684RJ31A-SG,1170177,SDL RJ 6.84% 2031,,4571,NSE,EQ
675GJ31-SG,1171201,SDL GJ 6.75% 2031,,4575,NSE,EQ
678GA31-SG,1171969,SDL GA 6.78% 2031,,4578,NSE,EQ
68MH31-SG,1172225,SDL MH 6.8% 2031,,4579,NSE,EQ
683MH32B-SG,1172481,SDL MH 6.83% 2032,,4580,NSE,EQ
681KL31-SG,1172737,SDL KL 6.81% 2031,,4581,NSE,EQ
RAMCOIND,136286468,RAMCO INDUSTRIES,532369,4587,BSE,EQ
KOTHARIPET,1176065,KOTHARI PETROCHEM,,4594,NSE,EQ
HERITGFOOD,133005316,HERITAGE FOODS,519552,4598,BSE,EQ
692HR36A-SG,1180673,SDL HR 6.92% 2036,,4612,NSE,EQ
AILIMITED-SM,1184257,ABHISHEK INTEGRATIONS,,4626,NSE,EQ
SBCL,131352836,SHIVALIK BIMETAL CONTROLS,513097,4656,BSE,EQ
BANKBARODA,136226308,BANK OF BARODA,532134,4668,BSE,EQ
SONACOMS,139084804,SONA BLW PRECISION FORGINGS LI,543300,4684,BSE,EQ
SHYAMMETL,139084548,SHYAM METALICS AND ENERGY LIMI,543299,4693,BSE,EQ
GAIL,136231684,GAIL (INDIA),532155,4717,BSE,EQ
BANKINDIA,136230148,BANK OF INDIA,532149,4745,BSE,EQ
INDNIPPON,136253444,INDIA NIPPON ELECTRICALS,532240,4747,BSE,EQ
709KL36-SG,1215489,SDL KL 7.09% 2036,,4748,NSE,EQ
CONCOR,136024068,CONTAINER CORPORATION OF INDIA,531344,4749,BSE,EQ
689GA31-SG,1216001,SDL GA 6.89% 2031,,4750,NSE,EQ
INDRAMEDCO,136230404,INDRAPRASTHA MEDICAL CORP.LTD.,532150,4751,BSE,EQ
683MH31-SG,1216513,SDL MH 6.83% 2031,,4752,NSE,EQ
683TN31-SG,1217281,SDL TN 6.83% 2031,,4755,NSE,EQ
688UP31A-SG,1217793,SDL UP 6.88% 2031,,4757,NSE,EQ
689MH32-SG,1218561,SDL MH 6.89% 2032,,4760,NSE,EQ
69RJ32-SG,1219585,SDL RJ 6.9% 2032,,4764,NSE,EQ
713AP36-SG,1220097,SDL AP 7.13% 2036,,4766,NSE,EQ
TCIFINANCE,128317956,TCI FINANCE,501242,4771,BSE,EQ
LAKPRE-BZ,1222145,LAKSHMI PRE SCRE,,4774,NSE,EQ
DCMFINSERV,130972420,DCM FINANCIAL SERVICES,511611,4775,BSE,EQ
704RJ36-SG,1223681,SDL RJ 7.04% 2036,,4780,NSE,EQ
706WB36-SG,1224193,SDL WB 7.06% 2036,,4782,NSE,EQ
707HR37-SG,1224705,SDL HR 7.07% 2037,,4784,NSE,EQ
712AP37-SG,1225985,SDL AP 7.12% 2037,,4789,NSE,EQ
706KL38-SG,1226241,SDL KL 7.06% 2038,,4790,NSE,EQ
RELINFRA-BE,1226497,RELIANCE INFRASTRUCTU,,4791,NSE,EQ
706TS41-SG,1226753,SDL TS 7.06% 2041,,4792,NSE,EQ
706KL41-SG,1227009,SDL KL 7.06% 2041,,4793,NSE,EQ
KCPSUGIND,136497156,KCP SUGAR & INDUSTRIES CORPORA,533192,4809,BSE,EQ
DODLA,139086340,DODLA DAIRY ,543306,4822,BSE,EQ
LIQUIDIETF,138738180,,541946,4838,BSE,EQ
SNOWMAN,137890564,SNOWMAN LOGISTICS,538635,4843,BSE,EQ
KIMS,139086852,KRISHNA INSTITUTE OF MEDICAL S,543308,4847,BSE,EQ
624RJ26-SG,1244929,SDL RJ 6.24% 2026,,4863,NSE,EQ
691RJ31-SG,1245697,SDL RJ 6.91% 2031,,4866,NSE,EQ
713RJ41-SG,1246465,SDL RJ 7.13% 2041,,4869,NSE,EQ
INDSWFTLAB,136270084,IND-SWIFT LABORATORIES,532305,4870,BSE,EQ
679WB28-SG,1248513,SDL WB 6.79% 2028,,4877,NSE,EQ
696GA31-SG,1249281,SDL GA 6.96% 2031,,4880,NSE,EQ
689MH31-SG,1249537,SDL MH 6.89% 2031,,4881,NSE,EQ
695MH32-SG,1250049,SDL MH 6.95% 2032,,4883,NSE,EQ
70MN31-SG,1250561,SDL MN 7.0% 2031,,4885,NSE,EQ
695PN31-SG,1251073,SDL PN 6.95% 2031,,4887,NSE,EQ
694UP31A-SG,1251585,SDL UP 6.94% 2031,,4889,NSE,EQ
694UK31-SG,1252097,SDL UK 6.94% 2031,,4891,NSE,EQ
SAREGAMA,136233732,SAREGAMA INDIA,532163,4892,BSE,EQ
688GJ31-SG,1252609,SDL GJ 6.88% 2031,,4893,NSE,EQ
71JK33-SG,1252865,SDL JK 7.1% 2033,,4894,NSE,EQ
719ML41-SG,1253121,SDL ML 7.19% 2041,,4895,NSE,EQ
713KL46-SG,1253633,SDL KL 7.13% 2046,,4897,NSE,EQ
FDC,136089348,FDC,531599,4898,BSE,EQ
72KL56-SG,1254145,SDL KL 7.2% 2056,,4899,NSE,EQ
718TS51-SG,1254401,SDL TS 7.18% 2051,,4900,NSE,EQ
ENGINERSIN,136237572,ENGINEERS INDIA,532178,4907,BSE,EQ
MADRASFERT,151074308,MADRAS FERTILIZER ,590134,4911,BSE,EQ
HINDCON,1259521,HINDCON CHEMICALS,,4920,NSE,EQ
931SFIL26A-NA,1261057,,,4926,NSE,EQ
96SFIL24A-NB,1262081,,,4930,NSE,EQ
IPL,139087620,INDIA PESTICIDES ,543311,4934,BSE,EQ
97SFIL26A-NC,1263617,,,4936,NSE,EQ
92SFIL28-ND,1265153,,,4942,NSE,EQ
ADROITINFO,136236036,ADROIT INFOTECH ,532172,4953,BSE,EQ
GANGAFORGE,1268993,GANGA FORGING,,4957,NSE,EQ
ICICIBANK,136236548,ICICI BANK,532174,4963,BSE,EQ
PHARMABEES,151076356,NIPPON INDIA MUTUAL FUND - PER,590142,4973,BSE,EQ
675BR27-SG,1274881,SDL BR 6.75% 2027,,4980,NSE,EQ
633AS26-SG,1275393,SDL AS 6.33% 2026,,4982,NSE,EQ
682CG28-SG,1275905,SDL CG 6.82% 2028,,4984,NSE,EQ
IRCON,138740740,IRCON INTERNATIONAL,541956,4986,BSE,EQ
683WB28-SG,1277185,SDL WB 6.83% 2028,,4989,NSE,EQ
691GJ30-SG,1277697,SDL GJ 6.91% 2030,,4991,NSE,EQ
SHARDACROP,137898500,SHARDA CROPCHEM ,538666,4992,BSE,EQ
694MH31-SG,1278209,SDL MH 6.94% 2031,,4993,NSE,EQ
695TN31A-SG,1278465,SDL TN 6.95% 2031,,4994,NSE,EQ
697RJ31-SG,1279233,SDL RJ 6.97% 2031,,4997,NSE,EQ
699GA31-SG,1279489,SDL GA 6.99% 2031,,4998,NSE,EQ
701MH32-SG,1280513,SDL MH 7.01% 2032,,5002,NSE,EQ
712MZ34-SG,1280769,SDL MZ 7.12% 2034,,5003,NSE,EQ
715AP37-SG,1281025,SDL AP 7.15% 2037,,5004,NSE,EQ
719AP38-SG,1281281,SDL AP 7.19% 2038,,5005,NSE,EQ
610GS2031-GS,1283073,GOI LOAN  6.10% 2031,,5012,NSE,EQ
WALPAR-SM,1283329,WALPAR NUTRITIONS,,5013,NSE,EQ
SVPGLOB,129431044,SVP GLOBAL TEXTILES,505590,5020,BSE,EQ
629RJ26-SG,1286401,SDL RJ 6.29% 2026,,5025,NSE,EQ
682BR28-SG,1286657,SDL BR 6.82% 2028,,5026,NSE,EQ
699GA31A-SG,1286913,SDL GA 6.99% 2031,,5027,NSE,EQ
695GJ31-SG,1288449,SDL GJ 6.95% 2031,,5033,NSE,EQ
70MP31-SG,1288705,SDL MP 7.0% 2031,,5034,NSE,EQ
695MH31-SG,1288961,SDL MH 6.95% 2031,,5035,NSE,EQ
70RJ31-SG,1289217,SDL RJ 7.0% 2031,,5036,NSE,EQ
698TN31-SG,1289473,SDL TN 6.98% 2031,,5037,NSE,EQ
699UP31-SG,1289729,SDL UP 6.99% 2031,,5038,NSE,EQ
702WB31-SG,1289985,SDL WB 7.02% 2031,,5039,NSE,EQ
70UK31-SG,1290241,SDL UK 7.0% 2031,,5040,NSE,EQ
712AP35-SG,1290497,SDL AP 7.12% 2035,,5041,NSE,EQ
714AP36-SG,1291265,SDL AP 7.14% 2036,,5044,NSE,EQ
724TS51-SG,1291521,SDL TS 7.24% 2051,,5045,NSE,EQ
CLEAN,139089412,CLEAN SCIENCE AND TECHNOLOGY L,543318,5049,BSE,EQ
GRINFRA,139089156,G R INFRAPROJECTS ,543317,5054,BSE,EQ
SHEMAROO,137903364,SHEMAROO ENTERTAINMENT,538685,5068,BSE,EQ
627RJ26-SG,1299969,SDL RJ 6.27% 2026,,5078,NSE,EQ
697TN31-SG,1302017,SDL TN 6.97% 2031,,5086,NSE,EQ
701MN31-SG,1302273,SDL MN 7.01% 2031,,5087,NSE,EQ
701UP31-SG,1302785,SDL UP 7.01% 2031,,5089,NSE,EQ
717TS41-SG,1303041,SDL TS 7.17% 2041,,5090,NSE,EQ
724TN51-SG,1303297,SDL TN 7.24% 2051,,5091,NSE,EQ
ETERNAL,139089924,ETERNAL - ZOMATO,543320,5097,BSE,EQ
KPIGREEN,138834692,KPI GREEN ENERGY ,542323,5108,BSE,EQ
SGBJUL29IV-GB,1308929,2.50%GOLDBONDS2029SR-IV,,5113,NSE,EQ
SGIL,138733828,SYNERGY GREEN INDUSTRIES LIMIT,541929,5114,BSE,EQ
CIGNITITEC,136898052,CIGNITI TECHNOLOGIES,534758,5142,BSE,EQ
JAICORPLTD,131132676,JAI CORP,512237,5143,BSE,EQ
85PCHFL26-N7,1317121,,,5145,NSE,EQ
875PCHFL26-N8,1318657,,,5151,NSE,EQ
875PCHFL31-N9,1319681,,,5155,NSE,EQ
9PCHFL31A-NA,1320961,,,5160,NSE,EQ
TATVA,139090180,TATVA CHINTAN PHARMA CHEM LIMI,543321,5162,BSE,EQ
SBIETFCON,1323009,SBIAMC - SBIETFCON,,5168,NSE,EQ
699WB30-SG,1324033,SDL WB 6.99% 2030,,5172,NSE,EQ
697TN31A-SG,1324289,SDL TN 6.97% 2031,,5173,NSE,EQ
699UP31A-SG,1324545,SDL UP 6.99% 2031,,5174,NSE,EQ
STYLAMIND,134899460,STYLAM INDUSTRIES,526951,5186,BSE,EQ
ANTGRAPHIC,1329665,ANTARCTICA,,5194,NSE,EQ
GMDCLTD,136238340,GUJARAT MINERAL DEVELOPMENT CO,532181,5204,BSE,EQ
10IIFL28-N4,1334273,,,5212,NSE,EQ
96IIFL28-N5,1334785,,,5214,NSE,EQ
IIFLZC28C-N6,1335553,,,5217,NSE,EQ
BFSI,139090692,MIRAE ASSET MUTUAL FUND,543323,5220,BSE,EQ
625AS26-SG,1337857,SDL AS 6.25% 2026,,5226,NSE,EQ
677BR28-SG,1338113,SDL BR 6.77% 2028,,5227,NSE,EQ
698HR31-SG,1338625,SDL HR 6.98% 2031,,5229,NSE,EQ
698TN31A-SG,1338881,SDL TN 6.98% 2031,,5230,NSE,EQ
70WB31-SG,1339137,SDL WB 7.0% 2031,,5231,NSE,EQ
71MH36-SG,1339393,SDL MH 7.1% 2036,,5232,NSE,EQ
714AP37-SG,1339905,SDL AP 7.14% 2037,,5234,NSE,EQ
714AP41-SG,1340417,SDL AP 7.14% 2041,,5236,NSE,EQ
714TS41-SG,1340673,SDL TS 7.14% 2041,,5237,NSE,EQ
MAHAPEXLTD,133986308,MAHA RASHTRA APEX CORPORATION,523384,5239,BSE,EQ
AAREYDRUGS-BE,1343489,AAREY DRUGS & PHARM,,5248,NSE,EQ
INDUSINDBK,136239876,INDUSIND BANK,532187,5258,BSE,EQ
PDSL,137914884,PDS,538730,5264,BSE,EQ
ALIVUS,139090436,ALIVUS LIFE SCIENCES,543322,5265,BSE,EQ
ROLEXRINGS,139091204,ROLEX RINGS ,543325,5279,BSE,EQ
PRITIKAUTO,138075908,PRITIKA AUTO INDUSTRIES LIMITE,539359,5292,BSE,EQ
FMCGIETF,139091460,ICICI PRUDENTIAL MUTUAL FUND,543326,5306,BSE,EQ
REXPIPES-ST,1359873,REX PIPES AND CABLES,,5312,NSE,EQ
UGROCAP,131005956,UGRO CAPITAL,511742,5313,BSE,EQ
624MH26-SG,1364481,SDL MH 6.24% 2026,,5330,NSE,EQ
699GA31B-SG,1365249,SDL GA 6.99% 2031,,5333,NSE,EQ
698GJ31-SG,1365505,SDL GJ 6.98% 2031,,5334,NSE,EQ
702UP31-SG,1365761,SDL UP 7.02% 2031,,5335,NSE,EQ
70TN31-SG,1366017,SDL TN 7.0% 2031,,5336,NSE,EQ
71JK33A-SG,1367553,SDL JK 7.1% 2033,,5342,NSE,EQ
709TS34-SG,1367809,SDL TS 7.09% 2034,,5343,NSE,EQ
679WB28A-SG,1368065,SDL WB 6.79% 2028,,5344,NSE,EQ
EXXARO,139091716,EXXARO TILES ,543327,5352,BSE,EQ
KRSNAA,139091972,KRSNAA DIAGNOSTICS ,543328,5359,BSE,EQ
WINDLAS,139092228,WINDLAS BIOTECH ,543329,5366,BSE,EQ
DEVYANI,139092484,DEVYANI INTERNATIONAL ,543330,5373,BSE,EQ
ASAHIINDIA,131847684,ASAHI INDIA GLASS,515030,5378,BSE,EQ
EPIGRAL,139092996,EPIGRAL ,543332,5382,BSE,EQ
AAVAS,138748932,AAVAS FINANCIERS ,541988,5385,BSE,EQ
MOL,139092740,MEGHMANI ORGANICS ,543331,5394,BSE,EQ
NGIL,138603012,NAKODA GROUP OF INDUSTRIES LIM,541418,5401,BSE,EQ
CARTRADE,139093252,CARTRADE TECH ,543333,5407,BSE,EQ
643MH27-SG,1385985,SDL MH 6.43% 2027,,5414,NSE,EQ
692HR30-SG,1386241,SDL HR 6.92% 2030,,5415,NSE,EQ
697AS31-SG,1386497,SDL AS 6.97% 2031,,5416,NSE,EQ
697TN31B-SG,1386753,SDL TN 6.97% 2031,,5417,NSE,EQ
697NL31-SG,1387009,SDL NL 6.97% 2031,,5418,NSE,EQ
697PN31-SG,1387265,SDL PN 6.97% 2031,,5419,NSE,EQ
697UP31-SG,1387777,SDL UP 6.97% 2031,,5421,NSE,EQ
NUVOCO,139093508,NUVOCO VISTAS CORPORATION LIMI,543334,5426,BSE,EQ
APTUS,139093764,APTUS VALUE HOUSING FINANCE IN,543335,5435,BSE,EQ
CHEMPLASTS,139094020,CHEMPLAST SANMAR ,543336,5449,BSE,EQ
SGBAUG29V-GB,1396481,2.50%GOLDBONDS2029SR-V,,5455,NSE,EQ
DUGLOBAL-SM,1396993,DUDIGITAL GLOBAL,,5457,NSE,EQ
PARIN-ST,1399041,PARIN ENTERPRISES,,5465,NSE,EQ
638MH27-SG,1399553,SDL MH 6.38% 2027,,5467,NSE,EQ
698AS31A-SG,1399809,SDL AS 6.98% 2031,,5468,NSE,EQ
697GA31-SG,1400065,SDL GA 6.97% 2031,,5469,NSE,EQ
699WB31-SG,1400321,SDL WB 6.99% 2031,,5470,NSE,EQ
695TN31B-SG,1400577,SDL TN 6.95% 2031,,5471,NSE,EQ
698UP31-SG,1401089,SDL UP 6.98% 2031,,5473,NSE,EQ
697KL31-SG,1401345,SDL KL 6.97% 2031,,5474,NSE,EQ
GRSE,138754820,GARDEN REACH SHIPBUILDERS & EN,542011,5475,BSE,EQ
719KL51-SG,1402625,SDL KL 7.19% 2051,,5479,NSE,EQ
YUKEN,133659652,YUKEN INDIA,522108,5501,BSE,EQ
SERVOTECH,1409793,SERVOTECH REN POW SYS,,5507,NSE,EQ
JAIPURKURT,1412097,NANDANI CREATION,,5516,NSE,EQ
628GJ27-SG,1414145,SDL GJ 6.28% 2027,,5524,NSE,EQ
599MP26-SG,1414401,SDL MP 5.99% 2026,,5525,NSE,EQ
705TS35-SG,1414657,SDL TS 7.05% 2035,,5526,NSE,EQ
705AP35-SG,1414913,SDL AP 7.05% 2035,,5527,NSE,EQ
KOTHARIPRO,135756548,KOTHARI PRODUCTS,530299,5528,BSE,EQ
687HR31-SG,1417217,SDL HR 6.87% 2031,,5536,NSE,EQ
693HP31-SG,1417473,SDL HP 6.93% 2031,,5537,NSE,EQ
698HP32-SG,1417729,SDL HP 6.98% 2032,,5538,NSE,EQ
704KL34-SG,1417985,SDL KL 7.04% 2034,,5539,NSE,EQ
691RJ31A-SG,1418497,SDL RJ 6.91% 2031,,5541,NSE,EQ
712WB51-SG,1418753,SDL WB 7.12% 2051,,5542,NSE,EQ
708JK36-SG,1419265,SDL JK 7.08% 2036,,5544,NSE,EQ
706KL39-SG,1419521,SDL KL 7.06% 2039,,5545,NSE,EQ
ABMINTLLTD-BE,1421057,ABM INTERNATIONAL,,5551,NSE,EQ
685BR30-SG,1422337,SDL BR 6.85% 2030,,5556,NSE,EQ
688GA31-SG,1422593,SDL GA 6.88% 2031,,5557,NSE,EQ
684GJ31A-SG,1422849,SDL GJ 6.84% 2031,,5558,NSE,EQ
70MZ34-SG,1423105,SDL MZ 7.0% 2034,,5559,NSE,EQ
689PN31-SG,1423361,SDL PN 6.89% 2031,,5560,NSE,EQ
687RJ31-SG,1423617,SDL RJ 6.87% 2031,,5561,NSE,EQ
689UP31-SG,1424641,SDL UP 6.89% 2031,,5565,NSE,EQ
685WB31-SG,1424897,SDL WB 6.85% 2031,,5566,NSE,EQ
70AP39A-SG,1425153,SDL AP 7.0% 2039,,5567,NSE,EQ
70TS36-SG,1425409,SDL TS 7.0% 2036,,5568,NSE,EQ
702AP41-SG,1425665,SDL AP 7.02% 2041,,5569,NSE,EQ
702ML41-SG,1425921,SDL ML 7.02% 2041,,5570,NSE,EQ
SGBSEP29VI-GB,1427201,2.5%GOLDBONDS2029SR-VI,,5575,NSE,EQ
667GS2035-GS,1427713,GOI LOAN  6.67% 2035,,5577,NSE,EQ
ACUTAAS,139097348,ACUTAAS CHEMICALS,543349,5578,BSE,EQ
VIJAYA,139097604,VIJAYA DIAGNOSTIC CENTRE LIMIT,543350,5585,BSE,EQ
INTLCONV,130485508,INTERNATIONAL CONVEYORS,509709,5606,BSE,EQ
ASTRAZEN,129745924,ASTRAZENECA PHARMA INDIA,506820,5610,BSE,EQ
GANESHBE,128039172,GANESH BENZOPLAST,500153,5614,BSE,EQ
CEMPRO,130430980,CEMINDIA PROJECTS ,509496,5622,BSE,EQ
PAR,1441537,PAR DRUGS AND CHEM,,5631,NSE,EQ
J&KBANK,136245508,JAMMU & KASHMIR BANK,532209,5633,BSE,EQ
SHANTI,1446401,SHANTI OVERSEAS INDIA,,5650,NSE,EQ
BEWLTD-SM,1449473,BEW ENGINEERING,,5662,NSE,EQ
698AP36-SG,1451009,SDL AP 6.98% 2036,,5668,NSE,EQ
687AS31-SG,1451521,SDL AS 6.87% 2031,,5670,NSE,EQ
653CG28-SG,1451777,SDL CG 6.53% 2028,,5671,NSE,EQ
685GA31B-SG,1452545,SDL GA 6.85% 2031,,5674,NSE,EQ
687JH31-SG,1453057,SDL JH 6.87% 2031,,5676,NSE,EQ
685MP31-SG,1453313,SDL MP 6.85% 2031,,5677,NSE,EQ
691MH33-SG,1453569,SDL MH 6.91% 2033,,5678,NSE,EQ
691MH34-SG,1453825,SDL MH 6.91% 2034,,5679,NSE,EQ
ARCHIES,136246276,ARCHIES,532212,5688,BSE,EQ
687MN31-SG,1456897,SDL MN 6.87% 2031,,5691,NSE,EQ
687UP31-SG,1457921,SDL UP 6.87% 2031,,5695,NSE,EQ
698WB36-SG,1458433,SDL WB 6.98% 2036,,5697,NSE,EQ
CUB,136245764,CITY UNION BANK,532210,5701,BSE,EQ
SHREMINVIT-IV,1463809,SHREM INVIT,,5718,NSE,EQ
AXISCETF,139099396,AXIS MUTUAL FUND,543357,5732,BSE,EQ
686AP35-SG,1468417,SDL AP 6.86% 2035,,5736,NSE,EQ
686KL35-SG,1468673,SDL KL 6.86% 2035,,5737,NSE,EQ
686RJ36-SG,1469441,SDL RJ 6.86% 2036,,5740,NSE,EQ
687AP40-SG,1469697,SDL AP 6.87% 2040,,5741,NSE,EQ
676TN31-SG,1469953,SDL TN 6.76% 2031,,5742,NSE,EQ
677RJ31A-SG,1470209,SDL RJ 6.77% 2031,,5743,NSE,EQ
68NL31-SG,1470465,SDL NL 6.8% 2031,,5744,NSE,EQ
68SK31-SG,1470721,SDL SK 6.8% 2031,,5745,NSE,EQ
CYIENT,136236804,CYIENT,532175,5748,BSE,EQ
SANSERA,139099652,SANSERA ENGINEERING ,543358,5751,BSE,EQ
MASPTOP50,139101444,MIRAE ASSET MUTUAL FUND,543365,5782,BSE,EQ
925SCL26-NR,1497601,,,5850,NSE,EQ
BANKNIFTY1,151074820,KOTAK MAHINDRA MUTUAL FUND - P,590136,5851,BSE,EQ
889SCL26-NS,1498881,,,5855,NSE,EQ
975SCL28-NT,1499393,,,5857,NSE,EQ
889SCL28-NU,1499905,,,5859,NSE,EQ
935SCL28-NV,1500417,,,5861,NSE,EQ
850SCL25A-NW,1500929,,,5863,NSE,EQ
LAGNAM,1501441,LAGNAM SPINTEX,,5865,NSE,EQ
QUADPRO-SM,1502721,QUADPRO ITES,,5870,NSE,EQ
623RJ27-SG,1504513,SDL RJ 6.23% 2027,,5877,NSE,EQ
596PY26-SG,1505281,SDL PY 5.96% 2026,,5880,NSE,EQ
685AS31A-SG,1505537,SDL AS 6.85% 2031,,5881,NSE,EQ
683GA31-SG,1505793,SDL GA 6.83% 2031,,5882,NSE,EQ
684PN31-SG,1506049,SDL PN 6.84% 2031,,5883,NSE,EQ
698PN33-SG,1506561,SDL PN 6.98% 2033,,5885,NSE,EQ
694RJ33-SG,1506817,SDL RJ 6.94% 2033,,5886,NSE,EQ
684UP31-SG,1507073,SDL UP 6.84% 2031,,5887,NSE,EQ
693AP38-SG,1507585,SDL AP 6.93% 2038,,5889,NSE,EQ
698JK36-SG,1507841,SDL JK 6.98% 2036,,5890,NSE,EQ
699KL36-SG,1508097,SDL KL 6.99% 2036,,5891,NSE,EQ
699TR36-SG,1508353,SDL TR 6.99% 2036,,5892,NSE,EQ
699WB36A-SG,1509121,SDL WB 6.99% 2036,,5895,NSE,EQ
693TS37-SG,1509377,SDL TS 6.93% 2037,,5896,NSE,EQ
694AP41-SG,1509633,SDL AP 6.94% 2041,,5897,NSE,EQ
AXISBANK,136247044,AXIS BANK,532215,5900,BSE,EQ
PARAS,139101956,PARAS DEFENCE AND SPACE TECHNO,543367,5911,BSE,EQ
INTELLECT,137941764,INTELLECT DESIGN ARENA,538835,5926,BSE,EQ
MONTECARLO,137942020,MONTE CARLO FASHIONS ,538836,5938,BSE,EQ
UWCSL-SM,1521921,ULTRA WIRING CONN SYS,,5945,NSE,EQ
SOUTHBANK,136247812,SOUTH INDIAN BANK,532218,5948,BSE,EQ
BSLSENETFG,138242052,ADITYA BIRLA SUN LIFE BSE SENS,540008,5957,BSE,EQ
SGBOCT26-GB,1525761,2.50%GOLDBONDS2026SR-II,,5960,NSE,EQ
704AP34-SG,1527553,SDL AP 7.04% 2034,,5967,NSE,EQ
709AP39-SG,1527809,SDL AP 7.09% 2039,,5968,NSE,EQ
691AS31-SG,1528065,SDL AS 6.91% 2031,,5969,NSE,EQ
687BR30-SG,1528321,SDL BR 6.87% 2030,,5970,NSE,EQ
659CG28-SG,1528577,SDL CG 6.59% 2028,,5971,NSE,EQ
689GA31A-SG,1528833,SDL GA 6.89% 2031,,5972,NSE,EQ
689GJ31-SG,1530113,SDL GJ 6.89% 2031,,5977,NSE,EQ
70JH33-SG,1531649,SDL JH 7.0% 2033,,5983,NSE,EQ
688KA31-SG,1532417,SDL KA 6.88% 2031,,5986,NSE,EQ
693KA32-SG,1532673,SDL KA 6.93% 2032,,5987,NSE,EQ
705KL36-SG,1533697,SDL KL 7.05% 2036,,5991,NSE,EQ
706MZ34-SG,1533953,SDL MZ 7.06% 2034,,5992,NSE,EQ
601RJ26-SG,1534465,SDL RJ 6.01% 2026,,5994,NSE,EQ
691RJ31B-SG,1534721,SDL RJ 6.91% 2031,,5995,NSE,EQ
69TN31-SG,1535233,SDL TN 6.9% 2031,,5997,NSE,EQ
709TS40-SG,1535489,SDL TS 7.09% 2040,,5998,NSE,EQ
692UP31-SG,1536001,SDL UP 6.92% 2031,,6000,NSE,EQ
705WB36-SG,1536257,SDL WB 7.05% 2036,,6001,NSE,EQ
COASTCORP,128468740,COASTAL CORPORATION,501831,6006,BSE,EQ
JAINAM-SM,1539073,JAINAM FER ALLOYS (I),,6012,NSE,EQ
ABSLAMC,139103748,ADITYA BIRLA SUN LIFE AMC LIMI,543374,6018,BSE,EQ
EIFFL,1546241,EURO (I) FRESH FOODS,,6040,NSE,EQ
PASUPTAC,128116740,PASUPATI ACRYLON,500456,6045,BSE,EQ
BMETRICS-SM,1549313,BOMBAY METRICS S C,,6052,NSE,EQ
CYBERTECH-BE,1549825,CYBERTECH SYSTEMS & SOFTW,,6054,NSE,EQ
LICNETFGSC,1551873,LICNAMC - LICNMFET,,6062,NSE,EQ
ATGL,138768900,ADANI TOTAL GAS,542066,6066,BSE,EQ
AIROLAM,1553409,AIRO LAM,,6068,NSE,EQ
DYNAMIC-SM,1556225,DYNAMIC SRVCS & SEC,,6079,NSE,EQ
DESTINY-SM,1558273,DESTINY LOGISTICS & I,,6087,NSE,EQ
675GJ29-SG,1559809,SDL GJ 6.75% 2029,,6093,NSE,EQ
696KA31-SG,1560321,SDL KA 6.96% 2031,,6095,NSE,EQ
697TN31C-SG,1560577,SDL TN 6.97% 2031,,6096,NSE,EQ
697UP31A-SG,1561345,SDL UP 6.97% 2031,,6099,NSE,EQ
698RJ31-SG,1561601,SDL RJ 6.98% 2031,,6100,NSE,EQ
70MN31A-SG,1561857,SDL MN 7.0% 2031,,6101,NSE,EQ
70NL31-SG,1562369,SDL NL 7.0% 2031,,6103,NSE,EQ
703KA32-SG,1562625,SDL KA 7.03% 2032,,6104,NSE,EQ
713AP36A-SG,1564673,SDL AP 7.13% 2036,,6112,NSE,EQ
714AP41A-SG,1565441,SDL AP 7.14% 2041,,6115,NSE,EQ
GOODLUCK,135847684,GOODLUCK INDIA ,530655,6125,BSE,EQ
DIGJAMLMTD-BE,1570817,DIGJAM,,6136,NSE,EQ
PANSARI,1572097,PANSARI DEVELOPERS,,6141,NSE,EQ
930SFL28-YP,1574145,,,6149,NSE,EQ
ARTNIRMAN,1575937,ART NIRMAN,,6156,NSE,EQ
BHAGCHEM,136120068,BHAGIRADHA CHEMICALS & INDUSTR,531719,6164,BSE,EQ
97SFL28-YS,1579009,,,6168,NSE,EQ
842IIFL26-NL,1586433,,,6197,NSE,EQ
FCL,136533252,FINEOTEX CHEMICAL,533333,6198,BSE,EQ
875IIFL26-NM,1587201,,,6200,NSE,EQ
IIFLZC26-NN,1588993,,,6207,NSE,EQ
604GJ26-SG,1589505,SDL GJ 6.04% 2026,,6209,NSE,EQ
695KA31-SG,1589761,SDL KA 6.95% 2031,,6210,NSE,EQ
699HR31-SG,1590017,SDL HR 6.99% 2031,,6211,NSE,EQ
708KA34A-SG,1590273,SDL KA 7.08% 2034,,6212,NSE,EQ
CAMLINFINE,136405508,CAMLIN FINE SCIENCES,532834,6216,BSE,EQ
SIKKO,1591809,SIKKO INDUSTRIES,,6218,NSE,EQ
DTIL,137958916,DHUNSERI TEA & INDUSTRIES,538902,6227,BSE,EQ
3IINFOLTD,136352772,3I INFOTECH,532628,6232,BSE,EQ
PREMIER-BE,1599489,PREMIER,,6248,NSE,EQ
DKEGL-SM,1599745,D K ENTERPRISES GLOBAL L,,6249,NSE,EQ
ROLTA-BZ,1602049,ROLTA INDIA,,6258,NSE,EQ
RAJVIR-BZ,1602305,RAJVIR INDUSTRIES,,6259,NSE,EQ
SELMC,136418820,SEL MANUFACTURING COMPANY,532886,6262,BSE,EQ
PVP-BE,1605889,PVP VENTURES,,6273,NSE,EQ
MEDICAMEQ,135973380,MEDICAMEN BIOTECH,531146,6278,BSE,EQ
GULPOLY,136308996,GULSHAN POLYOLS,532457,6286,BSE,EQ
HEALTHY,139129092,ADITYA BIRLA SUN LIFE MUTUAL F,543473,6297,BSE,EQ
APOLSINHOT,1613313,APOLLO SINDOORI HOTEL,,6302,NSE,EQ
609AS26-SG,1613825,SDL AS 6.09% 2026,,6304,NSE,EQ
634RJ27-SG,1614593,SDL RJ 6.34% 2027,,6307,NSE,EQ
662CG28-SG,1616641,SDL CG 6.62% 2028,,6315,NSE,EQ
663HR28-SG,1617153,SDL HR 6.63% 2028,,6317,NSE,EQ
695BR30-SG,1617409,SDL BR 6.95% 2030,,6318,NSE,EQ
693GJ31A-SG,1617921,SDL GJ 6.93% 2031,,6320,NSE,EQ
696RJ31-SG,1619713,SDL RJ 6.96% 2031,,6327,NSE,EQ
699AS31-SG,1620481,SDL AS 6.99% 2031,,6330,NSE,EQ
699UP31B-SG,1625601,SDL UP 6.99% 2031,,6350,NSE,EQ
702AP36-SG,1625857,SDL AP 7.02% 2036,,6351,NSE,EQ
702AP37-SG,1626113,SDL AP 7.02% 2037,,6352,NSE,EQ
NIFTYETF,138785540,MIRAE ASSET MUTUAL FUND,542131,6353,BSE,EQ
SGBNOV26-GB,1626881,2.50%GOLDBONDS2026SR-III,,6355,NSE,EQ
708WB41-SG,1628417,SDL WB 7.08% 2041,,6361,NSE,EQ
NATIONALUM,136251908,NATIONAL ALUMINIUM CO.LTD.,532234,6364,BSE,EQ
CCHHL,134796804,COUNTRY CLUB HOSPITALITY AND H,526550,6385,BSE,EQ
LAMBODHARA,151059204,LAMBODHARA TEXTILES,590075,6407,BSE,EQ
KRITI,134764292,KRITI INDUSTRIES (INDIA),526423,6417,BSE,EQ
MANORG,131691012,MANGALAM ORGANICS,514418,6422,BSE,EQ
RSSOFTWARE,132466436,R.S.SOFTWARE INDIA,517447,6429,BSE,EQ
AIRTELPP-E1,1647361,AIRTEL RS. 1.25 PPD UP,,6435,NSE,EQ
KOTYARK-ST,1649665,KOTYARK INDUSTRIES,,6444,NSE,EQ
TECHNOE,138788100,TECHNO ELECTRIC & ENGINEERING,542141,6445,BSE,EQ
CONSUMIETF,139106052,ICICI PRUDENTIAL MUTUAL FUND,543383,6446,BSE,EQ
SHUBHLAXMI-SM,1651457,SHUBHLAXMI JEWEL ART,,6451,NSE,EQ
TECH,139128836,ADITYA BIRLA SUN LIFE MUTUAL F,543472,6462,BSE,EQ
698BR30-SG,1658369,SDL BR 6.98% 2030,,6478,NSE,EQ
703MN31-SG,1658625,SDL MN 7.03% 2031,,6479,NSE,EQ
698RJ31A-SG,1658881,SDL RJ 6.98% 2031,,6480,NSE,EQ
696TN31-SG,1659137,SDL TN 6.96% 2031,,6481,NSE,EQ
70WB31A-SG,1659393,SDL WB 7.0% 2031,,6482,NSE,EQ
70GA31-SG,1659649,SDL GA 7.0% 2031,,6483,NSE,EQ
706JK33-SG,1659905,SDL JK 7.06% 2033,,6484,NSE,EQ
708AP35-SG,1660161,SDL AP 7.08% 2035,,6485,NSE,EQ
708AP40-SG,1660673,SDL AP 7.08% 2040,,6487,NSE,EQ
708TS42-SG,1660929,SDL TS 7.08% 2042,,6488,NSE,EQ
IRIS,138428164,IRIS BUSINESS SERVICES ,540735,6489,BSE,EQ
SGBNV29VII-GB,1668609,2.5%GOLDBONDS2029SR-VII,,6518,NSE,EQ
NHIT-IV,1671937,NATIONAL HIGHW INFRA TRUS,,6531,NSE,EQ
GRPLTD,130342916,GRP,509152,6543,BSE,EQ
NYKAA,139106308,FSN E-COMMERCE VENTURES LIMITE,543384,6545,BSE,EQ
694AS31-SG,1678337,SDL AS 6.94% 2031,,6556,NSE,EQ
692RJ31-SG,1678593,SDL RJ 6.92% 2031,,6557,NSE,EQ
693UP31-SG,1678849,SDL UP 6.93% 2031,,6558,NSE,EQ
70AP38A-SG,1680129,SDL AP 7.0% 2038,,6563,NSE,EQ
70AP39B-SG,1680385,SDL AP 7.0% 2039,,6564,NSE,EQ
LAXMICOT,1681409,LAXMI COTSPIN,,6568,NSE,EQ
FINOPB,139106820,FINO PAYMENTS BANK ,543386,6579,BSE,EQ
NIDAN-SM,1687553,NIDAN LABS AND HEALTH,,6592,NSE,EQ
SONATSOFTW,136248580,SONATA SOFTWARE,532221,6596,BSE,EQ
GENUSPAPER,137974020,GENUS PAPER & BOARDS,538961,6600,BSE,EQ
EQUAL50ADD,139107332,DSP MUTUAL FUND,543388,6606,BSE,EQ
SJS,139107076,S.J.S. ENTERPRISES ,543387,6643,BSE,EQ
POLICYBZR,139107844,PB FINTECH ,543390,6656,BSE,EQ
SIGACHI,139107588,SIGACHI INDUSTRIES ,543389,6663,BSE,EQ
FOODSIN,129933316,FOODS & INNS,507552,6673,BSE,EQ
DRSDILIP-SM,1711617,DRS DILIP ROADLINES,,6686,NSE,EQ
574GS2026-GS,1713921,GOI LOAN  5.74% 2026,,6695,NSE,EQ
699GS2051-GS,1714177,GOI LOAN  6.99% 2051,,6696,NSE,EQ
PAYTM,139109380,ONE 97 COMMUNICATIONS ,543396,6705,BSE,EQ
IVC,130869252,IL&FS INVESTMENT MANAGERS,511208,6711,BSE,EQ
MOLDTKPAC,136468484,MOLD-TEK PACKAGING,533080,6713,BSE,EQ
SAPPHIRE,139109636,SAPPHIRE FOODS INDIA ,543397,6718,BSE,EQ
JINDALSTEL,136265220,JINDAL STEEL,532286,6733,BSE,EQ
671TN29-SG,1725697,SDL TN 6.71% 2029,,6741,NSE,EQ
69KA31-SG,1726209,SDL KA 6.9% 2031,,6743,NSE,EQ
693UP31A-SG,1726465,SDL UP 6.93% 2031,,6744,NSE,EQ
698WB37-SG,1727745,SDL WB 6.98% 2037,,6749,NSE,EQ
699MP41-SG,1728001,SDL MP 6.99% 2041,,6750,NSE,EQ
699TS43-SG,1728513,SDL TS 6.99% 2043,,6752,NSE,EQ
NIPPOBATRY,129038852,INDO-NATIONAL,504058,6782,BSE,EQ
SBC,138937604,SBC EXPORTS,542725,6792,BSE,EQ
STEELCAS,131460356,STEELCAST,513517,6803,BSE,EQ
695GS2061-GS,1745153,GOI LOAN  6.95% 2061,,6817,NSE,EQ
LATENTVIEW,139109892,LATENT VIEW ANALYTICS ,543398,6818,BSE,EQ
1018GS2026-GS,1749249,GOI LOAN 10.18% 2026,,6833,NSE,EQ
795GS2032-GS,1749761,GOI LOAN 7.95% 2032,,6835,NSE,EQ
FOCUS,139087876,FOCUS BUSINESS SOLUTION LIMITE,543312,6836,BSE,EQ
SMLT,138340612,SARTHAK METALS ,540393,6843,BSE,EQ
GREENLAM,137978628,GREENLAM INDUSTRIES,538979,6848,BSE,EQ
MIRCELECTR-BE,1754369,MIRCELECTR-DEPO,,6853,NSE,EQ
DHRUV,138573316,DHRUV CONSULTANCY SERVICES LIM,541302,6858,BSE,EQ
BAJAJHCARE,138207236,BAJAJ HEALTHCARE ,539872,6863,BSE,EQ
601GS2028-GS,1757697,GOI LOAN 6.01% 2028,,6866,NSE,EQ
613GS2028-GS,1758209,GOI LOAN 6.13% 2028,,6868,NSE,EQ
75GS2034-GS,1759489,GOI LOAN 7.50% 2034,,6873,NSE,EQ
74GS2035-GS,1759745,GOI LOAN 7.40% 2035,,6874,NSE,EQ
687BR30A-SG,1760513,SDL BR 6.87% 2030,,6877,NSE,EQ
686HP30-SG,1760769,SDL HP 6.86% 2030,,6878,NSE,EQ
691HP31-SG,1761025,SDL HP 6.91% 2031,,6879,NSE,EQ
693HP32-SG,1761281,SDL HP 6.93% 2032,,6880,NSE,EQ
692HP33-SG,1761537,SDL HP 6.92% 2033,,6881,NSE,EQ
833GS2036-GS,1762049,GOI LOAN 8.33% 2036,,6883,NSE,EQ
824GS2027-GS,1762305,GOI LOAN 8.24%2027,,6884,NSE,EQ
828GS2032-GS,1762561,GOI LOAN 8.28%2032,,6885,NSE,EQ
687KA31-SG,1763073,SDL KA 6.87% 2031,,6887,NSE,EQ
662PY28-SG,1765121,SDL PY 6.62% 2028,,6895,NSE,EQ
691WB31-SG,1765633,SDL WB 6.91% 2031,,6897,NSE,EQ
826GS2027-GS,1765889,GOI LOAN 8.26% 2027,,6898,NSE,EQ
832GS2032-GS,1766145,GOI LOAN 8.32% 2032,,6899,NSE,EQ
VISHNU,132114436,VISHNU CHEMICALS,516072,6908,BSE,EQ
RPPL,1769729,RAJSHREE POLYPACK,,6913,NSE,EQ
828GS2027-GS,1771777,GOI LOAN 8.28% 2027,,6921,NSE,EQ
833GS2032-GS,1772033,GOI LOAN 8.33% 2032,,6922,NSE,EQ
683GS2039-GS,1775361,GOI 6.83% 2039,,6935,NSE,EQ
TARSONS,139110148,TARSONS PRODUCTS ,543399,6943,BSE,EQ
GANECOS,131626756,GANESHA ECOSPHERE,514167,6944,BSE,EQ
LINC,135997700,LINC,531241,6951,BSE,EQ
MENONBE,134099972,MENON BEARINGS,523828,6961,BSE,EQ
GOCOLORS,139110660,GO FASHION (INDIA) ,543401,6964,BSE,EQ
DMCC,129639684,DMCC SPECIALITY CHEMICALS LIMI,506405,6973,BSE,EQ
83GS2040-GS,1787137,GOI LOAN 8.30% 2040,,6981,NSE,EQ
607RJ26-SG,1788673,SDL RJ 6.07% 2026,,6987,NSE,EQ
683KA31-SG,1788929,SDL KA 6.83% 2031,,6988,NSE,EQ
684RJ31B-SG,1789441,SDL RJ 6.84% 2031,,6990,NSE,EQ
687SK31-SG,1789697,SDL SK 6.87% 2031,,6991,NSE,EQ
692AP41-SG,1789953,SDL AP 6.92% 2041,,6992,NSE,EQ
692TN46-SG,1790209,SDL TN 6.92% 2046,,6993,NSE,EQ
BSOFT,136294404,BIRLASOFT,532400,6994,BSE,EQ
897GS2030-GS,1794817,GOI LOAN 8.97% 2030,,7011,NSE,EQ
883GS2041-GS,1795329,GOI LOAN 8.83% 2041,,7013,NSE,EQ
SHIVALIK,138021892,SHIVALIK RASAYAN,539148,7016,BSE,EQ
833GS2026-GS,1796865,GOI LOAN 8.33% 2026,,7019,NSE,EQ
ASIANENE,135770884,ASIAN ENERGY SERVICES,530355,7030,BSE,EQ
83GS2042-GS,1800705,GOI LOAN 8.30% 2042,,7034,NSE,EQ
604AS26-SG,1801729,SDL AS 6.04% 2026,,7038,NSE,EQ
92GS2030-GS,1801985,GOI LOAN 9.20% 2030,,7039,NSE,EQ
687AS31A-SG,1802497,SDL AS 6.87% 2031,,7041,NSE,EQ
683BR30-SG,1803009,SDL BR 6.83% 2030,,7043,NSE,EQ
694JK36-SG,1803265,SDL JK 6.94% 2036,,7044,NSE,EQ
683KA31A-SG,1803521,SDL KA 6.83% 2031,,7045,NSE,EQ
688KA32-SG,1804033,SDL KA 6.88% 2032,,7047,NSE,EQ
HESTERBIO,134315268,HESTER BIOSCIENCES,524669,7048,BSE,EQ
666TN29-SG,1804801,SDL TN 6.66% 2029,,7050,NSE,EQ
ACCELYA,136260612,ACCELYA SOLUTIONS INDIA LIMITE,532268,7053,BSE,EQ
696TS45-SG,1806081,SDL TS 6.96% 2045,,7055,NSE,EQ
MAHKTECH,139113988,MIRAE ASSET MUTUAL FUND,543414,7074,BSE,EQ
STARHEALTH,139113476,STAR HEALTH AND ALLIED INSURAN,543412,7083,BSE,EQ
923GS2043-GS,1814273,GOI LOAN 9.23% 2043,,7087,NSE,EQ
86GS2028-GS,1814529,GOI LOAN 8.6% 2028,,7088,NSE,EQ
SEJALLTD-BE,1816065,SEJAL GLASS,,7094,NSE,EQ
SGBD29VIII-GB,1817089,2.50%GOLDBONDS2029SR-VIII,,7098,NSE,EQ
SKFINDIA-BE,1817345,SKF INDIA,,7099,NSE,EQ
TEGA,139113732,TEGA INDUSTRIES ,543413,7105,BSE,EQ
824GS2033-GS,1819137,GOI LOAN 8.24% 2033,,7106,NSE,EQ
JMA,1819905,JULLUNDUR MOT AGENCY,,7109,NSE,EQ
815GS2026-GS,1821185,GOI LOAN 8.15% 2026,,7114,NSE,EQ
817GS2044-GS,1821441,GOI LOAN 8.17% 2044,,7115,NSE,EQ
788GS2030-GS,1823233,GOI LOAN 7.88% 2030,,7122,NSE,EQ
813GS2045-GS,1823745,GOI LOAN 8.13% 2045,,7124,NSE,EQ
773GS2034-GS,1824513,GOI LOAN 7.73% 2034,,7127,NSE,EQ
ZODIAC,139114500,ZODIAC ENERGY ,543416,7129,BSE,EQ
759GS2029-GS,1825281,GOI LOAN 7.59% 2029,,7130,NSE,EQ
772GS2055-GS,1826817,GOI LOAN 7.72% 2055,,7136,NSE,EQ
759GS2026-GS,1827585,GOI LOAN 7.59% 2026,,7139,NSE,EQ
761GS2030-GS,1828353,GOI LOAN 7.61% 2030,,7142,NSE,EQ
ANANDRATHI,139114244,ANAND RATHI WEALTH ,543415,7145,BSE,EQ
684BR30-SG,1830913,SDL BR 6.84% 2030,,7152,NSE,EQ
63PY27-SG,1831169,SDL PY 6.3% 2027,,7153,NSE,EQ
685GA31C-SG,1831425,SDL GA 6.85% 2031,,7154,NSE,EQ
683KA31B-SG,1831681,SDL KA 6.83% 2031,,7155,NSE,EQ
683TN31A-SG,1831937,SDL TN 6.83% 2031,,7156,NSE,EQ
697GS2026-GS,1832449,GOI LOAN 6.97% 2026,,7158,NSE,EQ
689KA33-SG,1832705,SDL KA 6.89% 2033,,7159,NSE,EQ
694WB36-SG,1832961,SDL WB 6.94% 2036,,7160,NSE,EQ
MICEL,136409604,MIC ELECTRONICS,532850,7169,BSE,EQ
RATEGAIN,139114756,RATEGAIN TRAVEL TECHNOLOGIES L,543417,7177,BSE,EQ
706GS2046-GS,1839105,GOI LOAN 7.06% 2046,,7184,NSE,EQ
662GS2051-GS,1841409,GOI LOAN 6.62% 2051,,7193,NSE,EQ
657GS2033-GS,1841665,GOI LOAN 6.57% 2033,,7194,NSE,EQ
679GS2029-GS,1841921,GOI LOAN 6.79% 2029,,7195,NSE,EQ
BBETF0432,139115012,,543418,7196,BSE,EQ
SHRIRAMPPS,139115268,SHRIRAM PROPERTIES ,543419,7200,BSE,EQ
679GS2027-GS,1843713,GOI LOAN 6.79% 2027,,7202,NSE,EQ
668GS2031-GS,1844481,GOI LOAN 6.68% 2031,,7205,NSE,EQ
717GS2028-GS,1845249,GOI LOAN 7.17% 2028,,7208,NSE,EQ
JETFREIGHT,139115524,JET FREIGHT LOGISTICS ,543420,7211,BSE,EQ
SBIETFQLTY,1847809,SBIAMC - SBIETFQLTY,,7218,NSE,EQ
MAPMYINDIA,139116804,C.E. INFO SYSTEMS ,543425,7227,BSE,EQ
HCLTECH,136263940,HCL TECHNOLOGIES,532281,7229,BSE,EQ
METROBRAND,139117060,METRO BRANDS ,543426,7242,BSE,EQ
MEDPLUS,139117316,MEDPLUS HEALTH SERVICES LIMITE,543427,7254,BSE,EQ
JTLIND,136857604,JTL INDUSTRIES,534600,7287,BSE,EQ
697AS31A-SG,1867521,SDL AS 6.97% 2031,,7295,NSE,EQ
698GA31-SG,1867777,SDL GA 6.98% 2031,,7296,NSE,EQ
696KA31A-SG,1869825,SDL KA 6.96% 2031,,7304,NSE,EQ
702KA33-SG,1870081,SDL KA 7.02% 2033,,7305,NSE,EQ
70JK33-SG,1870593,SDL JK 7.0% 2033,,7307,NSE,EQ
696UP31-SG,1872385,SDL UP 6.96% 2031,,7314,NSE,EQ
704TS32-SG,1872641,SDL TS 7.04% 2032,,7315,NSE,EQ
70NL31A-SG,1872897,SDL NL 7.0% 2031,,7316,NSE,EQ
707TN38-SG,1873409,SDL TN 7.07% 2038,,7318,NSE,EQ
705WB36A-SG,1873665,SDL WB 7.05% 2036,,7319,NSE,EQ
DCMSRIND,133982468,DCM SHRIRAM INDUSTRIES,523369,7325,BSE,EQ
ABSLNN50ET,138810884,ADITYA BIRLA SUN LIFE MUTUAL F,542230,7339,BSE,EQ
SETFNN50,1882369,SBI-ETF NIFTY NEXT 50,,7353,NSE,EQ
DATAPATTNS,139117572,DATA PATTERNS (INDIA) ,543428,7358,BSE,EQ
SETFNIFBK,151075076,SBI MUTUAL FUND-PERMITTED,590137,7361,BSE,EQ
TRIGYN-BE,1885697,TRIGYN TECHNOLOGIES,,7366,NSE,EQ
STAR,136327940,STRIDES PHARMA SCIENCE,532531,7374,BSE,EQ
HPAL,139118852,HP ADHESIVES ,543433,7376,BSE,EQ
FOCE-SM,1890561,FOCE INDIA,,7385,NSE,EQ
SUPRIYA,139119108,SUPRIYA LIFESCIENCE ,543434,7390,BSE,EQ
RAJESHEXPO,136064004,RAJESH EXPORTS,531500,7401,BSE,EQ
GLENMARK,136267780,GLENMARK PHARMACEUTICALS,532296,7406,BSE,EQ
ALPHA,1897473,KOTAKMAMC - KOTAKALPHA,,7412,NSE,EQ
MANAKCOAT,137995780,MANAKSIA COATED METALS & INDUS,539046,7413,BSE,EQ
MONQ50,139119876,MOTILAL OSWAL MUTUAL FUND,543437,7422,BSE,EQ
HECPROJECT,1900801,HEC INFRA PROJECTS,,7425,NSE,EQ
MANAKALUCO-BE,1901313,MANAK ALUMINIUM CO.,,7427,NSE,EQ
NILASPACES-BE,1907201,NILA SPACES,,7450,NSE,EQ
NIFTY50ADD,139120644,DSP MUTUAL FUND,543440,7451,BSE,EQ
MIDQ50ADD,139120132,DSP MUTUAL FUND,543438,7456,BSE,EQ
HAVISHA,136018436,SRI HAVISHA HOSPITALITY INFRAS,531322,7457,BSE,EQ
MANAKSTEEL,137995268,MANAKSIA STEELS ,539044,7463,BSE,EQ
633AS26A-SG,1918721,SDL AS 6.33% 2026,,7495,NSE,EQ
629RJ26A-SG,1920001,SDL RJ 6.29% 2026,,7500,NSE,EQ
WOCKPHARMA,136268804,WOCKHARDT,532300,7506,BSE,EQ
ZENTEC,136534788,ZEN TECHNOLOGIES,533339,7508,BSE,EQ
696PY30-SG,1922817,SDL PY 6.96% 2030,,7511,NSE,EQ
703AS31-SG,1923073,SDL AS 7.03% 2031,,7512,NSE,EQ
70GA31A-SG,1923329,SDL GA 7.0% 2031,,7513,NSE,EQ
TREJHARA,138811652,TREJHARA SOLUTIONS ,542233,7518,BSE,EQ
703HP31-SG,1924865,SDL HP 7.03% 2031,,7519,NSE,EQ
702KA31-SG,1926145,SDL KA 7.02% 2031,,7524,NSE,EQ
LCCINFOTEC,136196868,LCC INFOTECH,532019,7529,BSE,EQ
70MN31B-SG,1927681,SDL MN 7.0% 2031,,7530,NSE,EQ
703RJ31-SG,1927937,SDL RJ 7.03% 2031,,7531,NSE,EQ
702TN31-SG,1928449,SDL TN 7.02% 2031,,7533,NSE,EQ
704UP31-SG,1928705,SDL UP 7.04% 2031,,7534,NSE,EQ
705UK31-SG,1928961,SDL UK 7.05% 2031,,7535,NSE,EQ
714HP33-SG,1929217,SDL HP 7.14% 2033,,7536,NSE,EQ
714TS33-SG,1929729,SDL TS 7.14% 2033,,7538,NSE,EQ
712KA34-SG,1929985,SDL KA 7.12% 2034,,7539,NSE,EQ
714AP35-SG,1930241,SDL AP 7.14% 2035,,7540,NSE,EQ
714KL35-SG,1930497,SDL KL 7.14% 2035,,7541,NSE,EQ
714JK36-SG,1931009,SDL JK 7.14% 2036,,7543,NSE,EQ
714PN36-SG,1931265,SDL PN 7.14% 2036,,7544,NSE,EQ
712WB36-SG,1932289,SDL WB 7.12% 2036,,7548,NSE,EQ
714AP40-SG,1932545,SDL AP 7.14% 2040,,7549,NSE,EQ
714AP41B-SG,1932801,SDL AP 7.14% 2041,,7550,NSE,EQ
NRBBEARING,135773956,NRB BEARINGS,530367,7553,BSE,EQ
UNITEDPOLY-BE,1936385,UNITED POLYFAB GUJ.,,7564,NSE,EQ
CMSINFO,139120900,CMS INFO SYSTEMS ,543441,7603,BSE,EQ
VIVO-SM,1948161,VIVO COLLAB SOLUTIONS,,7610,NSE,EQ
ALPSINDUS-BE,1951489,ALPS INDUSTRIES,,7623,NSE,EQ
SHREERAMA-BE,1954305,SHREE RAMA MULTI TECH,,7634,NSE,EQ
820IIFL27-N9,1957889,,,7648,NSE,EQ
SGBDEC26-GB,1959425,2.50%GOLDBONDS2026SR-IV,,7654,NSE,EQ
850IIFL27-NA,1961473,,,7662,NSE,EQ
IIFLHFZC27-NB,1962497,,,7666,NSE,EQ
843IHFL29-NC,1963009,,,7668,NSE,EQ
875IHFL29-ND,1963777,,,7671,NSE,EQ
IMAGICAA,137998340,IMAGICAAWORLD ENTERTAINMENT LI,539056,7672,BSE,EQ
IIFLHF29-NE,1964545,,,7674,NSE,EQ
MONARCH,130957060,MONARCH NETWORTH CAPITAL LIMIT,511551,7679,BSE,EQ
718TS33-SG,1968641,SDL TS 7.18% 2033,,7690,NSE,EQ
712AS32-SG,1968897,SDL AS 7.12% 2032,,7691,NSE,EQ
713HR32-SG,1969153,SDL HR 7.13% 2032,,7692,NSE,EQ
71KA32-SG,1969409,SDL KA 7.1% 2032,,7693,NSE,EQ
718KA33-SG,1969665,SDL KA 7.18% 2033,,7694,NSE,EQ
722KA35-SG,1972993,SDL KA 7.22% 2035,,7707,NSE,EQ
714PN32-SG,1973249,SDL PN 7.14% 2032,,7708,NSE,EQ
712UP32-SG,1973505,SDL UP 7.12% 2032,,7709,NSE,EQ
714WB32-SG,1973761,SDL WB 7.14% 2032,,7710,NSE,EQ
724AP38-SG,1974017,SDL AP 7.24% 2038,,7711,NSE,EQ
718AP40-SG,1974529,SDL AP 7.18% 2040,,7713,NSE,EQ
719PN37-SG,1974785,SDL PN 7.19% 2037,,7714,NSE,EQ
722AP42-SG,1975041,SDL AP 7.22% 2042,,7715,NSE,EQ
ABAN-BE,1986305,ABAN OFFSHORE,,7759,NSE,EQ
875SCFL27-Y9,1987841,,,7765,NSE,EQ
925SCFL27-YA,1988865,,,7769,NSE,EQ
843SCFL27-YB,1989633,,,7772,NSE,EQ
889SCFL27-YC,1990913,,,7777,NSE,EQ
BCONCEPTS-BE,1992449,BRAND CONCEPTS,,7783,NSE,EQ
UNIINFO,1994497,UNIINFO TELECOM SERVI,,7791,NSE,EQ
TIMESCAN-SM,1996801,TIMESCAN LOGISTICS IND L,,7800,NSE,EQ
704TN30-SG,1999873,SDL TN 7.04% 2030,,7812,NSE,EQ
714KA32-SG,2000129,SDL KA 7.14% 2032,,7813,NSE,EQ
728TS35-SG,2000641,SDL TS 7.28% 2035,,7815,NSE,EQ
731KA35-SG,2000897,SDL KA 7.31% 2035,,7816,NSE,EQ
714RJ32-SG,2001665,SDL RJ 7.14% 2032,,7819,NSE,EQ
715UP32-SG,2002177,SDL UP 7.15% 2032,,7821,NSE,EQ
731PY35-SG,2002433,SDL PY 7.31% 2035,,7822,NSE,EQ
729KA34-SG,2002689,SDL KA 7.29% 2034,,7823,NSE,EQ
WEL,139122948,WONDER ELECTRICALS,543449,7835,BSE,EQ
NETF,2006529,TATAAML - NETF,,7838,NSE,EQ
654GS2032-GS,2007809,GOI LOAN  6.54% 2032,,7843,NSE,EQ
AUTOIETF,139123204,ICICI PRUDENTIAL MUTUAL FUND,543450,7844,BSE,EQ
BIL,134826500,BHARTIYA INTERNATIONAL,526666,7848,BSE,EQ
RAMCOSYS,136286724,RAMCO SYSTEMS,532370,7851,BSE,EQ
INOXWIND,138005252,INOX WIND ,539083,7852,BSE,EQ
723MN32-SG,2010881,SDL MN 7.23% 2032,,7855,NSE,EQ
724UP32-SG,2011137,SDL UP 7.24% 2032,,7856,NSE,EQ
723WB32-SG,2011393,SDL WB 7.23% 2032,,7857,NSE,EQ
733KA37-SG,2011649,SDL KA 7.33% 2037,,7858,NSE,EQ
733KA40-SG,2011905,SDL KA 7.33% 2040,,7859,NSE,EQ
733MP42-SG,2012417,SDL MP 7.33% 2042,,7861,NSE,EQ
GVPIL,136271108,GE POWER INDIA,532309,7862,BSE,EQ
643RJ27-SG,2013953,SDL RJ 6.43% 2027,,7867,NSE,EQ
724BR32-SG,2014721,SDL BR 7.24% 2032,,7870,NSE,EQ
723GA32-SG,2014977,SDL GA 7.23% 2032,,7871,NSE,EQ
735KA36-SG,2015233,SDL KA 7.35% 2036,,7872,NSE,EQ
734TS34-SG,2015745,SDL TS 7.34% 2034,,7874,NSE,EQ
SGBJAN30IX-GB,2017025,2.50%GOLDBONDS2030SR-IX,,7879,NSE,EQ
AUTOBEES,2017281,NIPPONAMC - NETFAUTO,,7880,NSE,EQ
MHLXMIRU,131699204,MAHALAXMI RUBTECH,514450,7886,BSE,EQ
618GJ26A-SG,2020353,SDL GJ 6.18% 2026,,7892,NSE,EQ
69PY28-SG,2020609,SDL PY 6.9% 2028,,7893,NSE,EQ
645RJ27A-SG,2020865,SDL RJ 6.45% 2027,,7894,NSE,EQ
727AR32-SG,2021633,SDL AR 7.27% 2032,,7897,NSE,EQ
729MZ33-SG,2021889,SDL MZ 7.29% 2033,,7898,NSE,EQ
724RJ32-SG,2022145,SDL RJ 7.24% 2032,,7899,NSE,EQ
727SK32-SG,2022401,SDL SK 7.27% 2032,,7900,NSE,EQ
LFIC,2022913,LAKSHMI FIN IND CORP,,7902,NSE,EQ
724TN32-SG,2023425,SDL TN 7.24% 2032,,7904,NSE,EQ
728UP32-SG,2023681,SDL UP 7.28% 2032,,7905,NSE,EQ
725UK32-SG,2024193,SDL UK 7.25% 2032,,7907,NSE,EQ
737KA38-SG,2024449,SDL KA 7.37% 2038,,7908,NSE,EQ
736KA39-SG,2024961,SDL KA 7.36% 2039,,7910,NSE,EQ
748WB37-SG,2025217,SDL WB 7.48% 2037,,7911,NSE,EQ
BYKE,136031492,THE BYKE HOSPITALITY,531373,7919,BSE,EQ
ZYDUSLIFE,136274180,ZYDUS LIFESCIENCES ,532321,7929,BSE,EQ
AVANTIFEED,131218692,AVANTI FEEDS,512573,7936,BSE,EQ
SILVERIETF,139123716,ICICI PRUDENTIAL MUTUAL FUND,543452,7942,BSE,EQ
PRECISION-SM,2035201,PRECISION METALIKS,,7950,NSE,EQ
MALLCOM,138086404,MALLCOM (INDIA),539400,7965,BSE,EQ
1015ECL29-NR,2041601,,,7975,NSE,EQ
MAKEINDIA,139124228,MIRAE ASSET MUTUAL FUND,543454,7979,BSE,EQ
GRWRHITECH,128167684,GARWARE HI-TECH FILMS,500655,7982,BSE,EQ
1060ECL29-NS,2044417,,,7986,NSE,EQ
SILVER,139128580,ADITYA BIRLA SUN LIFE MUTUAL F,543471,8003,BSE,EQ
732KA34-SG,2049537,SDL KA 7.32% 2034,,8006,NSE,EQ
733TN52-SG,2049793,SDL TN 7.33% 2052,,8007,NSE,EQ
62RJ26-SG,2050561,SDL RJ 6.2% 2026,,8010,NSE,EQ
696HR29-SG,2050817,SDL HR 6.96% 2029,,8011,NSE,EQ
721KA32-SG,2051073,SDL KA 7.21% 2032,,8012,NSE,EQ
721RJ32-SG,2051329,SDL RJ 7.21% 2032,,8013,NSE,EQ
CINEVISTA,136274948,CINEVISTA,532324,8024,BSE,EQ
726GS2029-GS,2054913,GOI LOAN 7.26% 2029,,8027,NSE,EQ
MAHLIFE,136272132,MAHINDRA LIFESPACE DEVELOPERS,532313,8050,BSE,EQ
KTKBANK,136358916,KARNATAKA BANK,532652,8054,BSE,EQ
DALBHARAT,138807300,DALMIA BHARAT,542216,8075,BSE,EQ
MIDCAP,284169,BSE INDEX MIDCAP,1110,8077,INDICES,EQ
SILVERBEES,151077124,NIPPON INDIA MUTUAL FUND - PER,590145,8080,BSE,EQ
CROWN,2069249,CROWN LIFTERS,,8083,NSE,EQ
AWL,139125252,AWL AGRI BUSINESS,543458,8110,BSE,EQ
RPSGVENT,138837252,RPSG VENTURES,542333,8119,BSE,EQ
744KA35-SG,2078721,SDL KA 7.44% 2035,,8120,NSE,EQ
737TS36-SG,2078977,SDL TS 7.37% 2036,,8121,NSE,EQ
737AP38-SG,2079233,SDL AP 7.37% 2038,,8122,NSE,EQ
737AP42-SG,2079489,SDL AP 7.37% 2042,,8123,NSE,EQ
AJANTPHARM,136276740,AJANTA PHARMA,532331,8124,BSE,EQ
654MH27-SG,2080257,SDL MH 6.54% 2027,,8126,NSE,EQ
699MH29-SG,2080769,SDL MH 6.99% 2029,,8128,NSE,EQ
705MZ29-SG,2081281,SDL MZ 7.05% 2029,,8130,NSE,EQ
BLBLIMITED,136266244,BLB,532290,8132,BSE,EQ
704TN30A-SG,2082305,SDL TN 7.04% 2030,,8134,NSE,EQ
724RJ32A-SG,2082817,SDL RJ 7.24% 2032,,8136,NSE,EQ
730KA32-SG,2083073,SDL KA 7.30% 2032,,8137,NSE,EQ
732AS32-SG,2083329,SDL AS 7.32% 2032,,8138,NSE,EQ
734MN32-SG,2083841,SDL MN 7.34% 2032,,8140,NSE,EQ
DEVIT,139126276,DEV INFORMATION TECHNOLOGY LIM,543462,8146,BSE,EQ
MEGASTAR,138586116,MEGASTAR FOODS ,541352,8153,BSE,EQ
FIBERWEB,130024964,FIBERWEB (INDIA),507910,8159,BSE,EQ
SPENCERS,138838276,SPENCER'S RETAIL ,542337,8163,BSE,EQ
MANYAVAR,139126532,VEDANT FASHIONS ,543463,8167,BSE,EQ
SAGARDEEP,2092801,SAGARDEEP ALLOYS,,8175,NSE,EQ
MOMOMENTUM,139127044,MOTILAL OSWAL MUTUAL FUND,543465,8182,BSE,EQ
685AS29-SG,2095617,SDL AS 6.85% 2029,,8186,NSE,EQ
709AS32-SG,2095873,SDL AS 7.09% 2032,,8187,NSE,EQ
706GJ32-SG,2096385,SDL GJ 7.06% 2032,,8189,NSE,EQ
716KA36-SG,2096641,SDL KA 7.16% 2036,,8190,NSE,EQ
709RJ32-SG,2096897,SDL RJ 7.09% 2032,,8191,NSE,EQ
713JK34-SG,2097153,SDL JK 7.13% 2034,,8192,NSE,EQ
713AP40-SG,2097409,SDL AP 7.13% 2040,,8193,NSE,EQ
713AP41-SG,2097665,SDL AP 7.13% 2041,,8194,NSE,EQ
712KA37-SG,2098177,SDL KA 7.12% 2037,,8196,NSE,EQ
712PN37-SG,2098433,SDL PN 7.12% 2037,,8197,NSE,EQ
713TN47-SG,2098689,SDL TN 7.13% 2047,,8198,NSE,EQ
RICHA-SM,2101249,RICHA INFO SYSTEMS,,8208,NSE,EQ
MADHAVBAUG-SM,2114305,VAIDYA SANE AYUR LAB,,8259,NSE,EQ
SOFTTECH,139128324,SOFTTECH ENGINEERS ,543470,8266,BSE,EQ
699PY29-SG,2120705,SDL PY 6.99% 2029,,8284,NSE,EQ
702TN30-SG,2121473,SDL TN 7.02% 2030,,8287,NSE,EQ
709GJ32-SG,2121985,SDL GJ 7.09% 2032,,8289,NSE,EQ
71TN32-SG,2122753,SDL TN 7.1% 2032,,8292,NSE,EQ
712AS32A-SG,2123521,SDL AS 7.12% 2032,,8295,NSE,EQ
713BR32-SG,2124289,SDL BR 7.13% 2032,,8298,NSE,EQ
713TS37-SG,2124545,SDL TS 7.13% 2037,,8299,NSE,EQ
713KA38-SG,2125057,SDL KA 7.13% 2038,,8301,NSE,EQ
713KA39-SG,2125313,SDL KA 7.13% 2039,,8302,NSE,EQ
PRITI,2125825,PRITI INTERNATIONAL,,8304,NSE,EQ
SGBJAN27-GB,2126849,2.50%GOLDBONDS2027SR-V,,8308,NSE,EQ
BLUESTARCO,128017156,BLUE STAR,500067,8311,BSE,EQ
648RJ27-SG,2129665,SDL RJ 6.48% 2027,,8319,NSE,EQ
703TN30-SG,2130177,SDL TN 7.03% 2030,,8321,NSE,EQ
712GJ32-SG,2130945,SDL GJ 7.12% 2032,,8324,NSE,EQ
714TN32-SG,2131201,SDL TN 7.14% 2032,,8325,NSE,EQ
715GA32-SG,2131457,SDL GA 7.15% 2032,,8326,NSE,EQ
717BR32-SG,2131713,SDL BR 7.17% 2032,,8327,NSE,EQ
717KL32-SG,2132225,SDL KL 7.17% 2032,,8329,NSE,EQ
717RJ32-SG,2132737,SDL RJ 7.17% 2032,,8331,NSE,EQ
717WB32-SG,2132993,SDL WB 7.17% 2032,,8332,NSE,EQ
713TS34-SG,2133249,SDL TS 7.13% 2034,,8333,NSE,EQ
712JK37-SG,2133505,SDL JK 7.12% 2037,,8334,NSE,EQ
713AP39-SG,2133761,SDL AP 7.13% 2039,,8335,NSE,EQ
713HR42-SG,2134017,SDL HR 7.13% 2042,,8336,NSE,EQ
719TN42-SG,2134273,SDL TN 7.19% 2042,,8337,NSE,EQ
CALSOFT,136290820,CALIFORNIA SOFTWARE CO.LTD.,532386,8341,BSE,EQ
GSEC5IETF,139130884,,543480,8342,BSE,EQ
708MP29-SG,2137857,SDL MP 7.08% 2029,,8351,NSE,EQ
712TN30-SG,2138113,SDL TN 7.12% 2030,,8352,NSE,EQ
725GJ32-SG,2138625,SDL GJ 7.25% 2032,,8354,NSE,EQ
725HR32-SG,2138881,SDL HR 7.25% 2032,,8355,NSE,EQ
725TN32-SG,2139393,SDL TN 7.25% 2032,,8357,NSE,EQ
735PY33-SG,2139649,SDL PY 7.35% 2033,,8358,NSE,EQ
725MZ34-SG,2139905,SDL MZ 7.25% 2034,,8359,NSE,EQ
728JH37-SG,2140161,SDL JH 7.28% 2037,,8360,NSE,EQ
748AP38-SG,2140929,SDL AP 7.48% 2038,,8363,NSE,EQ
743HR41-SG,2141185,SDL HR 7.43% 2041,,8364,NSE,EQ
731AP42-SG,2141697,SDL AP 7.31% 2042,,8366,NSE,EQ
733TN52A-SG,2142977,SDL TN 7.33% 2052,,8371,NSE,EQ
733TN57-SG,2143233,SDL TN 7.33% 2057,,8372,NSE,EQ
SHIGAN-SM,2148865,SHIGAN QUANTUM TECH,,8394,NSE,EQ
SGBMAR30X-GB,2150657,2.50%GOLDBONDS2030SR-X,,8401,NSE,EQ
MIDCAPETF,139131140,MIRAE ASSET MUTUAL FUND,543481,8413,BSE,EQ
VIPULLTD,131001860,VIPUL,511726,8424,BSE,EQ
RAJRILTD-BE,2157569,RAJ RAYON INDUSTRIES,,8428,NSE,EQ
JAYBARMARU-BE,2161665,JAYBHARATMARU-,,8444,NSE,EQ
MITCON,2168065,MITCON CON & ENG SER,,8469,NSE,EQ
XELPMOC-BE,2170369,XELPMOC DESIGN & TECH,,8478,NSE,EQ
TVSMOTOR,136279812,TVS MOTOR COMPANY,532343,8479,BSE,EQ
709TN30-SG,2173185,SDL TN 7.09% 2030,,8489,NSE,EQ
719TN32-SG,2173697,SDL TN 7.19% 2032,,8491,NSE,EQ
722RJ32-SG,2173953,SDL RJ 7.22% 2032,,8492,NSE,EQ
724SK32-SG,2174209,SDL SK 7.24% 2032,,8493,NSE,EQ
734TS35-SG,2174721,SDL TS 7.34% 2035,,8495,NSE,EQ
739JK37-SG,2174977,SDL JK 7.39% 2037,,8496,NSE,EQ
735JH38-SG,2175489,SDL JH 7.35% 2038,,8498,NSE,EQ
746WB40-SG,2175745,SDL WB 7.46% 2040,,8499,NSE,EQ
741PN42-SG,2176257,SDL PN 7.41% 2042,,8501,NSE,EQ
739TN52-SG,2176513,SDL TN 7.39% 2052,,8502,NSE,EQ
MID150BEES,151076868,NIPPON INDIA MUTUAL FUND - PER,590144,8506,BSE,EQ
GATEWAY,139133188,GATEWAY DISTRIPARKS ,543489,8510,BSE,EQ
SURANI-SM,2179329,SURANI STEEL TUBES,,8513,NSE,EQ
SPRL-SM,2181377,SP REFRACTORIES,,8521,NSE,EQ
GMRP&UI,139133444,GMR POWER AND URBAN INFRA LIMI,543490,8529,BSE,EQ
CHALET,138854148,CHALET HOTELS ,542399,8546,BSE,EQ
BLUECOAST-BE,2189313,BLUE COAST HOTELS,,8552,NSE,EQ
COOLCAPS-SM,2191361,COOL CAPS INDUSTRIES,,8560,NSE,EQ
HITECHGEAR-BE,2193409,THE HI-TECH GEARS,,8568,NSE,EQ
709HR29-SG,2193665,SDL HR 7.09% 2029,,8569,NSE,EQ
713TN30-SG,2193921,SDL TN 7.13% 2030,,8570,NSE,EQ
723TN32-SG,2194689,SDL TN 7.23% 2032,,8573,NSE,EQ
724RJ32B-SG,2194945,SDL RJ 7.24% 2032,,8574,NSE,EQ
726HR32-SG,2195201,SDL HR 7.26% 2032,,8575,NSE,EQ
727ML32-SG,2195457,SDL ML 7.27% 2032,,8576,NSE,EQ
737RJ34-SG,2195969,SDL RJ 7.37% 2034,,8578,NSE,EQ
742KL34-SG,2196225,SDL KL 7.42% 2034,,8579,NSE,EQ
74HR37-SG,2196481,SDL HR 7.4% 2037,,8580,NSE,EQ
74WB38-SG,2197505,SDL WB 7.4% 2038,,8584,NSE,EQ
NLCINDIA,131502852,NLC INDIA ,513683,8585,BSE,EQ
743TN47-SG,2198273,SDL TN 7.43% 2047,,8587,NSE,EQ
ABNINT-IT,2198529,A B N INTERCORP,,8588,NSE,EQ
74TN42-SG,2199041,SDL TN 7.4% 2042,,8590,NSE,EQ
AKSHOPTFBR,136281860,AKSH OPTIFIBRE,532351,8591,BSE,EQ
MSUMI,139135492,MOTHERSON SUMI WIRING INDIA LI,543498,8596,BSE,EQ
KNAGRI-SM,2202113,KN AGRI RESOURCES,,8602,NSE,EQ
SWARAJ-SM,2203649,SWARAJ SUITING,,8608,NSE,EQ
INDOBORAX-BE,2207489,INDO BORAX & CHEMICAL,,8623,NSE,EQ
957ICCL25-YW,2208001,,,8625,NSE,EQ
LOWVOL1,2209793,KOTAKMAMC - KOTAKLOVOL,,8632,NSE,EQ
97SFL29-YZ,2212353,,,8642,NSE,EQ
BLUECHIP-BE,2214401,BLUE CHIP INDIA,,8650,NSE,EQ
VETO,138068740,VETO SWITCHGEARS AND CABLES LI,539331,8652,BSE,EQ
MOLOWVOL,139136260,MOTILAL OSWAL MUTUAL FUND,543501,8654,BSE,EQ
DIL,2216193,DEBOCK INDUSTRIES,,8657,NSE,EQ
713RJ29-SG,2222081,SDL RJ 7.13% 2029,,8680,NSE,EQ
717TN30-SG,2222337,SDL TN 7.17% 2030,,8681,NSE,EQ
729GJ32-SG,2222849,SDL GJ 7.29% 2032,,8683,NSE,EQ
729RJ32-SG,2223105,SDL RJ 7.29% 2032,,8684,NSE,EQ
73TN32-SG,2223361,SDL TN 7.3% 2032,,8685,NSE,EQ
731KL32-SG,2223617,SDL KL 7.31% 2032,,8686,NSE,EQ
MUKTAARTS,136283396,MUKTA ARTS,532357,8687,BSE,EQ
733AS32-SG,2224129,SDL AS 7.33% 2032,,8688,NSE,EQ
734UK32-SG,2224385,SDL UK 7.34% 2032,,8689,NSE,EQ
734GA32-SG,2225153,SDL GA 7.34% 2032,,8692,NSE,EQ
734UP32-SG,2225409,SDL UP 7.34% 2032,,8693,NSE,EQ
734MN32A-SG,2225921,SDL MN 7.34% 2032,,8695,NSE,EQ
VRLLOG,138014212,VRL LOGISTICS ,539118,8696,BSE,EQ
734NL32-SG,2226689,SDL NL 7.34% 2032,,8698,NSE,EQ
735SK32-SG,2226945,SDL SK 7.35% 2032,,8699,NSE,EQ
736WB32-SG,2227457,SDL WB 7.36% 2032,,8701,NSE,EQ
735UP34-SG,2227713,SDL UP 7.35% 2034,,8702,NSE,EQ
736TS36-SG,2227969,SDL TS 7.36% 2036,,8703,NSE,EQ
739UP37-SG,2228481,SDL UP 7.39% 2037,,8705,NSE,EQ
74KL37-SG,2230529,SDL KL 7.4% 2037,,8713,NSE,EQ
737PN42-SG,2231809,SDL PN 7.37% 2042,,8718,NSE,EQ
739TN42-SG,2232065,SDL TN 7.39% 2042,,8719,NSE,EQ
744AP42-SG,2232577,SDL AP 7.44% 2042,,8721,NSE,EQ
SHAILY,128364292,SHAILY ENGINEERING PLASTICS LT,501423,8727,BSE,EQ
PROPEQUITY-SM,2236161,P. E. ANALYTICS,,8735,NSE,EQ
PNBGILTS,136285700,PNB GILTS,532366,8736,BSE,EQ
SGBFEB27-GB,2244097,2.50%GOLDBONDS2027SR-VI,,8766,NSE,EQ
KRISHNADEF-SM,2248193,KRISHNA DEF AND ALD IND L,,8782,NSE,EQ
OBCL,138548740,ORISSA BENGAL CARRIER ,541206,8797,BSE,EQ
SONAMLTD,2254337,SONAM,,8806,NSE,EQ
PRIVISCL,135709956,PRIVI SPECIALITY CHEMICALS LIM,530117,8825,BSE,EQ
AVROIND,139139076,AVRO INDIA ,543512,8827,BSE,EQ
GAEL,134201860,GUJARAT AMBUJA EXPORTS,524226,8828,BSE,EQ
BCG,136286212,BRIGHTCOM GROUP,532368,8833,BSE,EQ
USHAMART,132389380,USHA MARTIN,517146,8840,BSE,EQ
UMAEXPORTS,139139332,UMA EXPORTS ,543513,8842,BSE,EQ
CHOICEIN,136027652,CHOICE INTERNATIONAL,531358,8866,BSE,EQ
TNIDETF,2273793,TATAAML - TNIDETF,,8882,NSE,EQ
VERANDA,139139588,VERANDA LEARNING SOLUTIONS LIM,543514,8890,BSE,EQ
MINDPOOL-SM,2278401,MINDPOOL TECHNOLOGIES,,8900,NSE,EQ
729AP34-SG,2286081,SDL AP 7.29% 2034,,8930,NSE,EQ
734AP40-SG,2286593,SDL AP 7.34% 2040,,8932,NSE,EQ
718MH30-SG,2287105,SDL MH 7.18% 2030,,8934,NSE,EQ
711MH29-SG,2287361,SDL MH 7.11% 2029,,8935,NSE,EQ
E2E,2287873,E2E NETWORKS,,8937,NSE,EQ
RITCO,138850052,RITCO LOGISTICS ,542383,8944,BSE,EQ
ELDEHSG,133972228,ELDECO HOUSING & INDUSTRIES LT,523329,8953,BSE,EQ
TTML,136286980,TATA TELESERVICES (MAHARASHTRA,532371,8954,BSE,EQ
HARDWYN,138566660,HARDWYN INDIA,541276,8962,BSE,EQ
HARIOMPIPE,139140356,HARIOM PIPE INDUSTRIES ,543517,8968,BSE,EQ
752AP38-SG,2297345,SDL AP 7.52% 2038,,8974,NSE,EQ
752AP42-SG,2298113,SDL AP 7.52% 2042,,8977,NSE,EQ
UMIYA-MRO,136288260,UMIYA BUILDCON,532376,8998,BSE,EQ
ANUP,138869764,THE ANUP ENGINEERING,542460,9014,BSE,EQ
VCL,2309121,VAXTEX COTFAB,,9020,NSE,EQ
UFO,138020100,UFO MOVIEZ INDIA ,539141,9039,BSE,EQ
710GS2029-GS,2316033,GOI LOAN 7.10% 2029,,9047,NSE,EQ
ROTO,132480004,ROTO PUMPS,517500,9049,BSE,EQ
PIXTRANS,128085252,PIX TRANSMISSIONS,500333,9087,BSE,EQ
748PN42-SG,2329345,SDL PN 7.48% 2042,,9099,NSE,EQ
SOMATEX-BE,2330625,SOMA TEXTILEI NDUSTRIES L,,9104,NSE,EQ
AGROPHOS-BE,2330881,AGRO PHOS INDIA,,9105,NSE,EQ
ARVINDFASN,138875908,ARVIND FASHIONS ,542484,9111,BSE,EQ
INDOAMIN,134309892,INDO AMINES,524648,9116,BSE,EQ
TIPSMUSIC,136288004,TIPS MUSIC,532375,9117,BSE,EQ
BALAJITELE,136289796,BALAJI TELEFILMS,532382,9158,BSE,EQ
UTISXN50,138883332,UTI BSE  SENSEX NEXT 50 ETF,542513,9168,BSE,EQ
TPLPLASTEH,134804996,TPL PLASTECH,526582,9219,BSE,EQ
NILAINFRA,135776516,NILA INFRASTRUCTURES,530377,9253,BSE,EQ
875SCL27-YQ,2369281,,,9255,NSE,EQ
ARROWGREEN,132112388,ARROW GREENTECH ,516064,9260,BSE,EQ
925SCL27-YR,2371073,,,9262,NSE,EQ
843SCL27-YS,2373889,,,9273,NSE,EQ
889SCL27-YT,2374913,,,9277,NSE,EQ
KRITIKA,2377729,KRITIKA WIRES,,9288,NSE,EQ
GINNIFILA-BE,2379265,GINNIFILAMENTS,,9294,NSE,EQ
STARTECK,131169540,STARTECK FINANCE,512381,9305,BSE,EQ
STLTECH,136287748,STERLITE TECHNOLOGIES,532374,9309,BSE,EQ
715HR28-SG,2389249,SDL HR 7.15% 2028,,9333,NSE,EQ
727HR30-SG,2392065,SDL HR 7.27% 2030,,9344,NSE,EQ
745AP37-SG,2392321,SDL AP 7.45% 2037,,9345,NSE,EQ
PNC-BE,2392577,PRITISH NANDY COMMUNICATI,,9346,NSE,EQ
IOB,136291332,INDIAN OVERSEAS BANK,532388,9348,BSE,EQ
TAJGVK,136291844,TAJGVK HOTELS & RESORTS,532390,9354,BSE,EQ
MSTCLTD,138904836,MSTC ,542597,9356,BSE,EQ
CAMPUS,139141892,CAMPUS ACTIVEWEAR ,543523,9362,BSE,EQ
LEMERITE-SM,2399233,LE MERITE EXPORTS,,9372,NSE,EQ
QUINTEGRA-BE,2400257,QUINTEGRA SOLUTIONS,,9376,NSE,EQ
TRU,138308612,TRUCAP FINANCE ,540268,9378,BSE,EQ
IL&FSENGG-BZ,2401281,IL&FS ENG AND CONS CO,,9380,NSE,EQ
IL&FSTRANS-BZ,2401537,IL&FS TRANS NET,,9381,NSE,EQ
EMBASSY-RR,2402049,EMBASSY OFFICE PARKS REIT,,9383,NSE,EQ
CREATIVEYE,136292356,CREATIVE EYE,532392,9384,BSE,EQ
PNCINFRA,138022404,PNC INFRATECH ,539150,9385,BSE,EQ
BHARATGEAR-BE,2405633,BHARAT GEARS,,9397,NSE,EQ
RAINBOW,139142148,RAINBOW CHILDREN'S MEDICARE LI,543524,9408,BSE,EQ
SILVERTUC,139142404,SILVER TOUCH TECHNOLOGIES LIMI,543525,9422,BSE,EQ
SKIPPER,137871876,SKIPPER,538562,9428,BSE,EQ
NORBTEAEXP-BE,2414337,NORBEN TEA &EXPORTS,,9431,NSE,EQ
763HR29-SG,2414849,SDL HR 7.63% 2029,,9433,NSE,EQ
761MH29-SG,2415361,SDL MH 7.61% 2029,,9435,NSE,EQ
763MH30-SG,2415873,SDL MH 7.63% 2030,,9437,NSE,EQ
776AP32-SG,2416129,SDL AP 7.76% 2032,,9438,NSE,EQ
AXISCADES-BE,2416641,AXISCADES TECH,,9440,NSE,EQ
773HR33-SG,2416897,SDL HR 7.73% 2033,,9441,NSE,EQ
774HR35-SG,2417665,SDL HR 7.74% 2035,,9444,NSE,EQ
776PN37-SG,2418945,SDL PN 7.76% 2037,,9449,NSE,EQ
778AP41-SG,2419201,SDL AP 7.78% 2041,,9450,NSE,EQ
778AP42-SG,2419457,SDL AP 7.78% 2042,,9451,NSE,EQ
SONUINFRA-SM,2421249,SONU INFRATECH,,9458,NSE,EQ
LICI,139142660,LIFE INSURANCE CORPORATION OF,543526,9480,BSE,EQ
746AP27-SG,2439681,SDL AP 7.46% 2027,,9530,NSE,EQ
763AP30-SG,2439937,SDL AP 7.63% 2030,,9531,NSE,EQ
77RJ32-SG,2440193,SDL RJ 7.7% 2032,,9532,NSE,EQ
727GS2026-GS,2441473,GOI LOAN 7.27% 2026,,9537,NSE,EQ
762GS2039-GS,2441729,GOI LOAN 7.62% 2039,,9538,NSE,EQ
SAKAR,2441985,SAKAR HEALTHCARE,,9539,NSE,EQ
RVNL,138918148,RAIL VIKAS NIGAM ,542649,9552,BSE,EQ
PRUDENT,139142916,PRUDENT CORPORATE ADVISORY SER,543527,9553,BSE,EQ
AKSHAR-BE,2447361,AKSHAR SPINTEX,,9560,NSE,EQ
KHFM-SM,2449921,KHFM HOS FAC MANA SER,,9570,NSE,EQ
MAHESHWARI,2451457,MAHESHWARI LOGISTICS,,9576,NSE,EQ
METROPOLIS,138918404,METROPOLIS HEALTHCARE ,542650,9581,BSE,EQ
754GS2036-GS,2453761,GOI LOAN  7.54% 2036,,9585,NSE,EQ
POLYCAB,138918916,POLYCAB INDIA ,542652,9590,BSE,EQ
VENUSPIPES,139143172,VENUS PIPES & TUBES ,543528,9592,BSE,EQ
DELHIVERY,139143428,DELHIVERY ,543529,9599,BSE,EQ
772GS2049-GS,2458625,GOI LOAN 7.72% 2049,,9604,NSE,EQ
ICDSLTD-BE,2460161,ICDSLTD,,9610,NSE,EQ
SPLPETRO,128103684,SUPREME PETROCHEM,500405,9617,BSE,EQ
KHANDSE,136164356,KHANDWALA SECURITIES,531892,9641,BSE,EQ
RELCHEMQ,128809476,RELIANCE CHEMOTEX INDUSTRIES L,503162,9652,BSE,EQ
HIKAL,134332164,HIKAL,524735,9668,BSE,EQ
MEDICO-BE,2476289,MEDICO REMEDIES,,9673,NSE,EQ
SOUTHWEST,139260420,SOUTH WEST PINNACLE EXPLORATIO,543986,9678,BSE,EQ
KPITTECH,138918660,KPIT TECHNOLOGIES,542651,9683,BSE,EQ
TRIDENT,133392388,TRIDENT,521064,9685,BSE,EQ
762MH30-SG,2481921,SDL MH 7.62% 2030,,9695,NSE,EQ
767AP31-SG,2482177,SDL AP 7.67% 2031,,9696,NSE,EQ
769MZ31-SG,2485249,SDL MZ 7.69% 2031,,9708,NSE,EQ
771AP32-SG,2486017,SDL AP 7.71% 2032,,9711,NSE,EQ
772JK32-SG,2487553,SDL JK 7.72% 2032,,9717,NSE,EQ
772MN32-SG,2487809,SDL MN 7.72% 2032,,9718,NSE,EQ
773WB32-SG,2488065,SDL WB 7.73% 2032,,9719,NSE,EQ
770MH32-SG,2488833,SDL MH 7.70% 2032,,9722,NSE,EQ
772MH34-SG,2489345,SDL MH 7.72% 2034,,9724,NSE,EQ
772RJ35-SG,2489601,SDL RJ 7.72% 2035,,9725,NSE,EQ
PARADEEP,139143684,PARADEEP PHOSPHATES ,543530,9741,BSE,EQ
ETHOSLTD,139144196,ETHOS,543532,9750,BSE,EQ
EMUDHRA,139144452,EMUDHRA ,543533,9756,BSE,EQ
GSTL-SM,2499585,GLOBESECURE TECHNO,,9764,NSE,EQ
EASTSILK-BE,2500865,EASTERN SILK INDUSTRIES L,,9769,NSE,EQ
763HR28-SG,2501121,SDL HR 7.63% 2028,,9770,NSE,EQ
777GJ31-SG,2501377,SDL GJ 7.77% 2031,,9771,NSE,EQ
78AP31-SG,2501889,SDL AP 7.8% 2031,,9773,NSE,EQ
78ML31-SG,2502145,SDL ML 7.8% 2031,,9774,NSE,EQ
78TN32-SG,2502657,SDL TN 7.8% 2032,,9776,NSE,EQ
78GJ32-SG,2502913,SDL GJ 7.8% 2032,,9777,NSE,EQ
781GA32-SG,2503425,SDL GA 7.81% 2032,,9779,NSE,EQ
781HR32-SG,2503681,SDL HR 7.81% 2032,,9780,NSE,EQ
782MN32-SG,2503937,SDL MN 7.82% 2032,,9781,NSE,EQ
783WB32-SG,2504193,SDL WB 7.83% 2032,,9782,NSE,EQ
79AP33-SG,2504961,SDL AP 7.9% 2033,,9785,NSE,EQ
785KL34-SG,2505729,SDL KL 7.85% 2034,,9788,NSE,EQ
79AP34-SG,2508033,SDL AP 7.9% 2034,,9797,NSE,EQ
79RJ42-SG,2508801,SDL RJ 7.9% 2042,,9800,NSE,EQ
AETHER,139144708,AETHER INDUSTRIES ,543534,9810,BSE,EQ
HAVELLS,132442628,HAVELLS INDIA,517354,9819,BSE,EQ
786MH30-SG,2514177,SDL MH 7.86% 2030,,9821,NSE,EQ
789MH32-SG,2514433,SDL MH 7.89% 2032,,9822,NSE,EQ
802TS35-SG,2514945,SDL TS 8.02% 2035,,9824,NSE,EQ
803AP35-SG,2515457,SDL AP 8.03% 2035,,9826,NSE,EQ
807AP36-SG,2516481,SDL AP 8.07% 2036,,9830,NSE,EQ
799TN42-SG,2517505,SDL TN 7.99% 2042,,9834,NSE,EQ
NV20BEES,2520833,NIP IND ETF ETF NV20,,9847,NSE,EQ
RILINFRA-SM,2522625,RACHANA INFRA,,9854,NSE,EQ
FIDEL-SM,2523649,FIDEL SOFTECH,,9858,NSE,EQ
WEWIN-BE,2525441,WE WIN,,9865,NSE,EQ
NEXTMEDIA,136298500,NEXT MEDIAWORKS,532416,9867,BSE,EQ
794TN32-SG,2526465,SDL TN 7.94% 2032,,9869,NSE,EQ
795HR32-SG,2526721,SDL HR 7.95% 2032,,9870,NSE,EQ
804AP41-SG,2526977,SDL AP 8.04% 2041,,9871,NSE,EQ
804AP42-SG,2527233,SDL AP 8.04% 2042,,9872,NSE,EQ
769HR27-SG,2527489,SDL HR 7.69% 2027,,9873,NSE,EQ
GOLDTECH,136048388,AION-TECH SOLUTIONS,531439,9874,BSE,EQ
CHEVIOT,134865156,CHEVIOT CO.LTD.,526817,9879,BSE,EQ
769GS2043-GS,2531329,GOI LOAN 7.69% 2043,,9888,NSE,EQ
SMARTLINK,136299268,SMARTLINK HOLDINGS ,532419,9889,BSE,EQ
AIRAN,139215620,AIRAN,543811,9897,BSE,EQ
AXITA,138824964,AXITA COTTON ,542285,9902,BSE,EQ
763GS2059-GS,2536193,GOI LOAN 7.63% 2059,,9907,NSE,EQ
738GS2027-GS,2537729,GOI LOAN 7.38% 2027,,9913,NSE,EQ
78AP31A-SG,2537985,SDL AP 7.8% 2031,,9914,NSE,EQ
783RJ32-SG,2538241,SDL RJ 7.83% 2032,,9915,NSE,EQ
786AS32-SG,2538497,SDL AS 7.86% 2032,,9916,NSE,EQ
NEOGEN,138922244,NEOGEN CHEMICALS ,542665,9917,BSE,EQ
ALANKIT,135956996,ALANKIT,531082,9921,BSE,EQ
786MZ32-SG,2540033,SDL MZ 7.86% 2032,,9922,NSE,EQ
788NL32-SG,2540289,SDL NL 7.88% 2032,,9923,NSE,EQ
785AP37-SG,2541569,SDL AP 7.85% 2037,,9928,NSE,EQ
VIKASLIFE,138919684,VIKAS LIFECARE,542655,9931,BSE,EQ
ONEPOINT,2544385,ONE POINT ONE SOL,,9939,NSE,EQ
785RJ37-SG,2545409,SDL RJ 7.85% 2037,,9943,NSE,EQ
785RJ39-SG,2547713,SDL RJ 7.85% 2039,,9952,NSE,EQ
784TN52-SG,2547969,SDL TN 7.84% 2052,,9953,NSE,EQ
829PFL29-N6,2553601,,,9975,NSE,EQ
85PFL26A-N7,2555393,,,9982,NSE,EQ
757GS2033-GS,2571777,GOI LOAN 7.57% 2033,,10046,NSE,EQ
SKMEGGPROD-BE,2574337,SKM EGG PROD-ROLL SETT,,10056,NSE,EQ
EMAMIPAP,136501252,EMAMI PAPER MILLS,533208,10074,BSE,EQ
GUJRAFFIA-BE,2584833,GUJARAT RAFFIA INDUST,,10097,NSE,EQ
GODREJCP,136300548,GODREJ CONSUMER PRODUCTS,532424,10099,BSE,EQ
ORICONENT,131358980,ORICON ENTERPRISES,513121,10159,BSE,EQ
SETFNIF50,151075332,SBI MUTUAL FUND-PERMITTED,590138,10176,BSE,EQ
BALKRISHNA,138048260,BALKRISHNA PAPER MILLS,539251,10181,BSE,EQ
SHYAMCENT,138048516,SHYAM CENTURY FERROUS ,539252,10188,BSE,EQ
781TN52-SG,2608641,SDL TN 7.81% 2052,,10190,NSE,EQ
753AS27-SG,2609921,SDL AS 7.53% 2027,,10195,NSE,EQ
782GJ32-SG,2610177,SDL GJ 7.82% 2032,,10196,NSE,EQ
785AS32-SG,2610433,SDL AS 7.85% 2032,,10197,NSE,EQ
785MP32-SG,2610689,SDL MP 7.85% 2032,,10198,NSE,EQ
ICICM58-M1,2611457,,,10201,NSE,EQ
786HR32-SG,2611713,SDL HR 7.86% 2032,,10202,NSE,EQ
793AP33-SG,2611969,SDL AP 7.93% 2033,,10203,NSE,EQ
793TS34-SG,2612225,SDL TS 7.93% 2034,,10204,NSE,EQ
794HR34-SG,2612481,SDL HR 7.94% 2034,,10205,NSE,EQ
794AP34-SG,2612737,SDL AP 7.94% 2034,,10206,NSE,EQ
793TS35-SG,2612993,SDL TS 7.93% 2035,,10207,NSE,EQ
794TS36-SG,2614273,SDL TS 7.94% 2036,,10212,NSE,EQ
796WB37-SG,2614529,SDL WB 7.96% 2037,,10213,NSE,EQ
795AP38-SG,2614785,SDL AP 7.95% 2038,,10214,NSE,EQ
795AP39-SG,2615041,SDL AP 7.95% 2039,,10215,NSE,EQ
795AP40-SG,2615297,SDL AP 7.95% 2040,,10216,NSE,EQ
ADANIENSOL,138049028,ADANI ENERGY SOLUTIONS ,539254,10217,BSE,EQ
792AP42-SG,2615809,SDL AP 7.92% 2042,,10218,NSE,EQ
781RJ47-SG,2616065,SDL RJ 7.81% 2047,,10219,NSE,EQ
MANORAMA,138745348,MANORAMA INDUSTRIES ,541974,10227,BSE,EQ
SGBJUN30-GB,2619393,2.50%GOLDBONDS2030SR-I,,10232,NSE,EQ
765GJ29-SG,2619649,SDL GJ 7.65% 2029,,10233,NSE,EQ
765TN29-SG,2619905,SDL TN 7.65% 2029,,10234,NSE,EQ
776HP30-SG,2620161,SDL HP 7.76% 2030,,10235,NSE,EQ
CONFIPET,134868228,CONFIDENCE PETROLEUM INDIA,526829,10238,BSE,EQ
SYNGENE,138052612,SYNGENE INTERNATIONAL ,539268,10243,BSE,EQ
782AS32-SG,2622977,SDL AS 7.82% 2032,,10246,NSE,EQ
782HP32-SG,2623233,SDL HP 7.82% 2032,,10247,NSE,EQ
782WB32-SG,2624513,SDL WB 7.82% 2032,,10252,NSE,EQ
EMKAYTOOLS-SM,2624769,EMKAY TAP & CUT. TOOL,,10253,NSE,EQ
795AP40A-SG,2625281,SDL AP 7.95% 2040,,10255,NSE,EQ
792AP42A-SG,2625793,SDL AP 7.92% 2042,,10257,NSE,EQ
SGBJUN27-GB,2626817,2.50%GOLDBONDS2027SR-I,,10261,NSE,EQ
804PN42-SG,2628609,SDL PN 8.04% 2042,,10268,NSE,EQ
791TS43-SG,2628865,SDL TS 7.91% 2043,,10269,NSE,EQ
79TS44-SG,2629377,SDL TS 7.9% 2044,,10271,NSE,EQ
792TS45-SG,2629633,SDL TS 7.92% 2045,,10272,NSE,EQ
NGLFINE,134342148,NGL FINE-CHEM,524774,10277,BSE,EQ
KAYA-BE,2632193,KAYA,,10282,NSE,EQ
AYMSYNTEX,130286852,AYM SYNTEX ,508933,10285,BSE,EQ
KCK-ST,2635777,KCK INDUSTRIES,,10296,NSE,EQ
PPL,138927108,PRAKASH PIPES ,542684,10297,BSE,EQ
RAMASTEEL,138063108,RAMA STEEL TUBES ,539309,10300,BSE,EQ
AURUM,138057988,AURUM PROPTECH ,539289,10310,BSE,EQ
PKTEA-BE,2641409,THE P K TEA PROD CO,,10318,NSE,EQ
SKP-SM,2643201,SKP BEARING INDUSTRI.,,10325,NSE,EQ
778ML31-SG,2644481,SDL ML 7.78% 2031,,10330,NSE,EQ
781HR32A-SG,2644737,SDL HR 7.81% 2032,,10331,NSE,EQ
79HR34-SG,2644993,SDL HR 7.9% 2034,,10332,NSE,EQ
794PN42-SG,2645249,SDL PN 7.94% 2042,,10333,NSE,EQ
789TS34-SG,2645505,SDL TS 7.89% 2034,,10334,NSE,EQ
797AP39-SG,2646017,SDL AP 7.97% 2039,,10336,NSE,EQ
792AP41-SG,2646273,SDL AP 7.92% 2041,,10337,NSE,EQ
787TN33-SG,2646529,SDL TN 7.87% 2033,,10338,NSE,EQ
RADHIKAJWE,138272004,RADHIKA JEWELTECH ,540125,10343,BSE,EQ
DGCONTENT,138927364,DIGICONTENT ,542685,10346,BSE,EQ
CSLFINANCE,135697156,CSL FINANCE ,530067,10350,BSE,EQ
803AP36-SG,2650881,SDL AP 8.03% 2036,,10355,NSE,EQ
783AS32-SG,2651393,SDL AS 7.83% 2032,,10357,NSE,EQ
UNIVAFOODS-BE,2653697,UNIVA FOODS,,10366,NSE,EQ
78GJ32A-SG,2653953,SDL GJ 7.8% 2032,,10367,NSE,EQ
783MN32-SG,2654209,SDL MN 7.83% 2032,,10368,NSE,EQ
802MZ36-SG,2655745,SDL MZ 8.02% 2036,,10374,NSE,EQ
798RJ42-SG,2657537,SDL RJ 7.98% 2042,,10381,NSE,EQ
795TS35-SG,2657793,SDL TS 7.95% 2035,,10382,NSE,EQ
802AP38-SG,2658049,SDL AP 8.02% 2038,,10383,NSE,EQ
802WB37-SG,2658305,SDL WB 8.02% 2037,,10384,NSE,EQ
801WB41-SG,2660609,SDL WB 8.01% 2041,,10393,NSE,EQ
785PN32-SG,2660865,SDL PN 7.85% 2032,,10394,NSE,EQ
JISLJALEQS,128056068,JAIN IRRIGATION SYSTEMS,500219,10397,BSE,EQ
STEELCITY,2663937,STEEL CITY SECURITIES,,10406,NSE,EQ
KSHITIJPOL,2664193,KSHITIJ POLYLINE,,10407,NSE,EQ
MUTHOOTCAP,131012100,MUTHOOT CAPITAL SERVICES,511766,10415,BSE,EQ
DYCL,138443524,DYNAMIC CABLES ,540795,10417,BSE,EQ
OSEINTRUST-IV,2671361,ORIENTAL INFRATRUST,,10435,NSE,EQ
LUPIN,128065796,LUPIN,500257,10440,BSE,EQ
UNITDSPR,136302596,UNITED SPIRITS,532432,10447,BSE,EQ
764TN29-SG,2675713,SDL TN 7.64% 2029,,10452,NSE,EQ
SATIN,138087428,SATIN CREDITCARE NETWORK LIMIT,539404,10453,BSE,EQ
797WB42-SG,2676225,SDL WB 7.97% 2042,,10454,NSE,EQ
ARVSMART,138061060,ARVIND SMARTSPACES ,539301,10457,BSE,EQ
779AP31-SG,2677249,SDL AP 7.79% 2031,,10458,NSE,EQ
777GJ32-SG,2677505,SDL GJ 7.77% 2032,,10459,NSE,EQ
78TN32A-SG,2677761,SDL TN 7.8% 2032,,10460,NSE,EQ
781HR32B-SG,2678017,SDL HR 7.81% 2032,,10461,NSE,EQ
781RJ32-SG,2678273,SDL RJ 7.81% 2032,,10462,NSE,EQ
782NL32-SG,2678529,SDL NL 7.82% 2032,,10463,NSE,EQ
782SK32-SG,2680321,SDL SK 7.82% 2032,,10470,NSE,EQ
804AP37-SG,2680577,SDL AP 8.04% 2037,,10471,NSE,EQ
POWERMECH,138061316,POWER MECH PROJECTS ,539302,10473,BSE,EQ
805RJ37-SG,2681345,SDL RJ 8.05% 2037,,10474,NSE,EQ
806JK37-SG,2682113,SDL JK 8.06% 2037,,10477,NSE,EQ
807WB38-SG,2682369,SDL WB 8.07% 2038,,10478,NSE,EQ
797HR42-SG,2682625,SDL HR 7.97% 2042,,10479,NSE,EQ
797RJ42-SG,2682881,SDL RJ 7.97% 2042,,10480,NSE,EQ
RAMRAT,133703940,RAM RATNA WIRES,522281,10485,BSE,EQ
AGNI-ST,2687489,AGNI GREEN POWER,,10498,NSE,EQ
MOHEALTH,139152132,MOTILAL OSWAL MUTUAL FUND,543563,10508,BSE,EQ
UTINIFTETF,138064132,UTI MUTUAL FUND,539313,10511,BSE,EQ
CONS,2691073,KOTAKMAMC - KOTAKCONS,,10512,NSE,EQ
UTISENSETF,138063876,UTI BSE SENSEX ETF,539312,10515,BSE,EQ
782RJ44-SG,2694401,SDL RJ 7.82% 2044,,10525,NSE,EQ
757HP31-SG,2694657,SDL HP 7.57% 2031,,10526,NSE,EQ
772AP34-SG,2694913,SDL AP 7.72% 2034,,10527,NSE,EQ
768AS32-SG,2695169,SDL AS 7.68% 2032,,10528,NSE,EQ
765BR32-SG,2695425,SDL BR 7.65% 2032,,10529,NSE,EQ
SHARDAMOTR,137114116,SHARDA MOTOR INDUSTRIES,535602,10530,BSE,EQ
761GJ32-SG,2695937,SDL GJ 7.61% 2032,,10531,NSE,EQ
785KL35-SG,2696193,SDL KL 7.85% 2035,,10532,NSE,EQ
774MZ33-SG,2698241,SDL MZ 7.74% 2033,,10540,NSE,EQ
767NL32-SG,2698497,SDL NL 7.67% 2032,,10541,NSE,EQ
765RJ32-SG,2699009,SDL RJ 7.65% 2032,,10543,NSE,EQ
764TN32-SG,2699265,SDL TN 7.64% 2032,,10544,NSE,EQ
784TS36-SG,2699521,SDL TS 7.84% 2036,,10545,NSE,EQ
789HP37-SG,2701057,SDL HP 7.89% 2037,,10551,NSE,EQ
789WB37-SG,2701569,SDL WB 7.89% 2037,,10553,NSE,EQ
782AP42-SG,2702081,SDL AP 7.82% 2042,,10555,NSE,EQ
NAVKARCORP,138068996,NAVKAR CORPORATION ,539332,10557,BSE,EQ
782PN42-SG,2702849,SDL PN 7.82% 2042,,10558,NSE,EQ
743HP28-SG,2703105,SDL HP 7.43% 2028,,10559,NSE,EQ
RAMAPHO,134153476,RAMA PHOSPHATES,524037,10568,BSE,EQ
NIFTYBEES,151066372,NIPPON INDIA ETF NIFTY BEES,590103,10576,BSE,EQ
KRBL,135888132,KRBL,530813,10577,BSE,EQ
MPSLTD,136304644,MPS,532440,10578,BSE,EQ
MARKSANS,134247428,MARKSANS PHARMA,524404,10579,BSE,EQ
TCI,136281348,TRANSPORT CORPORATION OF INDIA,532349,10580,BSE,EQ
MOM30IETF,139153412,ICICI PRUDENTIAL MUTUAL FUND,543568,10585,BSE,EQ
SHREEPUSHK,138069508,SHREE PUSHKAR CHEMICALS & FERT,539334,10588,BSE,EQ
LOYALTEX,131593220,LOYAL TEXTILE MILLS,514036,10590,BSE,EQ
GUJGASLTD,138070020,GUJARAT GAS ,539336,10599,BSE,EQ
BHARTIARTL,136308228,BHARTI AIRTEL,532454,10604,BSE,EQ
USASEEDS-ST,2717953,UPSURGE SEEDS OF AGRI,,10617,NSE,EQ
HDFCNEXT50,139153924,HDFC MUTUAL FUND,543570,10619,BSE,EQ
SADBHIN-BE,2719233,SADBHAV INFRA PROJ,,10622,NSE,EQ
HDFCNIF100,139153668,HDFC MUTUAL FUND,543569,10633,BSE,EQ
ASAL,133150468,AUTOMOTIVE STAMPINGS & ASSEMBL,520119,10634,BSE,EQ
OLECTRA,136304388,OLECTRA GREENTECH,532439,10637,BSE,EQ
777RJ32-SG,2723329,SDL RJ 7.77% 2032,,10638,NSE,EQ
797AP36-SG,2723585,SDL AP 7.97% 2036,,10639,NSE,EQ
795HR37-SG,2723841,SDL HR 7.95% 2037,,10640,NSE,EQ
795TS37-SG,2724353,SDL TS 7.95% 2037,,10642,NSE,EQ
796AP40-SG,2724609,SDL AP 7.96% 2040,,10643,NSE,EQ
793TN42-SG,2724865,SDL TN 7.93% 2042,,10644,NSE,EQ
793RJ45-SG,2725121,SDL RJ 7.93% 2045,,10645,NSE,EQ
754AS28-SG,2725377,SDL AS 7.54% 2028,,10646,NSE,EQ
774AP31-SG,2725633,SDL AP 7.74% 2031,,10647,NSE,EQ
773GJ32-SG,2725889,SDL GJ 7.73% 2032,,10648,NSE,EQ
775TN32-SG,2726657,SDL TN 7.75% 2032,,10651,NSE,EQ
777HR32-SG,2726913,SDL HR 7.77% 2032,,10652,NSE,EQ
PONNIERODE,136309764,PONNI SUGARS (ERODE),532460,10661,BSE,EQ
PNB,136310020,PUNJAB NATIONAL BANK,532461,10666,BSE,EQ
MNC,2733057,KOTAKMAMC - KOTAKMNC,,10676,NSE,EQ
SHAIVAL-ST,2735105,SHAIVAL REALITY,,10684,NSE,EQ
NIFTYQLITY,139154948,ADITYA BIRLA SUN LIFE MUTUAL F,543574,10690,BSE,EQ
MOMENTUM,139155204,ADITYA BIRLA SUN LIFE MUTUAL F,543575,10693,BSE,EQ
SURANAT&P,132487684,SURANA TELECOM AND POWER LIMIT,517530,10700,BSE,EQ
VEEKAYEM-SM,2741761,VEEKAYEM FASH & APP,,10710,NSE,EQ
772AP35-SG,2743809,SDL AP 7.72% 2035,,10718,NSE,EQ
774AP38-SG,2744065,SDL AP 7.74% 2038,,10719,NSE,EQ
76TN32-SG,2744321,SDL TN 7.6% 2032,,10720,NSE,EQ
765BR32A-SG,2744577,SDL BR 7.65% 2032,,10721,NSE,EQ
726GS2032-GS,2744833,GOI LOAN  7.26% 2032,,10722,NSE,EQ
INFRAIETF,139154180,ICICI PRUDENTIAL MUTUAL FUND,543571,10723,BSE,EQ
INDIAMART,138937860,INDIAMART INTERMESH ,542726,10726,BSE,EQ
SPORTKING,138040580,SPORTKING INDIA,539221,10733,BSE,EQ
OFSS,136311300,ORACLE FINANCIAL SERVICES SOFT,532466,10738,BSE,EQ
728NTPC30B-N9,2749697,,,10741,NSE,EQ
737NTPC35C-NA,2750465,,,10744,NSE,EQ
753NTPC30E-NC,2751745,,,10749,NSE,EQ
762NTPC35F-ND,2752257,,,10751,NSE,EQ
UNIONBANK,136314116,UNION BANK OF INDIA,532477,10753,BSE,EQ
APTECHT,136313604,APTECH,532475,10755,BSE,EQ
VERTIS-IV,2753793,VERTIS INFRASTRUCTURE TST,,10757,NSE,EQ
SILVERADD,139154436,DSP MUTUAL FUND,543572,10761,BSE,EQ
765AS32-SG,2755841,SDL AS 7.65% 2032,,10765,NSE,EQ
OAL,128019972,ORIENTAL AROMATICS,500078,10768,BSE,EQ
AHIMSA-ST,2757121,AHIMSA INDUSTRIES,,10770,NSE,EQ
766UP32-SG,2757377,SDL UP 7.66% 2032,,10771,NSE,EQ
776KL38-SG,2757889,SDL KL 7.76% 2038,,10773,NSE,EQ
775PN42-SG,2760193,SDL PN 7.75% 2042,,10782,NSE,EQ
774TS45-SG,2760449,SDL TS 7.74% 2045,,10783,NSE,EQ
774TS46-SG,2760705,SDL TS 7.74% 2046,,10784,NSE,EQ
NOIDATOLL,136315140,NOIDA TOLL BRIDGE COMPANY,532481,10786,BSE,EQ
NUCLEUS,135989508,NUCLEUS SOFTWARE EXPORTS,531209,10791,BSE,EQ
SYRMA,139154692,SYRMA SGS TECHNOLOGY ,543573,10793,BSE,EQ
CANBK,136315652,CANARA BANK,532483,10794,BSE,EQ
MOQUALITY,139155716,MOTILAL OSWAL MUTUAL FUND,543577,10822,BSE,EQ
MOVALUE,139155460,MOTILAL OSWAL MUTUAL FUND,543576,10825,BSE,EQ
SEYAIND-BE,2774017,SEYA INDUSTRIES,,10836,NSE,EQ
77TN42-SG,2776065,SDL TN 7.7% 2042,,10844,NSE,EQ
771KL42-SG,2776321,SDL KL 7.71% 2042,,10845,NSE,EQ
771AP42-SG,2776577,SDL AP 7.71% 2042,,10846,NSE,EQ
771AP39-SG,2776833,SDL AP 7.71% 2039,,10847,NSE,EQ
771AP37-SG,2777089,SDL AP 7.71% 2037,,10848,NSE,EQ
767KL34-SG,2777857,SDL KL 7.67% 2034,,10851,NSE,EQ
761TN32-SG,2778113,SDL TN 7.61% 2032,,10852,NSE,EQ
761HR32-SG,2778369,SDL HR 7.61% 2032,,10853,NSE,EQ
762BR32-SG,2778625,SDL BR 7.62% 2032,,10854,NSE,EQ
753HR30-SG,2778881,SDL HR 7.53% 2030,,10855,NSE,EQ
DREAMFOLKS,139159300,DREAMFOLKS SERVICES,543591,10859,BSE,EQ
GVPTECH,2781441,GVP INFOTECH,,10865,NSE,EQ
GRMOVER,136050948,GRM OVERSEAS,531449,10871,BSE,EQ
HDFCSILVER,139159556,HDFC MUTUAL FUND,543592,10876,BSE,EQ
JFLLIFE-SM,2786561,JFL LIFE SCIENCES,,10885,NSE,EQ
KORE-SM,2787585,JAY JALARAM TECHNO,,10889,NSE,EQ
DBOL,139159812,DHAMPUR BIO ORGANICS ,543593,10893,BSE,EQ
AMEYA-SM,2789889,AMEYA PRECISION ENG,,10898,NSE,EQ
745TS30-SG,2790913,SDL TS 7.45% 2030,,10902,NSE,EQ
747TS31-SG,2791425,SDL TS 7.47% 2031,,10904,NSE,EQ
GENESYS,129563908,GENESYS INTERNATIONAL CORPORAT,506109,10905,BSE,EQ
753AS32-SG,2791937,SDL AS 7.53% 2032,,10906,NSE,EQ
758PN42-SG,2792193,SDL PN 7.58% 2042,,10907,NSE,EQ
758AP40-SG,2793217,SDL AP 7.58% 2040,,10911,NSE,EQ
758GA37-SG,2793473,SDL GA 7.58% 2037,,10912,NSE,EQ
758AP42-SG,2793729,SDL AP 7.58% 2042,,10913,NSE,EQ
753BR32-SG,2796289,SDL BR 7.53% 2032,,10923,NSE,EQ
GODREJIND,128041988,GODREJ INDUSTRIES,500164,10925,BSE,EQ
736GS2052-GS,2798337,GOI LOAN  7.36% 2052,,10931,NSE,EQ
RADAAN,151057924,RADAAN MEDIAWORKS (I),590070,10932,BSE,EQ
JUNIORBEES,151066628,NIPPON INDIA ETF JUNIOR BEES,590104,10939,BSE,EQ
DIVISLAB,136316932,DIVIS LABORATORIES,532488,10940,BSE,EQ
TMB,139160580,TAMILNAD MERCANTILE BANK LIMIT,543596,10945,BSE,EQ
STCINDIA,131207940,STATE TRADING CORPORATION OF I,512531,10948,BSE,EQ
745HR32-SG,2804481,SDL HR 7.45% 2032,,10955,NSE,EQ
745BR32-SG,2804737,SDL BR 7.45% 2032,,10956,NSE,EQ
746MP32-SG,2804993,SDL MP 7.46% 2032,,10957,NSE,EQ
748HP33-SG,2805249,SDL HP 7.48% 2033,,10958,NSE,EQ
749HP34-SG,2805505,SDL HP 7.49% 2034,,10959,NSE,EQ
75HP36-SG,2805761,SDL HP 7.5% 2036,,10960,NSE,EQ
75HP37-SG,2806017,SDL HP 7.5% 2037,,10961,NSE,EQ
745AP40-SG,2806273,SDL AP 7.45% 2040,,10962,NSE,EQ
745AP42-SG,2806529,SDL AP 7.45% 2042,,10963,NSE,EQ
746TS48-SG,2806785,SDL TS 7.46% 2048,,10964,NSE,EQ
746TS49-SG,2807041,SDL TS 7.46% 2049,,10965,NSE,EQ
745SK32-SG,2807297,SDL SK 7.45% 2032,,10966,NSE,EQ
VIVIANA-SM,2807553,VIVIANA POWER TECH,,10967,NSE,EQ
MEGAFLEX-SM,2808577,MEGA FLEX PLASTICS,,10971,NSE,EQ
74GS2062-GS,2811137,GOI LOAN  7.4% 2062,,10981,NSE,EQ
SABAR-ST,2812161,SABAR FLEX INDIA,,10985,NSE,EQ
RADICO,136319236,RADICO KHAITAN,532497,10990,BSE,EQ
INDORAMA,128052996,INDO RAMA SYNTHETICS (INDIA) L,500207,10993,BSE,EQ
TAPIFRUIT-ST,2814465,TAPI FRUIT PROCESSING,,10994,NSE,EQ
ISHAN-SM,2814721,ISHAN INTERNATIONAL,,10995,NSE,EQ
MARUTI,136320004,MARUTI SUZUKI INDIA,532500,10999,BSE,EQ
LIQUIDBEES,151064580,,590096,11006,BSE,EQ
INFOBEAN,139172868,INFOBEANS TECHNOLOGIES ,543644,11027,BSE,EQ
SANGINITA,2824193,SANGINITA CHEMICALS,,11032,NSE,EQ
BANKIETF,138938884,ICICI PRUDENTIAL MUTUAL FUND,542730,11037,BSE,EQ
DCMNVL,138938628,DCM NOUVELLE,542729,11039,BSE,EQ
SATIA,138035460,SATIA INDUSTRIES,539201,11045,BSE,EQ
SIRCA,139183620,SIRCA PAINTS INDIA ,543686,11050,BSE,EQ
SECURKLOUD,131113220,SECUREKLOUD TECHNOLOGIES LIMIT,512161,11058,BSE,EQ
KSOLVES,139161348,KSOLVES INDIA ,543599,11060,BSE,EQ
NATHBIOGEN,137546500,NATH BIO-GENES (INDIA),537291,11065,BSE,EQ
AGRITECH,137546756,AGRI- TECH (INDIA),537292,11072,BSE,EQ
GFSTEELS-BE,2836225,GRAND FOUNDRY,,11079,NSE,EQ
LIBAS,2836993,LIBAS CONSU PRODUCTS,,11082,NSE,EQ
755BR32-SG,2840065,SDL BR 7.55% 2032,,11094,NSE,EQ
755AS32-SG,2840321,SDL AS 7.55% 2032,,11095,NSE,EQ
757JK34-SG,2840577,SDL JK 7.57% 2034,,11096,NSE,EQ
758GA37A-SG,2840833,SDL GA 7.58% 2037,,11097,NSE,EQ
SUMIT,2851841,SUMIT WOODS,,11140,NSE,EQ
SHRENIK,2854145,SHRENIK,,11149,NSE,EQ
SGBJUL27-GB,2855425,2.50%GOLDBONDS2027SR-II,,11154,NSE,EQ
CREATIVE,138118916,CREATIVE CASTINGS ,539527,11155,BSE,EQ
756WB39-SG,2856705,SDL WB 7.56% 2039,,11159,NSE,EQ
756TS40-SG,2856961,SDL TS 7.56% 2040,,11160,NSE,EQ
756WB42-SG,2857217,SDL WB 7.56% 2042,,11161,NSE,EQ
HARSHA,139161604,HARSHA ENGINEERS INTERNATIONAL,543600,11162,BSE,EQ
COFFEEDAY-BE,2859265,COFFEE DAY ENTERPRISE,,11169,NSE,EQ
IDFCFIRSTB,138095876,IDFC FIRST BANK,539437,11184,BSE,EQ
SGBAUG30-GB,2865153,2.50%GOLDBONDS2030SR-II,,11192,NSE,EQ
AXISILVER,2865409,AXISAMC - AXISILVER,,11193,NSE,EQ
INDIGO,138098692,INTERGLOBE AVIATION ,539448,11195,BSE,EQ
ANNAPURNA-SM,2866689,ANNAPURNA SWADISHT,,11198,NSE,EQ
KANDARP-ST,2870017,KANDARP DG SMART BPO,,11211,NSE,EQ
SHK,138099204,S H KELKAR AND COMPANY ,539450,11212,BSE,EQ
TEAMGTY-BE,2871553,TEAM INDIA GUARANTY,,11217,NSE,EQ
MAKS-SM,2871809,MAKS ENERGY SOL INDIA,,11218,NSE,EQ
VARDHACRLC,2872321,VARDHAMAN ACRYLICS,,11220,NSE,EQ
UCOBANK,136321284,UCO BANK,532505,11223,BSE,EQ
BAGFILMS,136321796,B.A.G.FILMS & MEDIA,532507,11226,BSE,EQ
SUVEN,135741188,SUVEN LIFE SCIENCES,530239,11233,BSE,EQ
JSL,136322052,JINDAL STAINLESS,532508,11236,BSE,EQ
NSIL,136257540,NALWA SONS INVESTMENTS,532256,11239,BSE,EQ
HDFCGROWTH,139163396,HDFC MUTUAL FUND,543607,11241,BSE,EQ
WELSPUNLIV,131625476,WELSPUN LIVING,514162,11253,BSE,EQ
HDFCQUAL,139162884,HDFC MUTUAL FUND,543605,11255,BSE,EQ
JAIBALAJI,136441860,JAI BALAJI INDUSTRIES,532976,11256,BSE,EQ
HDFCVALUE,139163652,HDFC MUTUAL FUND,543608,11260,BSE,EQ
IGL,136323588,INDRAPRASTHA GAS,532514,11262,BSE,EQ
TVSELECT,136323332,TVS ELECTRONICS,532513,11265,BSE,EQ
DREDGECORP,134046212,DREDGING CORPORATION OF INDIA,523618,11271,BSE,EQ
749GJ26-SG,2885889,SDL GJ 7.49% 2026,,11273,NSE,EQ
TVTODAY,136323844,TV TODAY NETWORK,532515,11275,BSE,EQ
768PN42-SG,2886657,SDL PN 7.68% 2042,,11276,NSE,EQ
762MH30A-SG,2886913,SDL MH 7.62% 2030,,11277,NSE,EQ
771AP34-SG,2887937,SDL AP 7.71% 2034,,11281,NSE,EQ
769BR32-SG,2888193,SDL BR 7.69% 2032,,11282,NSE,EQ
769GA32-SG,2888449,SDL GA 7.69% 2032,,11283,NSE,EQ
767HR32-SG,2888705,SDL HR 7.67% 2032,,11284,NSE,EQ
764MH32-SG,2888961,SDL MH 7.64% 2032,,11285,NSE,EQ
771MN32-SG,2889217,SDL MN 7.71% 2032,,11286,NSE,EQ
UPL,131089924,UPL,512070,11287,BSE,EQ
765RJ32A-SG,2889729,SDL RJ 7.65% 2032,,11288,NSE,EQ
768UP32-SG,2889985,SDL UP 7.68% 2032,,11289,NSE,EQ
768WB32-SG,2890497,SDL WB 7.68% 2032,,11291,NSE,EQ
769KL40-SG,2890753,SDL KL 7.69% 2040,,11292,NSE,EQ
UNIENTER,128109828,UNIPHOS ENTERPRISES,500429,11293,BSE,EQ
778MZ37-SG,2891265,SDL MZ 7.78% 2037,,11294,NSE,EQ
772WB38-SG,2891521,SDL WB 7.72% 2038,,11295,NSE,EQ
SIL,135684356,STANDARD INDUSTRIES,530017,11297,BSE,EQ
76AP28-SG,2892545,SDL AP 7.6% 2028,,11299,NSE,EQ
LUXIND,138122756,LUX INDUSTRIES ,539542,11301,BSE,EQ
BALAXI,2895105,BALAXI PHARMA,,11309,NSE,EQ
LICNETFN50,138106884,LIC MF EXHGE TRADED FUND-NIFTY,539480,11319,BSE,EQ
MUKANDLTD,128117764,MUKAND,500460,11325,BSE,EQ
AFFLE,138944516,AFFLE 3I,542752,11343,BSE,EQ
PETRONET,136325636,PETRONET LNG,532522,11351,BSE,EQ
PTC,136326148,PTC INDIA,532524,11355,BSE,EQ
87SCL27-Z6,2907137,,,11356,NSE,EQ
DHANBANK,136238084,DHANLAXMI BANK,532180,11359,BSE,EQ
915SCL27-Z7,2908417,,,11361,NSE,EQ
VAIBHAVGBL,136231940,VAIBHAV GLOBAL,532156,11364,BSE,EQ
865SCL24B-Z8,2909441,,,11365,NSE,EQ
905SC24B-Z9,2910209,,,11368,NSE,EQ
TTKHLTCARE,129983236,TTK HEALTHCARE,507747,11369,BSE,EQ
BGLOBAL-BZ,2910977,BHARATIYA GLOBAL INFO,,11371,NSE,EQ
BIOCON,136325892,BIOCON,532523,11373,BSE,EQ
TIPSFILMS,139165188,TIPS FILMS ,543614,11374,BSE,EQ
MAHABANK,136326404,BANK OF MAHARASHTRA,532525,11377,BSE,EQ
PVTBANIETF,138946052,ICICI PRUDENTIAL MUTUAL FUND,542758,11386,BSE,EQ
776MH30-SG,2915841,SDL MH 7.76% 2030,,11390,NSE,EQ
ZOTA,2916865,ZOTA HEALTH CARE,,11394,NSE,EQ
SALZERELEC,132367108,SALZER ELECTRONICS,517059,11399,BSE,EQ
775GJ32-SG,2918401,SDL GJ 7.75% 2032,,11400,NSE,EQ
778MZ32-SG,2918657,SDL MZ 7.78% 2032,,11401,NSE,EQ
POONAWALLA,134144004,POONAWALLA FINCORP,524000,11403,BSE,EQ
779RJ32-SG,2919425,SDL RJ 7.79% 2032,,11404,NSE,EQ
779TN32-SG,2919681,SDL TN 7.79% 2032,,11405,NSE,EQ
XPROINDIA,151043332,XPRO INDIA,590013,11407,BSE,EQ
781UP32-SG,2920449,SDL UP 7.81% 2032,,11408,NSE,EQ
784TS34-SG,2920705,SDL TS 7.84% 2034,,11409,NSE,EQ
RKFORGE,136326916,RAMKRISHNA FORGINGS,532527,11411,BSE,EQ
782AP35-SG,2921473,SDL AP 7.82% 2035,,11412,NSE,EQ
783TS35-SG,2921729,SDL TS 7.83% 2035,,11413,NSE,EQ
783TS36-SG,2922241,SDL TS 7.83% 2036,,11415,NSE,EQ
77PN42-SG,2922497,SDL PN 7.7% 2042,,11416,NSE,EQ
774AP42-SG,2922753,SDL AP 7.74% 2042,,11417,NSE,EQ
774RJ42-SG,2923009,SDL RJ 7.74% 2042,,11418,NSE,EQ
DATAMATICS,136327172,DATAMATICS GLOBAL SERVICES,532528,11423,BSE,EQ
77KL47-SG,2924545,SDL KL 7.7% 2047,,11424,NSE,EQ
NDTV,136327428,NEW DELHI TELEVISION,532529,11427,BSE,EQ
KRITINUT,136501764,KRITI NUTRIENTS,533210,11432,BSE,EQ
SPANDANA,138946308,SPANDANA SPHOORTY FINANCIAL LI,542759,11435,BSE,EQ
BANKBEES,151067140,NIPPON INDIA ETF BANK BEES,590106,11439,BSE,EQ
LICNETFSEN,138108676,LIC MF EXCHNG TRADED FUND-SENS,539487,11441,BSE,EQ
PILANIINVS,138210052,PILANI INVESTMENT AND INDUSTRI,539883,11445,BSE,EQ
CMRSL-SM,2930433,CYBER MEDIA RES & SER,,11447,NSE,EQ
CCL,133017604,CCL PRODUCTS (INDIA),519600,11452,BSE,EQ
NV20,2932993,KOTAKMAMC - KTKNV20ETF,,11457,NSE,EQ
JPASSOCIAT-BE,2934017,JAIPRAKASH ASSOCIATES,,11461,NSE,EQ
QMSMEDI-SM,2935553,QMS MEDICAL ALLIED S,,11467,NSE,EQ
EXCELINDUS,128166404,EXCEL INDUSTRIES,500650,11471,BSE,EQ
LLOYDS-SM,2936833,LLOYDS LUXURIES,,11472,NSE,EQ
KRIDHANINF,136571396,KRIDHAN INFRA,533482,11480,BSE,EQ
LT,128130564,LARSEN & TOUBRO,500510,11483,BSE,EQ
APARINDS,136258308,APAR INDUSTRIES,532259,11491,BSE,EQ
SWASTIK-SM,2941953,SWASTIK PIPE,,11492,NSE,EQ
AMBICAAGAR,136277764,AMBICA AGARBATHIES & AROMA IND,532335,11496,BSE,EQ
FROG-SM,2944257,FROG CELLSAT,,11501,NSE,EQ
785AS32A-SG,2945281,SDL AS 7.85% 2032,,11505,NSE,EQ
781GJ32-SG,2945537,SDL GJ 7.81% 2032,,11506,NSE,EQ
783HR32-SG,2945793,SDL HR 7.83% 2032,,11507,NSE,EQ
785SK32-SG,2946305,SDL SK 7.85% 2032,,11509,NSE,EQ
785UK32-SG,2946561,SDL UK 7.85% 2032,,11510,NSE,EQ
CENTEXT-BE,2947073,CENTURY EXTRUSIONS,,11512,NSE,EQ
785BR32-SG,2947329,SDL BR 7.85% 2032,,11513,NSE,EQ
785AP40-SG,2947585,SDL AP 7.85% 2040,,11514,NSE,EQ
785PN42-SG,2947841,SDL PN 7.85% 2042,,11515,NSE,EQ
NIITLTD,128077828,NIIT,500304,11522,BSE,EQ
EMIL,139168260,ELECTRONICS MART INDIA ,543626,11530,BSE,EQ
ULTRACEMCO,136329732,ULTRATECH CEMENT,532538,11532,BSE,EQ
TCS,136330244,TATA CONSULTANCY SERVICES,532540,11536,BSE,EQ
HDFCMOMENT,139168772,HDFC MUTUAL FUND,543628,11538,BSE,EQ
COFORGE,136330500,COFORGE,532541,11543,BSE,EQ
HDFCLOWVOL,139168516,HDFC MUTUAL FUND,543627,11547,BSE,EQ
TEXINFRA,129382404,TEXMACO INFRASTRUCTURE & HOLDI,505400,11549,BSE,EQ
DCI,139170820,DC INFOTECH AND COMMUNICATION,543636,11566,BSE,EQ
PPLPHARMA,139170564,PIRAMAL PHARMA,543635,11571,BSE,EQ
FORCEMOT,128008452,FORCE MOTORS,500033,11573,BSE,EQ
WESTLIFE,129416452,WESTLIFE FOODWORLD,505533,11580,BSE,EQ
GULFPETRO,136331012,GP PETROLEUMS,532543,11581,BSE,EQ
TRACXN,139171332,TRACXN TECHNOLOGIES ,543638,11582,BSE,EQ
741GJ26-SG,2966529,SDL GJ 7.41% 2026,,11588,NSE,EQ
762GJ29-SG,2966785,SDL GJ 7.62% 2029,,11589,NSE,EQ
77MH30-SG,2967041,SDL MH 7.7% 2030,,11590,NSE,EQ
HDFCNIFTY,138116100,HDFC MUTUAL FUND,539516,11591,BSE,EQ
HDFCSENSEX,138116356,HDFC MUTUAL FUND,539517,11593,BSE,EQ
LINCOLN,136098052,LINCOLN PHARMACEUTICALS,531633,11596,BSE,EQ
774GA32-SG,2968833,SDL GA 7.74% 2032,,11597,NSE,EQ
773BR32-SG,2969089,SDL BR 7.73% 2032,,11598,NSE,EQ
781UP34-SG,2970369,SDL UP 7.81% 2034,,11603,NSE,EQ
777JK37-SG,2970625,SDL JK 7.77% 2037,,11604,NSE,EQ
GUFICBIO,130324228,GUFIC BIOSCIENCES,509079,11606,BSE,EQ
774WB39-SG,2971393,SDL WB 7.74% 2039,,11607,NSE,EQ
PHANTOMFX-SM,2972673,PHANTOM DIGITAL EFF,,11612,NSE,EQ
ASTRAMICRO,136318212,ASTRA MICROWAVE PRODUCTS,532493,11618,BSE,EQ
GOLDENTOBC-BZ,2974465,GOLDEN TOBACCO,,11619,NSE,EQ
WELENT,136333572,WELSPUN ENTERPRISES LIMTED,532553,11626,BSE,EQ
NTPC,136334084,NTPC,532555,11630,BSE,EQ
NARMADA-BE,2977537,NARMADA AGROBASE,,11631,NSE,EQ
SALSTEEL-BE,2979073,S.A.L. STEEL,,11637,NSE,EQ
BOHRAIND,2979841,BOHRA INDUSTRIES,,11640,NSE,EQ
KOTARISUG,2981633,KOTHARI SUG & CHEM,,11647,NSE,EQ
LALPATHLAB,138118148,DR. LAL PATHLABS ,539524,11654,BSE,EQ
JBMA,136346884,JBM AUTO,532605,11655,BSE,EQ
79NHIT35-N1,2984449,,,11658,NSE,EQ
79NHIT40-N2,2986241,,,11665,NSE,EQ
DWARKESH,136348164,DWARIKESH SUGAR INDUSTRIES,532610,11667,BSE,EQ
79NHIT47-N3,2987265,,,11669,NSE,EQ
774HR29-SG,2989057,SDL HR 7.74% 2029,,11676,NSE,EQ
INDOCO,136348676,INDOCO REMEDIES,532612,11677,BSE,EQ
778MH30-SG,2989569,SDL MH 7.78% 2030,,11678,NSE,EQ
784AS32-SG,2989825,SDL AS 7.84% 2032,,11679,NSE,EQ
785BR32A-SG,2990593,SDL BR 7.85% 2032,,11682,NSE,EQ
783GA32-SG,2990849,SDL GA 7.83% 2032,,11683,NSE,EQ
SUPRAJIT,136322308,SUPRAJIT ENGINEERING,532509,11689,BSE,EQ
781HR32C-SG,2992641,SDL HR 7.81% 2032,,11690,NSE,EQ
784RJ32-SG,2992897,SDL RJ 7.84% 2032,,11691,NSE,EQ
782TN32-SG,2993409,SDL TN 7.82% 2032,,11693,NSE,EQ
788MP33-SG,2993921,SDL MP 7.88% 2033,,11695,NSE,EQ
789TS36-SG,2994177,SDL TS 7.89% 2036,,11696,NSE,EQ
791UP37-SG,2994433,SDL UP 7.91% 2037,,11697,NSE,EQ
793WB37-SG,2994689,SDL WB 7.93% 2037,,11698,NSE,EQ
PATELENG,135966724,PATEL ENGINEERING,531120,11699,BSE,EQ
795WB39-SG,2995201,SDL WB 7.95% 2039,,11700,NSE,EQ
787RJ40-SG,2995457,SDL RJ 7.87% 2040,,11701,NSE,EQ
ALKEM,138117892,ALKEM LABORATORIES ,539523,11703,BSE,EQ
783TN42-SG,2996225,SDL TN 7.83% 2042,,11704,NSE,EQ
XCHANGING,136349700,XCHANGING SOLUTIONS,532616,11705,BSE,EQ
781KL44-SG,2996737,SDL KL 7.81% 2044,,11706,NSE,EQ
707IRFC25-NF,3000833,,,11722,NSE,EQ
JSWSTEEL,128058372,JSW STEEL,500228,11723,BSE,EQ
728IRFC30-NG,3002881,,,11730,NSE,EQ
CONSOFINVT,3003137,CONSO. FIN. & HOLD.,,11731,NSE,EQ
JINDALPHOT,136351748,JINDAL PHOTO,532624,11743,BSE,EQ
725IRFC35-NH,3007489,,,11748,NSE,EQ
732IRFC25-NI,3008257,,,11751,NSE,EQ
753IRFC30-NJ,3009025,,,11754,NSE,EQ
750IRFC35-NK,3009793,,,11757,NSE,EQ
786AP33-SG,3010305,SDL AP 7.86% 2033,,11759,NSE,EQ
775AP29-SG,3010561,SDL AP 7.75% 2029,,11760,NSE,EQ
JPPOWER,136352516,JAIPRAKASH POWER VENTURES LIMI,532627,11763,BSE,EQ
782AS32A-SG,3011585,SDL AS 7.82% 2032,,11764,NSE,EQ
782RJ32-SG,3011841,SDL RJ 7.82% 2032,,11765,NSE,EQ
784TS39-SG,3012353,SDL TS 7.84% 2039,,11767,NSE,EQ
784TS40-SG,3012609,SDL TS 7.84% 2040,,11768,NSE,EQ
783PN42-SG,3012865,SDL PN 7.83% 2042,,11769,NSE,EQ
78KL45-SG,3013121,SDL KL 7.8% 2045,,11770,NSE,EQ
GOKEX,136353284,GOKALDAS EXPORTS,532630,11778,BSE,EQ
ACEINTEG,3015425,ACE INTEGRATED SOLU.,,11779,NSE,EQ
EVEREADY,136066052,EVEREADY INDUSTRIES INDIA,531508,11782,BSE,EQ
GOYALALUM,138534916,GOYAL ALUMINIUMS,541152,11787,BSE,EQ
SAKSOFT,151053060,SAKSOFT,590051,11794,BSE,EQ
HPIL,139173124,HINDPRAKASH INDUSTRIES,543645,11796,BSE,EQ
ALLDIGI,136354052,ALLDIGI TECH ,532633,11798,BSE,EQ
SUKHJITS,134282756,SUKHJIT STARCH & CHEMICALS,524542,11804,BSE,EQ
IIFL,136354820,IIFL FINANCE,532636,11809,BSE,EQ
SHOPERSTOP,136355332,SHOPPERS STOP,532638,11813,BSE,EQ
MANGALAM,136355076,MANGALAM DRUGS & ORGANICS,532637,11817,BSE,EQ
WELCORP,136228868,WELSPUN CORP,532144,11821,BSE,EQ
SSWL,131395076,STEEL STRIPS WHEELS,513262,11829,BSE,EQ
NH,138125060,NARAYANA HRUDAYALAYA ,539551,11840,BSE,EQ
CYBERMEDIA-BE,3032321,CYBER MEDIA (INDIA),,11845,NSE,EQ
SURYALAXMI,133427204,SURYALAKSHMI COTTON MILLS,521200,11852,BSE,EQ
915SCL27A-ZL,3034625,,,11854,NSE,EQ
SHAHALLOYS,131439620,SHAH ALLOYS,513436,11856,BSE,EQ
89SCL24A-ZM,3035393,,,11857,NSE,EQ
JKPAPER,136233476,JK PAPER,532162,11860,BSE,EQ
93SCL24A-ZN,3036417,,,11861,NSE,EQ
PRIMESECU,128086276,PRIME SECURITIES,500337,11864,BSE,EQ
757GJ26-SG,3037697,SDL GJ 7.57% 2026,,11866,NSE,EQ
776HR30-SG,3037953,SDL HR 7.76% 2030,,11867,NSE,EQ
63MOONS,134881540,63 MOONS TECHNOLOGIES ,526881,11868,BSE,EQ
787HP35-SG,3038465,SDL HP 7.87% 2035,,11869,NSE,EQ
785HP36-SG,3038721,SDL HP 7.85% 2036,,11870,NSE,EQ
GRANULES,136315396,GRANULES INDIA,532482,11872,BSE,EQ
787MZ36-SG,3039489,SDL MZ 7.87% 2036,,11873,NSE,EQ
784HP37-SG,3039745,SDL HP 7.84% 2037,,11874,NSE,EQ
78TN42-SG,3040513,SDL TN 7.8% 2042,,11877,NSE,EQ
782SK32A-SG,3040769,SDL SK 7.82% 2032,,11878,NSE,EQ
JSWHL,136356356,JSW HOLDINGS,532642,11880,BSE,EQ
782NL32A-SG,3041537,SDL NL 7.82% 2032,,11881,NSE,EQ
783BR32-SG,3041793,SDL BR 7.83% 2032,,11882,NSE,EQ
MANINDS,131396868,MAN INDUSTRIES (INDIA),513269,11884,BSE,EQ
786JH34-SG,3042561,SDL JH 7.86% 2034,,11885,NSE,EQ
787HP34-SG,3042817,SDL HP 7.87% 2034,,11886,NSE,EQ
VHL,128112388,VARDHMAN HOLDINGS,500439,11892,BSE,EQ
DCXINDIA,139174404,DCX SYSTEMS ,543650,11895,BSE,EQ
GEOJITFSL,136264964,GEOJIT FINANCIAL SERVICES LIMI,532285,11896,BSE,EQ
IPSL-SM,3047169,INTEGRATED PERSO SER,,11903,NSE,EQ
GENUSPOWER,135767812,GENUS POWER INFRASTRUCTURES LT,530343,11905,BSE,EQ
SWELECTES,136205060,SWELECT ENERGY SYSTEMS,532051,11909,BSE,EQ
RITEZONE-SM,3048961,RITE ZONE CHEMCON IND,,11910,NSE,EQ
YESBANK,136357892,YES BANK,532648,11915,BSE,EQ
MSPL,136358404,MSP STEEL & POWER,532650,11919,BSE,EQ
VITAL-SM,3051521,VITAL CHEMTECH,,11920,NSE,EQ
NECLIFE-BE,3054081,NECTAR LIFESCIENCES,,11930,NSE,EQ
FUSION,139174916,FUSION FINANCE,543652,11932,BSE,EQ
SPLIL,136358660,SPL INDUSTRIES,532651,11935,BSE,EQ
AMIABLE-SM,3056385,AMIABLE LOGISTICS (I),,11939,NSE,EQ
MCLEODRUSS-BE,3057665,MCLEOD RUSSEL INDIA,,11944,NSE,EQ
ANZEN-IV,3057921,ANZEN IND ENE YLD PLU TRU,,11945,NSE,EQ
714NHAI26-N7,3058945,,,11949,NSE,EQ
739NHAI26-N8,3059713,,,11952,NSE,EQ
735NHAI31-N9,3060225,,,11954,NSE,EQ
MEDANTA,139175428,GLOBAL HEALTH ,543654,11956,BSE,EQ
SEMAC,129374212,SEMAC CONSTRUCTION ,505368,11961,BSE,EQ
BIKAJI,139175172,BIKAJI FOODS INTERNATIONAL LIM,543653,11966,BSE,EQ
GOLDIAM,134842628,GOLDIAM INTERNATIONAL,526729,11971,BSE,EQ
RML,136361220,RANE (MADRAS),532661,11975,BSE,EQ
768KA31-SG,3066369,SDL KA 7.68% 2031,,11978,NSE,EQ
767AS32-SG,3066881,SDL AS 7.67% 2032,,11980,NSE,EQ
765PN42-SG,3067137,SDL PN 7.65% 2042,,11981,NSE,EQ
HTMEDIA-BE,3067393,HT MEDIA,,11982,NSE,EQ
SASKEN,136361732,SASKEN TECHNOLOGIES ,532663,11983,BSE,EQ
767KA32-SG,3067905,SDL KA 7.67% 2032,,11984,NSE,EQ
768BR32-SG,3068161,SDL BR 7.68% 2032,,11985,NSE,EQ
ICIL,133380100,INDO COUNT INDUSTRIES,521016,11987,BSE,EQ
SYNCOMF,134264324,SYNCOM FORMULATIONS (INDIA) LT,524470,11992,BSE,EQ
FCSSOFT,136362500,FCS SOFTWARE SOLUTIONS,532666,11999,BSE,EQ
FAZE3Q,135700228,FAZE THREE,530079,12000,BSE,EQ
76NHAI31-NA,3072769,,,12003,NSE,EQ
IMPAL,151056644,INDIA MOTOR PARTS & ACCESSORIE,590065,12009,BSE,EQ
AEROENTER,130835460,AEROFLEX ENTERPRISES,511076,12015,BSE,EQ
SUZLON,136362756,SUZLON ENERGY,532667,12018,BSE,EQ
AURIONPRO,136363012,AURIONPRO SOLUTIONS,532668,12022,BSE,EQ
ACI,139176196,ARCHEAN CHEMICAL INDUSTRIES LI,543657,12024,BSE,EQ
RENUKA,136363524,SHREE RENUKA SUGARS,532670,12026,BSE,EQ
FIVESTAR,139177732,FIVE-STAR BUSINESS FINANCE,543663,12032,BSE,EQ
BASML,136364548,BANNARI AMMAN SPINNING MILLS L,532674,12034,BSE,EQ
SCPL,138433796,SHEETAL COOL PRODUCTS,540757,12072,BSE,EQ
KAYNES,139177988,KAYNES TECHNOLOGY INDIA LIMITE,543664,12092,BSE,EQ
HDFCNIFIT,139178244,HDFC MUTUAL FUND,543665,12101,BSE,EQ
HDFCPVTBAN,139178500,HDFC MUTUAL FUND,543666,12108,BSE,EQ
AARTISURF-P1,3102977,AARTI SURFACTANTS,,12121,NSE,EQ
DOLATALGO,129414660,DOLAT ALGOTECH,505526,12124,BSE,EQ
BBTCL,139179012,B&B TRIPLEWALL CONTAINERS LIMI,543668,12153,BSE,EQ
HNDFDS,132896260,HINDUSTAN FOODS,519126,12173,BSE,EQ
INOXGREEN,139178756,INOX GREEN ENERGY SERVICES LIM,543667,12188,BSE,EQ
RUSTOMJEE,139179268,KEYSTONE REALTORS ,543669,12219,BSE,EQ
739ML26-SG,3145985,SDL ML 7.39% 2026,,12289,NSE,EQ
768HR31-SG,3147521,SDL HR 7.68% 2031,,12295,NSE,EQ
77BR32-SG,3148801,SDL BR 7.7% 2032,,12300,NSE,EQ
769GA32A-SG,3149057,SDL GA 7.69% 2032,,12301,NSE,EQ
77HR34-SG,3149569,SDL HR 7.7% 2034,,12303,NSE,EQ
774KA37-SG,3151617,SDL KA 7.74% 2037,,12311,NSE,EQ
766KA42-SG,3152129,SDL KA 7.66% 2042,,12313,NSE,EQ
763TS43-SG,3154177,SDL TS 7.63% 2043,,12321,NSE,EQ
763TS44-SG,3155969,SDL TS 7.63% 2044,,12328,NSE,EQ
763TN47-SG,3160321,SDL TN 7.63% 2047,,12345,NSE,EQ
ZIMLAB,138598404,ZIM LABORATORIES ,541400,12384,BSE,EQ
960CAGL25-N3,3185665,,,12444,NSE,EQ
CAGL25A-N4,3188737,,,12456,NSE,EQ
10CAGL27-N5,3191041,,,12465,NSE,EQ
CAGL27A-N6,3192577,,,12471,NSE,EQ
SWSOLAR,138946564,STERLING AND WILSON RENEWABLE,542760,12489,BSE,EQ
VINNY,139179524,VINNY OVERSEAS,543670,12490,BSE,EQ
AAATECH-BE,3210753,AAA TECHNOLOGIES,,12542,NSE,EQ
FINIETF,139181316,ICICI PRUDENTIAL MUTUAL FUND,543677,12578,BSE,EQ
PRECAM,138146820,PRECISION CAMSHAFTS ,539636,12603,BSE,EQ
OSIAHYPER-BE,3236609,OSIA HYPER RETAIL,,12643,NSE,EQ
744HR27-SG,3240193,SDL HR 7.44% 2027,,12657,NSE,EQ
75AP28-SG,3240961,SDL AP 7.5% 2028,,12660,NSE,EQ
755AP29-SG,3241217,SDL AP 7.55% 2029,,12661,NSE,EQ
757HR30-SG,3241985,SDL HR 7.57% 2030,,12664,NSE,EQ
762AS32-SG,3242497,SDL AS 7.62% 2032,,12666,NSE,EQ
76GJ32-SG,3242753,SDL GJ 7.6% 2032,,12667,NSE,EQ
762PN32-SG,3244289,SDL PN 7.62% 2032,,12673,NSE,EQ
762GA32-SG,3245569,SDL GA 7.62% 2032,,12678,NSE,EQ
MBAPL,3247617,MADHYA BHARAT AGRO P.,,12686,NSE,EQ
764AP33-SG,3248385,SDL AP 7.64% 2033,,12689,NSE,EQ
763KA37-SG,3249153,SDL KA 7.63% 2037,,12692,NSE,EQ
768JK37-SG,3251457,SDL JK 7.68% 2037,,12701,NSE,EQ
763PN39-SG,3252737,SDL PN 7.63% 2039,,12706,NSE,EQ
763KA42-SG,3253761,SDL KA 7.63% 2042,,12710,NSE,EQ
TEAMLEASE,138152452,TEAMLEASE SERVICES ,539658,12716,BSE,EQ
763KL43-SG,3257857,SDL KL 7.63% 2043,,12726,NSE,EQ
DJML,139057412,DJ MEDIAPRINT & LOGISTICS LIMI,543193,12749,BSE,EQ
HYBRIDFIN-BE,3280385,HYBRID FINANCIAL SERVICE,,12814,NSE,EQ
KRISHANA,3288833,KRISHANA PHOSCHEM,,12847,NSE,EQ
SGBAUG27-GB,3303425,2.50%GOLDBONDS2027SR-III,,12904,NSE,EQ
SARVESHWAR,139184132,SARVESHWAR FOODS ,543688,12913,BSE,EQ
931SFL26-Z5,3307265,,,12919,NSE,EQ
97SFL26-Z9,3310849,,,12933,NSE,EQ
SFLZC26A-ZC,3312897,,,12941,NSE,EQ
PRITIKA-SM,3320577,PRITIKA ENG COMPO,,12971,NSE,EQ
NPBET,3322369,TATAAML - NPBET,,12978,NSE,EQ
BAHETI-SM,3325185,BAHETI RECYCLING IND,,12989,NSE,EQ
DHARMAJ,139183876,DHARMAJ CROP GUARD ,543687,13001,BSE,EQ
SECL-ST,3336193,SALASAR EXTERIOR CONT,,13032,NSE,EQ
SAFARI,133894404,SAFARI INDUSTRIES (INDIA),523025,13035,BSE,EQ
755BR32A-SG,3337729,SDL BR 7.55% 2032,,13038,NSE,EQ
759KA38-SG,3340545,SDL KA 7.59% 2038,,13049,NSE,EQ
754KA41-SG,3340801,SDL KA 7.54% 2041,,13050,NSE,EQ
753TS47-SG,3341057,SDL TS 7.53% 2047,,13051,NSE,EQ
UNIPARTS,139184388,UNIPARTS INDIA ,543689,13057,BSE,EQ
360ONE,138949636,360 ONE WAM,542772,13061,BSE,EQ
IIFLCAPS,138949892,IIFL CAPITAL SERVICES,542773,13072,BSE,EQ
TRIVENI,136283140,TRIVENI ENGINEERING & INDUSTRI,532356,13081,BSE,EQ
SILVER1,3348993,KOTAKMAMC - KOTAKSILVE,,13082,NSE,EQ
AIAENG,136366852,AIA ENGINEERING,532683,13086,BSE,EQ
EKC,136367108,EVEREST KANTO CYLINDER,532684,13091,BSE,EQ
ARHAM-SM,3351553,ARHAM TECHNOLOGIES,,13092,NSE,EQ
VIMTALABS,134244868,VIMTA LABS,524394,13101,BSE,EQ
NAHARINDUS,132898820,NAHAR INDUSTRIAL ENTERPRISES L,519136,13106,BSE,EQ
ORIENTCER,129249028,ORIENT CERATECH,504879,13111,BSE,EQ
757AS32-SG,3356673,SDL AS 7.57% 2032,,13112,NSE,EQ
758BR32-SG,3356929,SDL BR 7.58% 2032,,13113,NSE,EQ
QUICKHEAL,138157572,QUICK HEAL TECHNOLOGIES LIMITE,539678,13116,BSE,EQ
757HP32-SG,3357953,SDL HP 7.57% 2032,,13117,NSE,EQ
74ML27-SG,3358209,SDL ML 7.4% 2027,,13118,NSE,EQ
KERNEX,136367620,KERNEX MICROSYSTEMS (INDIA) LT,532686,13121,BSE,EQ
751HR29-SG,3359233,SDL HR 7.51% 2029,,13122,NSE,EQ
755GA32-SG,3359745,SDL GA 7.55% 2032,,13124,NSE,EQ
REPRO,136367876,REPRO INDIA,532687,13126,BSE,EQ
763HP37-SG,3360513,SDL HP 7.63% 2037,,13127,NSE,EQ
763KA39-SG,3360769,SDL KA 7.63% 2039,,13128,NSE,EQ
763KA40-SG,3362305,SDL KA 7.63% 2040,,13134,NSE,EQ
761JK42-SG,3362561,SDL JK 7.61% 2042,,13135,NSE,EQ
EBBETF0433,139186948,,543699,13139,BSE,EQ
GSEC10IETF,139187204,,543700,13143,BSE,EQ
PVRINOX,136368388,PVR INOX,532689,13147,BSE,EQ
CELEBRITY,136369924,CELEBRITY FASHIONS,532695,13162,BSE,EQ
NITINSPIN,136370692,NITIN SPINNERS,532698,13175,BSE,EQ
ROHLTD,136370948,ROYAL ORCHID HOTELS,532699,13182,BSE,EQ
RCOM-BE,3376129,RELIANCE COMMUNICATIONS L,,13188,NSE,EQ
ENIL,136371204,ENTERTAINMENT NETWORK (INDIA),532700,13192,BSE,EQ
741GS2036-GS,3377665,GOI LOAN  7.41% 2036,,13194,NSE,EQ
GSPL,136371716,GUJARAT STATE PETRONET,532702,13197,BSE,EQ
COMMOIETF,139189764,ICICI PRUDENTIAL MUTUAL FUND,543710,13198,BSE,EQ
ALLETEC-SM,3379969,ALL E TECHNOLOGIES,,13203,NSE,EQ
SGBSEP27-GB,3381505,2.50%GOLDBONDS2027SR-IV,,13209,NSE,EQ
JAGRAN,136372484,JAGRAN PRAKASHAN,532705,13211,BSE,EQ
SULA,139190020,SULA VINEYARDS ,543711,13218,BSE,EQ
GVKPIL-BE,3386625,GVK POW. & INFRA,,13229,NSE,EQ
SADBHAV,136373764,SADBHAV ENGINEERING,532710,13236,BSE,EQ
767WB37-SG,3388673,SDL WB 7.67% 2037,,13237,NSE,EQ
749ML27-SG,3389185,SDL ML 7.49% 2027,,13239,NSE,EQ
758HR30-SG,3389697,SDL HR 7.58% 2030,,13241,NSE,EQ
764BR32-SG,3389953,SDL BR 7.64% 2032,,13242,NSE,EQ
765GA32-SG,3390209,SDL GA 7.65% 2032,,13243,NSE,EQ
763HR32-SG,3390465,SDL HR 7.63% 2032,,13244,NSE,EQ
76KA32-SG,3390721,SDL KA 7.6% 2032,,13245,NSE,EQ
765NL32-SG,3391233,SDL NL 7.65% 2032,,13247,NSE,EQ
764WB32-SG,3391489,SDL WB 7.64% 2032,,13248,NSE,EQ
SAKUMA,136374532,SAKUMA EXPORTS,532713,13251,BSE,EQ
769MN34-SG,3392513,SDL MN 7.69% 2034,,13252,NSE,EQ
768KA34-SG,3393025,SDL KA 7.68% 2034,,13254,NSE,EQ
77MZ35-SG,3393537,SDL MZ 7.7% 2035,,13256,NSE,EQ
767JH37-SG,3393793,SDL JH 7.67% 2037,,13257,NSE,EQ
KEC,136374788,KEC INTERNATIONAL,532714,13260,BSE,EQ
JKCEMENT,136356868,J.K.CEMENT,532644,13270,BSE,EQ
INDOTECH,136375556,INDO TECH TRANSFORMERS,532717,13275,BSE,EQ
LANDMARK,139190788,LANDMARK CARS,543714,13276,BSE,EQ
M&MFIN,136376324,MAHINDRA & MAHINDRA FINANCIAL,532720,13285,BSE,EQ
AFSL,139190276,ABANS FINANCIAL SERVICES LIMIT,543712,13288,BSE,EQ
BLKASHYAP,136376068,B.L.KASHYAP AND SONS,532719,13290,BSE,EQ
VISASTEEL-BE,3404289,VISA STEEL,,13298,NSE,EQ
NITCO,136376836,NITCO,532722,13300,BSE,EQ
IEL,139191044,INDIABULLS ENTERPRISES ,543715,13303,BSE,EQ
CENTURYPLY,136332292,CENTURY PLYBOARDS (I),532548,13305,BSE,EQ
KEI,132497668,KEI INDUSTRIES,517569,13310,BSE,EQ
ORTEL-BZ,3410177,ORTEL COMMUNICATIONS,,13321,NSE,EQ
DOLLEX-SM,3410689,DOLLEX AGROTECH,,13323,NSE,EQ
SOLARINDS,136377604,SOLAR INDUSTRIES INDIA,532725,13332,BSE,EQ
GALLANTT,136377860,GALLANTT ISPAT,532726,13337,BSE,EQ
VAKRANGEE,130926340,VAKRANGEE,511431,13342,BSE,EQ
ARIHANTACA-ST,3417089,ARIHANT ACADEMY,,13348,NSE,EQ
UMA-SM,3417345,UMA CONVERTER,,13349,NSE,EQ
MALUPAPER,136378372,MALU PAPER MILLS,532728,13352,BSE,EQ
KFINTECH,139192324,KFIN TECHNOLOGIES ,543720,13359,BSE,EQ
755GJ30-SG,3421697,SDL GJ 7.55% 2030,,13366,NSE,EQ
SGL,136378884,STL GLOBAL,532730,13367,BSE,EQ
758JH31-SG,3422209,SDL JH 7.58% 2031,,13368,NSE,EQ
757GJ31-SG,3422465,SDL GJ 7.57% 2031,,13369,NSE,EQ
762AR32-SG,3423233,SDL AR 7.62% 2032,,13372,NSE,EQ
762GA32A-SG,3423489,SDL GA 7.62% 2032,,13373,NSE,EQ
76KA32A-SG,3423745,SDL KA 7.6% 2032,,13374,NSE,EQ
763KL32-SG,3424001,SDL KL 7.63% 2032,,13375,NSE,EQ
UTTAMSUGAR,136378628,UTTAM SUGAR MILLS,532729,13376,BSE,EQ
761RJ32-SG,3424513,SDL RJ 7.61% 2032,,13377,NSE,EQ
761TN32A-SG,3425025,SDL TN 7.61% 2032,,13379,NSE,EQ
KKCL,136379396,KEWAL KIRAN CLOTHING,532732,13381,BSE,EQ
763PY32-SG,3425793,SDL PY 7.63% 2032,,13382,NSE,EQ
765KA34-SG,3426305,SDL KA 7.65% 2034,,13384,NSE,EQ
766TS34-SG,3427073,SDL TS 7.66% 2034,,13387,NSE,EQ
767TS35-SG,3427585,SDL TS 7.67% 2035,,13389,NSE,EQ
77JK37-SG,3428353,SDL JK 7.7% 2037,,13392,NSE,EQ
769TN37-SG,3428609,SDL TN 7.69% 2037,,13393,NSE,EQ
769PY37-SG,3429633,SDL PY 7.69% 2037,,13397,NSE,EQ
768PN39-SG,3429889,SDL PN 7.68% 2039,,13398,NSE,EQ
767WB39-SG,3430145,SDL WB 7.67% 2039,,13399,NSE,EQ
BHAGERIA,135885572,BHAGERIA INDUSTRIES ,530803,13400,BSE,EQ
767WB41-SG,3430657,SDL WB 7.67% 2041,,13401,NSE,EQ
SUNTV,136379652,SUN TV NETWORK,532733,13404,BSE,EQ
GPIL,136379908,GODAWARI POWER & ISPAT,532734,13409,BSE,EQ
RSYSTEMS,136380164,R SYSTEMS INTERNATIONAL,532735,13414,BSE,EQ
SUPREMEINF-BZ,3435265,SUPREME INFRA.,,13419,NSE,EQ
ELIN,139193604,ELIN ELECTRONICS ,543725,13423,BSE,EQ
EMKAY-BE,3436545,EMKAY GLOBAL FIN SERV,,13424,NSE,EQ
KELLTONTEC,133018116,KELLTON TECH SOLUTIONS,519602,13430,BSE,EQ
LOKESHMACH,136381444,LOKESH MACHINES,532740,13436,BSE,EQ
BALPHARMA,134354948,BAL PHARMA,524824,13441,BSE,EQ
SHIVAUM-SM,3442177,SHIV AUM STEELS,,13446,NSE,EQ
RATNAMANI,133148420,RATNAMANI METALS & TUBES,520111,13451,BSE,EQ
KAMDHENU,136381700,KAMDHENU ,532741,13457,BSE,EQ
905SCL25-ZT,3445761,,,13460,NSE,EQ
PIONEEREMB,131660804,PIONEER EMBROIDERIES,514300,13463,BSE,EQ
955SCL25-ZU,3447041,,,13465,NSE,EQ
645GS2029-GS,3448833,GOI LOAN 6.45% 2029,,13472,NSE,EQ
87SCL25-ZV,3450113,,,13477,NSE,EQ
916SCL25-ZW,3451393,,,13482,NSE,EQ
98SCL27-ZX,3451905,,,13484,NSE,EQ
894SCL27-ZY,3452673,,,13487,NSE,EQ
JKLAKSHMI,128097284,JK LAKSHMI CEMENT,500380,13491,BSE,EQ
939SCL27-ZZ,3453953,,,13492,NSE,EQ
PFOCUS,136383492,PRIME FOCUS,532748,13496,BSE,EQ
965SCL25C-N0,3455233,,,13497,NSE,EQ
ALLCARGO,136383748,ALLCARGO LOGISTICS,532749,13501,BSE,EQ
MOXSH-SM,3456513,MOXSH OVERSEAS EDUCON,,13502,NSE,EQ
AKASH,3458561,AKASH INFRA-PROJECTS,,13510,NSE,EQ
MUNJALAU,133135108,MUNJAL AUTO INDUSTRIES,520059,13511,BSE,EQ
OMKARCHEM-BZ,3459841,OMKAR SPL CHEM,,13515,NSE,EQ
EMAMILTD,135977476,EMAMI,531162,13517,BSE,EQ
NECCLTD,136861444,NORTH EASTERN CARRYING CORPORA,534615,13522,BSE,EQ
HOMESFY-SM,3462657,HOMESFY REALTY,,13526,NSE,EQ
GMRAIRPORT,136385028,GMR AIRPORTS ,532754,13528,BSE,EQ
VIDHIING,136119556,VIDHI SPECIALTY FOOD INGREDIEN,531717,13536,BSE,EQ
TECHM,136385284,TECH MAHINDRA,532755,13538,BSE,EQ
AVONMORE,130966788,AVONMORE CAPITAL & MANAGEMENT,511589,13557,BSE,EQ
GRINDWELL,129555460,GRINDWELL NORTON,506076,13560,BSE,EQ
RAMANEWS,128091140,SHREE RAMA NEWSPRINT,500356,13565,BSE,EQ
RBMINFRA-SM,3473921,RBM INFRACON,,13570,NSE,EQ
MANUGRAPH-BE,3475201,MANUGRAPH INDIA,,13575,NSE,EQ
VOLTAMP,136385796,VOLTAMP TRANSFORMERS,532757,13577,BSE,EQ
RADIANTCMS,139195396,RADIANT CASH MANAGEMENT SERVIC,543732,13580,BSE,EQ
ATLANTAA-BE,3476993,ATLANTAA,,13582,NSE,EQ
ACE,136387076,ACTION CONSTRUCTION EQUIPMENT,532762,13587,BSE,EQ
75HR29-SG,3480065,SDL HR 7.5% 2029,,13594,NSE,EQ
HGM-BE,3480321,HANDSON GBL MNGMNT,,13595,NSE,EQ
ANTELOPUS,135699204,ANTELOPUS SELAN ENERGY ,530075,13598,BSE,EQ
762HR31-SG,3481601,SDL HR 7.62% 2031,,13600,NSE,EQ
76KA33-SG,3481857,SDL KA 7.6% 2033,,13601,NSE,EQ
762TN33-SG,3482113,SDL TN 7.62% 2033,,13602,NSE,EQ
764KL34-SG,3483137,SDL KL 7.64% 2034,,13606,NSE,EQ
IRCTC,138964484,INDIAN RAILWAY CATERING AND TO,542830,13611,BSE,EQ
764GA38-SG,3486465,SDL GA 7.64% 2038,,13619,NSE,EQ
ANANTRAJ,131854084,ANANT RAJ,515055,13620,BSE,EQ
764WB42-SG,3486977,SDL WB 7.64% 2042,,13621,NSE,EQ
762KL53-SG,3487745,SDL KL 7.62% 2053,,13624,NSE,EQ
BILVYAPAR,128015108,BIL VYAPAR,500059,13625,BSE,EQ
767NL33-SG,3488257,SDL NL 7.67% 2033,,13626,NSE,EQ
763HR33-SG,3488513,SDL HR 7.63% 2033,,13627,NSE,EQ
SKYGOLD,138743556,SKY GOLD AND DIAMONDS ,541967,13631,BSE,EQ
JMFINANCIL,133991684,JM FINANCIAL,523405,13637,BSE,EQ
SGBDE30III-GB,3492353,2.50%GOLDBONDS2030SR-III,,13642,NSE,EQ
ELECON,129459204,ELECON ENGINEERING CO.LTD.,505700,13643,BSE,EQ
BANKETFADD,139196932,DSP MUTUAL FUND,543738,13644,BSE,EQ
TALBROAUTO,129320964,TALBROS AUTOMOTIVE COMPONENTS,505160,13648,BSE,EQ
ALICON,135973636,ALICON CASTALLOY,531147,13656,BSE,EQ
ANLON-SM,3496193,ANLON TECHNOLOGY SOL,,13657,NSE,EQ
GEECEE,136387588,GEECEE VENTURES,532764,13658,BSE,EQ
MADHUCON,136063236,MADHUCON PROJECTS,531497,13671,BSE,EQ
NRL,3500801,NUPUR RECYCLERS,,13675,NSE,EQ
ACLGATI,136280324,ALLCARGO GATI,532345,13688,BSE,EQ
AERONEU,139198212,AEROFLEX NEU ,543743,13689,BSE,EQ
INFOMEDIA-BE,3505665,INFOMEDIA PRESS,,13694,NSE,EQ
GOLDKART-ST,3507457,GOLDKART JEWELS,,13701,NSE,EQ
VISHWARAJ,138970116,VISHWARAJ SUGAR INDUSTRIES LIM,542852,13702,BSE,EQ
FIEMIND,136388612,FIEM INDUSTRIES,532768,13710,BSE,EQ
754AP29-SG,3510273,SDL AP 7.54% 2029,,13712,NSE,EQ
757TN33-SG,3511041,SDL TN 7.57% 2033,,13715,NSE,EQ
762UK33-SG,3511297,SDL UK 7.62% 2033,,13716,NSE,EQ
759AP33-SG,3511553,SDL AP 7.59% 2033,,13717,NSE,EQ
763TS36-SG,3511809,SDL TS 7.63% 2036,,13718,NSE,EQ
759TS37-SG,3512065,SDL TS 7.59% 2037,,13719,NSE,EQ
JHS,136389380,JHS SVENDGAARD LABORATORIES LT,532771,13720,BSE,EQ
759TS40-SG,3512577,SDL TS 7.59% 2040,,13721,NSE,EQ
DCBBANK,136389636,DCB BANK,532772,13725,BSE,EQ
INSPIRISYS,136390148,INSPIRISYS SOLUTIONS ,532774,13730,BSE,EQ
CMNL-SM,3515137,CHAMAN METALLICS,,13731,NSE,EQ
GLOBALVECT,136389892,GLOBAL VECTRA HELICORP,532773,13735,BSE,EQ
SHYAMTEL,132457220,SHYAM TELECOM,517411,13740,BSE,EQ
GTLINFRA,136390404,GTL INFRASTRUCTURE,532775,13745,BSE,EQ
FLUOROCHEM,138959876,GUJARAT FLUOROCHEMICALS LIMITE,542812,13750,BSE,EQ
NAUKRI,136390916,INFO EDGE (INDIA),532777,13751,BSE,EQ
MANOMAY,138341380,MANOMAY TEX INDIA ,540396,13753,BSE,EQ
SHIVAMAUTO,136390660,SHIVAM AUTOTECH,532776,13756,BSE,EQ
BBL,129013764,BHARAT BIJLEE,503960,13761,BSE,EQ
DUCOL-SM,3524097,DUCOL ORGS AND COLOURS LT,,13766,NSE,EQ
755TS30-SG,3525121,SDL TS 7.55% 2030,,13770,NSE,EQ
757TS31-SG,3525633,SDL TS 7.57% 2031,,13772,NSE,EQ
757GJ32-SG,3525889,SDL GJ 7.57% 2032,,13773,NSE,EQ
VGL-BE,3526401,VARVEE GLOBAL,,13775,NSE,EQ
GESHIP,128158724,GREAT EASTERN SHIPPING CO.LTD.,500620,13776,BSE,EQ
762UP35-SG,3527169,SDL UP 7.62% 2035,,13778,NSE,EQ
755JK38-SG,3527425,SDL JK 7.55% 2038,,13779,NSE,EQ
TORNTPOWER,136391428,TORRENT POWER,532779,13786,BSE,EQ
PARSVNATH,136391684,PARSVNATH DEVELOPERS,532780,13791,BSE,EQ
BAIDFIN,131001348,BAID FINSERV,511724,13794,BSE,EQ
MANALIPETC,128068612,MANALI PETROCHEMICAL,500268,13796,BSE,EQ
SUTLEJTEX,136392196,SUTLEJ TEXTILES & INDUSTRIES L,532782,13801,BSE,EQ
GREENPANEL,138971396,GREENPANEL INDUSTRIES ,542857,13810,BSE,EQ
FEL-BZ,3535873,FUTURE ENTERPRISES,,13812,NSE,EQ
KAMOPAINTS,139199236,KAMDHENU VENTURES ,543747,13814,BSE,EQ
LTFOODS,136392452,LT FOODS,532783,13816,BSE,EQ
RUCHIRA,136392964,RUCHIRA PAPERS,532785,13821,BSE,EQ
SOBHA,136392708,SOBHA,532784,13826,BSE,EQ
DONEAR,131204868,DONEAR INDUSTRIES,512519,13839,BSE,EQ
MMFL,133693700,M.M.FORGINGS,522241,13844,BSE,EQ
875IIFL26A-NQ,3544321,,,13845,NSE,EQ
IIFLZC26A-NR,3545601,,,13850,NSE,EQ
865IIFL28-NS,3546113,,,13852,NSE,EQ
9IIFL28A-NT,3546625,,,13854,NSE,EQ
IIFLZC28A-NU,3547649,,,13858,NSE,EQ
VENUSREM,134899972,VENUS REMEDIES,526953,13859,BSE,EQ
AARTIPHARM,139199492,AARTI PHARMALABS ,543748,13868,BSE,EQ
KUANTUM,136431876,KUANTUM PAPERS,532937,13870,BSE,EQ
765TN33-SG,3551745,SDL TN 7.65% 2033,,13874,NSE,EQ
JINDRILL,130824708,JINDAL DRILLING & INDUSTRIES L,511034,13875,BSE,EQ
767AS33-SG,3552513,SDL AS 7.67% 2033,,13877,NSE,EQ
769AP35-SG,3552769,SDL AP 7.69% 2035,,13878,NSE,EQ
BANCOINDIA,128009988,BANCO PRODUCTS (INDIA),500039,13880,BSE,EQ
765RJ33-SG,3553537,SDL RJ 7.65% 2033,,13881,NSE,EQ
765HR33-SG,3553793,SDL HR 7.65% 2033,,13882,NSE,EQ
764MH33-SG,3554817,SDL MH 7.64% 2033,,13886,NSE,EQ
764GA33-SG,3555073,SDL GA 7.64% 2033,,13887,NSE,EQ
HIRECT,129033220,HIND RECTIFIERS,504036,13890,BSE,EQ
769UP35-SG,3556097,SDL UP 7.69% 2035,,13891,NSE,EQ
77MN35-SG,3556353,SDL MN 7.7% 2035,,13892,NSE,EQ
77HP36-SG,3557377,SDL HP 7.7% 2036,,13896,NSE,EQ
769MZ37-SG,3557633,SDL MZ 7.69% 2037,,13897,NSE,EQ
CREST,130921732,CREST,511413,13900,BSE,EQ
77HP38-SG,3558657,SDL HP 7.7% 2038,,13901,NSE,EQ
764RJ38-SG,3558913,SDL RJ 7.64% 2038,,13902,NSE,EQ
766WB39-SG,3559937,SDL WB 7.66% 2039,,13906,NSE,EQ
762TN43-SG,3560449,SDL TN 7.62% 2043,,13908,NSE,EQ
76KL45-SG,3561217,SDL KL 7.6% 2045,,13911,NSE,EQ
757MH31-SG,3561729,SDL MH 7.57% 2031,,13913,NSE,EQ
764HR31-SG,3562241,SDL HR 7.64% 2031,,13915,NSE,EQ
763GJ32-SG,3562497,SDL GJ 7.63% 2032,,13916,NSE,EQ
PLASTIBLEN,134053892,PLASTIBLENDS INDIA,523648,13920,BSE,EQ
NFL,134049284,NATIONAL FERTILIZERS,523630,13925,BSE,EQ
ARISTO-SM,3565057,ARISTO BIO T AND LIFESC L,,13926,NSE,EQ
PRAENG-BE,3569921,PRAJAY ENG. SYN.,,13945,NSE,EQ
LIQUID1,151075588,KOTAK MAHINDRA MUTUAL FUND - P,590139,13950,BSE,EQ
PARACABLES,135822084,PARAMOUNT COMMUNICATIONS,530555,13951,BSE,EQ
765HR30-SG,3572993,SDL HR 7.65% 2030,,13957,NSE,EQ
766AP32-SG,3573249,SDL AP 7.66% 2032,,13958,NSE,EQ
769AS33-SG,3573505,SDL AS 7.69% 2033,,13959,NSE,EQ
766RJ33-SG,3573761,SDL RJ 7.66% 2033,,13960,NSE,EQ
765GJ33-SG,3574785,SDL GJ 7.65% 2033,,13964,NSE,EQ
767MP33-SG,3575041,SDL MP 7.67% 2033,,13965,NSE,EQ
HBLENGINE,132421380,HBL ENGINEERING,517271,13966,BSE,EQ
767NL33A-SG,3575553,SDL NL 7.67% 2033,,13967,NSE,EQ
768HR33-SG,3575809,SDL HR 7.68% 2033,,13968,NSE,EQ
771AP36-SG,3576833,SDL AP 7.71% 2036,,13972,NSE,EQ
772UP36-SG,3577089,SDL UP 7.72% 2036,,13973,NSE,EQ
TANLA,136394244,TANLA PLATFORMS,532790,13976,BSE,EQ
772MP38-SG,3578113,SDL MP 7.72% 2038,,13977,NSE,EQ
773RJ38-SG,3578625,SDL RJ 7.73% 2038,,13979,NSE,EQ
SGBOCT27-GB,3579137,2.50%GOLDBONDS2027SR-V,,13981,NSE,EQ
JASH,139366916,JASH ENGINEERING,544402,13982,BSE,EQ
ABSLBANETF,138972932,ADITYA BIRLA SUN LIFE MUTUAL F,542863,13987,BSE,EQ
771WB39-SG,3581697,SDL WB 7.71% 2039,,13991,NSE,EQ
77PN40-SG,3581953,SDL PN 7.7% 2040,,13992,NSE,EQ
768TS42-SG,3582209,SDL TS 7.68% 2042,,13993,NSE,EQ
766RJ43-SG,3582465,SDL RJ 7.66% 2043,,13994,NSE,EQ
766TS44-SG,3582721,SDL TS 7.66% 2044,,13995,NSE,EQ
765KL48-SG,3582977,SDL KL 7.65% 2048,,13996,NSE,EQ
765TN53-SG,3583233,SDL TN 7.65% 2053,,13997,NSE,EQ
ZEEMEDIA,136395268,ZEE MEDIA CORPORATION,532794,14003,BSE,EQ
AVTNPL,132890884,AVT NATURAL PRODUCTS,519105,14008,BSE,EQ
LUMAXTECH,136395780,LUMAX AUTO TECHNOLOGIES,532796,14014,BSE,EQ
VEEDOL,151041284,VEEDOL CORPORATION,590005,14019,BSE,EQ
966SFIL25A-NI,3590657,,,14026,NSE,EQ
1030SFIL26-NJ,3591169,,,14028,NSE,EQ
984SFIL26A-NK,3591681,,,14030,NSE,EQ
980SFIL28-NL,3592193,,,14032,NSE,EQ
1030SFIL28-NM,3592705,,,14034,NSE,EQ
940SFIL28-NN,3593217,,,14036,NSE,EQ
985SFIL28-NO,3593729,,,14038,NSE,EQ
SARLAPOLY,134882564,SARLA PERFORMANCE FIBERS,526885,14043,BSE,EQ
965IFSL26-N6,3595521,,,14045,NSE,EQ
10IFSL26-N7,3596545,,,14049,NSE,EQ
726GS2033-GS,3597057,GOI LOAN  7.26% 2033,,14051,NSE,EQ
GRCL-SM,3597313,GAYATRI RUBB AND CHEM,,14052,NSE,EQ
SANGHVIMOV,135698692,SANGHVI MOVERS,530073,14058,BSE,EQ
WANBURY,134198276,WANBURY,524212,14063,BSE,EQ
SAGCEM,128535044,SAGAR CEMENTS,502090,14068,BSE,EQ
ASMS-BE,3601665,BARTRONICS INDIA,,14069,NSE,EQ
IGPL,128050948,I G PETROCHEMICALS,500199,14086,BSE,EQ
763JH30-SG,3606273,SDL JH 7.63% 2030,,14087,NSE,EQ
761TS32-SG,3606529,SDL TS 7.61% 2032,,14088,NSE,EQ
767AS33A-SG,3607553,SDL AS 7.67% 2033,,14092,NSE,EQ
764MP33-SG,3607809,SDL MP 7.64% 2033,,14093,NSE,EQ
SIYSIL,128975620,SIYARAM SILK MILLS,503811,14096,BSE,EQ
764TS33-SG,3608833,SDL TS 7.64% 2033,,14097,NSE,EQ
766BR33-SG,3609089,SDL BR 7.66% 2033,,14098,NSE,EQ
PTL,130360324,PTL ENTERPRISES,509220,14101,BSE,EQ
767UK33-SG,3610113,SDL UK 7.67% 2033,,14102,NSE,EQ
76JK35-SG,3610369,SDL JK 7.6% 2035,,14103,NSE,EQ
AUTOIND,136396036,AUTOLINE INDUSTRIES,532797,14106,BSE,EQ
76GJ35-SG,3611393,SDL GJ 7.6% 2035,,14107,NSE,EQ
764UP36-SG,3611905,SDL UP 7.64% 2036,,14109,NSE,EQ
NETWORK18,136396292,NETWORK18 MEDIA & INVESTMENTS,532798,14111,BSE,EQ
756TS48-SG,3612673,SDL TS 7.56% 2048,,14112,NSE,EQ
756RJ48-SG,3612929,SDL RJ 7.56% 2048,,14113,NSE,EQ
GANDHITUBE,131355652,GANDHI SPECIAL TUBES,513108,14116,BSE,EQ
755TN53-SG,3613953,SDL TN 7.55% 2053,,14117,NSE,EQ
OMAXAUTO-BE,3616001,OMAX AUTOS,,14125,NSE,EQ
PITTIENG,131460868,PITTI ENGINEERING,513519,14134,BSE,EQ
SBGLP,139063812,SURATWWALA BUSINESS GROUP LIMI,543218,14139,BSE,EQ
BTML,139204356,BODHI TREE MULTIMEDIA,543767,14150,BSE,EQ
UNOMINDA,136329988,UNO MINDA ,532539,14154,BSE,EQ
768GJ30-SG,3623937,SDL GJ 7.68% 2030,,14156,NSE,EQ
77HR31-SG,3624705,SDL HR 7.7% 2031,,14159,NSE,EQ
771AS33-SG,3624961,SDL AS 7.71% 2033,,14160,NSE,EQ
772BR33-SG,3625217,SDL BR 7.72% 2033,,14161,NSE,EQ
766UP33-SG,3625473,SDL UP 7.66% 2033,,14162,NSE,EQ
762MP34-SG,3625729,SDL MP 7.62% 2034,,14163,NSE,EQ
762PY35-SG,3625985,SDL PY 7.62% 2035,,14164,NSE,EQ
762MN35-SG,3626241,SDL MN 7.62% 2035,,14165,NSE,EQ
762MZ36-SG,3626497,SDL MZ 7.62% 2036,,14166,NSE,EQ
759TS40A-SG,3626753,SDL TS 7.59% 2040,,14167,NSE,EQ
759PY41-SG,3627009,SDL PY 7.59% 2041,,14168,NSE,EQ
SHERA-SM,3628033,SHERA ENERGY,,14172,NSE,EQ
IZMO-BE,3629569,IZMO,,14178,NSE,EQ
NSLNISP,139204612,NMDC STEEL ,543768,14180,BSE,EQ
NINSYS,138199812,NINTEC SYSTEMS ,539843,14194,BSE,EQ
TIMKEN,133660932,TIMKEN INDIA,522113,14198,BSE,EQ
HUBTOWN,136396548,HUBTOWN,532799,14203,BSE,EQ
LRRPL-SM,3636225,LEAD REC AND RUB PROD,,14204,NSE,EQ
IMC1-N0,3638785,,,14214,NSE,EQ
CTE,136397060,CAMBRIDGE TECHNOLOGY ENTERPRIS,532801,14218,BSE,EQ
IMC1-N1,3640065,,,14219,NSE,EQ
TIIL,136397828,TECHNOCRAFT INDUSTRIES (INDIA),532804,14223,BSE,EQ
IMC1-N2,3641345,,,14224,NSE,EQ
IMC1-N3,3642369,,,14228,NSE,EQ
HDFCBSE500,139206148,HDFC MUTUAL FUND,543774,14230,BSE,EQ
HDFCSML250,139206404,HDFC MUTUAL FUND,543775,14233,BSE,EQ
HDFCMID150,139206660,HDFC MUTUAL FUND,543776,14236,BSE,EQ
TVSSRICHAK,130366212,TVS SRICHAKRA,509243,14245,BSE,EQ
SGBOCT27VI-GB,3648513,2.50%GOLDBONDS2027SR-VI,,14252,NSE,EQ
REDINGTON,136398084,REDINGTON ,532805,14255,BSE,EQ
PGIL,136398852,PEARL GLOBAL INDUSTRIES LIMITE,532808,14260,BSE,EQ
AGARWALFT-SM,3651329,AGARWAL FLOAT GLASS I,,14263,NSE,EQ
77AP30-SG,3652609,SDL AP 7.7% 2030,,14268,NSE,EQ
766GJ30-SG,3652865,SDL GJ 7.66% 2030,,14269,NSE,EQ
771AP33-SG,3653121,SDL AP 7.71% 2033,,14270,NSE,EQ
768BR33-SG,3653377,SDL BR 7.68% 2033,,14271,NSE,EQ
765HR33A-SG,3653633,SDL HR 7.65% 2033,,14272,NSE,EQ
766UP33A-SG,3653889,SDL UP 7.66% 2033,,14273,NSE,EQ
766SK33-SG,3654145,SDL SK 7.66% 2033,,14274,NSE,EQ
759HP38-SG,3654657,SDL HP 7.59% 2038,,14276,NSE,EQ
759MP38-SG,3654913,SDL MP 7.59% 2038,,14277,NSE,EQ
ORIENTBELL,135773444,ORIENT BELL,530365,14278,BSE,EQ
759PN39-SG,3655425,SDL PN 7.59% 2039,,14279,NSE,EQ
753TN53-SG,3655681,SDL TN 7.53% 2053,,14280,NSE,EQ
GOLDETF,139207940,MIRAE ASSET MUTUAL FUND,543781,14286,BSE,EQ
SEQUENT,131207428,SEQUENT SCIENTIFIC,512529,14296,BSE,EQ
PFC,136399364,POWER FINANCE CORPORATION,532810,14299,BSE,EQ
FSL,136399108,FIRSTSOURCE SOLUTIONS,532809,14304,BSE,EQ
INDIANB,136400388,INDIAN BANK,532814,14309,BSE,EQ
OSWALSEEDS-BE,3663361,SHREEOSWAL S AND CHE,,14310,NSE,EQ
TTL,131620356,T T,514142,14314,BSE,EQ
TFL,136399876,TRANSWARRANTY FINANCE,532812,14319,BSE,EQ
VIAZ-ST,3667201,VIAZ TYRES,,14325,NSE,EQ
SMSPHARMA,136400644,SMS PHARMACEUTICALS,532815,14329,BSE,EQ
HSCL,128047108,HIMADRI SPECIALITY CHEMICAL LT,500184,14334,BSE,EQ
GANESHHOU,134749956,GANESH HOUSING,526367,14339,BSE,EQ
769WB39-SG,3671041,SDL WB 7.69% 2039,,14340,NSE,EQ
777AP40-SG,3671297,SDL AP 7.77% 2040,,14341,NSE,EQ
ORIENTALTL,136401156,ORIENTAL TRIMEX,532817,14346,BSE,EQ
769WB42-SG,3672833,SDL WB 7.69% 2042,,14347,NSE,EQ
769TN43-SG,3673345,SDL TN 7.69% 2043,,14349,NSE,EQ
769AP43-SG,3673857,SDL AP 7.69% 2043,,14351,NSE,EQ
769MP43-SG,3674113,SDL MP 7.69% 2043,,14352,NSE,EQ
758TS45-SG,3674369,SDL TS 7.58% 2045,,14353,NSE,EQ
758RJ48-SG,3674625,SDL RJ 7.58% 2048,,14354,NSE,EQ
758KL49-SG,3674881,SDL KL 7.58% 2049,,14355,NSE,EQ
756TN53-SG,3675393,SDL TN 7.56% 2053,,14357,NSE,EQ
77AP28-SG,3675905,SDL AP 7.7% 2028,,14359,NSE,EQ
APOLLOPIPE,136130820,APOLLO PIPES,531761,14361,BSE,EQ
IDEA,136402436,VODAFONE IDEA ,532822,14366,BSE,EQ
772MH31-SG,3677953,SDL MH 7.72% 2031,,14367,NSE,EQ
773HR32-SG,3678465,SDL HR 7.73% 2032,,14369,NSE,EQ
774AP32-SG,3679489,SDL AP 7.74% 2032,,14373,NSE,EQ
771GJ33-SG,3679745,SDL GJ 7.71% 2033,,14374,NSE,EQ
772BR33A-SG,3680001,SDL BR 7.72% 2033,,14375,NSE,EQ
774UK33-SG,3680257,SDL UK 7.74% 2033,,14376,NSE,EQ
774MH33-SG,3680769,SDL MH 7.74% 2033,,14378,NSE,EQ
776MN35-SG,3681025,SDL MN 7.76% 2035,,14379,NSE,EQ
769RJ39-SG,3681281,SDL RJ 7.69% 2039,,14380,NSE,EQ
769PN39-SG,3681537,SDL PN 7.69% 2039,,14381,NSE,EQ
POCL,136352260,PONDY OXIDES & CHEMICALS,532626,14385,BSE,EQ
AMDIND,136403972,AMD INDUSTRIES,532828,14398,BSE,EQ
RAJTV,136403460,RAJ TELEVISION NETWORK,532826,14403,BSE,EQ
SRIVASAVI-SM,3689217,SRIVASAVI ADHESIVE TAPE L,,14411,NSE,EQ
PAGEIND,136403716,PAGE INDUSTRIES,532827,14413,BSE,EQ
ASTRAL,136404484,ASTRAL,532830,14418,BSE,EQ
77AP29-SG,3691777,SDL AP 7.7% 2029,,14421,NSE,EQ
LAOPALA,134898436,LA OPALA RG,526947,14423,BSE,EQ
77MH31-SG,3692545,SDL MH 7.7% 2031,,14424,NSE,EQ
77MH33-SG,3692801,SDL MH 7.7% 2033,,14425,NSE,EQ
GOLDBEES,151064324,NIPPON INDIA ETF GOLD BEES,590095,14428,BSE,EQ
771BR33-SG,3694337,SDL BR 7.71% 2033,,14431,NSE,EQ
771GJ34-SG,3694593,SDL GJ 7.71% 2034,,14432,NSE,EQ
JKTYRE,135681796,JK TYRE & INDUSTRIES,530007,14435,BSE,EQ
773TS34-SG,3695617,SDL TS 7.73% 2034,,14436,NSE,EQ
777JK35-SG,3695873,SDL JK 7.77% 2035,,14437,NSE,EQ
NAHARSPING,128075780,NAHAR SPINNING MILLS,500296,14440,BSE,EQ
775UP35-SG,3696897,SDL UP 7.75% 2035,,14441,NSE,EQ
775UP38-SG,3697153,SDL UP 7.75% 2038,,14442,NSE,EQ
NAHARPOLY,133988100,NAHAR POLYFILMS,523391,14445,BSE,EQ
775WB39-SG,3698177,SDL WB 7.75% 2039,,14446,NSE,EQ
779WB42-SG,3698433,SDL WB 7.79% 2042,,14447,NSE,EQ
EMBDL,136404996,EMBASSY DEVELOPMENTS,532832,14450,BSE,EQ
777MP43-SG,3699457,SDL MP 7.77% 2043,,14451,NSE,EQ
772TS46-SG,3699713,SDL TS 7.72% 2046,,14452,NSE,EQ
757TN53-SG,3700481,SDL TN 7.57% 2053,,14455,NSE,EQ
LEXUS,3701505,LEXUS GRANITO (INDIA),,14459,NSE,EQ
DIVGIITTS,139215876,DIVGI TORQTRANSFER SYSTEMS LIM,543812,14479,BSE,EQ
GOKULAGRO,138169604,GOKUL AGRO RESOURCES,539725,14480,BSE,EQ
THEMISMED,135730948,THEMIS MEDICARE,530199,14485,BSE,EQ
NCLIND,128555012,NCL INDUSTRIES,502168,14490,BSE,EQ
704NHAI26-NB,3711233,,,14497,NSE,EQ
729NHAI26-NC,3711745,,,14499,NSE,EQ
BALAMINES,135935748,BALAJI AMINES,530999,14501,BSE,EQ
VERTEXPLUS-ST,3712769,VERTEXPLUS TECHNOLOGIES L,,14503,NSE,EQ
SYSTANGO-SM,3713537,SYSTANGO TECHNOLOGIES,,14506,NSE,EQ
BANSWRAS,128952836,BANSWARA SYNTEX,503722,14511,BSE,EQ
ABSLLIQUID,139216132,,543813,14518,BSE,EQ
739NHAI31A-ND,3717633,,,14522,NSE,EQ
ICRA,136405764,ICRA,532835,14523,BSE,EQ
769NHAI31-NE,3719425,,,14529,NSE,EQ
769MH31-SG,3719937,SDL MH 7.69% 2031,,14531,NSE,EQ
77HR32-SG,3720193,SDL HR 7.7% 2032,,14532,NSE,EQ
769TS32-SG,3720449,SDL TS 7.69% 2032,,14533,NSE,EQ
773BR33-SG,3720705,SDL BR 7.73% 2033,,14534,NSE,EQ
GOLDSHARE,151065860,UTI MUTUAL FUND - UTI GOLD EXC,590101,14535,BSE,EQ
DISHTV,136406788,DISH TV INDIA,532839,14537,BSE,EQ
773UP33-SG,3721729,SDL UP 7.73% 2033,,14538,NSE,EQ
772AS33-SG,3721985,SDL AS 7.72% 2033,,14539,NSE,EQ
768GJ33-SG,3724289,SDL GJ 7.68% 2033,,14548,NSE,EQ
766MH33-SG,3724545,SDL MH 7.66% 2033,,14549,NSE,EQ
NDLVENTURE-BE,3724801,NDL VENTURES,,14550,NSE,EQ
PHOENIXLTD,128793604,THE PHOENIX MILLS,503100,14552,BSE,EQ
772GJ35-SG,3725569,SDL GJ 7.72% 2035,,14553,NSE,EQ
774UP37-SG,3725825,SDL UP 7.74% 2037,,14554,NSE,EQ
AROGRANITE,131514628,ARO GRANITE INDUSTRIES,513729,14557,BSE,EQ
774MZ38-SG,3726849,SDL MZ 7.74% 2038,,14558,NSE,EQ
766MP48-SG,3727105,SDL MP 7.66% 2048,,14559,NSE,EQ
766KL50-SG,3728129,SDL KL 7.66% 2050,,14563,NSE,EQ
767TN53-SG,3728385,SDL TN 7.67% 2053,,14564,NSE,EQ
ZENITHSTL-BE,3728897,ZENITH STEEL PIP IND,,14566,NSE,EQ
MCON-SM,3730945,MCON RASAYAN INDIA,,14574,NSE,EQ
SRHHYPOLTD,136407556,SREE RAYALASEEMA HI-STRENGTH H,532842,14582,BSE,EQ
PSUBNKIETF,139217668,ICICI PRUDENTIAL MUTUAL FUND,543819,14584,BSE,EQ
VELS-SM,3735041,VELS FILM INTERNATIONAL L,,14590,NSE,EQ
FORTIS,136407812,FORTIS HEALTHCARE,532843,14592,BSE,EQ
ALPHAGEO,134757636,ALPHAGEO (INDIA),526397,14597,BSE,EQ
SGBMAR31IV-GB,3737089,2.50%GOLDBONDS2031SR-IV,,14598,NSE,EQ
GSLSU,139220228,GLOBAL SURFACES ,543829,14599,BSE,EQ
WEBELSOLAR,132479492,WEBSOL ENERGY SYSTEM,517498,14602,BSE,EQ
TGBHOTELS,136408324,TGB BANQUETS AND HOTELS,532845,14607,BSE,EQ
QFIL-SM,3740929,QUALITY FOILS (INDIA),,14613,NSE,EQ
CHEMBOND,135902980,CHEMBOND MATERIAL TECHNOLOGIES,530871,14618,BSE,EQ
HILTON,136408836,HILTON METAL FORGING,532847,14627,BSE,EQ
FSC-BZ,3744769,FUTURE SUPP CHAIN SOL,,14628,NSE,EQ
SANCO-BZ,3745281,SANCO INDUSTRIES,,14630,NSE,EQ
735GJ26-SG,3746305,SDL GJ 7.35% 2026,,14634,NSE,EQ
766HR29-SG,3746561,SDL HR 7.66% 2029,,14635,NSE,EQ
77AP30A-SG,3746817,SDL AP 7.7% 2030,,14636,NSE,EQ
772HP31-SG,3747073,SDL HP 7.72% 2031,,14637,NSE,EQ
772HR32-SG,3747329,SDL HR 7.72% 2032,,14638,NSE,EQ
772MH32-SG,3747585,SDL MH 7.72% 2032,,14639,NSE,EQ
773AP32-SG,3747841,SDL AP 7.73% 2032,,14640,NSE,EQ
776HP33-SG,3748097,SDL HP 7.76% 2033,,14641,NSE,EQ
777RJ33-SG,3748353,SDL RJ 7.77% 2033,,14642,NSE,EQ
772GJ34-SG,3748609,SDL GJ 7.72% 2034,,14643,NSE,EQ
773MH34-SG,3749121,SDL MH 7.73% 2034,,14645,NSE,EQ
778TS34-SG,3749633,SDL TS 7.78% 2034,,14647,NSE,EQ
778UP35-SG,3750145,SDL UP 7.78% 2035,,14649,NSE,EQ
779JK35-SG,3750401,SDL JK 7.79% 2035,,14650,NSE,EQ
778UP36-SG,3750657,SDL UP 7.78% 2036,,14651,NSE,EQ
773GJ36-SG,3750913,SDL GJ 7.73% 2036,,14652,NSE,EQ
774PN39-SG,3751169,SDL PN 7.74% 2039,,14653,NSE,EQ
774RJ40-SG,3751425,SDL RJ 7.74% 2040,,14654,NSE,EQ
774WB41-SG,3751681,SDL WB 7.74% 2041,,14655,NSE,EQ
774MP43-SG,3751937,SDL MP 7.74% 2043,,14656,NSE,EQ
INSECTICID,136409860,INSECTICIDES (INDIA),532851,14657,BSE,EQ
774WB43-SG,3752449,SDL WB 7.74% 2043,,14658,NSE,EQ
774TS48-SG,3752961,SDL TS 7.74% 2048,,14660,NSE,EQ
774RJ49-SG,3753729,SDL RJ 7.74% 2049,,14663,NSE,EQ
KMSUGAR,136364292,K.M.SUGAR MILLS,532673,14667,BSE,EQ
NAVINFLUOR,136321028,NAVIN FLUORINE INTERNATIONAL L,532504,14672,BSE,EQ
GUJAPOLLO-BE,3758337,GUJ. APOLLO IND.,,14681,NSE,EQ
GOACARBON,130449156,GOA CARBON,509567,14687,BSE,EQ
990SCFL26-AJ,3762177,,,14696,NSE,EQ
NAGREEKEXP,133403908,NAGREEKA EXPORTS,521109,14702,BSE,EQ
965SCL28-AK,3764225,,,14704,NSE,EQ
TIMETECHNO,136411140,TIME TECHNOPLAST,532856,14707,BSE,EQ
1015SCL28A-AL,3765761,,,14710,NSE,EQ
HGS,136411908,HINDUJA GLOBAL SOLUTIONS,532859,14712,BSE,EQ
925SCL28-AM,3766785,,,14714,NSE,EQ
971SCL28-AN,3767809,,,14718,NSE,EQ
990SCL26D-AH,3768321,,,14720,NSE,EQ
948SCL26D-AI,3768577,,,14721,NSE,EQ
NIRMAN-SM,3768833,NIRMAN AGRI GENTICS,,14722,NSE,EQ
DLF,136414212,DLF,532868,14732,BSE,EQ
TECILCHEM-BE,3773185,TECIL CHEMICALS,,14739,NSE,EQ
AXSENSEX,139226372,AXIS MUTUAL FUND,543853,14742,BSE,EQ
ADVANIHOTR,133956868,ADVANI HOTELS & RESORTS (INDIA,523269,14745,BSE,EQ
WINSOME-BZ,3777793,WINSOME YARNS,,14757,NSE,EQ
NELCAST,136413188,NELCAST,532864,14761,BSE,EQ
V2RETAIL,136413956,V2 RETAIL,532867,14766,BSE,EQ
TARMAT,136414468,TARMAT,532869,14771,BSE,EQ
LOWVOL,139227652,MIRAE ASSET MUTUAL FUND,543858,14786,BSE,EQ
SPARC,136415236,SUN PHARMA ADVANCED RESEARCH C,532872,14788,BSE,EQ
MEGASOFT,136296452,MEGASOFT,532408,14793,BSE,EQ
IRBIT-IV,3790337,IRB INFRASTRUCTURE TRUST,,14806,NSE,EQ
749GJ28-SG,3791873,SDL GJ 7.49% 2028,,14812,NSE,EQ
ADSL,136416004,ALLIED DIGITAL SERVICES,532875,14813,BSE,EQ
774HR31-SG,3792385,SDL HR 7.74% 2031,,14814,NSE,EQ
775CG31-SG,3792897,SDL CG 7.75% 2031,,14816,NSE,EQ
775HP32-SG,3793409,SDL HP 7.75% 2032,,14818,NSE,EQ
773MH32-SG,3793665,SDL MH 7.73% 2032,,14819,NSE,EQ
776UK33-SG,3793921,SDL UK 7.76% 2033,,14820,NSE,EQ
775NL33-SG,3794177,SDL NL 7.75% 2033,,14821,NSE,EQ
775SK33-SG,3794433,SDL SK 7.75% 2033,,14822,NSE,EQ
778RJ33-SG,3794945,SDL RJ 7.78% 2033,,14824,NSE,EQ
777HR33-SG,3795201,SDL HR 7.77% 2033,,14825,NSE,EQ
WSI,129080324,W.S.INDUSTRIES (INDIA),504220,14828,BSE,EQ
779UP33-SG,3796225,SDL UP 7.79% 2033,,14829,NSE,EQ
781UP34A-SG,3796481,SDL UP 7.81% 2034,,14830,NSE,EQ
78JK35-SG,3797505,SDL JK 7.8% 2035,,14834,NSE,EQ
797PN38-SG,3798017,SDL PN 7.97% 2038,,14836,NSE,EQ
DECCANCE,128547076,DECCAN CEMENTS,502137,14838,BSE,EQ
779HP38-SG,3798785,SDL HP 7.79% 2038,,14839,NSE,EQ
783KL39-SG,3799041,SDL KL 7.83% 2039,,14840,NSE,EQ
VIPCLOTHNG,136348932,VIP CLOTHING ,532613,14843,BSE,EQ
789WB40-SG,3800065,SDL WB 7.89% 2040,,14844,NSE,EQ
784RJ41-SG,3800321,SDL RJ 7.84% 2041,,14845,NSE,EQ
ALPA,136416772,ALPA LABORATORIES,532878,14848,BSE,EQ
785WB42-SG,3801345,SDL WB 7.85% 2042,,14849,NSE,EQ
777MP47-SG,3801601,SDL MP 7.77% 2047,,14850,NSE,EQ
OMAXE,136417284,OMAXE,532880,14853,BSE,EQ
783RJ50-SG,3802625,SDL RJ 7.83% 2050,,14854,NSE,EQ
776KL51-SG,3802881,SDL KL 7.76% 2051,,14855,NSE,EQ
GOLD1,151064836,KOTAK MAHINDRA MUTUAL FUND - K,590097,14858,BSE,EQ
776TN53-SG,3804161,SDL TN 7.76% 2053,,14860,NSE,EQ
776KL58-SG,3804417,SDL KL 7.76% 2058,,14861,NSE,EQ
FLFL-BZ,3806209,FUT LIFESTYLE FASH,,14868,NSE,EQ
USK,139228420,UDAYSHIVAKUMAR INFRA ,543861,14871,BSE,EQ
ASIANTILES,136419332,ASIAN GRANITO INDIA,532888,14889,BSE,EQ
AKI,138757124,AKI INDIA ,542020,14890,BSE,EQ
CENTRALBK,136418564,CENTRAL BANK OF INDIA,532885,14894,BSE,EQ
SAHYADRI,136407300,SAHYADRI INDUSTRIES,532841,14900,BSE,EQ
KDDL,136205828,KDDL,532054,14908,BSE,EQ
KPRMILL,136419588,K.P.R.MILL,532889,14912,BSE,EQ
TAKE-BE,3819521,TAKE SOLUTIONS,,14920,NSE,EQ
PURVA,136420100,PURAVANKARA ,532891,14922,BSE,EQ
LAL,138483716,LORENZINI APPARELS,540952,14924,BSE,EQ
CIEINDIA,136385540,CIE AUTOMOTIVE INDIA ,532756,14937,BSE,EQ
GSEC10YEAR,139232004,,543875,14938,BSE,EQ
NAGREEKCAP-BE,3825409,NAGREEKA CAP & INFR.LTD,,14943,NSE,EQ
MOTILALOFS,136420356,MOTILAL OSWAL FINANCIAL SERVIC,532892,14947,BSE,EQ
INDOWIND,136420868,INDOWIND ENERGY,532894,14952,BSE,EQ
76AP29-SG,3828225,SDL AP 7.6% 2029,,14954,NSE,EQ
MAGNUM,136421380,MAGNUM VENTURES,532896,14957,BSE,EQ
77AP32-SG,3829249,SDL AP 7.7% 2032,,14958,NSE,EQ
771AP33A-SG,3829505,SDL AP 7.71% 2033,,14959,NSE,EQ
CSBBANK,138973956,CSB BANK ,542867,14966,BSE,EQ
706GS2028-GS,3832321,GOI LOAN  7.06% 2028,,14970,NSE,EQ
710GR2028-GS,3832577,GOI LOAN  7.10% 2028,,14971,NSE,EQ
KSCL,136422148,KAVERI SEED COMPANY,532899,14972,BSE,EQ
729GR2033-GS,3833089,GOI LOAN  7.29% 2033,,14973,NSE,EQ
POWERGRID,136421892,POWER GRID CORPORATION OF INDI,532898,14977,BSE,EQ
CENTUM,132491268,CENTUM ELECTRONICS,517544,14982,BSE,EQ
CCCL,136422916,CONSOLIDATED CONSTRUCTION CONS,532902,14992,BSE,EQ
SOTAC-SM,3838209,SOTAC PHARMACEUTICALS,,14993,NSE,EQ
MANGCHEFER,135682820,MANGALORE CHEMICALS & FERTILIZ,530011,15007,BSE,EQ
736MH28-SG,3842305,SDL MH 7.36% 2028,,15009,NSE,EQ
749MH30-SG,3843841,SDL MH 7.49% 2030,,15015,NSE,EQ
758AS33-SG,3844097,SDL AS 7.58% 2033,,15016,NSE,EQ
MAANALU,136423940,MAAN ALUMINIUM,532906,15017,BSE,EQ
759PN33-SG,3844865,SDL PN 7.59% 2033,,15019,NSE,EQ
758NL33-SG,3845377,SDL NL 7.58% 2033,,15021,NSE,EQ
ASCOM-ST,3847681,ASCOM LEASIN & INVEST,,15030,NSE,EQ
PSUBNKBEES,151067652,NIPPON INDIA ETF PSU BANK BEES,590108,15032,BSE,EQ
BAJAJELEC,128007940,BAJAJ ELECTRICALS,500031,15034,BSE,EQ
INFINIUM-SM,3849217,INFINIUM PHARMACHEM,,15036,NSE,EQ
CERA,136305412,CERA SANITARYWARE,532443,15039,BSE,EQ
DELTACORP,136409092,DELTA CORP,532848,15044,BSE,EQ
699GS2026-GS,3851777,GOI LOAN  6.99% 2026,,15046,NSE,EQ
ENERGYDEV,136248068,ENERGY DEVELOPMENT COMPANY,532219,15049,BSE,EQ
717GS2030-GS,3852801,GOI LOAN  7.17% 2030,,15050,NSE,EQ
MOS-SM,3853057,MOS UTILITY,,15051,NSE,EQ
AVALON,139237380,AVALON TECHNOLOGIES ,543896,15058,BSE,EQ
PSUBANK,151067396,KOTAK MAHINDRA MUTUAL FUND - K,590107,15061,BSE,EQ
BLAL,139237892,BEML LAND ASSETS ,543898,15067,BSE,EQ
RELIGARE,136426244,RELIGARE ENTERPRISES,532915,15068,BSE,EQ
BVCL-BE,3859713,BARAK VALLEY CEM.,,15077,NSE,EQ
CUBEINVIT-IV,3859969,CUBE HIGHWAYS TRUST,,15078,NSE,EQ
RADIOCITY-P1,3860993,MUSIC BROADCAST,,15082,NSE,EQ
ADANIPORTS,136427780,ADANI PORTS AND SPECIAL ECONOM,532921,15083,BSE,EQ
SILVERETF,139238404,UTI MUTUAL FUND,543900,15085,BSE,EQ
756RJ33-SG,3864321,SDL RJ 7.56% 2033,,15095,NSE,EQ
75HR30-SG,3865089,SDL HR 7.5% 2030,,15098,NSE,EQ
762PN38-SG,3865601,SDL PN 7.62% 2038,,15100,NSE,EQ
761RJ43-SG,3866881,SDL RJ 7.61% 2043,,15105,NSE,EQ
761TS44-SG,3867137,SDL TS 7.61% 2044,,15106,NSE,EQ
759RJ48-SG,3867905,SDL RJ 7.59% 2048,,15109,NSE,EQ
704IRFC26-NL,3868161,,,15110,NSE,EQ
735IRFC31-NM,3868673,,,15112,NSE,EQ
EDELWEISS,136428036,EDELWEISS FINANCIAL SERVICES L,532922,15119,BSE,EQ
SVLL,3870977,SHREE VASU LOGISTICS,,15121,NSE,EQ
KOLTEPATIL,136428548,KOLTE-PATIL DEVELOPERS,532924,15124,BSE,EQ
RGL,136428292,RENAISSANCE GLOBAL,532923,15129,BSE,EQ
729IRFC26-NN,3874305,,,15134,NSE,EQ
KAUSHALYA-BE,3875841,KAUSHALYA INFRA DEV,,15140,NSE,EQ
COLPAL,128212484,COLGATE-PALMOLIVE (INDIA),500830,15141,BSE,EQ
PATTECH-ST,3876609,PATTECH FITWELL TUB COM L,,15143,NSE,EQ
JYOTHYLAB,136429060,JYOTHY LABS,532926,15146,BSE,EQ
AGUL-SM,3877633,A G UNIVERSAL,,15147,NSE,EQ
MADHAV,131863812,MADHAV MARBLES & GRANITES,515093,15151,BSE,EQ
KALYANIFRG,131458308,KALYANI FORGE,513509,15156,BSE,EQ
RHL,139238660,ROBUST HOTELS,543901,15157,BSE,EQ
HITECHCORP,134711556,HITECH CORPORATION ,526217,15161,BSE,EQ
764IRFC31-NO,3883009,,,15168,NSE,EQ
TARIL,136429572,TRANSFORMERS AND RECTIFIERS (I,532928,15174,BSE,EQ
ECLERX,136429316,ECLERX SERVICES,532927,15179,BSE,EQ
KIRLPNU,129352452,KIRLOSKAR PNEUMATIC CO.LTD.,505283,15180,BSE,EQ
BRIGADE,136429828,BRIGADE ENTERPRISES,532929,15184,BSE,EQ
BGRENERGY-BE,3889409,BGR ENERGY SYSTEMS,,15193,NSE,EQ
MANAKSIA,136430596,MANAKSIA,532932,15199,BSE,EQ
ARIES,136431364,ARIES AGRO,532935,15204,BSE,EQ
PPAP,136431108,PPAP,532934,15209,BSE,EQ
DVL,134076420,DHUNSERI VENTURES ,523736,15214,BSE,EQ
PATINTLOG,134753540,PATEL INTEGRATED LOGISTICS,526381,15219,BSE,EQ
UJJIVANSFB,138983428,UJJIVAN SMALL FINANCE BANK LIM,542904,15228,BSE,EQ
LICNFNHGP,138184708,LIC MF EXHNGE TRADED FUND NIFT,539784,15229,BSE,EQ
1025SFIL26-NT,3899137,,,15231,NSE,EQ
AMBIKCO,136186372,AMBIKA COTTON MILLS,531978,15234,BSE,EQ
98SFIL26-NU,3900161,,,15235,NSE,EQ
BIRLAMONEY,136441348,ADITYA BIRLA MONEY,532974,15239,BSE,EQ
1050SFIL28-NV,3901441,,,15240,NSE,EQ
957SFIL28-NW,3902721,,,15245,NSE,EQ
KAVDEFENCE-BE,3903489,KAVVERI DFS & WIR TEC,,15248,NSE,EQ
1003SFIL28-NX,3903745,,,15249,NSE,EQ
866SFIL23A-NY,3904257,,,15251,NSE,EQ
890SFIL23A-NZ,3904769,,,15253,NSE,EQ
CEATLTD,128224772,CEAT,500878,15254,BSE,EQ
739HR29-SG,3905537,SDL HR 7.39% 2029,,15256,NSE,EQ
RPOWER,136432388,RELIANCE POWER,532939,15259,BSE,EQ
738GJ30-SG,3906561,SDL GJ 7.38% 2030,,15260,NSE,EQ
741AP30-SG,3907073,SDL AP 7.41% 2030,,15262,NSE,EQ
743AP31-SG,3907585,SDL AP 7.43% 2031,,15264,NSE,EQ
743TS33-SG,3907841,SDL TS 7.43% 2033,,15265,NSE,EQ
JKIL,136432644,J.KUMAR INFRAPROJECTS,532940,15266,BSE,EQ
747AP37-SG,3908353,SDL AP 7.47% 2037,,15267,NSE,EQ
CORDSCABLE,136432900,CORDS CABLE INDUSTRIES,532941,15271,BSE,EQ
ONMOBILE,136433668,ONMOBILE,532944,15278,BSE,EQ
KNRCON,136433156,KNR CONSTRUCTIONS,532942,15283,BSE,EQ
QUICKTOUCH-SM,3912961,QUICKTOUCH TECHNOLOGIES L,,15285,NSE,EQ
HERCULES,129464324,HERCULES HOISTS,505720,15288,BSE,EQ
BANG,136434180,BANG OVERSEAS,532946,15303,BSE,EQ
VIRINCHI-BE,3917825,VIRINCHI,,15304,NSE,EQ
SEPC,136433924,SEPC,532945,15308,BSE,EQ
745RJ33-SG,3919105,SDL RJ 7.45% 2033,,15309,NSE,EQ
744TN33-SG,3919361,SDL TN 7.44% 2033,,15310,NSE,EQ
IRB,136434436,IRB INFRASTRUCTURE DEVELOPERS,532947,15313,BSE,EQ
745UP33-SG,3920385,SDL UP 7.45% 2033,,15314,NSE,EQ
749MN35-SG,3920641,SDL MN 7.49% 2035,,15315,NSE,EQ
747PN43-SG,3921665,SDL PN 7.47% 2043,,15319,NSE,EQ
747WB43-SG,3921921,SDL WB 7.47% 2043,,15320,NSE,EQ
746WB46-SG,3922689,SDL WB 7.46% 2046,,15323,NSE,EQ
746KL48-SG,3922945,SDL KL 7.46% 2048,,15324,NSE,EQ
QGOLDHALF,151065348,QUANTUM GOLD FUND - EXCHANGE T,590099,15330,BSE,EQ
NMDC,134750980,NMDC,526371,15332,BSE,EQ
746TS48A-SG,3925249,SDL TS 7.46% 2048,,15333,NSE,EQ
RAIN,128086788,RAIN INDUSTRIES,500339,15337,BSE,EQ
SHALPAINTS,130527748,SHALIMAR PAINTS,509874,15342,BSE,EQ
GSS,136435460,GSS INFOTECH,532951,15347,BSE,EQ
SADHNANIQ-BE,3929345,SADHANA NITROCHEM,,15349,NSE,EQ
RECLTD,136436484,REC,532955,15355,BSE,EQ
GOLDETFADD,139239172,DSP MUTUAL FUND,543903,15356,BSE,EQ
NAHARCAP,136435716,NAHAR CAPITAL & FINANCIAL SERV,532952,15360,BSE,EQ
VGUARD,136435972,V-GUARD INDUSTRIES,532953,15362,BSE,EQ
830CIFC26-N2,3934721,,,15370,NSE,EQ
CIFCZC26A-N3,3935233,,,15372,NSE,EQ
840CIFCL28-N4,3935745,,,15374,NSE,EQ
CIFCZC28A-N5,3936257,,,15376,NSE,EQ
PDMJEPAPER,138184964,PUDUMJEE PAPER PRODUCTS LIMITE,539785,15377,BSE,EQ
MANKIND,139239428,MANKIND PHARMA ,543904,15380,BSE,EQ
DHANI,136437764,DHANI SERVICES ,532960,15384,BSE,EQ
RACE,137672964,RACE ECO CHAIN,537785,15391,BSE,EQ
EIHAHOTELS,133920516,EIH ASSOCIATED HOTELS - OBEROI HOTELS,523127,15399,BSE,EQ
ATAM,139068420,ATAM VALVES ,543236,15404,BSE,EQ
NESCO,129370884,NESCO,505355,15409,BSE,EQ
TITAGARH,136439300,TITAGARH RAIL SYSTEMS,532966,15414,BSE,EQ
DPSCLTD,3947265,DPSC,,15419,NSE,EQ
ACL-BE,3950337,ANDHRA CEMENTS,,15431,NSE,EQ
SGBDC27VII-GB,3950593,2.50%GOLDBONDS2027SR-VII,,15432,NSE,EQ
DENEERS-SM,3954945,DE NEERS TOOLS,,15449,NSE,EQ
734AP29-SG,3961601,SDL AP 7.34% 2029,,15475,NSE,EQ
74AP31-SG,3962113,SDL AP 7.4% 2031,,15477,NSE,EQ
739HR31-SG,3968001,SDL HR 7.39% 2031,,15500,NSE,EQ
739TN33-SG,3968769,SDL TN 7.39% 2033,,15503,NSE,EQ
74AS33-SG,3970049,SDL AS 7.4% 2033,,15508,NSE,EQ
739AP33-SG,3974657,SDL AP 7.39% 2033,,15526,NSE,EQ
HCG,138185476,HEALTHCARE GLOBAL ENTERPRISES,539787,15555,BSE,EQ
738AP40-SG,3986433,SDL AP 7.38% 2040,,15572,NSE,EQ
737AP43-SG,3987969,SDL AP 7.37% 2043,,15578,NSE,EQ
AVG,139240964,AVG LOGISTICS ,543910,15589,BSE,EQ
ATALREAL,139241220,ATAL REALTECH ,543911,15649,BSE,EQ
PIGL-BE,4026881,POWER INSTRUMENT (G),,15730,NSE,EQ
727GJ31-SG,4030465,SDL GJ 7.27% 2031,,15744,NSE,EQ
733TN33-SG,4031745,SDL TN 7.33% 2033,,15749,NSE,EQ
737AS33-SG,4032001,SDL AS 7.37% 2033,,15750,NSE,EQ
735AP39-SG,4034305,SDL AP 7.35% 2039,,15759,NSE,EQ
732AP43-SG,4039681,SDL AP 7.32% 2043,,15780,NSE,EQ
732TS48-SG,4040449,SDL TS 7.32% 2048,,15783,NSE,EQ
NXST-RR,4048641,NEXUS SELECT TRUST,,15815,NSE,EQ
LATTEYS,4055041,LATTEYS INDUSTRIES,,15840,NSE,EQ
AUROIMPEX-SM,4062465,AURO IMPEX & CHEMICALS L,,15869,NSE,EQ
HINDWAREAP,138983684,HINDWARE HOME INNOVATION LIMIT,542905,15883,BSE,EQ
716HR27-SG,4087297,SDL HR 7.16% 2027,,15966,NSE,EQ
72MH28-SG,4088577,SDL MH 7.2% 2028,,15971,NSE,EQ
726MH30-SG,4089089,SDL MH 7.26% 2030,,15973,NSE,EQ
734AS33-SG,4100865,SDL AS 7.34% 2033,,16019,NSE,EQ
732TN33-SG,4103425,SDL TN 7.32% 2033,,16029,NSE,EQ
733NL33-SG,4104961,SDL NL 7.33% 2033,,16035,NSE,EQ
PRINCEPIPE,138984196,PRINCE PIPES AND FITTINGS LIMI,542907,16045,BSE,EQ
733UP33-SG,4108545,SDL UP 7.33% 2033,,16049,NSE,EQ
734RJ33-SG,4111873,SDL RJ 7.34% 2033,,16062,NSE,EQ
735HR33-SG,4112385,SDL HR 7.35% 2033,,16064,NSE,EQ
736AP34-SG,4112897,SDL AP 7.36% 2034,,16066,NSE,EQ
737JK35-SG,4113665,SDL JK 7.37% 2035,,16069,NSE,EQ
73AP38-SG,4114177,SDL AP 7.3% 2038,,16071,NSE,EQ
729KL49-SG,4119553,SDL KL 7.29% 2049,,16092,NSE,EQ
BHARATWIRE,138188548,BHARAT WIRE ROPES ,539799,16123,BSE,EQ
KRISHCA-SM,4130049,KRISHCA STRAPPING SLTN L,,16133,NSE,EQ
REMUS-SM,4135425,REMUS PHARMACEUTICALS L,,16154,NSE,EQ
PAVNAIND,139242244,PAVNA INDUSTRIES ,543915,16192,BSE,EQ
729HR29-SG,4152321,SDL HR 7.29% 2029,,16220,NSE,EQ
733MH31-SG,4153345,SDL MH 7.33% 2031,,16224,NSE,EQ
732MH32-SG,4154113,SDL MH 7.32% 2032,,16227,NSE,EQ
736MP33-SG,4154625,SDL MP 7.36% 2033,,16229,NSE,EQ
737NL33-SG,4156161,SDL NL 7.37% 2033,,16235,NSE,EQ
737SK33-SG,4157185,SDL SK 7.37% 2033,,16239,NSE,EQ
738AP35-SG,4158465,SDL AP 7.38% 2035,,16244,NSE,EQ
INFIBEAM,138190596,INFIBEAM AVENUES,539807,16249,BSE,EQ
739MN35-SG,4160001,SDL MN 7.39% 2035,,16250,NSE,EQ
EBBETF0430,138984708,,542909,16253,BSE,EQ
743MZ36-SG,4162817,SDL MZ 7.43% 2036,,16261,NSE,EQ
743MZ37-SG,4164609,SDL MZ 7.43% 2037,,16268,NSE,EQ
732TN53-SG,4166145,SDL TN 7.32% 2053,,16274,NSE,EQ
736ML32-SG,4169985,SDL ML 7.36% 2032,,16289,NSE,EQ
737AP33-SG,4170241,SDL AP 7.37% 2033,,16290,NSE,EQ
736RJ33-SG,4184577,SDL RJ 7.36% 2033,,16346,NSE,EQ
PANACHE-BE,4186881,PANACHE DIGILIFE,,16355,NSE,EQ
736HR33-SG,4189185,SDL HR 7.36% 2033,,16364,NSE,EQ
737PN38-SG,4189953,SDL PN 7.37% 2038,,16367,NSE,EQ
735RJ43-SG,4191745,SDL RJ 7.35% 2043,,16374,NSE,EQ
736WB43-SG,4193025,SDL WB 7.36% 2043,,16379,NSE,EQ
MMP,4197121,MMP INDUSTRIES,,16395,NSE,EQ
732TS49-SG,4197633,SDL TS 7.32% 2049,,16397,NSE,EQ
732KL53-SG,4197889,SDL KL 7.32% 2053,,16398,NSE,EQ
CRAYONS-SM,4203265,CRAYONS ADVERTISING,,16419,NSE,EQ
DENTALKART-SM,4212225,VASA DENTICITY,,16454,NSE,EQ
PROV-SM,4219649,PROVENTUS AGROCOM,,16483,NSE,EQ
INFOLLION-SM,4246529,INFOLLION RESEARCH SER L,,16588,NSE,EQ
VAISHALI,4246785,VAISHALI PHARMA,,16589,NSE,EQ
726HP29-SG,4259329,SDL HP 7.26% 2029,,16638,NSE,EQ
KIRIINDUS,136439556,KIRI INDUSTRIES,532967,16639,BSE,EQ
729CG30-SG,4259841,SDL CG 7.29% 2030,,16640,NSE,EQ
729HP31-SG,4260097,SDL HP 7.29% 2031,,16641,NSE,EQ
734AS33A-SG,4261121,SDL AS 7.34% 2033,,16645,NSE,EQ
734RJ33A-SG,4261377,SDL RJ 7.34% 2033,,16646,NSE,EQ
733AP33-SG,4261633,SDL AP 7.33% 2033,,16647,NSE,EQ
732HR33-SG,4261889,SDL HR 7.32% 2033,,16648,NSE,EQ
736AP37-SG,4262145,SDL AP 7.36% 2037,,16649,NSE,EQ
737JK38-SG,4262401,SDL JK 7.37% 2038,,16650,NSE,EQ
718GJ28-SG,4262657,SDL GJ 7.18% 2028,,16651,NSE,EQ
739TS39-SG,4262913,SDL TS 7.39% 2039,,16652,NSE,EQ
733AP42-SG,4263169,SDL AP 7.33% 2042,,16653,NSE,EQ
733AP43-SG,4263425,SDL AP 7.33% 2043,,16654,NSE,EQ
729KL51-SG,4263681,SDL KL 7.29% 2051,,16655,NSE,EQ
729TN53-SG,4263937,SDL TN 7.29% 2053,,16656,NSE,EQ
ANIKINDS,132962052,ANIK INDUSTRIES,519383,16657,BSE,EQ
SIGMA-BE,4265985,SIGMA SOLVE,,16664,NSE,EQ
BAJAJ-AUTO,136442116,BAJAJ AUTO,532977,16669,BSE,EQ
BAJAJFINSV,136442372,BAJAJ FINSERV,532978,16675,BSE,EQ
PTCIL,137985540,PTC INDUSTRIES,539006,16682,BSE,EQ
DIGISPICE-BE,4271873,DIGISPICE TECHNOLOGIES LT,,16687,NSE,EQ
GHCLTEXTIL,139243012,GHCL TEXTILES ,543918,16696,BSE,EQ
GOKUL,136442884,GOKUL REFOILS & SOLVENT,532980,16705,BSE,EQ
SAHANA-SM,4278017,SAHANA SYSTEM,,16711,NSE,EQ
UBL,136314372,UNITED BREWERIES,532478,16713,BSE,EQ
ALMONDZ,136038404,ALMONDZ GLOBAL SECURITIES,531400,16719,BSE,EQ
RPGLIFE,136443652,RPG LIFE SCIENCES,532983,16725,BSE,EQ
725GS2063-GS,4283649,GOI LOAN  7.25% 2063,,16733,NSE,EQ
MKPL,139243268,M.K.PROTEINS ,543919,16736,BSE,EQ
KDL-SM,4290049,KORE DIGITAL,,16758,NSE,EQ
SILVERAG,139244036,MIRAE ASSET MUTUAL FUND,543922,16777,BSE,EQ
722GJ28-SG,4295937,SDL GJ 7.22% 2028,,16781,NSE,EQ
734MH31-SG,4296193,SDL MH 7.34% 2031,,16782,NSE,EQ
GVT&D,4296449,GE VERNOVA T&D INDIA,,16783,NSE,EQ
734HR31-SG,4296705,SDL HR 7.34% 2031,,16784,NSE,EQ
735MH32-SG,4296961,SDL MH 7.35% 2032,,16785,NSE,EQ
ARCHIDPLY,136446468,ARCHIDPLY INDUSTRIES,532994,16795,BSE,EQ
735TN33-SG,4299777,SDL TN 7.35% 2033,,16796,NSE,EQ
736GA33-SG,4300033,SDL GA 7.36% 2033,,16797,NSE,EQ
736HR33A-SG,4301057,SDL HR 7.36% 2033,,16801,NSE,EQ
737NL33A-SG,4301313,SDL NL 7.37% 2033,,16802,NSE,EQ
741UP34-SG,4301569,SDL UP 7.41% 2034,,16803,NSE,EQ
741PN34-SG,4301825,SDL PN 7.41% 2034,,16804,NSE,EQ
74MP34-SG,4302081,SDL MP 7.4% 2034,,16805,NSE,EQ
739AP35-SG,4302337,SDL AP 7.39% 2035,,16806,NSE,EQ
736AP38-SG,4302849,SDL AP 7.36% 2038,,16808,NSE,EQ
736TS41-SG,4303105,SDL TS 7.36% 2041,,16809,NSE,EQ
LOTUSEYE-BE,4303617,LOTUS EYE HOSP & INST L,,16811,NSE,EQ
735TN43-SG,4304385,SDL TN 7.35% 2043,,16814,NSE,EQ
735TS45-SG,4304641,SDL TS 7.35% 2045,,16815,NSE,EQ
QNIFTY,151068164,QUANTUM NIFTY 50 ETF,590110,16819,BSE,EQ
VINYLINDIA,134177028,VINYL CHEMICALS (INDIA),524129,16821,BSE,EQ
IKIO,139244292,IKIO TECHNOLOGIES ,543923,16822,BSE,EQ
KOKUYOCMLN,133940996,KOKUYO CAMLIN,523207,16827,BSE,EQ
801TCH28-N7,4310529,,,16838,NSE,EQ
SINDHUTRAD,136199428,SINDHU TRADE LINKS,532029,16859,BSE,EQ
LPDC,136451076,LANDMARK PROPERTY DEVELOPMENT,533012,16863,BSE,EQ
73GS2053-GS,4317441,GOI LOAN  7.3% 2053,,16865,NSE,EQ
81TCHF28-N8,4318721,,,16870,NSE,EQ
83TCHF28-N9,4319233,,,16872,NSE,EQ
84TCHF28-NA,4319745,,,16874,NSE,EQ
SPECTSTM-SM,4320257,SPECTRUM TALENT MGMT,,16876,NSE,EQ
URBAN-SM,4323329,URBAN ENVIRO WASTE MGMT L,,16888,NSE,EQ
TCHF30-NB,4324865,,,16894,NSE,EQ
DPWIRES,139254276,D.P. WIRES,543962,16900,BSE,EQ
TOUCHWOOD,4328449,TOUCHWOOD ENTERTAIN,,16908,NSE,EQ
ARTEMISMED,138987268,ARTEMIS MEDICARE SERVICES LIMI,542919,16913,BSE,EQ
ZFCVINDIA,136453892,ZF COMMERCIAL VEHICLE CONTROL,533023,16915,BSE,EQ
20MICRONS,136453636,20 MICRONS,533022,16921,BSE,EQ
74AP32-SG,4332289,SDL AP 7.4% 2032,,16923,NSE,EQ
JOCIL,4333313,JOCIL,,16927,NSE,EQ
739TN33A-SG,4333569,SDL TN 7.39% 2033,,16928,NSE,EQ
736JK35-SG,4333825,SDL JK 7.36% 2035,,16929,NSE,EQ
INDBANK,130937092,INDBANK MERCHANT BANKING SERVI,511473,16933,BSE,EQ
736MZ38-SG,4335105,SDL MZ 7.36% 2038,,16934,NSE,EQ
735AP40-SG,4335361,SDL AP 7.35% 2040,,16935,NSE,EQ
734TN43-SG,4336385,SDL TN 7.34% 2043,,16939,NSE,EQ
ASHOKAMET,138476292,ASHOKA METCAST ,540923,16943,BSE,EQ
CELLPOINT-SM,4339201,CELL POINT (INDIA),,16950,NSE,EQ
VILINBIO-SM,4340225,VILIN BIO MED,,16954,NSE,EQ
ALKALI,136455428,ALKALI METALS,533029,16959,BSE,EQ
AATMAJ-SM,4342017,AATMAJ HEALTHCARE,,16961,NSE,EQ
738GJ30A-SG,4345089,SDL GJ 7.38% 2030,,16973,NSE,EQ
74CG30-SG,4345345,SDL CG 7.4% 2030,,16974,NSE,EQ
74MH31-SG,4345601,SDL MH 7.4% 2031,,16975,NSE,EQ
742CG31-SG,4345857,SDL CG 7.42% 2031,,16976,NSE,EQ
742ML32-SG,4346113,SDL ML 7.42% 2032,,16977,NSE,EQ
74MH32-SG,4346369,SDL MH 7.4% 2032,,16978,NSE,EQ
74HR33-SG,4346625,SDL HR 7.4% 2033,,16979,NSE,EQ
745PN34-SG,4347137,SDL PN 7.45% 2034,,16981,NSE,EQ
747GA38-SG,4347393,SDL GA 7.47% 2038,,16982,NSE,EQ
COUNCODOS,136095748,COUNTRY CONDOS,531624,16986,BSE,EQ
743AP39-SG,4348673,SDL AP 7.43% 2039,,16987,NSE,EQ
742AP41-SG,4348929,SDL AP 7.42% 2041,,16988,NSE,EQ
742TN43-SG,4349953,SDL TN 7.42% 2043,,16992,NSE,EQ
742AP43-SG,4350209,SDL AP 7.42% 2043,,16993,NSE,EQ
74TS45-SG,4350465,SDL TS 7.4% 2045,,16994,NSE,EQ
739RJ48-SG,4350721,SDL RJ 7.39% 2048,,16995,NSE,EQ
TPHQ,136460292,TEAMO PRODUCTIONS HQ ,533048,16996,BSE,EQ
739TS51-SG,4351233,SDL TS 7.39% 2051,,16997,NSE,EQ
739KL52-SG,4351489,SDL KL 7.39% 2052,,16998,NSE,EQ
739TN53-SG,4352769,SDL TN 7.39% 2053,,17003,NSE,EQ
MAWANASUG,133982980,MAWANA SUGARS,523371,17022,BSE,EQ
85IFL26-NX,4358145,,,17024,NSE,EQ
PATANJALI,128094212,PATANJALI FOODS ,500368,17029,BSE,EQ
THYROCARE,138206980,THYROCARE TECHNOLOGIES ,539871,17032,BSE,EQ
IIFLZC26B-NY,4360705,,,17034,NSE,EQ
865IFL28-NZ,4361985,,,17039,NSE,EQ
9IIFL28-Y0,4362497,,,17041,NSE,EQ
IIFLZC28B-Y1,4363009,,,17043,NSE,EQ
SHARIABEES,151067908,NIPPON INDIA ETF SHARIAH BEES,590109,17044,BSE,EQ
HMAAGRO,139245828,HMA AGRO INDUSTRIES ,543929,17053,BSE,EQ
PALREDTEC-BE,4367105,PALRED TECHNOLOGIES,,17059,NSE,EQ
URAVIDEF,139246084,URAVI DEFENCE AND TECHNOLOGY L,543930,17071,BSE,EQ
ESFL-SM,4373505,ESSEN SPECIALITY FILMS L,,17084,NSE,EQ
MAGSON-SM,4374529,MAGSON RETAIL AND DIST L,,17088,NSE,EQ
GREENCHEF-SM,4375553,GREENCHEF APPLIANCES,,17092,NSE,EQ
CROMPTON,138208260,CROMPTON GREAVES CONSUMER ELEC,539876,17094,BSE,EQ
75HP38-SG,4377857,SDL HP 7.5% 2038,,17101,NSE,EQ
752AP39-SG,4378113,SDL AP 7.52% 2039,,17102,NSE,EQ
747TS41-SG,4378369,SDL TS 7.47% 2041,,17103,NSE,EQ
747KL42-SG,4378625,SDL KL 7.47% 2042,,17104,NSE,EQ
SUMICHEM,138987524,SUMITOMO CHEMICAL INDIA LIMITE,542920,17105,BSE,EQ
SGBJ28VIII-GB,4380161,2.50%GOLDBONDS2028SR-VIII,,17110,NSE,EQ
746AP43-SG,4380417,SDL AP 7.46% 2043,,17111,NSE,EQ
745TN43-SG,4380673,SDL TN 7.45% 2043,,17112,NSE,EQ
743RJ48-SG,4380929,SDL RJ 7.43% 2048,,17113,NSE,EQ
743PN48-SG,4381185,SDL PN 7.43% 2048,,17114,NSE,EQ
743TS50-SG,4381441,SDL TS 7.43% 2050,,17115,NSE,EQ
744ML31-SG,4381697,SDL ML 7.44% 2031,,17116,NSE,EQ
745AS33-SG,4381953,SDL AS 7.45% 2033,,17117,NSE,EQ
745HP33-SG,4382209,SDL HP 7.45% 2033,,17118,NSE,EQ
744TN33A-SG,4382465,SDL TN 7.44% 2033,,17119,NSE,EQ
744RJ33-SG,4383233,SDL RJ 7.44% 2033,,17122,NSE,EQ
746AP34-SG,4383745,SDL AP 7.46% 2034,,17124,NSE,EQ
747PN34-SG,4384513,SDL PN 7.47% 2034,,17127,NSE,EQ
PARAGMILK,138211588,PARAG MILK FOODS ,539889,17130,BSE,EQ
PENTAGON-SM,4385793,PENTAGON RUBBER,,17132,NSE,EQ
IDEAFORGE,139246596,IDEAFORGE TECHNOLOGY,543932,17140,BSE,EQ
AARTECH,138900484,AARTECH SOLONICS ,542580,17145,BSE,EQ
MIDCAPIETF,138987780,ICICI PRUDENTIAL MUTUAL FUND,542921,17152,BSE,EQ
875SFL27-ZF,4392705,,,17159,NSE,EQ
GLOBALPET-SM,4394753,GLOBAL PET INDUSTRIES,,17167,NSE,EQ
91SFL27-ZI,4396033,,,17172,NSE,EQ
NEXT50,138988036,MIRAE ASSET MUTUAL FUND,542922,17181,BSE,EQ
SHRIPISTON,139352068,SHRIRAM PISTONS & RINGS,544344,17186,BSE,EQ
CYIENTDLM,139246852,CYIENT DLM ,543933,17187,BSE,EQ
PAKKA,132103684,PAKKA,516030,17197,BSE,EQ
SGBJUN31I-GB,4403713,2.50%GOLDBONDS2031SR-I,,17202,NSE,EQ
SYNOPTICS-SM,4403969,SYNOPTICS TECHNOLOGIES L,,17203,NSE,EQ
ITETFADD,139247364,DSP MUTUAL FUND,543935,17207,BSE,EQ
TRIDHYA-SM,4405761,TRIDHYA TECH,,17210,NSE,EQ
744HR32-SG,4408321,SDL HR 7.44% 2032,,17220,NSE,EQ
742TN33-SG,4408577,SDL TN 7.42% 2033,,17221,NSE,EQ
747HR35-SG,4408833,SDL HR 7.47% 2035,,17222,NSE,EQ
744JK38-SG,4409089,SDL JK 7.44% 2038,,17223,NSE,EQ
744TS39-SG,4409345,SDL TS 7.44% 2039,,17224,NSE,EQ
743AP41-SG,4416001,SDL AP 7.43% 2041,,17250,NSE,EQ
743AP42-SG,4416257,SDL AP 7.43% 2042,,17251,NSE,EQ
ALBERTDAVD,134163204,ALBERT DAVID,524075,17256,BSE,EQ
742KL43-SG,4417793,SDL KL 7.42% 2043,,17257,NSE,EQ
ARMANFIN,135981828,ARMAN FINANCIAL SERVICES,531179,17263,BSE,EQ
ASPINWALL,4421121,ASPINWALL & CO,,17270,NSE,EQ
SENCO,139247620,SENCO GOLD ,543936,17271,BSE,EQ
SETFGOLD,151065092,SBI MUTUAL FUND - SBI GOLD EXC,590098,17272,BSE,EQ
BLS,138258692,BLS INTERNATIONAL SERVICES,540073,17279,BSE,EQ
NAGAFERT,138218756,NAGARJUNA FERTILIZERS AND CHEM,539917,17295,BSE,EQ
AJMERA,131417348,AJMERA REALTY & INFRA INDIA LT,513349,17307,BSE,EQ
LLOYDSME,131188484,LLOYDS METALS AND ENERGY,512455,17313,BSE,EQ
737BR30-SG,4434433,SDL BR 7.37% 2030,,17322,NSE,EQ
735TN33A-SG,4434689,SDL TN 7.35% 2033,,17323,NSE,EQ
738GA33-SG,4434945,SDL GA 7.38% 2033,,17324,NSE,EQ
736AP38A-SG,4435201,SDL AP 7.36% 2038,,17325,NSE,EQ
736MZ38A-SG,4435457,SDL MZ 7.36% 2038,,17326,NSE,EQ
736KL38-SG,4435713,SDL KL 7.36% 2038,,17327,NSE,EQ
734TS44-SG,4435969,SDL TS 7.34% 2044,,17328,NSE,EQ
734TS46-SG,4436225,SDL TS 7.34% 2046,,17329,NSE,EQ
MHRIL,136470532,MAHINDRA HOLIDAYS & RESORTS IN,533088,17333,BSE,EQ
1050NFL26-N7,4441345,,,17349,NSE,EQ
SALONA,151054340,SALONA COTSPIN,590056,17351,BSE,EQ
1102NFL26-N8,4442113,,,17352,NSE,EQ
GKWLIMITED,4443393,GKW,,17357,NSE,EQ
UTKARSHBNK,139249156,UTKARSH SMALL FINANCE BANK LIM,543942,17358,BSE,EQ
VINATIORGA,134195204,VINATI ORGANICS,524200,17364,BSE,EQ
DRONE-SM,4447233,DRONE DESTINATION,,17372,NSE,EQ
EXCEL-BE,4449281,EXCEL REALTY N INFRA,,17380,NSE,EQ
ADANIPOWER,136472580,ADANI POWER,533096,17388,BSE,EQ
SETF10GILT,4453121,SBIAMC - SETF10GILT,,17395,NSE,EQ
PREMEXPLN,134719236,PREMIER EXPLOSIVES,526247,17397,BSE,EQ
718GS2037-GS,4453889,GOI LOAN  7.18% 2037,,17398,NSE,EQ
SERVICE-SM,4454145,SERVICE CARE,,17399,NSE,EQ
NHPC,136473092,NHPC,533098,17400,BSE,EQ
BANKETF,139249668,MIRAE ASSET MUTUAL FUND,543944,17419,BSE,EQ
GLOBUSSPR,136474628,GLOBUS SPIRITS,533104,17424,BSE,EQ
NETWEB,139249924,NETWEB TECHNOLOGIES INDIA LIMI,543945,17433,BSE,EQ
OIL,136475140,OIL INDIA,533106,17438,BSE,EQ
74BR30-SG,4466177,SDL BR 7.4% 2030,,17446,NSE,EQ
74UP33-SG,4467969,SDL UP 7.4% 2033,,17453,NSE,EQ
739TN33B-SG,4468225,SDL TN 7.39% 2033,,17454,NSE,EQ
741GA33-SG,4468481,SDL GA 7.41% 2033,,17455,NSE,EQ
741RJ33-SG,4468737,SDL RJ 7.41% 2033,,17456,NSE,EQ
743AP35-SG,4468993,SDL AP 7.43% 2035,,17457,NSE,EQ
741MN35-SG,4469249,SDL MN 7.41% 2035,,17458,NSE,EQ
736KL41-SG,4469505,SDL KL 7.36% 2041,,17459,NSE,EQ
736RJ41-SG,4469761,SDL RJ 7.36% 2041,,17460,NSE,EQ
736WB41-SG,4470017,SDL WB 7.36% 2041,,17461,NSE,EQ
736TN43-SG,4470529,SDL TN 7.36% 2043,,17463,NSE,EQ
NV20IETF,138225924,ICICI PRUDENTIAL NV20 ETF,539945,17475,BSE,EQ
CONTROLPR,133707524,CONTROL PRINT,522295,17477,BSE,EQ
EXPLEOSOL,136478980,EXPLEO SOLUTIONS,533121,17486,BSE,EQ
INCREDIBLE,137821444,INCREDIBLE INDUSTRIES,538365,17507,BSE,EQ
940SCL26C-AU,4482049,,,17508,NSE,EQ
SETCO,129299204,SETCO AUTOMOTIVE,505075,17514,BSE,EQ
990SCL26I-AV,4483841,,,17515,NSE,EQ
RTNPOWER,136479236,RATTANINDIA POWER,533122,17520,BSE,EQ
902SCL26I-AW,4485377,,,17521,NSE,EQ
948SCL26I-AX,4487169,,,17528,NSE,EQ
MAHASTEEL-BE,4487937,MAHAMAYA STEEL INDS,,17531,NSE,EQ
MGL,138228996,MAHANAGAR GAS ,539957,17534,BSE,EQ
SCLZC26B-AY,4488961,,,17535,NSE,EQ
DAMODARIND,133432324,DAMODAR INDUSTRIES,521220,17541,BSE,EQ
1015SCL28B-AZ,4490753,,,17542,NSE,EQ
925SCL28I-BA,4491777,,,17546,NSE,EQ
AMRUTANJAN,151041540,AMRUTANJAN HEALTH CARE,590006,17547,BSE,EQ
971SCL28I-BC,4496385,,,17564,NSE,EQ
LIQUID,139250180,,543946,17572,BSE,EQ
PVTBANKADD,139250948,DSP MUTUAL FUND,543949,17576,BSE,EQ
ASALCBR,129926660,ASSOCIATED ALCOHOLS & BREWERIE,507526,17598,BSE,EQ
MAHEPC,134081028,MAHINDRA EPC IRRIGATION LIMITE,523754,17603,BSE,EQ
SENSEXADD,139250436,DSP BSE SENSEX ETF,543947,17613,BSE,EQ
PSUBANKADD,139250692,DSP MUTUAL FUND,543948,17616,BSE,EQ
MOLDTECH,134723332,MOLD-TEK TECHNOLOGIES,526263,17625,BSE,EQ
YCCL-SM,4512513,YASONS CHEMEX CARE,,17627,NSE,EQ
ZYDUSWELL,136021764,ZYDUS WELLNESS,531335,17635,BSE,EQ
745TS30A-SG,4515073,SDL TS 7.45% 2030,,17637,NSE,EQ
SUNTECK,131117828,SUNTECK REALTY,512179,17641,BSE,EQ
745AS33A-SG,4516353,SDL AS 7.45% 2033,,17642,NSE,EQ
745AP33-SG,4516609,SDL AP 7.45% 2033,,17643,NSE,EQ
POKARNA,136316420,POKARNA,532486,17651,BSE,EQ
749RJ34-SG,4518913,SDL RJ 7.49% 2034,,17652,NSE,EQ
745KL40-SG,4519169,SDL KL 7.45% 2040,,17653,NSE,EQ
UNIVPHOTO,138990852,UNIVERSUS PHOTO IMAGINGS LIMIT,542933,17659,BSE,EQ
SGBFEB28IX-GB,4521985,2.50%GOLDBONDS2028SR-IX,,17664,NSE,EQ
745TS40-SG,4522753,SDL TS 7.45% 2040,,17667,NSE,EQ
745AP40A-SG,4523009,SDL AP 7.45% 2040,,17668,NSE,EQ
744AP43-SG,4523265,SDL AP 7.44% 2043,,17669,NSE,EQ
743TN43-SG,4523521,SDL TN 7.43% 2043,,17670,NSE,EQ
743TN53-SG,4523777,SDL TN 7.43% 2053,,17671,NSE,EQ
744JK53-SG,4524033,SDL JK 7.44% 2053,,17672,NSE,EQ
ALOKINDS,133393924,ALOK INDUSTRIES,521070,17675,BSE,EQ
SHRITECH-SM,4527105,SHRI TECHTEX,,17684,NSE,EQ
GPTINFRA,136642820,GPT INFRAPROJECTS,533761,17685,BSE,EQ
VIJIFIN-BE,4529921,VIJI FINANCE,,17695,NSE,EQ
LTGILTBEES,151076612,,590143,17700,BSE,EQ
MIDSELIETF,138234884,ICICI PRUDENTIAL BSE MIDCAP SE,539980,17702,BSE,EQ
QUESS,138234372,QUESS CORP ,539978,17704,BSE,EQ
DEN,136483076,DEN NETWORKS,533137,17722,BSE,EQ
ASTEC,136483332,ASTEC LIFESCIENCES,533138,17728,BSE,EQ
BAFNAPH-BE,4540161,BAFNA PHARMACEUTICALS,,17735,NSE,EQ
YATHARTH,139251204,YATHARTH HOSPITAL & TRAUMA CAR,543950,17738,BSE,EQ
NIITMTS,139251716,NIIT LEARNING SYSTEMS ,543952,17747,BSE,EQ
SHILPAMED,135820548,SHILPA MEDICARE,530549,17752,BSE,EQ
SARDAEN,129181188,SARDA ENERGY & MINERALS,504614,17758,BSE,EQ
REFEX,136418308,REFEX INDUSTRIES,532884,17764,BSE,EQ
ZEAL-SM,4548097,ZEAL GLOBAL SERVICES,,17766,NSE,EQ
GROBTEA,4549121,THE GROB TEA COMPANY,,17770,NSE,EQ
ATL,139252228,ALLCARGO TERMINALS ,543954,17778,BSE,EQ
KKVAPOW-SM,4551937,KKV AGRO POWERS,,17781,NSE,EQ
SOMICONVEY,136448260,SOMI CONVEYOR BELTINGS,533001,17794,BSE,EQ
TREL,139252484,TRANSINDIA REAL ESTATE ,543955,17795,BSE,EQ
LLOYDSENGG,138237956,LLOYDS ENGINEERING WORKS LIMIT,539992,17801,BSE,EQ
QUAL30IETF,139252740,ICICI PRUDENTIAL MUTUAL FUND,543956,17808,BSE,EQ
LTIM,138241284,LTIMINDTREE ,540005,17818,BSE,EQ
AHLUCONT,136399620,AHLUWALIA CONTRACTS (INDIA) LT,532811,17833,BSE,EQ
747TS32-SG,4565505,SDL TS 7.47% 2032,,17834,NSE,EQ
744TN33B-SG,4565761,SDL TN 7.44% 2033,,17835,NSE,EQ
GILLANDERS,136375300,GILLANDERS ARBUTHNOT & CO.LTD.,532716,17839,BSE,EQ
743TS41-SG,4567041,SDL TS 7.43% 2041,,17840,NSE,EQ
743PN48A-SG,4567297,SDL PN 7.43% 2048,,17841,NSE,EQ
743JK53-SG,4569601,SDL JK 7.43% 2053,,17850,NSE,EQ
DLINKINDIA,136485380,D-LINK (INDIA),533146,17851,BSE,EQ
747AP32-SG,4570113,SDL AP 7.47% 2032,,17852,NSE,EQ
REDTAPE,139252996,REDTAPE ,543957,17859,BSE,EQ
957NIDO26-N5,4573185,,,17864,NSE,EQ
10NIDO26-N6,4573697,,,17866,NSE,EQ
NIDOZC26-N7,4574209,,,17868,NSE,EQ
JSWENERGY,136485892,JSW ENERGY,533148,17869,BSE,EQ
GODREJPROP,136486404,GODREJ PROPERTIES,533150,17875,BSE,EQ
DBCORP,136486660,D B CORP,533151,17881,BSE,EQ
ORIANA-SM,4577793,ORIANA POWER,,17882,NSE,EQ
GATECH,136121092,GACM TECHNOLOGIES ,531723,17888,BSE,EQ
VINSYS-SM,4581889,VINSYS IT SERVICES IND LT,,17898,NSE,EQ
ABBOTINDIA,128124932,ABBOTT INDIA,500488,17903,BSE,EQ
HDIL-BZ,4587521,HOUSING DEV & INFRA,,17920,NSE,EQ
GEEKAYWIRE,4588033,GEEKAY WIRES,,17922,NSE,EQ
BAYERCROP,129608964,BAYER CROPSCIENCE,506285,17927,BSE,EQ
BEARDSELL,4590849,BEARDSELL,,17933,NSE,EQ
HINDCOPPER,131481348,HINDUSTAN COPPER,513599,17939,BSE,EQ
925IHFL25E-N8,4592641,,,17940,NSE,EQ
COHANCE,139024388,COHANCE LIFESCIENCES ,543064,17945,BSE,EQ
CIFC26A-N9,4595713,,,17952,NSE,EQ
MMTC,131424516,MMTC,513377,17957,BSE,EQ
84CIFCL28-NA,4597249,,,17958,NSE,EQ
NESTLEIND,128202244,NESTLE INDIA,500790,17963,BSE,EQ
CIFC28-NB,4598785,,,17964,NSE,EQ
SBICARD,139024900,SBI CARDS AND PAYMENT SERVICES,543066,17971,BSE,EQ
TRF,129498628,TRF,505854,17987,BSE,EQ
UNITEDTEA,4607745,UNITED NILGIRI TEA,,17999,NSE,EQ
WHIRLPOOL,128060932,WHIRLPOOL OF INDIA,500238,18011,BSE,EQ
VLEGOV,139253252,VL E-GOVERNANCE & IT SOLUTIONS,543958,18012,BSE,EQ
SETUINFRA-BZ,4614145,SETUBANDHAN INFRA,,18024,NSE,EQ
718GS2033-GS,4614401,GOI LOAN  7.18% 2033,,18025,NSE,EQ
SBFC,139253508,SBFC FINANCE ,543959,18026,BSE,EQ
MBLINFRA,136486916,MBL INFRASTRUCTURE,533152,18029,BSE,EQ
SANGANI-SM,4616961,SANGANI HOSPITALS,,18035,NSE,EQ
ADVENZYMES,138246404,ADVANCED ENZYME TECHNOLOGIES L,540025,18039,BSE,EQ
YUDIZ-SM,4618241,YUDIZ SOLUTIONS,,18040,NSE,EQ
MINDTECK,132440068,MINDTECK (INDIA),517344,18049,BSE,EQ
SSFL-SM,4622337,SRIVARI SPICES N FOODS L,,18056,NSE,EQ
CONCORDBIO,139253764,CONCORD BIOTECH ,543960,18060,BSE,EQ
75BR31-SG,4628481,SDL BR 7.5% 2031,,18080,NSE,EQ
749HR33-SG,4628737,SDL HR 7.49% 2033,,18081,NSE,EQ
75GA33-SG,4628993,SDL GA 7.5% 2033,,18082,NSE,EQ
752PN35-SG,4629249,SDL PN 7.52% 2035,,18083,NSE,EQ
751MN35-SG,4629505,SDL MN 7.51% 2035,,18084,NSE,EQ
75UP35-SG,4629761,SDL UP 7.5% 2035,,18085,NSE,EQ
DBL,138252036,DILIP BUILDCON ,540047,18086,BSE,EQ
751PN36-SG,4630273,SDL PN 7.51% 2036,,18087,NSE,EQ
749PN37-SG,4630529,SDL PN 7.49% 2037,,18088,NSE,EQ
JUBLFOOD,136487684,JUBILANT FOODWORKS,533155,18096,BSE,EQ
747KL39-SG,4632833,SDL KL 7.47% 2039,,18097,NSE,EQ
745TS47-SG,4633089,SDL TS 7.45% 2047,,18098,NSE,EQ
NIFTY1,137653252,KOTAK MAHINDRA MUTUAL FUND - K,537708,18102,BSE,EQ
745JK53-SG,4634881,SDL JK 7.45% 2053,,18105,NSE,EQ
VASCONEQ,136487940,VASCON ENGINEERS,533156,18110,BSE,EQ
ELECTCAST-W1,4637697,ELECTCAST WARRANTS,,18116,NSE,EQ
THANGAMAYL,136488452,THANGAMAYIL JEWELLERY,533158,18118,BSE,EQ
SRGHFL,136878084,SRG HOUSING FINANCE,534680,18119,BSE,EQ
DBREALTY,136488964,VALOR ESTATE,533160,18124,BSE,EQ
YASHO,138538756,YASHO INDUSTRIES,541167,18131,BSE,EQ
DOLPHIN,133698820,DOLPHIN OFFSHORE ENTERPRISES (,522261,18139,BSE,EQ
EMMBI,136489220,EMMBI INDUSTRIES,533161,18142,BSE,EQ
JIOFIN,139248644,JIO FINANCIAL SERVICES ,543940,18143,BSE,EQ
TVSSCS,139255044,TVS SUPPLY CHAIN SOLUTIONS LIM,543965,18151,BSE,EQ
HATHWAY,136489476,HATHWAY CABLE & DATACOM,533162,18154,BSE,EQ
747AS28-SG,4659969,SDL AS 7.47% 2028,,18203,NSE,EQ
749BR31-SG,4660225,SDL BR 7.49% 2031,,18204,NSE,EQ
ORIENTLTD,134739204,ORIENT PRESS,526325,18208,BSE,EQ
749GA33-SG,4661505,SDL GA 7.49% 2033,,18209,NSE,EQ
749UP34-SG,4661761,SDL UP 7.49% 2034,,18210,NSE,EQ
TEXMOPIPES,136489988,TEXMO PIPES & PRODUCTS,533164,18214,BSE,EQ
747KL37-SG,4663041,SDL KL 7.47% 2037,,18215,NSE,EQ
746AP38-SG,4663297,SDL AP 7.46% 2038,,18216,NSE,EQ
KECL,136497412,KIRLOSKAR ELECTRIC COMPANY,533193,18220,BSE,EQ
746MZ39-SG,4664577,SDL MZ 7.46% 2039,,18221,NSE,EQ
MANINFRA,136491268,MAN INFRACONSTRUCTION,533169,18226,BSE,EQ
LORDSCHLO,128072708,LORDS CHLORO ALKALI,500284,18232,BSE,EQ
PYRAMID,139256068,PYRAMID TECHNOPLAST ,543969,18250,BSE,EQ
SPAL,138252292,S.P. APPARELS ,540048,18252,BSE,EQ
CLSL-SM,4674561,CROP LIFE SCIENCE,,18260,NSE,EQ
SEL-SM,4675585,SUNGARNER ENERGIES,,18264,NSE,EQ
AEROFLEX,139256836,AEROFLEX INDUSTRIES ,543972,18268,BSE,EQ
HDFCLIQUID,139257092,,543973,18279,BSE,EQ
74WB42-SG,4680449,SDL WB 7.4% 2042,,18283,NSE,EQ
HNGSNGBEES,151068932,NIPPON INDIA ETF HANG SENG BEE,590113,18284,BSE,EQ
IVZINGOLD,136492036,INVESCO INDIA GOLD EXCHANGE TR,533172,18292,BSE,EQ
745BR31-SG,4689921,SDL BR 7.45% 2031,,18320,NSE,EQ
LGBBROSLTD,128064004,L.G.BALAKRISHNAN & BROS.LTD.,500250,18321,BSE,EQ
744RJ33A-SG,4690433,SDL RJ 7.44% 2033,,18322,NSE,EQ
744HR33-SG,4690689,SDL HR 7.44% 2033,,18323,NSE,EQ
744GA33-SG,4691713,SDL GA 7.44% 2033,,18327,NSE,EQ
745AP34-SG,4692993,SDL AP 7.45% 2034,,18332,NSE,EQ
745HR35-SG,4693249,SDL HR 7.45% 2035,,18333,NSE,EQ
741WB39-SG,4693505,SDL WB 7.41% 2039,,18334,NSE,EQ
741RJ39-SG,4693761,SDL RJ 7.41% 2039,,18335,NSE,EQ
74KL41-SG,4694017,SDL KL 7.4% 2041,,18336,NSE,EQ
74RJ41-SG,4694273,SDL RJ 7.4% 2041,,18337,NSE,EQ
VPRPL,139257348,VISHNU PRAKASH R PUNGLIA LIMIT,543974,18341,BSE,EQ
NIFMID150,139257604,UTI MUTUAL FUND,543975,18347,BSE,EQ
SANDUMA,129259012,SANDUR MANGANESE & IRON ORES L,504918,18359,BSE,EQ
PERSISTENT,136493828,PERSISTENT SYSTEMS,533179,18365,BSE,EQ
NDGL,4702977,NAGA DHUNSERI GROUP,,18371,NSE,EQ
CPS-SM,4703233,C P S SHAPERS,,18372,NSE,EQ
RBLBANK,138256644,RBL BANK ,540065,18391,BSE,EQ
MONOPHARMA-SM,4708353,MONO PHARMACARE,,18392,NSE,EQ
744AP33-SG,4710401,SDL AP 7.44% 2033,,18400,NSE,EQ
747AS33-SG,4710657,SDL AS 7.47% 2033,,18401,NSE,EQ
747UK33-SG,4710913,SDL UK 7.47% 2033,,18402,NSE,EQ
747GA33-SG,4711169,SDL GA 7.47% 2033,,18403,NSE,EQ
743TN33-SG,4711425,SDL TN 7.43% 2033,,18404,NSE,EQ
745PN34A-SG,4711681,SDL PN 7.45% 2034,,18405,NSE,EQ
744MN35-SG,4711937,SDL MN 7.44% 2035,,18406,NSE,EQ
744HR35-SG,4712193,SDL HR 7.44% 2035,,18407,NSE,EQ
744RJ36-SG,4712449,SDL RJ 7.44% 2036,,18408,NSE,EQ
742HP38-SG,4712705,SDL HP 7.42% 2038,,18409,NSE,EQ
744TS39A-SG,4712961,SDL TS 7.44% 2039,,18410,NSE,EQ
744AP40-SG,4713217,SDL AP 7.44% 2040,,18411,NSE,EQ
74TS43-SG,4713473,SDL TS 7.4% 2043,,18412,NSE,EQ
74AP43-SG,4713729,SDL AP 7.4% 2043,,18413,NSE,EQ
RISHABH-BE,4715265,RISHABH INSTRUMENTS,,18419,NSE,EQ
ASIANHOTNR,128005892,ASIAN HOTELS (NORTH),500023,18422,BSE,EQ
RATNAVEER,139258372,RATNAVEER PRECISION ENGINEERIN,543978,18423,BSE,EQ
BIGBLOC,138255620,BIGBLOC CONSTRUCTION ,540061,18431,BSE,EQ
BASILIC-SM,4721153,BASILIC FLY STUDIO,,18442,NSE,EQ
SGBMAR28X-GB,4723457,2.50%GOLDBONDS2028SR-X,,18451,NSE,EQ
POWERINDIA,139055876,HITACHI ENERGY INDIA,543187,18457,BSE,EQ
925CAGL26-N9,4728577,,,18471,NSE,EQ
CAGL26-NA,4729089,,,18473,NSE,EQ
719GS2060-GS,4729345,GOI LOAN 7.19% 2060,,18474,NSE,EQ
ISFT,136494340,INTRASOFT TECHNOLOGIES,533181,18479,BSE,EQ
940CAGL27-NB,4730881,,,18480,NSE,EQ
CAGL27-NC,4732161,,,18485,NSE,EQ
970CAGL28-ND,4732673,,,18487,NSE,EQ
CAGL28-NE,4735489,,,18498,NSE,EQ
SABEVENTS-BE,4736257,SAB EVENTS & GOVERNANCE,,18501,NSE,EQ
TVVISION,138261252,TV VISION,540083,18504,BSE,EQ
SAROJA-ST,4739329,SAROJA PHARMA INDUS IND L,,18513,NSE,EQ
PRAMARA-SM,4739585,PRAMARA PROMOTIONS,,18514,NSE,EQ
748AP38A-SG,4740609,SDL AP 7.48% 2038,,18518,NSE,EQ
743JK53A-SG,4740865,SDL JK 7.43% 2053,,18519,NSE,EQ
CUPID,135895812,CUPID,530843,18520,BSE,EQ
748PN34-SG,4741377,SDL PN 7.48% 2034,,18521,NSE,EQ
746GA38-SG,4741633,SDL GA 7.46% 2038,,18522,NSE,EQ
746MP38-SG,4742913,SDL MP 7.46% 2038,,18527,NSE,EQ
747MH34-SG,4743169,SDL MH 7.47% 2034,,18528,NSE,EQ
747HR33-SG,4743425,SDL HR 7.47% 2033,,18529,NSE,EQ
746MH33-SG,4743937,SDL MH 7.46% 2033,,18531,NSE,EQ
748UK33-SG,4744193,SDL UK 7.48% 2033,,18532,NSE,EQ
746MP39-SG,4745217,SDL MP 7.46% 2039,,18536,NSE,EQ
746TS42-SG,4745473,SDL TS 7.46% 2042,,18537,NSE,EQ
744TS45-SG,4745729,SDL TS 7.44% 2045,,18538,NSE,EQ
746AP41-SG,4745985,SDL AP 7.46% 2041,,18539,NSE,EQ
DIACABS,133673732,DIAMOND POWER INFRASTRUCTURE L,522163,18543,BSE,EQ
JLHL,139258884,JUPITER LIFE LINE HOSPITALS LI,543980,18553,BSE,EQ
JIWANRAM-SM,4750849,JIWANRAM SHEODUTTRA IND L,,18558,NSE,EQ
716GS2050-GS,4751617,GOI LOAN 7.16% 2050,,18561,NSE,EQ
MITTAL,4751873,MITTAL LIFE STYLE,,18562,NSE,EQ
LTTS,138269444,L&T TECHNOLOGY SERVICES LIMITE,540115,18564,BSE,EQ
RRKABEL,139259140,R R KABEL,543981,18566,BSE,EQ
GNA,138271748,G N A AXLES ,540124,18571,BSE,EQ
KIRLOSBROS,128061700,KIRLOSKAR BROTHERS,500241,18581,BSE,EQ
UNIHEALTH-SM,4756993,UNIHEALTH HOSPITALS,,18582,NSE,EQ
EMSLIMITED,139259652,EMS,543983,18593,BSE,EQ
ZAGGLE,139260164,ZAGGLE PREPAID OCEAN SERVICES,543985,18608,BSE,EQ
SAMHI,139259908,SAMHI HOTELS ,543984,18614,BSE,EQ
865SCL26-N8,4767745,,,18624,NSE,EQ
885SCL26-N9,4768257,,,18626,NSE,EQ
9SCL26BA-NA,4768769,,,18628,NSE,EQ
SCLZC26-NB,4769281,,,18630,NSE,EQ
879SCL26-NC,4769793,,,18632,NSE,EQ
9SCL26B-ND,4770305,,,18634,NSE,EQ
915SCL26-NE,4770817,,,18636,NSE,EQ
SCLZC26A-NF,4771329,,,18638,NSE,EQ
DIAMINESQ,128030724,DIAMINES & CHEMICALS,500120,18644,BSE,EQ
HOLMARC-SM,4774145,HOLMARC OPTO MECHATRO L,,18649,NSE,EQ
ICICIPRULI,138274052,ICICI PRUDENTIAL LIFE INSURANC,540133,18652,BSE,EQ
CHAVDA-SM,4775425,CHAVDA INFRA,,18654,NSE,EQ
MARATHON,128793860,MARATHON NEXTGEN REALTY,503101,18659,BSE,EQ
HPL,138274820,HPL ELECTRIC & POWER ,540136,18679,BSE,EQ
745HR35A-SG,4782081,SDL HR 7.45% 2035,,18680,NSE,EQ
744AP36-SG,4782337,SDL AP 7.44% 2036,,18681,NSE,EQ
741WB42-SG,4783617,SDL WB 7.41% 2042,,18686,NSE,EQ
741JK53-SG,4783873,SDL JK 7.41% 2053,,18687,NSE,EQ
74GJ27-SG,4784129,SDL GJ 7.4% 2027,,18688,NSE,EQ
747CG30-SG,4784385,SDL CG 7.47% 2030,,18689,NSE,EQ
746TS30-SG,4784641,SDL TS 7.46% 2030,,18690,NSE,EQ
749BR31A-SG,4784897,SDL BR 7.49% 2031,,18691,NSE,EQ
AVSL-ST,4785409,AVSL INDUSTRIES,,18693,NSE,EQ
745HR33-SG,4785665,SDL HR 7.45% 2033,,18694,NSE,EQ
746GA33-SG,4786177,SDL GA 7.46% 2033,,18696,NSE,EQ
JETKNIT-ST,4787201,JET KNITWEARS,,18700,NSE,EQ
746SK33-SG,4787457,SDL SK 7.46% 2033,,18701,NSE,EQ
744MP35-SG,4787969,SDL MP 7.44% 2035,,18703,NSE,EQ
KEL-SM,4789249,KUNDAN EDIFICE,,18708,NSE,EQ
NUVAMA,139260932,NUVAMA WEALTH MANAGEMENT LIMIT,543988,18721,BSE,EQ
MADHUSUDAN-SM,4794369,MADHUSUDAN MASALA,,18728,NSE,EQ
MASKINVEST-BE,4795137,MASK INVESTMENTS,,18731,NSE,EQ
GRETEX-SM,4797697,GRETEX INDUSTRIES,,18741,NSE,EQ
SIGNATURE,139261444,SIGNATUREGLOBAL (INDIA) LIMITE,543990,18743,BSE,EQ
KODYTECH-SM,4800257,KODY TECHNOLAB,,18751,NSE,EQ
KALAMANDIR,139261188,SAI SILKS (KALAMANDIR) ,543989,18755,BSE,EQ
YATRA,139261956,YATRA ONLINE,543992,18760,BSE,EQ
AURDIS-SM,4803073,AURANGABAD DISTILLERY,,18762,NSE,EQ
DRL-SM,4804865,DHANUKA REALTY,,18769,NSE,EQ
MARCO-SM,4805889,MARCO CABLE & CONDUCTOR L,,18773,NSE,EQ
IDFNIFTYET,4808449,BANDHANAMC - IDFNIFTYET,,18783,NSE,EQ
HIGREEN-SM,4811265,HI GREEN CARBON,,18794,NSE,EQ
CELLECOR-SM,4814337,CELLECOR GADGETS,,18806,NSE,EQ
GICL-SM,4816641,GLOBE INTL CARRIERS,,18815,NSE,EQ
ENDURANCE,138279172,ENDURANCE TECHNOLOGIES ,540153,18822,BSE,EQ
TARAPUR-BE,4820737,TARAPUR TRANSFORMERS,,18831,NSE,EQ
NIRAJISPAT,4823041,NIRAJ ISPAT IND,,18840,NSE,EQ
965SCL28C-BR,4827137,,,18856,NSE,EQ
579GS2030-GS,4827393,GOI LOAN 5.79% 2030,,18857,NSE,EQ
925SCL28C-BS,4827905,,,18859,NSE,EQ
971SCL28C-BU,4828417,,,18861,NSE,EQ
SGBAPR28I-GB,4828673,2.50%GOLDBONDS2028SR-I,,18862,NSE,EQ
VERTOZ,4828929,VERTOZ,,18863,NSE,EQ
MAZDA,134090756,MAZDA,523792,18866,BSE,EQ
10SCL30A-BV,4830209,,,18868,NSE,EQ
1003SCL30-BW,4831745,,,18874,NSE,EQ
957SCL30-BX,4833025,,,18879,NSE,EQ
SJVN,136500740,SJVN,533206,18883,BSE,EQ
KSL,128060164,KALYANI STEELS,500235,18889,BSE,EQ
1025SCL33A-N1,4837633,,,18897,NSE,EQ
1075SCL33A-N2,4838913,,,18902,NSE,EQ
980SCL33A-N3,4839425,,,18904,NSE,EQ
888SCL25E-N4,4839937,,,18906,NSE,EQ
PNBHOUSING,138284292,PNB HOUSING FINANCE ,540173,18908,BSE,EQ
745RJ44-SG,4841217,SDL RJ 7.45% 2044,,18911,NSE,EQ
745MP44-SG,4841473,SDL MP 7.45% 2044,,18912,NSE,EQ
743RJ49-SG,4842497,SDL RJ 7.43% 2049,,18916,NSE,EQ
VBL,138286084,VARUN BEVERAGES ,540180,18921,BSE,EQ
743TN53A-SG,4844033,SDL TN 7.43% 2053,,18922,NSE,EQ
748MP29-SG,4844289,SDL MP 7.48% 2029,,18923,NSE,EQ
SUNDARAM,136490500,SUNDARAM MULTI PAP,533166,18931,BSE,EQ
749CG30-SG,4846593,SDL CG 7.49% 2030,,18932,NSE,EQ
752BR31-SG,4846849,SDL BR 7.52% 2031,,18933,NSE,EQ
745GJ31-SG,4848129,SDL GJ 7.45% 2031,,18938,NSE,EQ
746RJ33-SG,4848385,SDL RJ 7.46% 2033,,18939,NSE,EQ
749GA33A-SG,4849921,SDL GA 7.49% 2033,,18945,NSE,EQ
747HR33A-SG,4850177,SDL HR 7.47% 2033,,18946,NSE,EQ
KINGFA-BE,4850689,KINGFA SCI & TEC IND,,18948,NSE,EQ
748HR35-SG,4852225,SDL HR 7.48% 2035,,18954,NSE,EQ
RAJRATAN,132485636,RAJRATAN GLOBAL WIRE,517522,18962,BSE,EQ
KAPSTON,4855553,KAPSTON SERVICES,,18967,NSE,EQ
SGBMAY28-GB,4856833,2.50%GOLDBONDS2028SR-II,,18972,NSE,EQ
619GS2034-GS,4857089,GOI LOAN 6.19% 2034,,18973,NSE,EQ
UNIVASTU,4858113,UNIVASTU INDIA,,18977,NSE,EQ
759MN35-SG,4861697,SDL MN 7.59% 2035,,18991,NSE,EQ
749PN35-SG,4862209,SDL PN 7.49% 2035,,18993,NSE,EQ
746MP38A-SG,4862465,SDL MP 7.46% 2038,,18994,NSE,EQ
746WB39-SG,4863489,SDL WB 7.46% 2039,,18998,NSE,EQ
745KL39-SG,4863745,SDL KL 7.45% 2039,,18999,NSE,EQ
744WB42-SG,4864001,SDL WB 7.44% 2042,,19000,NSE,EQ
MASTER-SM,4866817,MASTER COMPONENTS,,19011,NSE,EQ
MVGJL,139262724,MANOJ VAIBHAV GEMS 'N' JEWELLE,543995,19015,BSE,EQ
JSWINFRA,139262468,JSW INFRASTRUCTURE ,543994,19020,BSE,EQ
KIRLOSIND,128062212,KIRLOSKAR INDUSTRIES,500243,19025,BSE,EQ
PODDARMENT,134289924,PODDAR PIGMENTS,524570,19036,BSE,EQ
10IIFL29-N6,4875521,,,19045,NSE,EQ
105IIFL29-N7,4876033,,,19047,NSE,EQ
MANAPPURAM,135990532,MANAPPURAM FINANCE,531213,19061,BSE,EQ
AARVI,4882689,AARVI ENCON,,19073,NSE,EQ
SGBJUN28-GB,4883969,2.5%GOLDBONDS2028SR-III,,19078,NSE,EQ
ITBEES,151076100,NIPPON INDIA MUTUAL FUND - PER,590141,19084,BSE,EQ
SILLYMONKS,4888833,SILLY MONKS ENTERTAIN,,19097,NSE,EQ
ROLLT,128626692,ROLLATAINERS,502448,19104,BSE,EQ
NBIFIN,4892417,N.B.I. IND. FIN. CO.,,19111,NSE,EQ
SAAKSHI-ST,4892673,SAAKSHI MEDTEC N PANELS L,,19112,NSE,EQ
UDS,139262980,UPDATER SERVICES ,543996,19113,BSE,EQ
KIOCL,138414084,KIOCL ,540680,19126,BSE,EQ
MAL-SM,4898305,MANGALAM ALLOYS,,19134,NSE,EQ
DIGIKORE-SM,4899329,DIGIKORE STUDIOS,,19138,NSE,EQ
UMESLTD,136293892,USHA MARTIN EDUCATION & SOLUTI,532398,19142,BSE,EQ
INSPIRE-SM,4903425,INSPIRE FILMS,,19154,NSE,EQ
NEWJAISA-ST,4905217,NEWJAISA TECHNOLOGIES,,19161,NSE,EQ
752TN33-SG,4905473,SDL TN 7.52% 2033,,19162,NSE,EQ
754UK33-SG,4905729,SDL UK 7.54% 2033,,19163,NSE,EQ
76AP34-SG,4905985,SDL AP 7.6% 2034,,19164,NSE,EQ
755MP35-SG,4906241,SDL MP 7.55% 2035,,19165,NSE,EQ
759HR35-SG,4906497,SDL HR 7.59% 2035,,19166,NSE,EQ
767PN35-SG,4906753,SDL PN 7.67% 2035,,19167,NSE,EQ
756UP35-SG,4907009,SDL UP 7.56% 2035,,19168,NSE,EQ
751MP38-SG,4907265,SDL MP 7.51% 2038,,19169,NSE,EQ
759WB39-SG,4908033,SDL WB 7.59% 2039,,19172,NSE,EQ
75AP41-SG,4908545,SDL AP 7.5% 2041,,19174,NSE,EQ
749TS44-SG,4909313,SDL TS 7.49% 2044,,19177,NSE,EQ
749KL45-SG,4909569,SDL KL 7.49% 2045,,19178,NSE,EQ
753HR33-SG,4909825,SDL HR 7.53% 2033,,19179,NSE,EQ
754CG31-SG,4910081,SDL CG 7.54% 2031,,19180,NSE,EQ
762BR31-SG,4910337,SDL BR 7.62% 2031,,19181,NSE,EQ
SFL,138291972,SHEELA FOAM ,540203,19184,BSE,EQ
755TS32-SG,4911361,SDL TS 7.55% 2032,,19185,NSE,EQ
762AS33-SG,4911617,SDL AS 7.62% 2033,,19186,NSE,EQ
754RJ33-SG,4912897,SDL RJ 7.54% 2033,,19191,NSE,EQ
TI,129844484,TILAKNAGAR INDUSTRIES,507205,19196,BSE,EQ
HEADSUP,138293764,HEADS UP VENTURES ,540210,19205,BSE,EQ
VINYAS-SM,4916737,VINYAS INNOVATIVE TECH L,,19206,NSE,EQ
HMVL,136503556,HINDUSTAN MEDIA VENTURES,533217,19211,BSE,EQ
VALIANTLAB,139263492,VALIANT LABORATORIES ,543998,19218,BSE,EQ
TCIEXP,138294276,TCI EXPRESS ,540212,19223,BSE,EQ
SENSEXETF,139263748,MIRAE ASSET MUTUAL FUND,543999,19224,BSE,EQ
AARTISURF,139061764,AARTI SURFACTANTS ,543210,19233,BSE,EQ
LAURUSLABS,138296836,LAURUS LABS ,540222,19234,BSE,EQ
IMFA,136460036,INDIAN METALS & FERRO ALLOYS L,533047,19235,BSE,EQ
MONIFTY500,4924673,MOTILALAMC - MONIFTY500,,19237,NSE,EQ
ARABIAN-SM,4928769,ARABIAN PETROLEUM,,19253,NSE,EQ
CHOLAFIN-D1,4929793,,,19257,NSE,EQ
BLISSGVS,129586436,BLISS GVS PHARMA,506197,19265,BSE,EQ
EFACTOR-SM,4932353,E FACTOR EXPERIENCES,,19267,NSE,EQ
EMAMIREAL,136503812,EMAMI REALTY,533218,19277,BSE,EQ
THEJO,4935425,THEJO ENGINEERING,,19279,NSE,EQ
KONTOR-SM,4937473,KONTOR SPACE,,19287,NSE,EQ
MOM50,151069444,MOTILAL OSWAL MUTUAL FUND,590115,19289,BSE,EQ
TERASOFT-BE,4939777,TERA SOFTWARE,,19296,NSE,EQ
ITDC,136240388,INDIA TOURISM DEVELOPMENT CORP,532189,19299,BSE,EQ
VISHNUINFR-SM,4940801,VISHNUSURYA PROJ N INFR L,,19300,NSE,EQ
HISARMETAL,151044612,HISAR METAL INDUSTRIES,590018,19322,BSE,EQ
PROLIFE-SM,4954113,PROLIFE INDUSTRIES,,19352,NSE,EQ
GOYALSALT-SM,4955137,GOYAL SALT,,19356,NSE,EQ
CANARYS-SM,4958209,CANARYS AUTOMATIONS,,19368,NSE,EQ
SPCENET-BE,4960001,SPACENET ENTERS IND,,19375,NSE,EQ
OLIL-SM,4962817,ONECLICK LOGISTICS IND L,,19386,NSE,EQ
BOROLTD,139062276,BOROSIL ,543212,19401,BSE,EQ
ROSSARI,139062532,ROSSARI BIOTECH,543213,19410,BSE,EQ
AHLEAST,136506116,ASIAN HOTELS (EAST),533227,19438,BSE,EQ
SICALLOG-BE,4976641,SICAL LOGISTICS,,19440,NSE,EQ
CAPTRUST,130945284,CAPITAL TRUST,511505,19447,BSE,EQ
SGBSEP31II-GB,4980737,2.50%GOLDBONDS2031SR-II,,19456,NSE,EQ
PLAZACABLE,139264772,PLAZA WIRES ,544003,19458,BSE,EQ
KARNIKA-SM,4983041,KARNIKA INDUSTRIES,,19465,NSE,EQ
SCML-ST,4986625,SHARP CHUCKS N MACHINES L,,19479,NSE,EQ
762GJ28-SG,4986881,SDL GJ 7.62% 2028,,19480,NSE,EQ
77GA33-SG,4987137,SDL GA 7.7% 2033,,19481,NSE,EQ
771UK33-SG,4987393,SDL UK 7.71% 2033,,19482,NSE,EQ
775SK33A-SG,4987649,SDL SK 7.75% 2033,,19483,NSE,EQ
77UP34-SG,4987905,SDL UP 7.7% 2034,,19484,NSE,EQ
769UP35A-SG,4988161,SDL UP 7.69% 2035,,19485,NSE,EQ
775PN36-SG,4988417,SDL PN 7.75% 2036,,19486,NSE,EQ
767AP38-SG,4988673,SDL AP 7.67% 2038,,19487,NSE,EQ
762TN53-SG,4988929,SDL TN 7.62% 2053,,19488,NSE,EQ
PLADAINFO-SM,4989953,PLADA INFOTECH SERVICES L,,19492,NSE,EQ
SECMARK,139067908,SECMARK CONSULTANCY ,543234,19496,BSE,EQ
TICL,136380932,TWAMEVCONSTRUCTION AND INFRAST,532738,19501,BSE,EQ
COMMITTED-ST,4996097,COMMITTED CARGO CARE,,19516,NSE,EQ
772ML31-SG,4996353,SDL ML 7.72% 2031,,19517,NSE,EQ
762RJ43-SG,4996609,SDL RJ 7.62% 2043,,19518,NSE,EQ
762HP43-SG,4996865,SDL HP 7.62% 2043,,19519,NSE,EQ
764WB43-SG,4997121,SDL WB 7.64% 2043,,19520,NSE,EQ
756JK53-SG,4997377,SDL JK 7.56% 2053,,19521,NSE,EQ
77BR31-SG,4997633,SDL BR 7.7% 2031,,19522,NSE,EQ
764KA32-SG,4997889,SDL KA 7.64% 2032,,19523,NSE,EQ
765TN33A-SG,4998145,SDL TN 7.65% 2033,,19524,NSE,EQ
IITL,128331524,INDUSTRIAL INVESTMENT TRUST LT,501295,19525,BSE,EQ
767AS33B-SG,4998657,SDL AS 7.67% 2033,,19526,NSE,EQ
767GA33-SG,4998913,SDL GA 7.67% 2033,,19527,NSE,EQ
BAJAJCON,136506628,BAJAJ CONSUMER CARE,533229,19531,BSE,EQ
768UP34-SG,5000193,SDL UP 7.68% 2034,,19532,NSE,EQ
766HR35-SG,5000449,SDL HR 7.66% 2035,,19533,NSE,EQ
766AP37-SG,5001729,SDL AP 7.66% 2037,,19538,NSE,EQ
772MZ38-SG,5001985,SDL MZ 7.72% 2038,,19539,NSE,EQ
HDFCGOLD,136506884,HDFC MUTUAL FUND - HDFC GOLD E,533230,19543,BSE,EQ
765TS39-SG,5004801,SDL TS 7.65% 2039,,19550,NSE,EQ
761AP43-SG,5005313,SDL AP 7.61% 2043,,19552,NSE,EQ
BHANDARI,131227652,BHANDARI HOSIERY EXPORTS,512608,19556,BSE,EQ
737GS2028-GS,5008897,GOI LOAN  7.37% 2028,,19566,NSE,EQ
UGARSUGAR,135772932,UGAR SUGAR WORKS,530363,19578,BSE,EQ
ARVINDPORT-SM,5012225,ARVIND PORT AND INFRA,,19579,NSE,EQ
BSE,5013761,BSE,,19585,NSE,EQ
IRMENERGY,139265028,IRM ENERGY,544004,19597,BSE,EQ
PRAKASHSTL,136509188,PRAKASH STEELAGE,533239,19599,BSE,EQ
77KA34-SG,5019137,SDL KA 7.7% 2034,,19606,NSE,EQ
772TS35-SG,5019905,SDL TS 7.72% 2035,,19609,NSE,EQ
773MN35-SG,5020417,SDL MN 7.73% 2035,,19611,NSE,EQ
768TN30-SG,5021185,SDL TN 7.68% 2030,,19614,NSE,EQ
769KA33-SG,5021441,SDL KA 7.69% 2033,,19615,NSE,EQ
77UP33-SG,5021697,SDL UP 7.7% 2033,,19616,NSE,EQ
771RJ33-SG,5021953,SDL RJ 7.71% 2033,,19617,NSE,EQ
772TN33-SG,5022209,SDL TN 7.72% 2033,,19618,NSE,EQ
768MP34-SG,5022465,SDL MP 7.68% 2034,,19619,NSE,EQ
772AP36-SG,5022721,SDL AP 7.72% 2036,,19620,NSE,EQ
766AP42-SG,5022977,SDL AP 7.66% 2042,,19621,NSE,EQ
766TN43-SG,5023233,SDL TN 7.66% 2043,,19622,NSE,EQ
76JK53-SG,5023489,SDL JK 7.6% 2053,,19623,NSE,EQ
WOMANCART-SM,5024513,WOMANCART,,19627,NSE,EQ
PRICOLLTD,138315012,PRICOL ,540293,19631,BSE,EQ
ITETF,139265540,MIRAE ASSET MUTUAL FUND,544006,19633,BSE,EQ
ALPHAETF,139265796,MIRAE ASSET MUTUAL FUND,544007,19640,BSE,EQ
MAXESTATES,139266052,MAX ESTATES ,544008,19646,BSE,EQ
KALYANI-BE,5031169,KALYANI COMMERCIALS,,19653,NSE,EQ
COMPINFO-BZ,5035521,COMPUAGE INFOCOM,,19670,NSE,EQ
GAYAPROJ-BZ,5036801,GAYATRI PROJECTS,,19675,NSE,EQ
CMICABLES-BZ,5037057,CMI,,19676,NSE,EQ
ANSALAPI-BZ,5037313,ANSAL PROP & INFRA,,19677,NSE,EQ
GOLDIETF,136510468,ICICI PRUDENTIAL GOLD ETF,533244,19679,BSE,EQ
RCDL-SM,5038337,RAJGOR CASTOR DERIVATI L,,19681,NSE,EQ
733GS2026-GS,5039361,GOI LOAN  7.33% 2026,,19685,NSE,EQ
BLUEJET,139266308,BLUE JET HEALTHCARE ,544009,19686,BSE,EQ
ONDOOR-SM,5041153,ON DOOR CONCEPTS,,19692,NSE,EQ
JITFINFRA-BE,5041921,JITF INFRALOGISTICS,,19695,NSE,EQ
HMT-BZ,5042689,HMT -,,19698,NSE,EQ
LIQUIDSBI,139266564,,544010,19705,BSE,EQ
773RJ33-SG,5047297,SDL RJ 7.73% 2033,,19716,NSE,EQ
773GA33-SG,5047553,SDL GA 7.73% 2033,,19717,NSE,EQ
777PN33-SG,5048321,SDL PN 7.77% 2033,,19720,NSE,EQ
773KA35-SG,5048577,SDL KA 7.73% 2035,,19721,NSE,EQ
775HR35-SG,5048833,SDL HR 7.75% 2035,,19722,NSE,EQ
773KA36-SG,5049089,SDL KA 7.73% 2036,,19723,NSE,EQ
774AP36-SG,5049345,SDL AP 7.74% 2036,,19724,NSE,EQ
775TS37-SG,5049601,SDL TS 7.75% 2037,,19725,NSE,EQ
776AP37-SG,5049857,SDL AP 7.76% 2037,,19726,NSE,EQ
776MP37-SG,5050113,SDL MP 7.76% 2037,,19727,NSE,EQ
774RJ39-SG,5050369,SDL RJ 7.74% 2039,,19728,NSE,EQ
772AP41-SG,5050625,SDL AP 7.72% 2041,,19729,NSE,EQ
77AP43-SG,5050881,SDL AP 7.7% 2043,,19730,NSE,EQ
GPPL,136511492,GUJARAT PIPAVAV PORT,533248,19731,BSE,EQ
77RJ43-SG,5051393,SDL RJ 7.7% 2043,,19732,NSE,EQ
767TS45-SG,5051649,SDL TS 7.67% 2045,,19733,NSE,EQ
766KL46-SG,5052673,SDL KL 7.66% 2046,,19737,NSE,EQ
765RJ48-SG,5053441,SDL RJ 7.65% 2048,,19740,NSE,EQ
763JK53-SG,5053953,SDL JK 7.63% 2053,,19742,NSE,EQ
768TN30A-SG,5054721,SDL TN 7.68% 2030,,19745,NSE,EQ
773CG31-SG,5054977,SDL CG 7.73% 2031,,19746,NSE,EQ
778BR31-SG,5055233,SDL BR 7.78% 2031,,19747,NSE,EQ
771UP33-SG,5055489,SDL UP 7.71% 2033,,19748,NSE,EQ
SHANTHALA-SM,5056513,SHANTHALA FMCG PRODUCTS L,,19752,NSE,EQ
940SCL26-N6,5058049,,,19758,NSE,EQ
990SCL26-N7,5058561,,,19760,NSE,EQ
ADFFOODS,132910852,ADF FOODS,519183,19761,BSE,EQ
902SCL26-N8,5059329,,,19763,NSE,EQ
948SCL26-N9,5060609,,,19768,NSE,EQ
SCL26-NA,5061121,,,19770,NSE,EQ
SCLZC26C-NB,5061633,,,19772,NSE,EQ
888SCL25D-NC,5062145,,,19774,NSE,EQ
980SCL33C-ND,5062657,,,19776,NSE,EQ
PARAGON-SM,5063425,PARAGON FINE S.C.,,19779,NSE,EQ
MUFIN,138950148,MUFIN GREEN FINANCE,542774,19783,BSE,EQ
CELLO,139267076,CELLO WORLD ,544012,19795,BSE,EQ
WELINV,136512516,WELSPUN INVESTMENTS AND COMMER,533252,19800,BSE,EQ
TRANSTEEL-SM,5069057,TRANSTEEL SEATING TECH L,,19801,NSE,EQ
746GS2073-GS,5070849,GOI LOAN  7.46% 2073,,19808,NSE,EQ
MAITREYA-SM,5071105,MAITREYA MEDICARE,,19809,NSE,EQ
HONASA,139267588,HONASA CONSUMER - MAMAEARTH,544014,19813,BSE,EQ
SARTELE-SM,5084929,SAR TELEVENTURE,,19863,NSE,EQ
AMNPLST,129599492,AMINES & PLASTICIZERS,506248,19867,BSE,EQ
LGHL,5088257,LAXMI GOLDORNA HOUSE,,19876,NSE,EQ
RADIOCITY,138333700,MUSIC BROADCAST ,540366,19877,BSE,EQ
ESAFSFB,139269124,ESAF SMALL FINANCE BANK,544020,19878,BSE,EQ
MICROPRO-SM,5091073,MICROPRO SOFTWARE SOL L,,19887,NSE,EQ
773UP33A-SG,5092097,SDL UP 7.73% 2033,,19891,NSE,EQ
774AS33-SG,5092353,SDL AS 7.74% 2033,,19892,NSE,EQ
77MH34-SG,5094145,SDL MH 7.7% 2034,,19899,NSE,EQ
772UP34-SG,5094401,SDL UP 7.72% 2034,,19900,NSE,EQ
772HR35-SG,5094657,SDL HR 7.72% 2035,,19901,NSE,EQ
772TS36-SG,5094913,SDL TS 7.72% 2036,,19902,NSE,EQ
775RJ36-SG,5095169,SDL RJ 7.75% 2036,,19903,NSE,EQ
773BR38-SG,5095425,SDL BR 7.73% 2038,,19904,NSE,EQ
779WB40-SG,5095681,SDL WB 7.79% 2040,,19905,NSE,EQ
759RJ46-SG,5095937,SDL RJ 7.59% 2046,,19906,NSE,EQ
758JK50-SG,5096193,SDL JK 7.58% 2050,,19907,NSE,EQ
765TN30-SG,5096449,SDL TN 7.65% 2030,,19908,NSE,EQ
77KA33-SG,5096705,SDL KA 7.7% 2033,,19909,NSE,EQ
77GA33A-SG,5096961,SDL GA 7.7% 2033,,19910,NSE,EQ
771MH33-SG,5097217,SDL MH 7.71% 2033,,19911,NSE,EQ
772RJ33-SG,5097473,SDL RJ 7.72% 2033,,19912,NSE,EQ
DMART,138336260,AVENUE SUPERMARTS ,540376,19913,BSE,EQ
812REC27-NI,5100545,,,19924,NSE,EQ
743REC35-NH,5101057,,,19926,NSE,EQ
764HUDCO31-N8,5101569,,,19928,NSE,EQ
769HUDCO31-N9,5102081,,,19930,NSE,EQ
ORISSAMINE,151062020,ORISSA MINERALS DEVELOPMENT CO,590086,19931,BSE,EQ
EGOLD,5102849,EDELAMC - EGOLD,,19933,NSE,EQ
KILITCH,134272004,KILITCH DRUGS (INDIA),524500,19937,BSE,EQ
DEEPAKNTR,129638660,DEEPAK NITRITE,506401,19943,BSE,EQ
WAAREEINDO-BE,5109505,INDOSOLAR,,19959,NSE,EQ
851HUDCO28-NB,5110785,,,19964,NSE,EQ
858HUDCO29-NC,5111297,,,19966,NSE,EQ
876HUDCO28-ND,5111809,,,19968,NSE,EQ
901HUDCO34-NE,5112321,,,19970,NSE,EQ
735PFCL35-N1,5112833,,,19972,NSE,EQ
736PFCL28-N2,5113345,,,19974,NSE,EQ
760PFCL35-N3,5113857,,,19976,NSE,EQ
714BR30-SG,5124097,SDL BR 7.14% 2030,,20016,NSE,EQ
72KA31-SG,5124353,SDL KA 7.2% 2031,,20017,NSE,EQ
71JK30-SG,5124609,SDL JK 7.1% 2030,,20018,NSE,EQ
714AP34-SG,5124865,SDL AP 7.14% 2034,,20019,NSE,EQ
718AP33-SG,5125121,SDL AP 7.18% 2033,,20020,NSE,EQ
830PFCL27-N5,5125633,,,20022,NSE,EQ
867PFCL33-N7,5126657,,,20026,NSE,EQ
892PFCL33-N8,5127169,,,20028,NSE,EQ
774IREDA31-N7,5127681,,,20030,NSE,EQ
735NABAR31-N1,5128193,,,20032,NSE,EQ
764NABAR31-N2,5128705,,,20034,NSE,EQ
711HP30-SG,5130241,SDL HP 7.11% 2030,,20040,NSE,EQ
711HP28-SG,5130497,SDL HP 7.11% 2028,,20041,NSE,EQ
940SCL26A-NK,5131521,,,20045,NSE,EQ
872MMFSL26-N1,5131777,,,20046,NSE,EQ
9MMFSML-N2,5132289,,,20048,NSE,EQ
M&MFIN-N3,5132801,,,20050,NSE,EQ
740IIFCL33-N1,5133313,,,20052,NSE,EQ
866IIFC34B-N3,5134337,,,20056,NSE,EQ
891IIFCL34-N4,5134849,,,20058,NSE,EQ
990SCL26A-NL,5135617,,,20061,NSE,EQ
SASTASUNDR,136514308,SASTASUNDAR VENTURES ,533259,20063,BSE,EQ
902SCL26A-NM,5136641,,,20065,NSE,EQ
INFRABEES,139073284,NIPPON INDIA MUTUAL FUND,543255,20072,BSE,EQ
948SCL26A-NN,5139201,,,20075,NSE,EQ
INTENTECH-BE,5139713,INTENSE TECHNOLOGIES,,20077,NSE,EQ
SCLZC26D-NO,5140993,,,20082,NSE,EQ
CPCAP,136514564,CP CAPITAL,533260,20086,BSE,EQ
SCLZC26E-NP,5142529,,,20088,NSE,EQ
TASTYBITE,132887300,TASTY BITE EATABLES,519091,20092,BSE,EQ
965SCL28A-NQ,5144065,,,20094,NSE,EQ
710GJ30-SG,5145345,SDL GJ 7.10% 2030,,20099,NSE,EQ
711AS30-SG,5145601,SDL AS 7.11% 2030,,20100,NSE,EQ
1015SCL28-NR,5146113,,,20102,NSE,EQ
925SCL28A-NS,5146625,,,20104,NSE,EQ
971SCL28A-NT,5147137,,,20106,NSE,EQ
718HP32-SG,5147649,SDL HP 7.18% 2032,,20108,NSE,EQ
718BR30-SG,5147905,SDL BR 7.18% 2030,,20109,NSE,EQ
GREENPOWER,136515332,ORIENT GREEN POWER COMPANY,533263,20110,BSE,EQ
1050SCL30-NU,5148417,,,20111,NSE,EQ
1003SCL30A-NV,5149697,,,20116,NSE,EQ
1075SCL33B-NW,5150209,,,20118,NSE,EQ
980SCL33-NX,5150721,,,20120,NSE,EQ
925SCL25G-NY,5152001,,,20125,NSE,EQ
965SCL25F-NZ,5153281,,,20130,NSE,EQ
RAMKY,136515076,RAMKY INFRASTRUCTURE,533262,20134,BSE,EQ
732GS2030-GS,5154817,GOI LOAN  7.32% 2030,,20136,NSE,EQ
BABAFP-SM,5156097,BABA FOOD PROCESSING,,20141,NSE,EQ
718AS30-SG,5157377,SDL AS 7.18% 2030,,20146,NSE,EQ
719AP34-SG,5157633,SDL AP 7.19% 2034,,20147,NSE,EQ
69GA30-SG,5157889,SDL GA 6.9% 2030,,20148,NSE,EQ
725GR2028-GS,5158657,GOI LOAN   7.25% 2028,,20151,NSE,EQ
ASKAUTOLTD,139269636,ASK AUTOMOTIVE ,544022,20152,BSE,EQ
69KA30-SG,5159425,SDL KA 6.9% 2030,,20154,NSE,EQ
69AS30-SG,5159681,SDL AS 6.9% 2030,,20155,NSE,EQ
ARIHANTSUP,129585668,ARIHANT SUPERSTRUCTURES LIMITE,506194,20159,BSE,EQ
CANTABIL,136516356,CANTABIL RETAIL INDIA,533267,20160,BSE,EQ
ROXHITECH-SM,5162753,ROX HI TECH,,20167,NSE,EQ
77GA33B-SG,5163777,SDL GA 7.7% 2033,,20171,NSE,EQ
77MH33A-SG,5164033,SDL MH 7.7% 2033,,20172,NSE,EQ
77MH34A-SG,5164289,SDL MH 7.7% 2034,,20173,NSE,EQ
AKSHARCHEM,134297092,AKSHARCHEM (INDIA),524598,20178,BSE,EQ
773UP34-SG,5165825,SDL UP 7.73% 2034,,20179,NSE,EQ
773UP35-SG,5166081,SDL UP 7.73% 2035,,20180,NSE,EQ
ASHOKA,136517380,ASHOKA BUILDCON,533271,20182,BSE,EQ
772AP38-SG,5166849,SDL AP 7.72% 2038,,20183,NSE,EQ
774HP38-SG,5167105,SDL HP 7.74% 2038,,20184,NSE,EQ
WABAG,136516868,VA TECH WABAG,533269,20188,BSE,EQ
773TS40-SG,5168385,SDL TS 7.73% 2040,,20189,NSE,EQ
769AP42-SG,5168641,SDL AP 7.69% 2042,,20190,NSE,EQ
BEDMUTHA,136517124,BEDMUTHA INDUSTRIES,533270,20196,BSE,EQ
76JK53A-SG,5170433,SDL JK 7.6% 2053,,20197,NSE,EQ
URJA,134908676,URJA GLOBAL,526987,20203,BSE,EQ
SUNREST-SM,5174529,SUNREST LIFESCIENCE,,20213,NSE,EQ
750GA30-SG,5175809,SDL GA 7.50% 2030,,20218,NSE,EQ
780HR30-SG,5176065,SDL HR 7.80% 2030,,20219,NSE,EQ
768UP34A-SG,5176321,SDL UP 7.68% 2034,,20220,NSE,EQ
77UP35-SG,5176577,SDL UP 7.7% 2035,,20221,NSE,EQ
767KA36-SG,5176833,SDL KA 7.67% 2036,,20222,NSE,EQ
JWL,136517636,JUPITER WAGONS,533272,20224,BSE,EQ
768TS37-SG,5177601,SDL TS 7.68% 2037,,20225,NSE,EQ
77BR38-SG,5177857,SDL BR 7.7% 2038,,20226,NSE,EQ
756JK48-SG,5178881,SDL JK 7.56% 2048,,20230,NSE,EQ
766ML32-SG,5179137,SDL ML 7.66% 2032,,20231,NSE,EQ
CLEDUCATE-BE,5179649,CL EDUCATE,,20233,NSE,EQ
765GA33-SG,5180929,SDL GA 7.65% 2033,,20238,NSE,EQ
765HR33B-SG,5181441,SDL HR 7.65% 2033,,20240,NSE,EQ
OBEROIRLTY,136517892,OBEROI REALTY,533273,20242,BSE,EQ
767NL33B-SG,5182209,SDL NL 7.67% 2033,,20243,NSE,EQ
768AR33-SG,5182465,SDL AR 7.68% 2033,,20244,NSE,EQ
ESILVER,5185793,EDELAMC - ESILVER,,20257,NSE,EQ
IREDA,139270660,INDIAN RENEWABLE ENERGY DEVELO,544026,20261,BSE,EQ
745GJ30-SG,5190913,SDL GJ 7.45% 2030,,20277,NSE,EQ
750AS30-SG,5191169,SDL AS 7.50% 2030,,20278,NSE,EQ
657GJ29-SG,5191425,SDL GJ 6.57% 2029,,20279,NSE,EQ
658AP30-SG,5191681,SDL AP 6.58% 2030,,20280,NSE,EQ
658KA30-SG,5193729,SDL KA 6.58% 2030,,20288,NSE,EQ
ROCKINGDCE-SM,5193985,ROCKINGDEALS CIRCU ECO L,,20289,NSE,EQ
TATATECH,139271172,TATA TECHNOLOGIES ,544028,20293,BSE,EQ
SHAH,136518404,SHAH METACORP,533275,20296,BSE,EQ
PRESTIGE,136518148,PRESTIGE ESTATES PROJECTS,533274,20302,BSE,EQ
GANDHAR,139271428,GANDHAR OIL REFINERY (INDIA) L,544029,20303,BSE,EQ
718AP28-SG,5199105,SDL AP 7.18% 2028,,20309,NSE,EQ
717HR29-SG,5199361,SDL HR 7.17% 2029,,20310,NSE,EQ
718AS29-SG,5199617,SDL AS 7.18% 2029,,20311,NSE,EQ
72JK29-SG,5199873,SDL JK 7.2% 2029,,20312,NSE,EQ
709KA30-SG,5200129,SDL KA 7.09% 2030,,20313,NSE,EQ
NRAIL,132116996,N.R.AGARWAL INDUSTRIES,516082,20314,BSE,EQ
SHANKARA,138348804,SHANKARA BUILDING PRODUCTS LIM,540425,20321,BSE,EQ
FEDFINA,139270916,FEDBANK FINANCIAL SERVICES LIM,544027,20322,BSE,EQ
RESPONIND,129410308,RESPONSIVE INDUSTRIES,505509,20323,BSE,EQ
CGCL,136088324,CAPRI GLOBAL CAPITAL,531595,20329,BSE,EQ
768TN30B-SG,5205761,SDL TN 7.68% 2030,,20335,NSE,EQ
774CG31-SG,5207553,SDL CG 7.74% 2031,,20342,NSE,EQ
771HR33-SG,5208065,SDL HR 7.71% 2033,,20344,NSE,EQ
774RJ33-SG,5208833,SDL RJ 7.74% 2033,,20347,NSE,EQ
775GA33-SG,5209089,SDL GA 7.75% 2033,,20348,NSE,EQ
775UP33-SG,5209345,SDL UP 7.75% 2033,,20349,NSE,EQ
773KA34-SG,5209601,SDL KA 7.73% 2034,,20350,NSE,EQ
775UP34-SG,5209857,SDL UP 7.75% 2034,,20351,NSE,EQ
774TS35-SG,5210113,SDL TS 7.74% 2035,,20352,NSE,EQ
775HR35A-SG,5210369,SDL HR 7.75% 2035,,20353,NSE,EQ
775RJ35-SG,5210625,SDL RJ 7.75% 2035,,20354,NSE,EQ
777AP35-SG,5210881,SDL AP 7.77% 2035,,20355,NSE,EQ
779PN36-SG,5211137,SDL PN 7.79% 2036,,20356,NSE,EQ
776MP37A-SG,5211393,SDL MP 7.76% 2037,,20357,NSE,EQ
720AS30-SG,5211649,SDL AS 7.20% 2030,,20358,NSE,EQ
704GJ30-SG,5211905,SDL GJ 7.04% 2030,,20359,NSE,EQ
779PN37-SG,5212161,SDL PN 7.79% 2037,,20360,NSE,EQ
777MN38-SG,5212417,SDL MN 7.77% 2038,,20361,NSE,EQ
771WB41-SG,5212673,SDL WB 7.71% 2041,,20362,NSE,EQ
771WB43-SG,5212929,SDL WB 7.71% 2043,,20363,NSE,EQ
771KL43-SG,5213185,SDL KL 7.71% 2043,,20364,NSE,EQ
774JK43-SG,5213441,SDL JK 7.74% 2043,,20365,NSE,EQ
764RJ49-SG,5213697,SDL RJ 7.64% 2049,,20366,NSE,EQ
758GJ26-SG,5213953,SDL GJ 7.58% 2026,,20367,NSE,EQ
765GJ29A-SG,5214209,SDL GJ 7.65% 2029,,20368,NSE,EQ
FLAIR,139271684,FLAIR WRITING INDUSTRIES LIMIT,544030,20372,BSE,EQ
COALINDIA,136519172,COAL INDIA,533278,20374,BSE,EQ
77AP29A-SG,5219841,SDL AP 7.7% 2029,,20390,NSE,EQ
773AP32A-SG,5220097,SDL AP 7.73% 2032,,20391,NSE,EQ
769KA33A-SG,5220353,SDL KA 7.69% 2033,,20392,NSE,EQ
772HR33-SG,5220609,SDL HR 7.72% 2033,,20393,NSE,EQ
774RJ33A-SG,5220865,SDL RJ 7.74% 2033,,20394,NSE,EQ
778NL33-SG,5221121,SDL NL 7.78% 2033,,20395,NSE,EQ
772KA35-SG,5221377,SDL KA 7.72% 2035,,20396,NSE,EQ
777PN36-SG,5221633,SDL PN 7.77% 2036,,20397,NSE,EQ
771AP37A-SG,5221889,SDL AP 7.71% 2037,,20398,NSE,EQ
772WB37-SG,5222145,SDL WB 7.72% 2037,,20399,NSE,EQ
781MZ37-SG,5222401,SDL MZ 7.81% 2037,,20400,NSE,EQ
774BR38-SG,5222657,SDL BR 7.74% 2038,,20401,NSE,EQ
764JK50-SG,5222913,SDL JK 7.64% 2050,,20402,NSE,EQ
CBAZAAR-SM,5223937,NET AVENUE TECHNOLOGIES L,,20406,NSE,EQ
MARINETRAN-SM,5224961,MARINETRANS INDIA,,20410,NSE,EQ
IOLCP,134185988,IOL CHEMICALS & PHARMACEUTICAL,524164,20413,BSE,EQ
SHEETAL-SM,5226241,SHEETAL UNIVERSAL,,20415,NSE,EQ
888IHFL25F-NC,5229313,,,20427,NSE,EQ
NACLIND-BE,5229825,NACL INDUSTRIES,,20429,NSE,EQ
CIFCZC25-ND,5230849,,,20433,NSE,EQ
850CIFCL26-NE,5231361,,,20435,NSE,EQ
CIFCZC26-NF,5231873,,,20437,NSE,EQ
860CIFCL28-NG,5233409,,,20443,NSE,EQ
CIFCZC28-NH,5233921,,,20445,NSE,EQ
724GR2033-GS,5234689,GOI LOAN 7.24% 2033,,20448,NSE,EQ
APCL,132631300,ANJANI PORTLAND CEMENT,518091,20453,BSE,EQ
GRAPHISAD-SM,5236225,GRAPHISADS,,20454,NSE,EQ
767TN30-SG,5240321,SDL TN 7.67% 2030,,20470,NSE,EQ
771AP31-SG,5240833,SDL AP 7.71% 2031,,20472,NSE,EQ
771HR33A-SG,5241601,SDL HR 7.71% 2033,,20475,NSE,EQ
774AS33A-SG,5241857,SDL AS 7.74% 2033,,20476,NSE,EQ
772KA35A-SG,5242113,SDL KA 7.72% 2035,,20477,NSE,EQ
771KA36-SG,5242369,SDL KA 7.71% 2036,,20478,NSE,EQ
766GJ30A-SG,5242625,SDL GJ 7.66% 2030,,20479,NSE,EQ
77TS38-SG,5242881,SDL TS 7.7% 2038,,20480,NSE,EQ
WIPL,5243137,THE WESTERN INDIA PLY,,20481,NSE,EQ
77AP38-SG,5243393,SDL AP 7.7% 2038,,20482,NSE,EQ
763JK53A-SG,5243649,SDL JK 7.63% 2053,,20483,NSE,EQ
ACCENTMIC-ST,5246977,ACCENT MICROCELL,,20496,NSE,EQ
PRESSTONIC-SM,5247489,PRESSTONIC ENGINEERING L,,20498,NSE,EQ
ASLIND-ST,5248769,ASL INDUSTRIES,,20503,NSE,EQ
720AR30-SG,5252609,SDL AR 7.20% 2030,,20518,NSE,EQ
724HR29-SG,5252865,SDL HR 7.24% 2029,,20519,NSE,EQ
PRUDMOULI,128087556,PRUDENTIAL SUGAR CORPORATION L,500342,20527,BSE,EQ
BAJEL,139274756,BAJEL PROJECTS ,544042,20531,BSE,EQ
AXISGOLD,136593924,AXIS MUTUAL FUND - AXIS GOLD E,533570,20532,BSE,EQ
GRAVITA,136520196,GRAVITA INDIA,533282,20534,BSE,EQ
SJLOGISTIC-SM,5258753,S J LOGISTICS (INDIA),,20542,NSE,EQ
715GA30-SG,5259777,SDL GA 7.15% 2030,,20546,NSE,EQ
BBNPPGOLD,139275012,BARODA BNP PARIBAS MUTUAL FUND,544043,20547,BSE,EQ
DOMS,139275524,DOMS INDUSTRIES ,544045,20551,BSE,EQ
INDIASHLTR,139275268,INDIA SHELTER FINANCE CORPORAT,544044,20556,BSE,EQ
DOLLAR,138599172,DOLLAR INDUSTRIES ,541403,20560,BSE,EQ
764AR30-SG,5265921,SDL AR 7.64% 2030,,20570,NSE,EQ
764GA30-SG,5266177,SDL GA 7.64% 2030,,20571,NSE,EQ
635AP27-SG,5266433,SDL AP 6.35% 2027,,20572,NSE,EQ
717KA29-SG,5266689,SDL KA 7.17% 2029,,20573,NSE,EQ
72AP30-SG,5266945,SDL AP 7.2% 2030,,20574,NSE,EQ
721AP31-SG,5267201,SDL AP 7.21% 2031,,20575,NSE,EQ
810ABHF28-N0,5270017,,,20586,NSE,EQ
802ABHF28-N1,5270529,,,20588,NSE,EQ
803ABHF27-N2,5271041,,,20590,NSE,EQ
813ABHF28-N3,5272321,,,20595,NSE,EQ
658GA30-SG,5273089,SDL GA 6.58% 2030,,20598,NSE,EQ
690AP27-SG,5273345,SDL AP 6.90% 2027,,20599,NSE,EQ
670AP26-SG,5273601,SDL AP 6.70% 2026,,20600,NSE,EQ
644GJ29-SG,5273857,SDL GJ 6.44% 2029,,20601,NSE,EQ
SHREEOSFM-SM,5274369,SHREE OSFM E-MOBILITY,,20603,NSE,EQ
INOXINDIA,139275780,INOX INDIA ,544046,20607,BSE,EQ
850TPL26-N0,5276673,,,20612,NSE,EQ
847TPL26-N1,5277185,,,20614,NSE,EQ
SUPERHOUSE,133960452,SUPERHOUSE,523283,20616,BSE,EQ
820TPL26-N2,5277953,,,20617,NSE,EQ
PENIND,131386372,PENNAR INDUSTRIES,513228,20621,BSE,EQ
TPL26-N3,5279233,,,20622,NSE,EQ
843TPL26-N4,5280769,,,20628,NSE,EQ
92LTF29-N4,5283329,,,20638,NSE,EQ
JINDWORLD,136075012,JINDAL WORLDWIDE,531543,20642,BSE,EQ
935LTF29-N5,5284609,,,20643,NSE,EQ
884LTF29-N6,5285889,,,20648,NSE,EQ
655AS30-SG,5287169,SDL AS 6.55% 2030,,20653,NSE,EQ
65AP30-SG,5287425,SDL AP 6.5% 2030,,20654,NSE,EQ
898LTF29-N7,5287681,,,20655,NSE,EQ
656AP31-SG,5290497,SDL AP 6.56% 2031,,20666,NSE,EQ
714GA30-SG,5290753,SDL GA 7.14% 2030,,20667,NSE,EQ
885LTF27-NE,5291777,,,20671,NSE,EQ
905LTF27-NF,5295873,,,20687,NSE,EQ
852LTF27-NG,5296385,,,20689,NSE,EQ
87LTF27-NH,5296897,,,20691,NSE,EQ
718GJ30-SG,5298177,SDL GJ 7.18% 2030,,20696,NSE,EQ
SCHAND,138367236,S CHAND AND COMPANY ,540497,20698,BSE,EQ
85LTF26-NM,5302529,,,20713,NSE,EQ
865LTF26-NN,5303041,,,20715,NSE,EQ
754AS28A-SG,5304833,SDL AS 7.54% 2028,,20722,NSE,EQ
755GJ31-SG,5305345,SDL GJ 7.55% 2031,,20724,NSE,EQ
763ML32-SG,5307137,SDL ML 7.63% 2032,,20731,NSE,EQ
762UP33-SG,5307393,SDL UP 7.62% 2033,,20732,NSE,EQ
763GA33-SG,5307649,SDL GA 7.63% 2033,,20733,NSE,EQ
763AR33-SG,5307905,SDL AR 7.63% 2033,,20734,NSE,EQ
762UP34-SG,5308161,SDL UP 7.62% 2034,,20735,NSE,EQ
706AP30-SG,5308673,SDL AP 7.06% 2030,,20737,NSE,EQ
765HP35-SG,5308929,SDL HP 7.65% 2035,,20738,NSE,EQ
762KL38-SG,5309185,SDL KL 7.62% 2038,,20739,NSE,EQ
76KA38-SG,5309441,SDL KA 7.6% 2038,,20740,NSE,EQ
763BR38-SG,5309697,SDL BR 7.63% 2038,,20741,NSE,EQ
761HP38-SG,5309953,SDL HP 7.61% 2038,,20742,NSE,EQ
763WB38-SG,5310209,SDL WB 7.63% 2038,,20743,NSE,EQ
764KA39-SG,5310465,SDL KA 7.64% 2039,,20744,NSE,EQ
758TS41-SG,5310721,SDL TS 7.58% 2041,,20745,NSE,EQ
771JK48-SG,5310977,SDL JK 7.71% 2048,,20746,NSE,EQ
815SHFL25-N0,5311233,,,20747,NSE,EQ
878MFL27-NH,5311745,,,20749,NSE,EQ
885MFL28-NI,5312257,,,20751,NSE,EQ
771HDFCB33-N0,5312769,,,20753,NSE,EQ
RPPINFRA,136520708,RPP INFRA PROJECTS,533284,20760,BSE,EQ
921ISFL25-N0,5315073,,,20762,NSE,EQ
960ISFL25-N1,5316353,,,20767,NSE,EQ
957ISFL26-N2,5316865,,,20769,NSE,EQ
10ISFL26-N3,5317377,,,20771,NSE,EQ
715AP31-SG,5317633,SDL AP 7.15% 2031,,20772,NSE,EQ
715AP32-SG,5317889,SDL AP 7.15% 2032,,20773,NSE,EQ
705AS30-SG,5318145,SDL AS 7.05% 2030,,20774,NSE,EQ
712HR40-SG,5318401,SDL HR 7.12% 2040,,20775,NSE,EQ
BHAGYANGR,131147780,BHAGYANAGAR INDIA,512296,20776,BSE,EQ
JAMNAAUTO,133133060,JAMNA AUTO INDUSTRIES,520051,20778,BSE,EQ
1003ISFL28-N4,5319425,,,20779,NSE,EQ
1050ISFL28-N5,5320705,,,20784,NSE,EQ
80409TCH27-NC,5321217,,,20786,NSE,EQ
MOTISONS,139277572,MOTISONS JEWELLERS ,544053,20788,BSE,EQ
SUMEETINDS-BE,5323265,SUMEET IND,,20794,NSE,EQ
707JK30-SG,5323777,SDL JK 7.07% 2030,,20796,NSE,EQ
708KA31-SG,5324033,SDL KA 7.08% 2031,,20797,NSE,EQ
IRBINVIT-IV,5329153,IRB INVIT FUND,,20817,NSE,EQ
SURAJEST,139277828,SURAJ ESTATE DEVELOPERS LIMITE,544054,20822,BSE,EQ
HUDCO,138375684,HOUSING &URBAN DEVELOPMENT COR,540530,20825,BSE,EQ
MOIL,136521220,MOIL,533286,20830,BSE,EQ
MUTHOOTMF,139278084,MUTHOOT MICROFIN ,544055,20831,BSE,EQ
765NBFID38-N0,5335297,,,20841,NSE,EQ
779SIDBI27-N0,5335809,,,20843,NSE,EQ
72HP35-SG,5336065,SDL HP 7.2% 2035,,20844,NSE,EQ
716KA30-SG,5336321,SDL KA 7.16% 2030,,20845,NSE,EQ
717HP30-SG,5336577,SDL HP 7.17% 2030,,20846,NSE,EQ
768IREDA33-N8,5337089,,,20848,NSE,EQ
717HR30-SG,5337345,SDL HR 7.17% 2030,,20849,NSE,EQ
722AS30-SG,5337601,SDL AS 7.22% 2030,,20850,NSE,EQ
702AS30-SG,5337857,SDL AS 7.02% 2030,,20851,NSE,EQ
ZEELEARN,136521476,ZEE LEARN,533287,20852,BSE,EQ
HAPPYFORGE,139278596,HAPPY FORGINGS ,544057,20854,BSE,EQ
695HP34-SG,5339649,SDL HP 6.95% 2034,,20858,NSE,EQ
695HP33-SG,5339905,SDL HP 6.95% 2033,,20859,NSE,EQ
696HR40-SG,5340161,SDL HR 6.96% 2040,,20860,NSE,EQ
699AR30-SG,5340417,SDL AR 6.99% 2030,,20861,NSE,EQ
699GA30-SG,5340673,SDL GA 6.99% 2030,,20862,NSE,EQ
702AP30-SG,5340929,SDL AP 7.02% 2030,,20863,NSE,EQ
697KA28-SG,5341185,SDL KA 6.97% 2028,,20864,NSE,EQ
RBZJEWEL,139279364,RBZ JEWELLERS ,544060,20874,BSE,EQ
PSPPROJECT,138379268,PSP PROJECTS ,540544,20877,BSE,EQ
MUFTI,139278852,CREDO BRANDS MARKETING ,544058,20878,BSE,EQ
EFORCE-SM,5350145,ELECTRO FORCE (INDIA),,20899,NSE,EQ
813PNBH33-N0,5351169,,,20903,NSE,EQ
AZAD,139279620,AZAD ENGINEERING ,544061,20905,BSE,EQ
A2ZINFRA,136522756,A2Z INFRA ENGINEERING,533292,20906,BSE,EQ
697KA30-SG,5353473,SDL KA 6.97% 2030,,20912,NSE,EQ
672GA30-SG,5353729,SDL GA 6.72% 2030,,20913,NSE,EQ
672AP28-SG,5353985,SDL AP 6.72% 2028,,20914,NSE,EQ
722AS29-SG,5354241,SDL AS 7.22% 2029,,20915,NSE,EQ
722GA29-SG,5354497,SDL GA 7.22% 2029,,20916,NSE,EQ
724AS30-SG,5354753,SDL AS 7.24% 2030,,20917,NSE,EQ
717KA30-SG,5355009,SDL KA 7.17% 2030,,20918,NSE,EQ
715AP36-SG,5355265,SDL AP 7.15% 2036,,20919,NSE,EQ
654GA30-SG,5355777,SDL GA 6.54% 2030,,20921,NSE,EQ
648AP27-SG,5356033,SDL AP 6.48% 2027,,20922,NSE,EQ
654AP30-SG,5356289,SDL AP 6.54% 2030,,20923,NSE,EQ
74GJ26-SG,5357057,SDL GJ 7.4% 2026,,20926,NSE,EQ
758GJ32-SG,5357313,SDL GJ 7.58% 2032,,20927,NSE,EQ
766TN33-SG,5357569,SDL TN 7.66% 2033,,20928,NSE,EQ
JALAN-SM,5357825,JALAN TRANSOLU. INDIA,,20929,NSE,EQ
767UK33A-SG,5358337,SDL UK 7.67% 2033,,20931,NSE,EQ
756TN53A-SG,5358849,SDL TN 7.56% 2053,,20933,NSE,EQ
KIRLOSENG,136523012,KIRLOSKAR OIL ENGINES,533293,20936,BSE,EQ
767GA33A-SG,5359873,SDL GA 7.67% 2033,,20937,NSE,EQ
767UP33-SG,5360129,SDL UP 7.67% 2033,,20938,NSE,EQ
767RJ33-SG,5361153,SDL RJ 7.67% 2033,,20942,NSE,EQ
765UP34-SG,5361409,SDL UP 7.65% 2034,,20943,NSE,EQ
767HR35-SG,5361665,SDL HR 7.67% 2035,,20944,NSE,EQ
768KA37-SG,5361921,SDL KA 7.68% 2037,,20945,NSE,EQ
764WB43A-SG,5362177,SDL WB 7.64% 2043,,20946,NSE,EQ
772JK43-SG,5362433,SDL JK 7.72% 2043,,20947,NSE,EQ
762KL44-SG,5362689,SDL KL 7.62% 2044,,20948,NSE,EQ
RKDL,136523268,RAVI KUMAR DISTILLERIES,533294,20950,BSE,EQ
SUNCLAY,139280900,SUNDARAM-CLAYTON,544066,20956,BSE,EQ
719JK29-SG,5365505,SDL JK 7.19% 2029,,20959,NSE,EQ
72AS29-SG,5365761,SDL AS 7.2% 2029,,20960,NSE,EQ
798AP31-SG,5366017,SDL AP 7.98% 2031,,20961,NSE,EQ
8AR30-SG,5366529,SDL AR 8% 2030,,20963,NSE,EQ
780KA30-SG,5366785,SDL KA 7.80% 2030,,20964,NSE,EQ
793KA31-SG,5367041,SDL KA 7.93% 2031,,20965,NSE,EQ
925SCL25H-Y0,5367809,,,20968,NSE,EQ
965SCL25B-Y1,5368321,,,20970,NSE,EQ
888SCL25B-Y2,5368833,,,20972,NSE,EQ
VSCL-SM,5369089,VADIVARHE SPCLTY CHEM,,20973,NSE,EQ
925SCL25B-Y3,5370113,,,20977,NSE,EQ
SCLZC25E-Y4,5371393,,,20982,NSE,EQ
SCLZC25F-Y5,5371905,,,20984,NSE,EQ
940SCL26B-Y6,5372417,,,20986,NSE,EQ
INDIGRID-IV,5372929,INDIGRID INFRASTRUCT TRST,,20988,NSE,EQ
990SCL26B-Y7,5374721,,,20995,NSE,EQ
948SCL26B-Y8,5376001,,,21000,NSE,EQ
PSB,136523524,PUNJAB & SIND BANK,533295,21001,BSE,EQ
SCLZC26F-Y9,5376769,,,21003,NSE,EQ
SCLZC26G-YA,5378049,,,21008,NSE,EQ
965SCL28B-YB,5378561,,,21010,NSE,EQ
925SCL28B-YC,5380097,,,21016,NSE,EQ
FMNL,136523780,FUTURE MARKET NETWORKS,533296,21017,BSE,EQ
971SCL28B-YD,5380865,,,21019,NSE,EQ
980SCL33D-YG,5382145,,,21024,NSE,EQ
835SCL23A-YH,5382657,,,21026,NSE,EQ
875SCL23A-YI,5383169,,,21028,NSE,EQ
1025SCL33-YJ,5383681,,,21030,NSE,EQ
8HR30-SG,5383937,SDL HR 8% 2030,,21031,NSE,EQ
726GJ29-SG,5384193,SDL GJ 7.26% 2029,,21032,NSE,EQ
726AS29-SG,5384705,SDL AS 7.26% 2029,,21034,NSE,EQ
648AP32-SG,5385985,SDL AP 6.48% 2032,,21039,NSE,EQ
641GA30-SG,5386241,SDL GA 6.41% 2030,,21040,NSE,EQ
1075SCL33-YK,5386753,,,21042,NSE,EQ
980SCL33B-YL,5387265,,,21044,NSE,EQ
795JK30-SG,5387777,SDL JK 7.95% 2030,,21046,NSE,EQ
788GA30-SG,5388033,SDL GA 7.88% 2030,,21047,NSE,EQ
8AS30-SG,5388289,SDL AS 8% 2030,,21048,NSE,EQ
773GJ29-SG,5388545,SDL GJ 7.73% 2029,,21049,NSE,EQ
780AP33-SG,5388801,SDL AP 7.80% 2033,,21050,NSE,EQ
73HP30-SG,5389057,SDL HP 7.3% 2030,,21051,NSE,EQ
699GJ26-SG,5389569,SDL GJ 6.99% 2026,,21053,NSE,EQ
688AP35-SG,5389825,SDL AP 6.88% 2035,,21054,NSE,EQ
835SCL23B-YM,5390337,,,21056,NSE,EQ
INDIFRA-ST,5391617,INDIFRA,,21061,NSE,EQ
INNOVACAP,139281156,INNOVA CAPTAB,544067,21062,BSE,EQ
SUPREMEPWR-SM,5393153,SUPREME POWER EQUIPMENT L,,21067,NSE,EQ
SURANASOL,136524292,SURANA SOLAR,533298,21077,BSE,EQ
TECHLABS-SM,5395969,TRIDENT TECHLABS,,21078,NSE,EQ
STARCEMENT,138387204,STAR CEMENT ,540575,21091,BSE,EQ
SHEKHAWATI,136525060,SHEKHAWATI INDUSTRIES,533301,21095,BSE,EQ
SAIFL-SM,5400577,SAMEERA AGRO AND INFRA L,,21096,NSE,EQ
HRHNEXT-SM,5403393,HRH NEXT SERVICES,,21107,NSE,EQ
BFINVEST,136525572,BF INVESTMENT,533303,21113,BSE,EQ
KICL,136525316,KALYANI INVESTMENT COMPANY,533302,21119,BSE,EQ
AKANKSHA-SM,5406977,AKANKSHA POWER N INFRA L,,21121,NSE,EQ
TEJASNET,138392324,TEJAS NETWORKS ,540595,21131,BSE,EQ
743GJ27-SG,5410049,SDL GJ 7.43% 2027,,21133,NSE,EQ
688AP34-SG,5411329,SDL AP 6.88% 2034,,21138,NSE,EQ
694GA30-SG,5411585,SDL GA 6.94% 2030,,21139,NSE,EQ
629HP26-SG,5411841,SDL HP 6.29% 2026,,21140,NSE,EQ
695HP29-SG,5412097,SDL HP 6.95% 2029,,21141,NSE,EQ
747GJ28-SG,5414913,SDL GJ 7.47% 2028,,21152,NSE,EQ
774AP32A-SG,5415169,SDL AP 7.74% 2032,,21153,NSE,EQ
ERIS,138392580,ERIS LIFESCIENCES ,540596,21154,BSE,EQ
774KA34-SG,5415681,SDL KA 7.74% 2034,,21155,NSE,EQ
774RJ34-SG,5415937,SDL RJ 7.74% 2034,,21156,NSE,EQ
692BR32-SG,5417217,SDL BR 6.92% 2032,,21161,NSE,EQ
695AS30-SG,5417473,SDL AS 6.95% 2030,,21162,NSE,EQ
773KA35A-SG,5417729,SDL KA 7.73% 2035,,21163,NSE,EQ
774AP36A-SG,5417985,SDL AP 7.74% 2036,,21164,NSE,EQ
778PN37-SG,5418241,SDL PN 7.78% 2037,,21165,NSE,EQ
779PN38-SG,5418497,SDL PN 7.79% 2038,,21166,NSE,EQ
773BR39-SG,5418753,SDL BR 7.73% 2039,,21167,NSE,EQ
77AP43A-SG,5419009,SDL AP 7.7% 2043,,21168,NSE,EQ
724GJ29-SG,5419265,SDL GJ 7.24% 2029,,21169,NSE,EQ
KCEIL-SM,5420289,KAY CEE ENERGY & INFRA L,,21173,NSE,EQ
CDSL,5420545,CENTRAL DEPO SER (I),,21174,NSE,EQ
KLL-SM,5423617,KAUSHALYA LOGISTICS,,21186,NSE,EQ
855TCAPS27-N7,5425665,,,21194,NSE,EQ
GTPL,138394116,GTPL HATHWAY ,540602,21195,BSE,EQ
865TCAPS27-N8,5426433,,,21197,NSE,EQ
730AS29-SG,5430529,SDL AS 7.30% 2029,,21213,NSE,EQ
728GJ29-SG,5430785,SDL GJ 7.28% 2029,,21214,NSE,EQ
654GJ30-SG,5431297,SDL GJ 6.54% 2030,,21216,NSE,EQ
ACCORD-SM,5431553,ACCORD SYNERGY,,21217,NSE,EQ
9TCAP28-N9,5432577,,,21221,NSE,EQ
910TCAP28-NA,5433601,,,21225,NSE,EQ
875TCAPS29-NB,5434113,,,21227,NSE,EQ
885TCAPS29-NC,5434625,,,21229,NSE,EQ
815LTF27-NO,5435137,,,21231,NSE,EQ
9HFL34-N0,5435649,,,21233,NSE,EQ
657AP30-SG,5436161,SDL AP 6.57% 2030,,21235,NSE,EQ
703HR40-SG,5436417,SDL HR 7.03% 2040,,21236,NSE,EQ
705AP31-SG,5436673,SDL AP 7.05% 2031,,21237,NSE,EQ
AUBANK,138396420,AU SMALL FINANCE BANK ,540611,21238,BSE,EQ
78NABARD27-N0,5437185,,,21239,NSE,EQ
DIGIDRIVE,139284228,DIGIDRIVE DISTRIBUTORS,544079,21247,BSE,EQ
AXISNIFTY,5440513,AXISAMC - AXISNIFTY,,21252,NSE,EQ
LOWVOLIETF,138396676,ICICI PRUDENTIAL NIFTY LOW VOL,540612,21254,BSE,EQ
753AS29-SG,5442305,SDL AS 7.53% 2029,,21259,NSE,EQ
TRANSWIND-SM,5442561,TRANSWIND INFRA,,21260,NSE,EQ
764GJ31-SG,5443073,SDL GJ 7.64% 2031,,21262,NSE,EQ
766GJ32-SG,5443585,SDL GJ 7.66% 2032,,21264,NSE,EQ
772TN34-SG,5444865,SDL TN 7.72% 2034,,21269,NSE,EQ
778AS34-SG,5445121,SDL AS 7.78% 2034,,21270,NSE,EQ
772MH35-SG,5445377,SDL MH 7.72% 2035,,21271,NSE,EQ
776KL35-SG,5445633,SDL KL 7.76% 2035,,21272,NSE,EQ
773MH36-SG,5445889,SDL MH 7.73% 2036,,21273,NSE,EQ
774KA36-SG,5446145,SDL KA 7.74% 2036,,21274,NSE,EQ
SUMMITSEC,136526340,SUMMIT SECURITIES,533306,21275,BSE,EQ
777HR36-SG,5446657,SDL HR 7.77% 2036,,21276,NSE,EQ
778PY36-SG,5446913,SDL PY 7.78% 2036,,21277,NSE,EQ
772KA37-SG,5447937,SDL KA 7.72% 2037,,21281,NSE,EQ
771KA38-SG,5448449,SDL KA 7.71% 2038,,21283,NSE,EQ
768JK44-SG,5449729,SDL JK 7.68% 2044,,21288,NSE,EQ
777IREDA27-N9,5454849,,,21308,NSE,EQ
DYNPRO,136372996,DYNEMIC PRODUCTS,532707,21314,BSE,EQ
765PGCIL34-N0,5456641,,,21315,NSE,EQ
SEITINVIT-IV,5458177,SUSTAINABLE ENERGY INFRA,,21321,NSE,EQ
840CIFCL27-NI,5459201,,,21325,NSE,EQ
JYOTICNC,139284740,JYOTI CNC AUTOMATION ,544081,21334,BSE,EQ
STEELXIND,136895492,STEEL EXCHANGE INDIA,534748,21339,BSE,EQ
IBLFL-SM,5465089,IBL FINANCE,,21348,NSE,EQ
SALASAR,138404356,SALASAR TECHNO ENGINEERING LIM,540642,21362,BSE,EQ
702BR30-SG,5472001,SDL BR 7.02% 2030,,21375,NSE,EQ
PALASHSECU,138405892,PALASH SECURITIES ,540648,21383,BSE,EQ
66GA30-SG,5475585,SDL GA 6.6% 2030,,21389,NSE,EQ
649KA30-SG,5475841,SDL KA 6.49% 2030,,21390,NSE,EQ
MAGADSUGAR,138406404,MAGADH SUGAR & ENERGY ,540650,21392,BSE,EQ
757NHB31-N8,5476865,,,21394,NSE,EQ
GANGESSECU,138405636,GANGES SECURITIES,540647,21399,BSE,EQ
TATAGOLD,151075844,TATA MUTUAL FUND - PERMITTED,590140,21401,BSE,EQ
AVADHSUGAR,138406148,AVADH SUGAR & ENERGY,540649,21406,BSE,EQ
651KA31-SG,5483265,SDL KA 6.51% 2031,,21419,NSE,EQ
647GJ30-SG,5484033,SDL GJ 6.47% 2030,,21422,NSE,EQ
MOM100,137461764,MOTILAL OSWAL MUTUAL FUND - MO,536960,21423,BSE,EQ
THEINVEST,135685892,THE INVESTMENT TRUST OF INDIA,530023,21427,BSE,EQ
TATSILV,5485569,TATAAML-TATSILV,,21428,NSE,EQ
APS-SM,5491457,AUSTRALIAN PREM SOLAR I L,,21451,NSE,EQ
793THDC34-N0,5494529,,,21463,NSE,EQ
OPTIEMUS,135714564,OPTIEMUS INFRACOM,530135,21469,BSE,EQ
771REC27-NJ,5496321,,,21470,NSE,EQ
UTINEXT50,138411268,UTI MUTUAL FUND,540669,21478,BSE,EQ
STEL,136528900,STEL HOLDINGS,533316,21484,BSE,EQ
764REC34-NK,5500161,,,21485,NSE,EQ
764AP31-SG,5502465,SDL AP 7.64% 2031,,21494,NSE,EQ
768AS31-SG,5502977,SDL AS 7.68% 2031,,21496,NSE,EQ
768CG32-SG,5503745,SDL CG 7.68% 2032,,21499,NSE,EQ
764GJ33-SG,5504001,SDL GJ 7.64% 2033,,21500,NSE,EQ
SIS,138412292,SIS,540673,21501,BSE,EQ
767CG33-SG,5504513,SDL CG 7.67% 2033,,21502,NSE,EQ
764GJ34-SG,5504769,SDL GJ 7.64% 2034,,21503,NSE,EQ
COCHINSHIP,138413572,COCHIN SHIPYARD ,540678,21508,BSE,EQ
767HP34-SG,5506305,SDL HP 7.67% 2034,,21509,NSE,EQ
767AP38A-SG,5506561,SDL AP 7.67% 2038,,21510,NSE,EQ
764HP39-SG,5507073,SDL HP 7.64% 2039,,21512,NSE,EQ
768KA39-SG,5507329,SDL KA 7.68% 2039,,21513,NSE,EQ
773BR39A-SG,5513985,SDL BR 7.73% 2039,,21539,NSE,EQ
769KA40-SG,5514241,SDL KA 7.69% 2040,,21540,NSE,EQ
76TS43-SG,5514753,SDL TS 7.6% 2043,,21542,NSE,EQ
76AP44-SG,5515009,SDL AP 7.6% 2044,,21543,NSE,EQ
76TS47-SG,5516033,SDL TS 7.6% 2047,,21547,NSE,EQ
756TN54-SG,5516289,SDL TN 7.56% 2054,,21548,NSE,EQ
655AP28-SG,5516545,SDL AP 6.55% 2028,,21549,NSE,EQ
727AS29-SG,5516801,SDL AS 7.27% 2029,,21550,NSE,EQ
SMSLIFE,138413828,SMS LIFESCIENCES INDIA,540679,21551,BSE,EQ
835SMFG27-N0,5522433,,,21572,NSE,EQ
COMSYN,138236420,COMMERCIAL SYN BAGS ,539986,21578,BSE,EQ
ABCAPITAL,138416900,ADITYA BIRLA CAPITAL,540691,21614,BSE,EQ
875GFL27-N0,5533441,,,21615,NSE,EQ
757IRFC29-NP,5534977,,,21621,NSE,EQ
APEX,138417156,APEX FROZEN FOODS ,540692,21623,BSE,EQ
840TPL28-N2,5535745,,,21624,NSE,EQ
624HR26-SG,5539841,SDL HR 6.24% 2026,,21640,NSE,EQ
729BR30-SG,5540353,SDL BR 7.29% 2030,,21642,NSE,EQ
729AP30-SG,5540609,SDL AP 7.29% 2030,,21643,NSE,EQ
724AP33-SG,5540865,SDL AP 7.24% 2033,,21644,NSE,EQ
724AP35-SG,5541121,SDL AP 7.24% 2035,,21645,NSE,EQ
728JK30-SG,5541377,SDL JK 7.28% 2030,,21646,NSE,EQ
639AP26-SG,5541633,SDL AP 6.39% 2026,,21647,NSE,EQ
66GJ29-SG,5542401,SDL GJ 6.6% 2029,,21650,NSE,EQ
730JK29-SG,5542657,SDL JK 7.30% 2029,,21651,NSE,EQ
840TPL26-N0,5544705,,,21659,NSE,EQ
840TPL27-N1,5549313,,,21677,NSE,EQ
BRNL,138419204,BHARAT ROAD NETWORK ,540700,21683,BSE,EQ
840TPL29-N3,5551105,,,21684,NSE,EQ
DIXON,138418948,DIXON TECHNOLOGIES (INDIA) LIM,540699,21690,BSE,EQ
MAXPOSURE-SM,5552897,MAXPOSURE,,21691,NSE,EQ
MANAV-ST,5554689,MANAV INFRA PROJECTS,,21698,NSE,EQ
DCAL,138419460,DISHMAN CARBOGEN AMCIS ,540701,21704,BSE,EQ
MEDIASSIST,139286532,MEDI ASSIST HEALTHCARE SERVICE,544088,21705,BSE,EQ
723KA28-SG,5557761,SDL KA 7.23% 2028,,21710,NSE,EQ
68PN26-SG,5558017,SDL PN 6.8% 2026,,21711,NSE,EQ
665PN50-SG,5559297,SDL PN 6.65% 2050,,21716,NSE,EQ
73PN34-SG,5559553,SDL PN 7.3% 2034,,21717,NSE,EQ
67PN30-SG,5560065,SDL PN 6.7% 2030,,21719,NSE,EQ
LASA-BE,5561089,LASA SUPERGENERICS,,21723,NSE,EQ
MATRIMONY,138420228,MATRIMONY.COM ,540704,21726,BSE,EQ
737GR2054-GS,5564161,GOI LOAN   7.37% 2054,,21735,NSE,EQ
CHOLAHLDNG,129273092,CHOLAMANDALAM FINANCIAL HOLDIN,504973,21740,BSE,EQ
775SIDBI27-N1,5565697,,,21741,NSE,EQ
EDUCOMP-BZ,5567233,EDUCOMP SOLUTIONS,,21747,NSE,EQ
CAPACITE,138421764,CAPACIT'E INFRAPROJECTS LIMITE,540710,21749,BSE,EQ
LIQUIDCASE,139286788,ZERODHA NIFTY 1D RATE LIQUID ETF,544089,21750,BSE,EQ
832TFSIL29-N0,5570561,,,21760,NSE,EQ
83645TFS27-N1,5572353,,,21767,NSE,EQ
ICICIGI,138423300,ICICI LOMBARD GENERAL INSURANC,540716,21770,BSE,EQ
672PN30-SG,5577217,SDL PN 6.72% 2030,,21786,NSE,EQ
697PN40-SG,5577985,SDL PN 6.97% 2040,,21789,NSE,EQ
MPTODAY-SM,5578753,M P TODAY MEDIA,,21792,NSE,EQ
DAVANGERE,139076356,DAVANGERE SUGAR COMPANY LIMITE,543267,21794,BSE,EQ
SBILIFE,138424068,SBI LIFE INSURANCE COMPANY LIM,540719,21808,BSE,EQ
773KA41-SG,5585409,SDL KA 7.73% 2041,,21818,NSE,EQ
767KA42-SG,5585921,SDL KA 7.67% 2042,,21820,NSE,EQ
CADSYS-SM,5586689,CADSYS (INDIA),,21823,NSE,EQ
77AP42-SG,5587201,SDL AP 7.7% 2042,,21825,NSE,EQ
766WB43-SG,5587713,SDL WB 7.66% 2043,,21827,NSE,EQ
TEXRAIL,136531460,TEXMACO RAIL & ENGINEERING,533326,21828,BSE,EQ
759TN44-SG,5588225,SDL TN 7.59% 2044,,21829,NSE,EQ
759TS46-SG,5588481,SDL TS 7.59% 2046,,21830,NSE,EQ
DIAMONDYD,138425348,PRATAAP SNACKS ,540724,21840,BSE,EQ
758TN54-SG,5591297,SDL TN 7.58% 2054,,21841,NSE,EQ
766RJ31-SG,5591553,SDL RJ 7.66% 2031,,21842,NSE,EQ
767CG31-SG,5593345,SDL CG 7.67% 2031,,21849,NSE,EQ
768JH32-SG,5593857,SDL JH 7.68% 2032,,21851,NSE,EQ
763GJ33-SG,5595137,SDL GJ 7.63% 2033,,21856,NSE,EQ
763GJ34-SG,5595649,SDL GJ 7.63% 2034,,21858,NSE,EQ
767RJ34-SG,5596929,SDL RJ 7.67% 2034,,21863,NSE,EQ
769GA34-SG,5597441,SDL GA 7.69% 2034,,21865,NSE,EQ
TIRUPATI-SM,5598209,SHREE TIRUPATI BALAJEE,,21868,NSE,EQ
768AP37-SG,5598721,SDL AP 7.68% 2037,,21870,NSE,EQ
773MZ39-SG,5599233,SDL MZ 7.73% 2039,,21872,NSE,EQ
774BR39-SG,5600513,SDL BR 7.74% 2039,,21877,NSE,EQ
771MP40-SG,5601025,SDL MP 7.71% 2040,,21879,NSE,EQ
722PN32-SG,5604609,SDL PN 7.22% 2032,,21893,NSE,EQ
730PN31-SG,5604865,SDL PN 7.30% 2031,,21894,NSE,EQ
692PN35-SG,5605121,SDL PN 6.92% 2035,,21895,NSE,EQ
705KL30-SG,5606145,SDL KL 7.05% 2030,,21899,NSE,EQ
655KL30-SG,5606657,SDL KL 6.55% 2030,,21901,NSE,EQ
673KL28-SG,5607169,SDL KL 6.73% 2028,,21903,NSE,EQ
791KL30-SG,5607425,SDL KL 7.91% 2030,,21904,NSE,EQ
810KL32-SG,5607681,SDL KL 8.10% 2032,,21905,NSE,EQ
896KL35-SG,5607937,SDL KL 8.96% 2035,,21906,NSE,EQ
728KL30-SG,5608449,SDL KL 7.28% 2030,,21908,NSE,EQ
65KL27-SG,5608705,SDL KL 6.5% 2027,,21909,NSE,EQ
663KL30-SG,5608961,SDL KL 6.63% 2030,,21910,NSE,EQ
718KL29-SG,5609473,SDL KL 7.18% 2029,,21912,NSE,EQ
684KL30-SG,5609729,SDL KL 6.84% 2030,,21913,NSE,EQ
716KL30-SG,5609985,SDL KL 7.16% 2030,,21914,NSE,EQ
703KL30-SG,5610241,SDL KL 7.03% 2030,,21915,NSE,EQ
67KL27-SG,5610497,SDL KL 6.7% 2027,,21916,NSE,EQ
642MN30-SG,5611265,SDL MN 6.42% 2030,,21919,NSE,EQ
705MN30-SG,5611521,SDL MN 7.05% 2030,,21920,NSE,EQ
656MN30-SG,5611777,SDL MN 6.56% 2030,,21921,NSE,EQ
699MN30-SG,5612033,SDL MN 6.99% 2030,,21922,NSE,EQ
8MN30-SG,5612289,SDL MN 8% 2030,,21923,NSE,EQ
68MN30-SG,5612545,SDL MN 6.8% 2030,,21924,NSE,EQ
695MN30-SG,5612801,SDL MN 6.95% 2030,,21925,NSE,EQ
69MN30-SG,5613057,SDL MN 6.9% 2030,,21926,NSE,EQ
57KA26-SG,5613313,SDL KA 5.7% 2026,,21927,NSE,EQ
612KA27-SG,5613825,SDL KA 6.12% 2027,,21929,NSE,EQ
609KA28-SG,5614081,SDL KA 6.09% 2028,,21930,NSE,EQ
654MH30-SG,5614593,SDL MH 6.54% 2030,,21932,NSE,EQ
778MH29-SG,5614849,SDL MH 7.78% 2029,,21933,NSE,EQ
76MH30-SG,5615105,SDL MH 7.6% 2030,,21934,NSE,EQ
657MH31-SG,5615617,SDL MH 6.57% 2031,,21936,NSE,EQ
66MH31-SG,5615873,SDL MH 6.6% 2031,,21937,NSE,EQ
698MH28-SG,5616385,SDL MH 6.98% 2028,,21939,NSE,EQ
783MH30-SG,5616641,SDL MH 7.83% 2030,,21940,NSE,EQ
714MH29-SG,5616897,SDL MH 7.14% 2029,,21941,NSE,EQ
727MH30-SG,5617153,SDL MH 7.27% 2030,,21942,NSE,EQ
70MH28-SG,5617665,SDL MH 7.0% 2028,,21944,NSE,EQ
697MH28-SG,5618177,SDL MH 6.97% 2028,,21946,NSE,EQ
624MH28-SG,5618433,SDL MH 6.24% 2028,,21947,NSE,EQ
658MP35-SG,5618689,SDL MP 6.58% 2035,,21948,NSE,EQ
652MP35-SG,5618945,SDL MP 6.52% 2035,,21949,NSE,EQ
729MP35-SG,5619201,SDL MP 7.29% 2035,,21950,NSE,EQ
HFCL,128046852,HFCL,500183,21951,BSE,EQ
833TPL27-N5,5619969,,,21953,NSE,EQ
INDTERRAIN,136532228,INDIAN TERRAIN FASHIONS,533329,21957,BSE,EQ
NIFTYBETF,139287556,BAJAJ FINSERV MUTUAL FUND,544092,21959,BSE,EQ
711MP30-SG,5622529,SDL MP 7.11% 2030,,21963,NSE,EQ
704MP30-SG,5623041,SDL MP 7.04% 2030,,21965,NSE,EQ
712MP35-SG,5623297,SDL MP 7.12% 2035,,21966,NSE,EQ
719MP40-SG,5623553,SDL MP 7.19% 2040,,21967,NSE,EQ
664MP30-SG,5624577,SDL MP 6.64% 2030,,21971,NSE,EQ
718MP30-SG,5624833,SDL MP 7.18% 2030,,21972,NSE,EQ
717MP35-SG,5625089,SDL MP 7.17% 2035,,21973,NSE,EQ
657MP30-SG,5625601,SDL MP 6.57% 2030,,21975,NSE,EQ
717MP29-SG,5625857,SDL MP 7.17% 2029,,21976,NSE,EQ
721MP34-SG,5626113,SDL MP 7.21% 2034,,21977,NSE,EQ
698MP30-SG,5626369,SDL MP 6.98% 2030,,21978,NSE,EQ
694MP35-SG,5626625,SDL MP 6.94% 2035,,21979,NSE,EQ
729MP30-SG,5626881,SDL MP 7.29% 2030,,21980,NSE,EQ
673MP30-SG,5627137,SDL MP 6.73% 2030,,21981,NSE,EQ
735MP29-SG,5627393,SDL MP 7.35% 2029,,21982,NSE,EQ
689MP35-SG,5627649,SDL MP 6.89% 2035,,21983,NSE,EQ
BANKBETF,139287812,BAJAJ FINSERV MUTUAL FUND,544093,21986,BSE,EQ
709MP30-SG,5629697,SDL MP 7.09% 2030,,21991,NSE,EQ
669MP30-SG,5629953,SDL MP 6.69% 2030,,21992,NSE,EQ
652NL30-SG,5630209,SDL NL 6.52% 2030,,21993,NSE,EQ
705NL30-SG,5630465,SDL NL 7.05% 2030,,21994,NSE,EQ
80NL30-SG,5630721,SDL NL 8.0% 2030,,21995,NSE,EQ
72NL29-SG,5630977,SDL NL 7.2% 2029,,21996,NSE,EQ
703NL30-SG,5631233,SDL NL 7.03% 2030,,21997,NSE,EQ
729NL29-SG,5631489,SDL NL 7.29% 2029,,21998,NSE,EQ
652ML30-SG,5634305,SDL ML 6.52% 2030,,22009,NSE,EQ
720ML30-SG,5634561,SDL ML 7.20% 2030,,22010,NSE,EQ
72ML29-SG,5634817,SDL ML 7.2% 2029,,22011,NSE,EQ
704ML30-SG,5635073,SDL ML 7.04% 2030,,22012,NSE,EQ
729ML29-SG,5635329,SDL ML 7.29% 2029,,22013,NSE,EQ
657MZ35-SG,5635585,SDL MZ 6.57% 2035,,22014,NSE,EQ
720MZ30-SG,5635841,SDL MZ 7.20% 2030,,22015,NSE,EQ
750MZ30-SG,5636097,SDL MZ 7.50% 2030,,22016,NSE,EQ
66MZ30-SG,5636353,SDL MZ 6.6% 2030,,22017,NSE,EQ
72MZ29-SG,5636609,SDL MZ 7.2% 2029,,22018,NSE,EQ
704MZ30-SG,5636865,SDL MZ 7.04% 2030,,22019,NSE,EQ
711MZ30-SG,5637121,SDL MZ 7.11% 2030,,22020,NSE,EQ
655RJ50-SG,5637889,SDL RJ 6.55% 2050,,22023,NSE,EQ
721PY28-SG,5638145,SDL PY 7.21% 2028,,22024,NSE,EQ
708PY26-SG,5638401,SDL PY 7.08% 2026,,22025,NSE,EQ
688PY31-SG,5638657,SDL PY 6.88% 2031,,22026,NSE,EQ
701PY26-SG,5638913,SDL PY 7.01% 2026,,22027,NSE,EQ
735PY30-SG,5639169,SDL PY 7.35% 2030,,22028,NSE,EQ
703PY28-SG,5639425,SDL PY 7.03% 2028,,22029,NSE,EQ
722AP30-SG,5639681,SDL AP 7.22% 2030,,22030,NSE,EQ
722AP28-SG,5639937,SDL AP 7.22% 2028,,22031,NSE,EQ
722AP31A-SG,5640193,SDL AP 7.22% 2031,,22032,NSE,EQ
655RJ55-SG,5640449,SDL RJ 6.55% 2055,,22033,NSE,EQ
727RJ29-SG,5640705,SDL RJ 7.27% 2029,,22034,NSE,EQ
708RJ30-SG,5640961,SDL RJ 7.08% 2030,,22035,NSE,EQ
745RJ30-SG,5641217,SDL RJ 7.45% 2030,,22036,NSE,EQ
649RJ30-SG,5643009,SDL RJ 6.49% 2030,,22043,NSE,EQ
717RJ30-SG,5643265,SDL RJ 7.17% 2030,,22044,NSE,EQ
704RJ30-SG,5644289,SDL RJ 7.04% 2030,,22048,NSE,EQ
658RJ30-SG,5644801,SDL RJ 6.58% 2030,,22050,NSE,EQ
715RJ30-SG,5645825,SDL RJ 7.15% 2030,,22054,NSE,EQ
657RJ30-SG,5646337,SDL RJ 6.57% 2030,,22056,NSE,EQ
697RJ30-SG,5646593,SDL RJ 6.97% 2030,,22057,NSE,EQ
654RJ30-SG,5647105,SDL RJ 6.54% 2030,,22059,NSE,EQ
718RJ29-SG,5647361,SDL RJ 7.18% 2029,,22060,NSE,EQ
790RJ26-SG,5647617,SDL RJ 7.90% 2026,,22061,NSE,EQ
831RJ27-SG,5647873,SDL RJ 8.31% 2027,,22062,NSE,EQ
678RJ30-SG,5648129,SDL RJ 6.78% 2030,,22063,NSE,EQ
727RJ30-SG,5648385,SDL RJ 7.27% 2030,,22064,NSE,EQ
788RJ32-SG,5648641,SDL RJ 7.88% 2032,,22065,NSE,EQ
73RJ30-SG,5648897,SDL RJ 7.3% 2030,,22066,NSE,EQ
687RJ25-SG,5649153,SDL RJ 6.87% 2025,,22067,NSE,EQ
684RJ30-SG,5649409,SDL RJ 6.84% 2030,,22068,NSE,EQ
670RJ50-SG,5649921,SDL RJ 6.70% 2050,,22070,NSE,EQ
718RJ30-SG,5650433,SDL RJ 7.18% 2030,,22072,NSE,EQ
659RJ30-SG,5650689,SDL RJ 6.59% 2030,,22073,NSE,EQ
714RJ30-SG,5650945,SDL RJ 7.14% 2030,,22074,NSE,EQ
703RJ30-SG,5651457,SDL RJ 7.03% 2030,,22076,NSE,EQ
671RJ30-SG,5651713,SDL RJ 6.71% 2030,,22077,NSE,EQ
655RJ30-SG,5652225,SDL RJ 6.55% 2030,,22079,NSE,EQ
667RJ50-SG,5652481,SDL RJ 6.67% 2050,,22080,NSE,EQ
65UP30-SG,5652737,SDL UP 6.5% 2030,,22081,NSE,EQ
726UP29-SG,5652993,SDL UP 7.26% 2029,,22082,NSE,EQ
710UP30-SG,5653249,SDL UP 7.10% 2030,,22083,NSE,EQ
793UP30-SG,5653505,SDL UP 7.93% 2030,,22084,NSE,EQ
704UP30-SG,5653761,SDL UP 7.04% 2030,,22085,NSE,EQ
765UP30-SG,5654017,SDL UP 7.65% 2030,,22086,NSE,EQ
703UP30-SG,5654273,SDL UP 7.03% 2030,,22087,NSE,EQ
70UP30-SG,5654529,SDL UP 7.0% 2030,,22088,NSE,EQ
722UP30-SG,5654785,SDL UP 7.22% 2030,,22089,NSE,EQ
716UP29-SG,5655041,SDL UP 7.16% 2029,,22090,NSE,EQ
73UP30-SG,5655297,SDL UP 7.3% 2030,,22091,NSE,EQ
719UP29-SG,5655553,SDL UP 7.19% 2029,,22092,NSE,EQ
690UP30-SG,5655809,SDL UP 6.90% 2030,,22093,NSE,EQ
686UP30-SG,5656065,SDL UP 6.86% 2030,,22094,NSE,EQ
714UP30-SG,5656321,SDL UP 7.14% 2030,,22095,NSE,EQ
709UP30-SG,5656577,SDL UP 7.09% 2030,,22096,NSE,EQ
669UP30-SG,5656833,SDL UP 6.69% 2030,,22097,NSE,EQ
728UP29-SG,5657089,SDL UP 7.28% 2029,,22098,NSE,EQ
729UP29-SG,5657345,SDL UP 7.29% 2029,,22099,NSE,EQ
691UP30-SG,5657601,SDL UP 6.91% 2030,,22100,NSE,EQ
663TN55-SG,5658113,SDL TN 6.63% 2055,,22102,NSE,EQ
641TN30-SG,5658369,SDL TN 6.41% 2030,,22103,NSE,EQ
775TN30-SG,5658625,SDL TN 7.75% 2030,,22104,NSE,EQ
750TN29-SG,5659393,SDL TN 7.50% 2029,,22107,NSE,EQ
719TN35-SG,5660161,SDL TN 7.19% 2035,,22110,NSE,EQ
66TN30-SG,5660417,SDL TN 6.6% 2030,,22111,NSE,EQ
674TN50-SG,5660673,SDL TN 6.74% 2050,,22112,NSE,EQ
669TN50-SG,5660929,SDL TN 6.69% 2050,,22113,NSE,EQ
655TN30-SG,5661185,SDL TN 6.55% 2030,,22114,NSE,EQ
733TN54-SG,5661441,SDL TN 7.33% 2054,,22115,NSE,EQ
689TN25-SG,5662209,SDL TN 6.89% 2025,,22118,NSE,EQ
705TN26-SG,5662465,SDL TN 7.05% 2026,,22119,NSE,EQ
715TN27-SG,5662721,SDL TN 7.15% 2027,,22120,NSE,EQ
673TN30-SG,5663233,SDL TN 6.73% 2030,,22122,NSE,EQ
717TN29-SG,5663489,SDL TN 7.17% 2029,,22123,NSE,EQ
72TN31-SG,5663745,SDL TN 7.2% 2031,,22124,NSE,EQ
719TN30-SG,5664001,SDL TN 7.19% 2030,,22125,NSE,EQ
694TN50-SG,5664257,SDL TN 6.94% 2050,,22126,NSE,EQ
725TN27-SG,5664513,SDL TN 7.25% 2027,,22127,NSE,EQ
670TN50-SG,5664769,SDL TN 6.70% 2050,,22128,NSE,EQ
66TN29-SG,5665025,SDL TN 6.6% 2029,,22129,NSE,EQ
694TN25-SG,5665793,SDL TN 6.94% 2025,,22132,NSE,EQ
668TN55-SG,5666305,SDL TN 6.68% 2055,,22134,NSE,EQ
633TN30-SG,5666561,SDL TN 6.33% 2030,,22135,NSE,EQ
649TN50-SG,5666817,SDL TN 6.49% 2050,,22136,NSE,EQ
75TR30-SG,5667073,SDL TR 7.5% 2030,,22137,NSE,EQ
698TR30-SG,5667329,SDL TR 6.98% 2030,,22138,NSE,EQ
721TR29-SG,5667585,SDL TR 7.21% 2029,,22139,NSE,EQ
717TR30-SG,5667841,SDL TR 7.17% 2030,,22140,NSE,EQ
731WB34-SG,5668097,SDL WB 7.31% 2034,,22141,NSE,EQ
72WB30-SG,5668353,SDL WB 7.2% 2030,,22142,NSE,EQ
705WB30-SG,5668609,SDL WB 7.05% 2030,,22143,NSE,EQ
718WB35-SG,5668865,SDL WB 7.18% 2035,,22144,NSE,EQ
695WB35-SG,5669121,SDL WB 6.95% 2035,,22145,NSE,EQ
726WB34-SG,5669377,SDL WB 7.26% 2034,,22146,NSE,EQ
723WB30-SG,5669633,SDL WB 7.23% 2030,,22147,NSE,EQ
719WB29-SG,5669889,SDL WB 7.19% 2029,,22148,NSE,EQ
698WB35-SG,5670145,SDL WB 6.98% 2035,,22149,NSE,EQ
715WB35-SG,5670401,SDL WB 7.15% 2035,,22150,NSE,EQ
71WB30-SG,5670657,SDL WB 7.1% 2030,,22151,NSE,EQ
730WB29-SG,5670913,SDL WB 7.30% 2029,,22152,NSE,EQ
729WB29-SG,5671169,SDL WB 7.29% 2029,,22153,NSE,EQ
714SK30-SG,5671425,SDL SK 7.14% 2030,,22154,NSE,EQ
728SK30-SG,5671681,SDL SK 7.28% 2030,,22155,NSE,EQ
695SK30-SG,5671937,SDL SK 6.95% 2030,,22156,NSE,EQ
711CG30-SG,5672193,SDL CG 7.11% 2030,,22157,NSE,EQ
759CG30-SG,5672449,SDL CG 7.59% 2030,,22158,NSE,EQ
708CG30-SG,5672705,SDL CG 7.08% 2030,,22159,NSE,EQ
717CG30-SG,5672961,SDL CG 7.17% 2030,,22160,NSE,EQ
718CG27-SG,5673217,SDL CG 7.18% 2027,,22161,NSE,EQ
735CG30-SG,5673473,SDL CG 7.35% 2030,,22162,NSE,EQ
718CG30-SG,5673729,SDL CG 7.18% 2030,,22163,NSE,EQ
710UK30-SG,5673985,SDL UK 7.10% 2030,,22164,NSE,EQ
745UK30-SG,5674241,SDL UK 7.45% 2030,,22165,NSE,EQ
706UK30-SG,5674497,SDL UK 7.06% 2030,,22166,NSE,EQ
717UK29-SG,5674753,SDL UK 7.17% 2029,,22167,NSE,EQ
688UK30-SG,5675009,SDL UK 6.88% 2030,,22168,NSE,EQ
711UK30-SG,5675265,SDL UK 7.11% 2030,,22169,NSE,EQ
704UK30-SG,5675521,SDL UK 7.04% 2030,,22170,NSE,EQ
729UK29-SG,5675777,SDL UK 7.29% 2029,,22171,NSE,EQ
69UK30-SG,5676033,SDL UK 6.9% 2030,,22172,NSE,EQ
654WB35-SG,5676289,SDL WB 6.54% 2035,,22173,NSE,EQ
65WB30-SG,5676545,SDL WB 6.5% 2030,,22174,NSE,EQ
799WB35-SG,5676801,SDL WB 7.99% 2035,,22175,NSE,EQ
665WB30-SG,5677057,SDL WB 6.65% 2030,,22176,NSE,EQ
735WB30-SG,5677313,SDL WB 7.35% 2030,,22177,NSE,EQ
655WB30-SG,5677569,SDL WB 6.55% 2030,,22178,NSE,EQ
658JK30-SG,5677825,SDL JK 6.58% 2030,,22179,NSE,EQ
662JK30-SG,5678081,SDL JK 6.62% 2030,,22180,NSE,EQ
815JK30-SG,5678337,SDL JK 8.15% 2030,,22181,NSE,EQ
679JK30-SG,5678593,SDL JK 6.79% 2030,,22182,NSE,EQ
664TS50-SG,5678849,SDL TS 6.64% 2050,,22183,NSE,EQ
624TS26-SG,5679873,SDL TS 6.24% 2026,,22187,NSE,EQ
765TS30-SG,5680129,SDL TS 7.65% 2030,,22188,NSE,EQ
750TS28-SG,5680385,SDL TS 7.50% 2028,,22189,NSE,EQ
699TS28-SG,5680641,SDL TS 6.99% 2028,,22190,NSE,EQ
698TS28-SG,5680897,SDL TS 6.98% 2028,,22191,NSE,EQ
672TS26-SG,5681153,SDL TS 6.72% 2026,,22192,NSE,EQ
660TS30-SG,5681921,SDL TS 6.60% 2030,,22195,NSE,EQ
726JH27-SG,5682177,SDL JH 7.26% 2027,,22196,NSE,EQ
737JH31-SG,5682433,SDL JH 7.37% 2031,,22197,NSE,EQ
705JH30-SG,5682689,SDL JH 7.05% 2030,,22198,NSE,EQ
810JH32-SG,5682945,SDL JH 8.10% 2032,,22199,NSE,EQ
699JH30-SG,5683201,SDL JH 6.99% 2030,,22200,NSE,EQ
785UK30-SG,5683457,SDL UK 7.85% 2030,,22201,NSE,EQ
735UK30-SG,5683713,SDL UK 7.35% 2030,,22202,NSE,EQ
739TS59-SG,5683969,SDL TS 7.39% 2059,,22203,NSE,EQ
799TS35-SG,5684225,SDL TS 7.99% 2035,,22204,NSE,EQ
799TS30-SG,5684481,SDL TS 7.99% 2030,,22205,NSE,EQ
731TS60-SG,5684737,SDL TS 7.31% 2060,,22206,NSE,EQ
694TS60-SG,5684993,SDL TS 6.94% 2060,,22207,NSE,EQ
735TS30-SG,5685249,SDL TS 7.35% 2030,,22208,NSE,EQ
725TS28-SG,5685761,SDL TS 7.25% 2028,,22210,NSE,EQ
743TS54-SG,5686017,SDL TS 7.43% 2054,,22211,NSE,EQ
717PN30-SG,5686273,SDL PN 7.17% 2030,,22212,NSE,EQ
718UP30-SG,5686529,SDL UP 7.18% 2030,,22213,NSE,EQ
717GJ30-SG,5686785,SDL GJ 7.17% 2030,,22214,NSE,EQ
722AP31-SG,5687041,SDL AP 7.22% 2031,,22215,NSE,EQ
717BR30-SG,5687297,SDL BR 7.17% 2030,,22216,NSE,EQ
729GA29-SG,5687553,SDL GA 7.29% 2029,,22217,NSE,EQ
714KA29-SG,5687809,SDL KA 7.14% 2029,,22218,NSE,EQ
685WB30-SG,5688065,SDL WB 6.85% 2030,,22219,NSE,EQ
717PN30A-SG,5688321,SDL PN 7.17% 2030,,22220,NSE,EQ
718UP30A-SG,5688577,SDL UP 7.18% 2030,,22221,NSE,EQ
717GJ30A-SG,5688833,SDL GJ 7.17% 2030,,22222,NSE,EQ
717BR30A-SG,5689089,SDL BR 7.17% 2030,,22223,NSE,EQ
729GA29A-SG,5689345,SDL GA 7.29% 2029,,22224,NSE,EQ
714KA29A-SG,5689601,SDL KA 7.14% 2029,,22225,NSE,EQ
685WB30A-SG,5689857,SDL WB 6.85% 2030,,22226,NSE,EQ
DHUNINV,136534020,DHUNSERI INVESTMENTS,533336,22233,BSE,EQ
757BOB24-N0,5691905,,,22234,NSE,EQ
EBBETF0431,139063300,,543216,22239,BSE,EQ
SGBJUL28IV-GB,5693953,2.50%GOLDBONDS2028SR-IV,,22242,NSE,EQ
NDRAUTO,139062788,NDR AUTO COMPONENTS ,543214,22255,BSE,EQ
65GA30-SG,5698817,SDL GA 6.5% 2030,,22261,NSE,EQ
644UP30-SG,5699073,SDL UP 6.44% 2030,,22262,NSE,EQ
649TS50-SG,5699329,SDL TS 6.49% 2050,,22263,NSE,EQ
649AP33-SG,5699585,SDL AP 6.49% 2033,,22264,NSE,EQ
64KA30-SG,5699841,SDL KA 6.4% 2030,,22265,NSE,EQ
64KA31-SG,5700097,SDL KA 6.4% 2031,,22266,NSE,EQ
636HP28-SG,5700353,SDL HP 6.36% 2028,,22267,NSE,EQ
646WB30-SG,5700865,SDL WB 6.46% 2030,,22269,NSE,EQ
62RJ27-SG,5701633,SDL RJ 6.2% 2027,,22272,NSE,EQ
WORTHPERI,139411716,WORTH PERIPHERALS ,544577,22277,BSE,EQ
TIRUPATIFL,5704193,TIRUPATI FORGE,,22282,NSE,EQ
577GS2030-GS,5706753,GOI LOAN 5.77% 2030,,22292,NSE,EQ
65RJ50-SG,5707009,SDL RJ 6.5% 2050,,22293,NSE,EQ
655AP35-SG,5707265,SDL AP 6.55% 2035,,22294,NSE,EQ
65AP38-SG,5707521,SDL AP 6.5% 2038,,22295,NSE,EQ
64GJ30-SG,5707777,SDL GJ 6.4% 2030,,22296,NSE,EQ
654MP35-SG,5708033,SDL MP 6.54% 2035,,22297,NSE,EQ
642PN30-SG,5708289,SDL PN 6.42% 2030,,22298,NSE,EQ
648HR40-SG,5708545,SDL HR 6.48% 2040,,22299,NSE,EQ
645MN30-SG,5709057,SDL MN 6.45% 2030,,22301,NSE,EQ
632KA28-SG,5709313,SDL KA 6.32% 2028,,22302,NSE,EQ
646JK30-SG,5709569,SDL JK 6.46% 2030,,22303,NSE,EQ
652TS50-SG,5709825,SDL TS 6.52% 2050,,22304,NSE,EQ
MINDSPACE-RR,5710849,MINDSPACE BUSINESS P REIT,,22308,NSE,EQ
660AP39-SG,5716993,SDL AP 6.60% 2039,,22332,NSE,EQ
660AP40-SG,5717249,SDL AP 6.60% 2040,,22333,NSE,EQ
648KA30-SG,5717761,SDL KA 6.48% 2030,,22335,NSE,EQ
649KA31-SG,5718017,SDL KA 6.49% 2031,,22336,NSE,EQ
644GJ29A-SG,5718273,SDL GJ 6.44% 2029,,22337,NSE,EQ
661MP35-SG,5718529,SDL MP 6.61% 2035,,22338,NSE,EQ
646RJ30-SG,5719041,SDL RJ 6.46% 2030,,22340,NSE,EQ
662WB35-SG,5719297,SDL WB 6.62% 2035,,22341,NSE,EQ
644MH28-SG,5719553,SDL MH 6.44% 2028,,22342,NSE,EQ
649MH31-SG,5719809,SDL MH 6.49% 2031,,22343,NSE,EQ
ALPL30IETF,139064068,ICICI PRUDENTIAL MUTUAL FUND,543219,22344,BSE,EQ
MACPOWER,5720833,MACPOWER CNC MACHINES,,22347,NSE,EQ
MCL-BE,5724673,MADHAV COPPER,,22362,NSE,EQ
ITIETF,139064580,ICICI PRUDENTIAL MUTUAL FUND,543221,22365,BSE,EQ
65KA30-SG,5726209,SDL KA 6.5% 2030,,22368,NSE,EQ
65GA30A-SG,5726465,SDL GA 6.5% 2030,,22369,NSE,EQ
664KA32-SG,5726721,SDL KA 6.64% 2032,,22370,NSE,EQ
669TS50-SG,5726977,SDL TS 6.69% 2050,,22371,NSE,EQ
65RJ30-SG,5727233,SDL RJ 6.5% 2030,,22372,NSE,EQ
668HR39-SG,5727489,SDL HR 6.68% 2039,,22373,NSE,EQ
65TN30-SG,5727745,SDL TN 6.5% 2030,,22374,NSE,EQ
667TN50-SG,5728001,SDL TN 6.67% 2050,,22375,NSE,EQ
MAXHEALTH,139064324,MAX HEALTHCARE INSTITUTE LIMIT,543220,22377,BSE,EQ
SGBAUG28V-GB,5730561,2.50%GOLDBONDS2028SR-V,,22385,NSE,EQ
668GA30-SG,5735681,SDL GA 6.68% 2030,,22405,NSE,EQ
665GJ30-SG,5735937,SDL GJ 6.65% 2030,,22406,NSE,EQ
663KA30-SG,5736961,SDL KA 6.63% 2030,,22410,NSE,EQ
668WB30-SG,5737217,SDL WB 6.68% 2030,,22411,NSE,EQ
664RJ30-SG,5737473,SDL RJ 6.64% 2030,,22412,NSE,EQ
666TN30-SG,5737729,SDL TN 6.66% 2030,,22413,NSE,EQ
667UP30-SG,5737985,SDL UP 6.67% 2030,,22414,NSE,EQ
LOVABLE,136535812,LOVABLE LINGERIE,533343,22415,BSE,EQ
807NIIF39-N1,5738497,,,22416,NSE,EQ
677KA33-SG,5739777,SDL KA 6.77% 2033,,22421,NSE,EQ
677AP40-SG,5740033,SDL AP 6.77% 2040,,22422,NSE,EQ
TOTAL,5740289,TOTAL TRANSPORT SYS,,22423,NSE,EQ
MAXIND,139065092,MAX INDIA ,543223,22428,BSE,EQ
HDFCNIFBAN,139065348,HDFC MUTUAL FUND,543224,22433,BSE,EQ
68GS2060-GS,5744129,GOI LOAN  6.8% 2060,,22438,NSE,EQ
UTIBANKETF,139065860,UTI MUTUAL FUND,543226,22440,BSE,EQ
655AS30A-SG,5746433,SDL AS 6.55% 2030,,22447,NSE,EQ
645GJ30-SG,5746689,SDL GJ 6.45% 2030,,22448,NSE,EQ
645ML30-SG,5746945,SDL ML 6.45% 2030,,22449,NSE,EQ
646RJ30A-SG,5747201,SDL RJ 6.46% 2030,,22450,NSE,EQ
643UK30-SG,5747457,SDL UK 6.43% 2030,,22451,NSE,EQ
64KA30A-SG,5747713,SDL KA 6.4% 2030,,22452,NSE,EQ
668AP35-SG,5747969,SDL AP 6.68% 2035,,22453,NSE,EQ
661KA35-SG,5748225,SDL KA 6.61% 2035,,22454,NSE,EQ
668AP39-SG,5748481,SDL AP 6.68% 2039,,22455,NSE,EQ
67PN40-SG,5748737,SDL PN 6.7% 2040,,22456,NSE,EQ
671TS50-SG,5748993,SDL TS 6.71% 2050,,22457,NSE,EQ
810NIIF34-N0,5750017,,,22461,NSE,EQ
EPACK,139288324,EPACK DURABLE ,544095,22463,BSE,EQ
LAWSIKHO-SM,5751809,ADDICTIVE LEARNING TECH L,,22468,NSE,EQ
KONSTELEC-SM,5752833,KONSTELEC ENGINEERS,,22472,NSE,EQ
SGBDE31III-GB,5753857,2.50%GOLDBONDS2031SR-III,,22476,NSE,EQ
NOVAAGRI,139289604,NOVA AGRITECH ,544100,22477,BSE,EQ
813LTF29-NP,5755393,,,22482,NSE,EQ
NIFITETF,139290116,UTI MUTUAL FUND,544102,22488,BSE,EQ
76TN31-SG,5757953,SDL TN 7.6% 2031,,22492,NSE,EQ
76GJ33-SG,5758209,SDL GJ 7.6% 2033,,22493,NSE,EQ
765CG33-SG,5758465,SDL CG 7.65% 2033,,22494,NSE,EQ
766RJ33A-SG,5758721,SDL RJ 7.66% 2033,,22495,NSE,EQ
765GA34-SG,5758977,SDL GA 7.65% 2034,,22496,NSE,EQ
766RJ34-SG,5759233,SDL RJ 7.66% 2034,,22497,NSE,EQ
77SK34-SG,5759489,SDL SK 7.7% 2034,,22498,NSE,EQ
762TN34-SG,5759745,SDL TN 7.62% 2034,,22499,NSE,EQ
763MH35-SG,5760001,SDL MH 7.63% 2035,,22500,NSE,EQ
766HR36-SG,5760257,SDL HR 7.66% 2036,,22501,NSE,EQ
763MH36-SG,5760513,SDL MH 7.63% 2036,,22502,NSE,EQ
769PN36-SG,5760769,SDL PN 7.69% 2036,,22503,NSE,EQ
769BR39-SG,5761025,SDL BR 7.69% 2039,,22504,NSE,EQ
763RJ41-SG,5761281,SDL RJ 7.63% 2041,,22505,NSE,EQ
767KL43-SG,5761537,SDL KL 7.67% 2043,,22506,NSE,EQ
767WB43-SG,5761793,SDL WB 7.67% 2043,,22507,NSE,EQ
767WB44-SG,5762049,SDL WB 7.67% 2044,,22508,NSE,EQ
755TN54-SG,5762305,SDL TN 7.55% 2054,,22509,NSE,EQ
885MFL29-NJ,5763329,,,22513,NSE,EQ
806SDIL29-N0,5763841,,,22515,NSE,EQ
FONEBOX-SM,5764353,FONEBOX RETAIL,,22517,NSE,EQ
NIF5GETF,139290372,,544103,22521,BSE,EQ
NIF10GETF,139290628,,544104,22524,BSE,EQ
DELAPLEX-SM,5766913,DELAPLEX,,22527,NSE,EQ
DHTL-ST,5769473,DOCMODE HEALTH TECH,,22537,NSE,EQ
875CIFC23B-NJ,5770753,,,22542,NSE,EQ
CIFC26-NK,5771521,,,22545,NSE,EQ
85CIFC27-NL,5773057,,,22551,NSE,EQ
CIF27-NM,5773569,,,22553,NSE,EQ
86CIFC29-NN,5774337,,,22556,NSE,EQ
CIF29-NO,5774849,,,22558,NSE,EQ
MEGATHERM-SM,5775361,MEGATHERM INDUCTION,,22560,NSE,EQ
860HFL29-N1,5776385,,,22564,NSE,EQ
BLSE,139291396,BLS E-SERVICES ,544107,22566,BSE,EQ
BAWEJA-SM,5778177,BAWEJA STUDIOS,,22571,NSE,EQ
837SMFG29-N2,5779201,,,22575,NSE,EQ
HEALTHADD,139291908,DSP MUTUAL FUND,544109,22592,BSE,EQ
HDFCPSUBK,139292164,HDFC MUTUAL FUND,544110,22595,BSE,EQ
855NCPL26-N0,5785601,,,22600,NSE,EQ
PFS,136536068,PTC INDIA FINANCIAL SERVICES L,533344,22602,BSE,EQ
725GJ26-SG,5786369,SDL GJ 7.25% 2026,,22603,NSE,EQ
739AP29-SG,5786625,SDL AP 7.39% 2029,,22604,NSE,EQ
742GJ31-SG,5787649,SDL GJ 7.42% 2031,,22608,NSE,EQ
751CG32-SG,5787905,SDL CG 7.51% 2032,,22609,NSE,EQ
749UP34A-SG,5788161,SDL UP 7.49% 2034,,22610,NSE,EQ
751RJ34-SG,5788417,SDL RJ 7.51% 2034,,22611,NSE,EQ
752AS34-SG,5788673,SDL AS 7.52% 2034,,22612,NSE,EQ
748MH35-SG,5788929,SDL MH 7.48% 2035,,22613,NSE,EQ
749TS35-SG,5789185,SDL TS 7.49% 2035,,22614,NSE,EQ
749AP36-SG,5789441,SDL AP 7.49% 2036,,22615,NSE,EQ
749HR36-SG,5789697,SDL HR 7.49% 2036,,22616,NSE,EQ
749MH36-SG,5789953,SDL MH 7.49% 2036,,22617,NSE,EQ
749AP39-SG,5790209,SDL AP 7.49% 2039,,22618,NSE,EQ
752BR39-SG,5790465,SDL BR 7.52% 2039,,22619,NSE,EQ
748MP40-SG,5790721,SDL MP 7.48% 2040,,22620,NSE,EQ
752MZ40-SG,5790977,SDL MZ 7.52% 2040,,22621,NSE,EQ
746AP41A-SG,5791233,SDL AP 7.46% 2041,,22622,NSE,EQ
748MP41-SG,5791489,SDL MP 7.48% 2041,,22623,NSE,EQ
752AP43-SG,5791745,SDL AP 7.52% 2043,,22624,NSE,EQ
746TS45-SG,5792001,SDL TS 7.46% 2045,,22625,NSE,EQ
748JK54-SG,5792257,SDL JK 7.48% 2054,,22626,NSE,EQ
769LIC34-N0,5794049,,,22633,NSE,EQ
8ABHF34-N4,5794561,,,22635,NSE,EQ
799TCL34-ND,5796609,,,22643,NSE,EQ
ITALIANE-SM,5797121,ITALIAN EDIBLES,,22645,NSE,EQ
PARKHOTELS,139292420,APEEJAY SURRENDRA PARK HOTELS,544111,22649,BSE,EQ
AAFS27A-N0,5799425,,,22654,NSE,EQ
SIGNPOST,139293956,SIGNPOST INDIA ,544117,22656,BSE,EQ
745EXIM28-N0,5801217,,,22661,NSE,EQ
JSFB,139294212,JANA SMALL FINANCE BANK LIMITE,544118,22663,BSE,EQ
768SIDB27-N2,5803009,,,22668,NSE,EQ
RPTECH,139294468,RASHI PERIPHERALS ,544119,22670,BSE,EQ
CAPITALSFB,139294724,CAPITAL SMALL FINANCE BANK,544120,22675,BSE,EQ
NDRINVIT-IV,5806081,NDR INVIT TRUST,,22680,NSE,EQ
799TCL29-NE,5807105,,,22684,NSE,EQ
ALPEXSOLAR-SM,5808129,ALPEX SOLAR,,22688,NSE,EQ
744CG30-SG,5809153,SDL CG 7.44% 2030,,22692,NSE,EQ
743GJ31-SG,5809409,SDL GJ 7.43% 2031,,22693,NSE,EQ
743CG29-SG,5809665,SDL CG 7.43% 2029,,22694,NSE,EQ
745AS31-SG,5809921,SDL AS 7.45% 2031,,22695,NSE,EQ
746CG31-SG,5810177,SDL CG 7.46% 2031,,22696,NSE,EQ
742GJ33-SG,5810433,SDL GJ 7.42% 2033,,22697,NSE,EQ
746CG33-SG,5810689,SDL CG 7.46% 2033,,22698,NSE,EQ
747HR36-SG,5810945,SDL HR 7.47% 2036,,22699,NSE,EQ
745AP38-SG,5811201,SDL AP 7.45% 2038,,22700,NSE,EQ
744AP39-SG,5811457,SDL AP 7.44% 2039,,22701,NSE,EQ
749BR39-SG,5811713,SDL BR 7.49% 2039,,22702,NSE,EQ
748WB43-SG,5811969,SDL WB 7.48% 2043,,22703,NSE,EQ
748AP44-SG,5812225,SDL AP 7.48% 2044,,22704,NSE,EQ
748WB44-SG,5812481,SDL WB 7.48% 2044,,22705,NSE,EQ
744TS46-SG,5812737,SDL TS 7.44% 2046,,22706,NSE,EQ
746JK49-SG,5812993,SDL JK 7.46% 2049,,22707,NSE,EQ
POLYSIL-ST,5814785,POLYSIL IRRIGATION SYST L,,22714,NSE,EQ
ENTERO,139295236,ENTERO HEALTHCARE SOLUTIONS LI,544122,22717,BSE,EQ
LICNMID100,139295492,LIC MUTUAL FUND,544123,22722,BSE,EQ
WTICAB-ST,5818369,WISE TRAVEL INDIA,,22728,NSE,EQ
VSTL,139295748,VIBHOR STEEL TUBES,544124,22730,BSE,EQ
748IRFC34A-NQ,5820161,,,22735,NSE,EQ
890NCPL28-N1,5820673,,,22737,NSE,EQ
MON100,136546564,MOTILAL OSWAL MOST SHARES NASD,533385,22739,BSE,EQ
735PY27-SG,5821697,SDL PY 7.35% 2027,,22741,NSE,EQ
744CG29-SG,5821953,SDL CG 7.44% 2029,,22742,NSE,EQ
747CG30A-SG,5822209,SDL CG 7.47% 2030,,22743,NSE,EQ
747CG31-SG,5822465,SDL CG 7.47% 2031,,22744,NSE,EQ
748CG32-SG,5822721,SDL CG 7.48% 2032,,22745,NSE,EQ
748KA33-SG,5822977,SDL KA 7.48% 2033,,22746,NSE,EQ
744TN34-SG,5823233,SDL TN 7.44% 2034,,22747,NSE,EQ
748RJ34-SG,5823489,SDL RJ 7.48% 2034,,22748,NSE,EQ
748UP34-SG,5823745,SDL UP 7.48% 2034,,22749,NSE,EQ
749NL34-SG,5824001,SDL NL 7.49% 2034,,22750,NSE,EQ
746MH35-SG,5824257,SDL MH 7.46% 2035,,22751,NSE,EQ
747MH36-SG,5824513,SDL MH 7.47% 2036,,22752,NSE,EQ
747PY37-SG,5824769,SDL PY 7.47% 2037,,22753,NSE,EQ
744AP39A-SG,5825025,SDL AP 7.44% 2039,,22754,NSE,EQ
747BR39-SG,5825281,SDL BR 7.47% 2039,,22755,NSE,EQ
744MP40-SG,5825537,SDL MP 7.44% 2040,,22756,NSE,EQ
745KA40-SG,5825793,SDL KA 7.45% 2040,,22757,NSE,EQ
745MP44A-SG,5826049,SDL MP 7.45% 2044,,22758,NSE,EQ
745MP45-SG,5826305,SDL MP 7.45% 2045,,22759,NSE,EQ
745JK54-SG,5826561,SDL JK 7.45% 2054,,22760,NSE,EQ
ESCONET-SM,5827585,ESCONET TECHNOLOGIES,,22764,NSE,EQ
810TCHFL27-ND,5828609,,,22768,NSE,EQ
INM-SM,5829121,INTERIORS & MORE,,22770,NSE,EQ
TCL-SM,5830913,THAAI CASTING,,22777,NSE,EQ
ATMASTCO-SM,5832961,ATMASTCO,,22785,NSE,EQ
760PFC29-N0,5835009,,,22793,NSE,EQ
749PFC34-N9,5835521,,,22795,NSE,EQ
783NHB27-N9,5836033,,,22797,NSE,EQ
DEEM-SM,5836545,DEEM ROLL TECH,,22799,NSE,EQ
ZENITHDRUG-SM,5837569,ZENITH DRUGS,,22803,NSE,EQ
840NIRMA26-N6,5839105,,,22809,NSE,EQ
850NIRMA27-N7,5839617,,,22811,NSE,EQ
747RL34-NL,5840129,,,22813,NSE,EQ
764RL27-NM,5840641,,,22815,NSE,EQ
759IREDA34-N0,5841921,,,22820,NSE,EQ
825CFHL27-N0,5842433,,,22822,NSE,EQ
JUNIPER,139297028,JUNIPER HOTELS ,544129,22824,BSE,EQ
SMALLCAP,139297284,MIRAE ASSET MUTUAL FUND,544130,22832,BSE,EQ
1035UCL26-NA,5846785,,,22839,NSE,EQ
105UCL2026-NB,5847297,,,22841,NSE,EQ
11UCL26-NC,5847809,,,22843,NSE,EQ
GPTHEALTH,139297540,GPT HEALTHCARE ,544131,22846,BSE,EQ
830TFSIL27-N2,5850625,,,22854,NSE,EQ
ALPHA27-N1,5851137,,,22856,NSE,EQ
745CG33-SG,5853185,SDL CG 7.45% 2033,,22864,NSE,EQ
746PN33-SG,5853441,SDL PN 7.46% 2033,,22865,NSE,EQ
742TN34-SG,5853697,SDL TN 7.42% 2034,,22866,NSE,EQ
744RJ34-SG,5853953,SDL RJ 7.44% 2034,,22867,NSE,EQ
744KA34-SG,5854209,SDL KA 7.44% 2034,,22868,NSE,EQ
742RJ39-SG,5854465,SDL RJ 7.42% 2039,,22869,NSE,EQ
743BR39-SG,5854721,SDL BR 7.43% 2039,,22870,NSE,EQ
744WB41-SG,5854977,SDL WB 7.44% 2041,,22871,NSE,EQ
742MP44-SG,5855233,SDL MP 7.42% 2044,,22872,NSE,EQ
743RJ44-SG,5855489,SDL RJ 7.43% 2044,,22873,NSE,EQ
744WB44-SG,5855745,SDL WB 7.44% 2044,,22874,NSE,EQ
746UK34-SG,5856001,SDL UK 7.46% 2034,,22875,NSE,EQ
746UP34-SG,5856257,SDL UP 7.46% 2034,,22876,NSE,EQ
743MH35-SG,5856513,SDL MH 7.43% 2035,,22877,NSE,EQ
743MH36-SG,5856769,SDL MH 7.43% 2036,,22878,NSE,EQ
744HR36-SG,5857025,SDL HR 7.44% 2036,,22879,NSE,EQ
742KA39-SG,5857281,SDL KA 7.42% 2039,,22880,NSE,EQ
742MP45-SG,5857537,SDL MP 7.42% 2045,,22881,NSE,EQ
742MP46-SG,5857793,SDL MP 7.42% 2046,,22882,NSE,EQ
SGBFEB32IV-GB,5858817,2.50%GOLDBONDS2032SR-IV,,22886,NSE,EQ
744IRFC34-NR,5859073,,,22887,NSE,EQ
832TPL26-N4,5859585,,,22889,NSE,EQ
832TPL27-N5,5860097,,,22891,NSE,EQ
832TPL28-N6,5860609,,,22893,NSE,EQ
832TPL29-N7,5861121,,,22895,NSE,EQ
SADHAV-SM,5861633,SADHAV SHIPPING,,22897,NSE,EQ
GOLDCASE,139297796,ZERODHA GOLD ETF,544132,22901,BSE,EQ
836GIL26-N0,5863681,,,22905,NSE,EQ
840GIL27-N1,5864193,,,22907,NSE,EQ
OWAIS-SM,5865217,OWAIS METAL & MINERAL,,22911,NSE,EQ
865CIFC865-NP,5866753,,,22917,NSE,EQ
8258TCL27-NF,5867265,,,22919,NSE,EQ
797SFL30-N0,5867777,,,22921,NSE,EQ
1048IIFL27-N6,5868289,,,22923,NSE,EQ
820ABHF27-N5,5868801,,,22925,NSE,EQ
AAFS34-N2,5869313,,,22927,NSE,EQ
PLATIND,139298308,PLATINUM INDUSTRIES ,544134,22930,BSE,EQ
PURVFLEXI-ST,5873153,PURV FLEXIPACK,,22942,NSE,EQ
755DDL39-N0,5873665,,,22944,NSE,EQ
EXICOM,139298052,EXICOM TELE-SYSTEMS,544133,22947,BSE,EQ
925BCIL28-N0,5878273,,,22962,NSE,EQ
925BCIPL28-N1,5878785,,,22964,NSE,EQ
7835LIC27-N1,5880577,,,22971,NSE,EQ
MVKAGRO-ST,5882625,M.V.K. AGRO FOOD PROD,,22979,NSE,EQ
MUKKA,139298564,MUKKA PROTEINS ,544135,22980,BSE,EQ
74MZ39-SG,5884161,SDL MZ 7.4% 2039,,22985,NSE,EQ
74BR39-SG,5884417,SDL BR 7.4% 2039,,22986,NSE,EQ
74RJ42-SG,5884673,SDL RJ 7.4% 2042,,22987,NSE,EQ
738TS43-SG,5884929,SDL TS 7.38% 2043,,22988,NSE,EQ
74WB44-SG,5885185,SDL WB 7.4% 2044,,22989,NSE,EQ
74TN34-SG,5885441,SDL TN 7.4% 2034,,22990,NSE,EQ
742AS34-SG,5885697,SDL AS 7.42% 2034,,22991,NSE,EQ
74MH35-SG,5885953,SDL MH 7.4% 2035,,22992,NSE,EQ
742KA35-SG,5886209,SDL KA 7.42% 2035,,22993,NSE,EQ
742HR35-SG,5886465,SDL HR 7.42% 2035,,22994,NSE,EQ
74MH36-SG,5886721,SDL MH 7.4% 2036,,22995,NSE,EQ
741KA36-SG,5886977,SDL KA 7.41% 2036,,22996,NSE,EQ
74JK44-SG,5887233,SDL JK 7.4% 2044,,22997,NSE,EQ
738TS49-SG,5887745,SDL TS 7.38% 2049,,22999,NSE,EQ
738TN54-SG,5888001,SDL TN 7.38% 2054,,23000,NSE,EQ
753IRED34-NA,5889537,,,23006,NSE,EQ
83044SMF29-N3,5890305,,,23009,NSE,EQ
860CIFC29-NQ,5891073,,,23012,NSE,EQ
VR-SM,5892609,V R INFRASPACE,,23018,NSE,EQ
1077IIFL30-N7,5894145,,,23024,NSE,EQ
LANCORHOL,130316292,LANCOR HOLDINGS,509048,23027,BSE,EQ
950BCIPL28-N2,5896705,,,23034,NSE,EQ
INDUSINVIT-IV,5897217,INDUS INFRA TRUST,,23036,NSE,EQ
764ABL34-N0,5898497,,,23041,NSE,EQ
RKSWAMY,139298820,R K SWAMY ,544136,23043,BSE,EQ
740EXIM29-N1,5900801,,,23050,NSE,EQ
SONAMAC-SM,5901313,SONA MACHINERY,,23052,NSE,EQ
JGCHEM,139299332,J.G.CHEMICALS ,544138,23056,BSE,EQ
735PGCIL34-N1,5903617,,,23061,NSE,EQ
778NHB27-NA,5904129,,,23063,NSE,EQ
GOPAL,139299844,GOPAL SNACKS ,544140,23066,BSE,EQ
SHREEKARNI-SM,5906945,SHREE KARNI FABCOM,,23074,NSE,EQ
738CG32-SG,5907969,SDL CG 7.38% 2032,,23078,NSE,EQ
739CG33-SG,5908225,SDL CG 7.39% 2033,,23079,NSE,EQ
738CG34-SG,5908481,SDL CG 7.38% 2034,,23080,NSE,EQ
739HP34-SG,5908737,SDL HP 7.39% 2034,,23081,NSE,EQ
737RJ34A-SG,5908993,SDL RJ 7.37% 2034,,23082,NSE,EQ
736KA34-SG,5909249,SDL KA 7.36% 2034,,23083,NSE,EQ
741AR34-SG,5909505,SDL AR 7.41% 2034,,23084,NSE,EQ
739KL34-SG,5909761,SDL KL 7.39% 2034,,23085,NSE,EQ
738UP34-SG,5910017,SDL UP 7.38% 2034,,23086,NSE,EQ
738HR35-SG,5910273,SDL HR 7.38% 2035,,23087,NSE,EQ
729PY26-SG,5910529,SDL PY 7.29% 2026,,23088,NSE,EQ
738UP36-SG,5910785,SDL UP 7.38% 2036,,23089,NSE,EQ
741HP36-SG,5911041,SDL HP 7.41% 2036,,23090,NSE,EQ
737KA37-SG,5911297,SDL KA 7.37% 2037,,23091,NSE,EQ
737KA38A-SG,5911553,SDL KA 7.37% 2038,,23092,NSE,EQ
738PY38-SG,5911809,SDL PY 7.38% 2038,,23093,NSE,EQ
739BR39-SG,5912321,SDL BR 7.39% 2039,,23095,NSE,EQ
737TS41-SG,5912577,SDL TS 7.37% 2041,,23096,NSE,EQ
739WB42-SG,5913089,SDL WB 7.39% 2042,,23098,NSE,EQ
738KL44-SG,5913345,SDL KL 7.38% 2044,,23099,NSE,EQ
739WB44-SG,5913601,SDL WB 7.39% 2044,,23100,NSE,EQ
737RJ45-SG,5913857,SDL RJ 7.37% 2045,,23101,NSE,EQ
736JK49-SG,5914113,SDL JK 7.36% 2049,,23102,NSE,EQ
736TS50-SG,5914369,SDL TS 7.36% 2050,,23103,NSE,EQ
736KL54-SG,5914625,SDL KL 7.36% 2054,,23104,NSE,EQ
736TN54-SG,5914881,SDL TN 7.36% 2054,,23105,NSE,EQ
755PFC27-NA,5915905,,,23109,NSE,EQ
18MVL27-N0,5916417,,,23111,NSE,EQ
PRATHAM-SM,5916929,PRATHAM EPC PROJECTS,,23113,NSE,EQ
1040NFL26-NA,5918465,,,23119,NSE,EQ
1090NFL26-NB,5918977,,,23121,NSE,EQ
1065NFL27-NC,5919489,,,23123,NSE,EQ
1119NFL27-ND,5920001,,,23125,NSE,EQ
SCILAL,139300356,SHIPPING CORPORATION OF INDIA,544142,23127,BSE,EQ
795NIIF36-N2,5923841,,,23140,NSE,EQ
PVSL,139300868,POPULAR VEHICLES AND SERVICES,544144,23142,BSE,EQ
SIGNORIA-SM,5925633,SIGNORIA CREATION,,23147,NSE,EQ
GFL27-N1,5926657,,,23151,NSE,EQ
824LTF27-NQ,5927169,,,23153,NSE,EQ
757IREDL29-NB,5927681,,,23155,NSE,EQ
746IRFC29-NS,5928193,,,23157,NSE,EQ
AVPINFRA-SM,5928705,AVP INFRACON,,23159,NSE,EQ
835KSFL27-N0,5931009,,,23168,NSE,EQ
8254KSFP29-N1,5931521,,,23170,NSE,EQ
860CIFCL29-NR,5932033,,,23172,NSE,EQ
KRYSTAL,139302148,KRYSTAL INTEGRATED SERVICES LI,544149,23175,BSE,EQ
MOSMALL250,5934337,MOTILALAMC - MOSMALL250,,23181,NSE,EQ
MOREALTY,5935105,MOTILALAMC - MOREALTY,,23184,NSE,EQ
744TS30-SG,5936385,SDL TS 7.44% 2030,,23189,NSE,EQ
746CG32-SG,5936641,SDL CG 7.46% 2032,,23190,NSE,EQ
746UP32-SG,5936897,SDL UP 7.46% 2032,,23191,NSE,EQ
747CG33-SG,5937153,SDL CG 7.47% 2033,,23192,NSE,EQ
744TN34A-SG,5937409,SDL TN 7.44% 2034,,23193,NSE,EQ
746RJ34-SG,5937665,SDL RJ 7.46% 2034,,23194,NSE,EQ
747CG34-SG,5937921,SDL CG 7.47% 2034,,23195,NSE,EQ
747UK34-SG,5938177,SDL UK 7.47% 2034,,23196,NSE,EQ
747AS34-SG,5938433,SDL AS 7.47% 2034,,23197,NSE,EQ
747GA34-SG,5938689,SDL GA 7.47% 2034,,23198,NSE,EQ
748NL34-SG,5938945,SDL NL 7.48% 2034,,23199,NSE,EQ
75SK34-SG,5939201,SDL SK 7.5% 2034,,23200,NSE,EQ
745KA35-SG,5939457,SDL KA 7.45% 2035,,23201,NSE,EQ
745HR35B-SG,5939713,SDL HR 7.45% 2035,,23202,NSE,EQ
748UP36-SG,5939969,SDL UP 7.48% 2036,,23203,NSE,EQ
75MN36-SG,5940225,SDL MN 7.5% 2036,,23204,NSE,EQ
745KA37-SG,5940481,SDL KA 7.45% 2037,,23205,NSE,EQ
745MH37-SG,5940737,SDL MH 7.45% 2037,,23206,NSE,EQ
748RJ37-SG,5940993,SDL RJ 7.48% 2037,,23207,NSE,EQ
745MH38-SG,5941249,SDL MH 7.45% 2038,,23208,NSE,EQ
746KA38-SG,5941505,SDL KA 7.46% 2038,,23209,NSE,EQ
742TS41-SG,5941761,SDL TS 7.42% 2041,,23210,NSE,EQ
745WB42-SG,5942017,SDL WB 7.45% 2042,,23211,NSE,EQ
746RJ42-SG,5942273,SDL RJ 7.46% 2042,,23212,NSE,EQ
744TN44-SG,5942529,SDL TN 7.44% 2044,,23213,NSE,EQ
745WB44-SG,5942785,SDL WB 7.45% 2044,,23214,NSE,EQ
747JK44-SG,5943041,SDL JK 7.47% 2044,,23215,NSE,EQ
742KL49-SG,5943297,SDL KL 7.42% 2049,,23216,NSE,EQ
74TN54-SG,5943553,SDL TN 7.4% 2054,,23217,NSE,EQ
742KL64-SG,5943809,SDL KL 7.42% 2064,,23218,NSE,EQ
765HDFC34-N1,5944833,,,23222,NSE,EQ
ENFUSE-SM,5945345,ENFUSE SOLUTIONS,,23224,NSE,EQ
820ABHFL27-N6,5946369,,,23228,NSE,EQ
ENSER-SM,5946881,ENSER COMMUNICATIONS,,23230,NSE,EQ
780BFL27-N0,5949441,,,23240,NSE,EQ
950IIFL27-Y2,5949953,,,23242,NSE,EQ
885CIFCL34-NS,5950465,,,23244,NSE,EQ
792TCHFL34-NF,5950977,,,23246,NSE,EQ
773LIC34-N2,5951489,,,23248,NSE,EQ
759IRDA34-NC,5952001,,,23250,NSE,EQ
768SIDBI27-N3,5952513,,,23252,NSE,EQ
762NABAR29-N3,5953025,,,23254,NSE,EQ
925SCL26A-YN,5959937,,,23281,NSE,EQ
965SCL26-YO,5960449,,,23283,NSE,EQ
888SCL26-YP,5960961,,,23285,NSE,EQ
925SCL26B-YQ,5961473,,,23287,NSE,EQ
0SCL26-YR,5961985,,,23289,NSE,EQ
940SCL27-YS,5962497,,,23291,NSE,EQ
990SCL27-YT,5963009,,,23293,NSE,EQ
902SCL27-YU,5963521,,,23295,NSE,EQ
948SCL27-YV,5964033,,,23297,NSE,EQ
0SCL27-YW,5964545,,,23299,NSE,EQ
965SCL29-YX,5965057,,,23301,NSE,EQ
1015SCFL29-YY,5965569,,,23303,NSE,EQ
925SCL29-YZ,5966081,,,23305,NSE,EQ
971SCL29-Z0,5966593,,,23307,NSE,EQ
10SCL31-Z1,5967105,,,23309,NSE,EQ
1050SCFL31-Z2,5967617,,,23311,NSE,EQ
957SCL31-Z3,5968129,,,23313,NSE,EQ
1003SCFL31-Z4,5968641,,,23315,NSE,EQ
1025SCFL34-Z5,5969153,,,23317,NSE,EQ
1075SCFL34-Z6,5969665,,,23319,NSE,EQ
980SCL34-Z7,5970177,,,23321,NSE,EQ
1025SCL34-Z8,5970689,,,23323,NSE,EQ
747RJ33-SG,5971201,SDL RJ 7.47% 2033,,23325,NSE,EQ
743TN34-SG,5971457,SDL TN 7.43% 2034,,23326,NSE,EQ
749RJ40-SG,5971713,SDL RJ 7.49% 2040,,23327,NSE,EQ
752WB39-SG,5971969,SDL WB 7.52% 2039,,23328,NSE,EQ
751UP40-SG,5972225,SDL UP 7.51% 2040,,23329,NSE,EQ
746MH41-SG,5972481,SDL MH 7.46% 2041,,23330,NSE,EQ
748MH42-SG,5972737,SDL MH 7.48% 2042,,23331,NSE,EQ
75MH44-SG,5972993,SDL MH 7.5% 2044,,23332,NSE,EQ
752RJ44-SG,5973249,SDL RJ 7.52% 2044,,23333,NSE,EQ
753WB44-SG,5973505,SDL WB 7.53% 2044,,23334,NSE,EQ
748TS50-SG,5973761,SDL TS 7.48% 2050,,23335,NSE,EQ
753KL50-SG,5974017,SDL KL 7.53% 2050,,23336,NSE,EQ
75TN54-SG,5974273,SDL TN 7.5% 2054,,23337,NSE,EQ
751JK54-SG,5974529,SDL JK 7.51% 2054,,23338,NSE,EQ
754KL55-SG,5974785,SDL KL 7.54% 2055,,23339,NSE,EQ
736UK26-SG,5975041,SDL UK 7.36% 2026,,23340,NSE,EQ
746AS31-SG,5975297,SDL AS 7.46% 2031,,23341,NSE,EQ
742KA32-SG,5975553,SDL KA 7.42% 2032,,23342,NSE,EQ
747CG32-SG,5975809,SDL CG 7.47% 2032,,23343,NSE,EQ
744KA33-SG,5976065,SDL KA 7.44% 2033,,23344,NSE,EQ
747CG33A-SG,5976321,SDL CG 7.47% 2033,,23345,NSE,EQ
744RJ34A-SG,5976577,SDL RJ 7.44% 2034,,23346,NSE,EQ
747CG34A-SG,5976833,SDL CG 7.47% 2034,,23347,NSE,EQ
749HR35-SG,5977089,SDL HR 7.49% 2035,,23348,NSE,EQ
749CG35-SG,5977345,SDL CG 7.49% 2035,,23349,NSE,EQ
749UP36-SG,5977601,SDL UP 7.49% 2036,,23350,NSE,EQ
749KL36-SG,5977857,SDL KL 7.49% 2036,,23351,NSE,EQ
75MN36A-SG,5978113,SDL MN 7.5% 2036,,23352,NSE,EQ
751UP38-SG,5978369,SDL UP 7.51% 2038,,23353,NSE,EQ
745MH39-SG,5978625,SDL MH 7.45% 2039,,23354,NSE,EQ
752HP39-SG,5978881,SDL HP 7.52% 2039,,23355,NSE,EQ
752UP39-SG,5979137,SDL UP 7.52% 2039,,23356,NSE,EQ
752GA39-SG,5979393,SDL GA 7.52% 2039,,23357,NSE,EQ
890MFL27-NK,5980417,,,23361,NSE,EQ
MUTF27-NL,5980929,,,23363,NSE,EQ
SABTNL,135921412,SRI ADHIKARI BROTHERS TELEVISI,530943,23365,BSE,EQ
VISHWAS-SM,5982721,VISHWAS AGRI SEEDS,,23370,NSE,EQ
NAMAN-SM,5985025,NAMAN IN-STORE (INDIA) L,,23379,NSE,EQ
VHLTD-BE,5986817,VICEROY HOTELS,,23386,NSE,EQ
1035CCSP26-N2,5987841,,,23390,NSE,EQ
ASPIRE-SM,5989377,ASPIRE & INNOVATIVE ADV L,,23396,NSE,EQ
SRM,139304452,SRM CONTRACTORS,544158,23402,BSE,EQ
LIQUIDADD,139304708,,544159,23407,BSE,EQ
BLUEPEBBLE-SM,5992961,BLUE PEBBLE,,23410,NSE,EQ
TRUST-ST,5995521,TRUST FINTECH,,23420,NSE,EQ
739AP30-SG,5995777,SDL AP 7.39% 2030,,23421,NSE,EQ
749PN32-SG,5996033,SDL PN 7.49% 2032,,23422,NSE,EQ
742TN34A-SG,5996289,SDL TN 7.42% 2034,,23423,NSE,EQ
745HP44-SG,5996545,SDL HP 7.45% 2044,,23424,NSE,EQ
746AP44-SG,5996801,SDL AP 7.46% 2044,,23425,NSE,EQ
746ML34-SG,5997057,SDL ML 7.46% 2034,,23426,NSE,EQ
744TS36-SG,5997313,SDL TS 7.44% 2036,,23427,NSE,EQ
748PN37-SG,5997569,SDL PN 7.48% 2037,,23428,NSE,EQ
743MH39-SG,5997825,SDL MH 7.43% 2039,,23429,NSE,EQ
744MH41-SG,5998081,SDL MH 7.44% 2041,,23430,NSE,EQ
746AP41B-SG,5998337,SDL AP 7.46% 2041,,23431,NSE,EQ
744MH42-SG,5998593,SDL MH 7.44% 2042,,23432,NSE,EQ
746AP42-SG,5998849,SDL AP 7.46% 2042,,23433,NSE,EQ
746AP43A-SG,5999105,SDL AP 7.46% 2043,,23434,NSE,EQ
TAC-ST,6000897,TAC INFOSEC,,23441,NSE,EQ
RADIOWALLA-SM,6001153,RADIOWALLA NETWORK,,23442,NSE,EQ
818CANF29-N1,6002945,,,23449,NSE,EQ
YASHOPTICS-ST,6005249,YASH OPTICS & LENS,,23458,NSE,EQ
K2INFRA-SM,6005505,K2 INFRAGEN,,23459,NSE,EQ
71GS2034-GS,6006529,GOI LOAN  7.1% 2034,,23463,NSE,EQ
975SCL27-Z9,6007041,,,23465,NSE,EQ
CGRAPHICS-SM,6007809,CREATIVE GRAPHICS S IND L,,23468,NSE,EQ
ALUWIND-SM,6009345,ALUWIND INFRA-TECH,,23474,NSE,EQ
SINCLAIR,133893892,SINCLAIRS HOTELS,523023,23480,BSE,EQ
DRSCARGO-ST,6012929,DRS CARGO MOVERS,,23488,NSE,EQ
BHARTIHEXA,139305476,BHARTI HEXACOM ,544162,23489,BSE,EQ
75AS34-SG,6014465,SDL AS 7.5% 2034,,23494,NSE,EQ
745MH41-SG,6014721,SDL MH 7.45% 2041,,23495,NSE,EQ
744MH42A-SG,6014977,SDL MH 7.44% 2042,,23496,NSE,EQ
744TS51-SG,6015233,SDL TS 7.44% 2051,,23497,NSE,EQ
744TS53-SG,6015489,SDL TS 7.44% 2053,,23498,NSE,EQ
UEL-BE,6018305,UJAAS ENERGY,,23509,NSE,EQ
TARACHAND,6019073,TARA CHAND INFRA SOLN,,23512,NSE,EQ
723GS2039-GS,6020609,GOI LOAN  7.23% 2039,,23518,NSE,EQ
DCG-SM,6021121,DCG CABLES & WIRES,,23520,NSE,EQ
TGL-SM,6022657,TEERTH GOPICON,,23526,NSE,EQ
745RL34-NN,6024193,,,23532,NSE,EQ
759RL27-NO,6024705,,,23534,NSE,EQ
745MH38A-SG,6025217,SDL MH 7.45% 2038,,23536,NSE,EQ
745MH39A-SG,6025473,SDL MH 7.45% 2039,,23537,NSE,EQ
742MH34-SG,6026241,SDL MH 7.42% 2034,,23540,NSE,EQ
742MH37-SG,6026497,SDL MH 7.42% 2037,,23541,NSE,EQ
746UP39-SG,6026753,SDL UP 7.46% 2039,,23542,NSE,EQ
748UP40-SG,6027009,SDL UP 7.48% 2040,,23543,NSE,EQ
748UP42-SG,6027265,SDL UP 7.48% 2042,,23544,NSE,EQ
748UP44-SG,6027521,SDL UP 7.48% 2044,,23545,NSE,EQ
75UK29-SG,6027777,SDL UK 7.5% 2029,,23546,NSE,EQ
748HR34-SG,6028033,SDL HR 7.48% 2034,,23547,NSE,EQ
885NOM28-N2,6029057,,,23551,NSE,EQ
AIIL,138029316,AUTHUM INVESTMENT & INFRASTRUC,539177,23553,BSE,EQ
734GS2064-GS,6030849,GOI LOAN  7.34% 2064,,23558,NSE,EQ
BIRDYS-ST,6031873,GRILL SPLENDOUR SER,,23562,NSE,EQ
795SHFL34-N2,6032129,,,23563,NSE,EQ
RBS-SM,6032641,RAMDEVBABA SOLVENT,,23565,NSE,EQ
755PGCI34-N2,6034177,,,23571,NSE,EQ
TCL26-NG,6035969,,,23578,NSE,EQ
75TN31-SG,6036737,SDL TN 7.5% 2031,,23581,NSE,EQ
75AP32-SG,6036993,SDL AP 7.5% 2032,,23582,NSE,EQ
755PN32-SG,6037249,SDL PN 7.55% 2032,,23583,NSE,EQ
749TN34-SG,6037505,SDL TN 7.49% 2034,,23584,NSE,EQ
751PN37-SG,6037761,SDL PN 7.51% 2037,,23585,NSE,EQ
749KL39-SG,6038017,SDL KL 7.49% 2039,,23586,NSE,EQ
749AP40-SG,6038273,SDL AP 7.49% 2040,,23587,NSE,EQ
748TS42-SG,6038529,SDL TS 7.48% 2042,,23588,NSE,EQ
748AP44A-SG,6038785,SDL AP 7.48% 2044,,23589,NSE,EQ
GLOSTERLTD,138841860,GLOSTER,542351,23590,BSE,EQ
1035CCSP27-N3,6042625,,,23604,NSE,EQ
BALUFORGE,135964676,BALU FORGE INDUSTRIES,531112,23607,BSE,EQ
JNKINDIA,139306756,JNK INDIA ,544167,23621,BSE,EQ
751NHB31-NC,6048257,,,23626,NSE,EQ
AAFS27B-N3,6048769,,,23628,NSE,EQ
754PN32-SG,6049281,SDL PN 7.54% 2032,,23630,NSE,EQ
754AS34-SG,6049537,SDL AS 7.54% 2034,,23631,NSE,EQ
752HR34-SG,6049793,SDL HR 7.52% 2034,,23632,NSE,EQ
752RJ34-SG,6050049,SDL RJ 7.52% 2034,,23633,NSE,EQ
753AP36-SG,6050305,SDL AP 7.53% 2036,,23634,NSE,EQ
753PN36-SG,6050561,SDL PN 7.53% 2036,,23635,NSE,EQ
753PN37-SG,6050817,SDL PN 7.53% 2037,,23636,NSE,EQ
752RJ37-SG,6051073,SDL RJ 7.52% 2037,,23637,NSE,EQ
752RJ39-SG,6051329,SDL RJ 7.52% 2039,,23638,NSE,EQ
751AP41-SG,6051585,SDL AP 7.51% 2041,,23639,NSE,EQ
749TN44-SG,6051841,SDL TN 7.49% 2044,,23640,NSE,EQ
749AP44-SG,6052097,SDL AP 7.49% 2044,,23641,NSE,EQ
749RJ44-SG,6052353,SDL RJ 7.49% 2044,,23642,NSE,EQ
747KL50-SG,6052609,SDL KL 7.47% 2050,,23643,NSE,EQ
FILATFASH,136197636,FILATEX FASHIONS,532022,23647,BSE,EQ
MUTHOOTFIN,136549892,MUTHOOT FINANCE,533398,23650,BSE,EQ
789SDIL29-N1,6055937,,,23656,NSE,EQ
859CIFCL29-NT,6056449,,,23658,NSE,EQ
903MFL29-NN,6058241,,,23665,NSE,EQ
895MFL27-NM,6058753,,,23667,NSE,EQ
AAFS27B-N4,6059265,,,23669,NSE,EQ
AAFS34A-N5,6059777,,,23671,NSE,EQ
747HP33-SG,6060289,SDL HP 7.47% 2033,,23673,NSE,EQ
743TN34A-SG,6060545,SDL TN 7.43% 2034,,23674,NSE,EQ
748ML34-SG,6060801,SDL ML 7.48% 2034,,23675,NSE,EQ
747TS36-SG,6061057,SDL TS 7.47% 2036,,23676,NSE,EQ
747AP37A-SG,6061313,SDL AP 7.47% 2037,,23677,NSE,EQ
743TS41A-SG,6061569,SDL TS 7.43% 2041,,23678,NSE,EQ
743AP42A-SG,6061825,SDL AP 7.43% 2042,,23679,NSE,EQ
742AP43A-SG,6062081,SDL AP 7.42% 2043,,23680,NSE,EQ
742AP44-SG,6062337,SDL AP 7.42% 2044,,23681,NSE,EQ
746AP38A-SG,6062593,SDL AP 7.46% 2038,,23682,NSE,EQ
742TS48-SG,6062849,SDL TS 7.42% 2048,,23683,NSE,EQ
ANURAS-W1,6063873,ANUPAM RASAYAN INDIA,,23687,NSE,EQ
SLONE-SM,6064385,SLONE INFOSYSTEMS,,23689,NSE,EQ
INDGN,139308036,INDEGENE ,544172,23693,BSE,EQ
885MOFSL26-N0,6066689,,,23698,NSE,EQ
0MOFSL26-N1,6067201,,,23700,NSE,EQ
91MOFSL27-N2,6067713,,,23702,NSE,EQ
0MOFSL27-N3,6068225,,,23704,NSE,EQ
897MOFSL29-N4,6068737,,,23706,NSE,EQ
935MOFSL29-N5,6069249,,,23708,NSE,EQ
93MOFSL34-N6,6069761,,,23710,NSE,EQ
97MOFSL34-N7,6070273,,,23712,NSE,EQ
WINSOL-SM,6070785,WINSOL ENGINEERS,,23714,NSE,EQ
REFRACTORY-SM,6071809,REFRACTORY SHAPES,,23718,NSE,EQ
935AKCF27-N0,6072833,,,23722,NSE,EQ
AADHARHFC,139309060,AADHAR HOUSING FINANCE ,544176,23729,BSE,EQ
858CIF27-NU,6075905,,,23734,NSE,EQ
SILKFLEX-SM,6076417,SILKFLEX POLYMERS INDIA L,,23736,NSE,EQ
TBOTEK,139308548,TBO TEK,544174,23740,BSE,EQ
EMMIL-SM,6078721,ENERGY MISSION MACH IND L,,23745,NSE,EQ
753RECL34-NP,6079745,,,23749,NSE,EQ
787LIC29-N3,6080257,,,23751,NSE,EQ
747PN32-SG,6080769,SDL PN 7.47% 2032,,23753,NSE,EQ
745AP33A-SG,6081025,SDL AP 7.45% 2033,,23754,NSE,EQ
745AP40B-SG,6081281,SDL AP 7.45% 2040,,23755,NSE,EQ
744TS41-SG,6081537,SDL TS 7.44% 2041,,23756,NSE,EQ
742AP45-SG,6081793,SDL AP 7.42% 2045,,23757,NSE,EQ
742AP46-SG,6082049,SDL AP 7.42% 2046,,23758,NSE,EQ
741AP47-SG,6082305,SDL AP 7.41% 2047,,23759,NSE,EQ
741JK49-SG,6082561,SDL JK 7.41% 2049,,23760,NSE,EQ
PRLIND-SM,6083585,PREMIER ROADLINES,,23764,NSE,EQ
902MFL27-NO,6084609,,,23768,NSE,EQ
VERITAAS-SM,6086401,VERITAAS ADVERTISING,,23775,NSE,EQ
MANDEEP-SM,6087425,MANDEEP AUTO INDUSTRIES L,,23779,NSE,EQ
ABSMARINE-SM,6088449,ABS MARINE SERVICES,,23783,NSE,EQ
IEML-SM,6089985,INDIAN EMULSIFIERS,,23789,NSE,EQ
QUESTLAB-SM,6091009,QUEST LABORATORIES,,23793,NSE,EQ
770NABAR27-N4,6092033,,,23797,NSE,EQ
GODIGIT,139309828,GO DIGIT GENERAL INSURANCE LIM,544179,23799,BSE,EQ
BSLGOLDETF,136552452,ADITYA BIRLA SUN LIFE MUTUAL F,533408,23804,BSE,EQ
ABSLPSE,139319812,ADITYA BIRLA SUN LIFE MUTUAL F,544218,23806,BSE,EQ
8137TCL24-NH,6095105,,,23809,NSE,EQ
738JK51-SG,6095873,SDL JK 7.38% 2051,,23812,NSE,EQ
742RJ32-SG,6096129,SDL RJ 7.42% 2032,,23813,NSE,EQ
741RJ34-SG,6096385,SDL RJ 7.41% 2034,,23814,NSE,EQ
742HR34-SG,6096641,SDL HR 7.42% 2034,,23815,NSE,EQ
743MN36-SG,6096897,SDL MN 7.43% 2036,,23816,NSE,EQ
74AP41-SG,6097153,SDL AP 7.4% 2041,,23817,NSE,EQ
738AP44-SG,6097409,SDL AP 7.38% 2044,,23818,NSE,EQ
HOACFOODS-SM,6098433,HOAC FOODS INDIA,,23822,NSE,EQ
RULKA-SM,6100481,RULKA ELECTRICALS,,23830,NSE,EQ
80650SFL26-N1,6101505,,,23834,NSE,EQ
865CIF29-NV,6102273,,,23837,NSE,EQ
702GS2027-GS,6106625,GOI LOAN  7.02% 2027,,23854,NSE,EQ
MIDSMALL,139310084,MIRAE ASSET MUTUAL FUND,544180,23855,BSE,EQ
AWFIS,139310340,AWFIS SPACE SOLUTIONS ,544181,23864,BSE,EQ
734TN29-SG,6110465,SDL TN 7.34% 2029,,23869,NSE,EQ
738TN33-SG,6110721,SDL TN 7.38% 2033,,23870,NSE,EQ
737AS34-SG,6110977,SDL AS 7.37% 2034,,23871,NSE,EQ
737RJ34B-SG,6111233,SDL RJ 7.37% 2034,,23872,NSE,EQ
738TN34-SG,6111489,SDL TN 7.38% 2034,,23873,NSE,EQ
736KL36-SG,6111745,SDL KL 7.36% 2036,,23874,NSE,EQ
737PN36-SG,6112001,SDL PN 7.37% 2036,,23875,NSE,EQ
734KL55-SG,6112257,SDL KL 7.34% 2055,,23876,NSE,EQ
736RJ37-SG,6112513,SDL RJ 7.36% 2037,,23877,NSE,EQ
737MZ39-SG,6112769,SDL MZ 7.37% 2039,,23878,NSE,EQ
737RJ39-SG,6113025,SDL RJ 7.37% 2039,,23879,NSE,EQ
737WB40-SG,6113281,SDL WB 7.37% 2040,,23880,NSE,EQ
734RJ45-SG,6113537,SDL RJ 7.34% 2045,,23881,NSE,EQ
734JK54-SG,6113793,SDL JK 7.34% 2054,,23882,NSE,EQ
734AP48-SG,6114049,SDL AP 7.34% 2048,,23883,NSE,EQ
734AP49-SG,6114305,SDL AP 7.34% 2049,,23884,NSE,EQ
GSMFOILS-SM,6115329,GSM FOILS,,23888,NSE,EQ
776TIL34-N1,6116353,,,23892,NSE,EQ
758RECL29-NQ,6116865,,,23894,NSE,EQ
770RECL26-NR,6117377,,,23896,NSE,EQ
825SMFG27-N1,6117889,,,23898,NSE,EQ
865CIFL29-NW,6118401,,,23900,NSE,EQ
768LIC34-N4,6120193,,,23907,NSE,EQ
VILAS-SM,6120705,VILAS TRANSCORE,,23909,NSE,EQ
759NHB27-ND,6121729,,,23913,NSE,EQ
LIQUIDBETF,139310596,,544182,23915,BSE,EQ
704GS2029-GS,6123265,GOI LOAN  7.04% 2029,,23919,NSE,EQ
744PFCL34-NB,6123521,,,23920,NSE,EQ
BEACON-SM,6124033,BEACON TRUSTEESHIP,,23922,NSE,EQ
925SCL26C-ZA,6125057,,,23926,NSE,EQ
965SCL26A-ZB,6125569,,,23928,NSE,EQ
888SCL26A-ZC,6126081,,,23930,NSE,EQ
925SCL26D-ZD,6126593,,,23932,NSE,EQ
SCFL310524-ZE,6127105,,,23934,NSE,EQ
SCL310524-ZF,6127873,,,23937,NSE,EQ
94SCL27-ZG,6129153,,,23942,NSE,EQ
99SCL27-ZH,6129665,,,23944,NSE,EQ
902SCL27A-ZI,6130177,,,23946,NSE,EQ
948SCL27A-ZJ,6130689,,,23948,NSE,EQ
SCL310524A-ZK,6131201,,,23950,NSE,EQ
1015SCL29-ZL,6131713,,,23952,NSE,EQ
925SCL29A-ZM,6132481,,,23955,NSE,EQ
971SCL29A-ZN,6133249,,,23958,NSE,EQ
10SCL31A-ZO,6134017,,,23961,NSE,EQ
1050SCL31-ZP,6134785,,,23964,NSE,EQ
1003SCL31-ZQ,6135553,,,23967,NSE,EQ
1075SCL34-ZR,6136321,,,23970,NSE,EQ
98SCL34-ZS,6136833,,,23972,NSE,EQ
1025SCL34A-ZT,6137345,,,23974,NSE,EQ
ZTECH-SM,6137857,Z-TECH (INDIA),,23976,NSE,EQ
817TFSIL27-N3,6138881,,,23980,NSE,EQ
8277SMF27-N5,6139393,,,23982,NSE,EQ
AIMTRON-SM,6139905,AIMTRON ELECTRONICS,,23984,NSE,EQ
909MFL29-NP,6140929,,,23988,NSE,EQ
9CIFL34-NX,6141441,,,23990,NSE,EQ
746HP36-SG,6142721,SDL HP 7.46% 2036,,23995,NSE,EQ
744TS40-SG,6142977,SDL TS 7.44% 2040,,23996,NSE,EQ
743RJ34-SG,6143233,SDL RJ 7.43% 2034,,23997,NSE,EQ
744TN34B-SG,6143489,SDL TN 7.44% 2034,,23998,NSE,EQ
744HP34-SG,6143745,SDL HP 7.44% 2034,,23999,NSE,EQ
745NL34-SG,6144001,SDL NL 7.45% 2034,,24000,NSE,EQ
743AP46-SG,6144257,SDL AP 7.43% 2046,,24001,NSE,EQ
738AP49-SG,6144513,SDL AP 7.38% 2049,,24002,NSE,EQ
738KL55-SG,6144769,SDL KL 7.38% 2055,,24003,NSE,EQ
743TN32-SG,6145025,SDL TN 7.43% 2032,,24004,NSE,EQ
743HR34-SG,6145281,SDL HR 7.43% 2034,,24005,NSE,EQ
745ML34-SG,6145537,SDL ML 7.45% 2034,,24006,NSE,EQ
748PN35-SG,6145793,SDL PN 7.48% 2035,,24007,NSE,EQ
747PN37-SG,6146049,SDL PN 7.47% 2037,,24008,NSE,EQ
745RJ40-SG,6146305,SDL RJ 7.45% 2040,,24009,NSE,EQ
743AP42B-SG,6146561,SDL AP 7.43% 2042,,24010,NSE,EQ
743TS43-SG,6146817,SDL TS 7.43% 2043,,24011,NSE,EQ
743AP44-SG,6147073,SDL AP 7.43% 2044,,24012,NSE,EQ
743JK46-SG,6147329,SDL JK 7.43% 2046,,24013,NSE,EQ
BOROSCI,139311108,BOROSIL SCIENTIFIC ,544184,24014,BSE,EQ
TBI-SM,6148865,TBI CORN,,24019,NSE,EQ
75IREDA34-ND,6149889,,,24023,NSE,EQ
KRONOX,139311876,KRONOX LAB SCIENCES,544187,24025,BSE,EQ
825TPL27-N6,6152961,,,24035,NSE,EQ
830SMF29-N6,6153985,,,24039,NSE,EQ
865TVSH29-N0,6154497,,,24041,NSE,EQ
738PY38A-SG,6156289,SDL PY 7.38% 2038,,24048,NSE,EQ
735JK49-SG,6156801,SDL JK 7.35% 2049,,24050,NSE,EQ
739UK30-SG,6157057,SDL UK 7.39% 2030,,24051,NSE,EQ
74PY30-SG,6157569,SDL PY 7.4% 2030,,24053,NSE,EQ
739TN32-SG,6157825,SDL TN 7.39% 2032,,24054,NSE,EQ
738HR34-SG,6158337,SDL HR 7.38% 2034,,24056,NSE,EQ
741PN34A-SG,6158593,SDL PN 7.41% 2034,,24057,NSE,EQ
805SHFL29-N3,6160129,,,24063,NSE,EQ
744IRF34-N0,6160641,,,24065,NSE,EQ
IXIGO,139313156,LE TRAVENUES TECHNOLOGY LIMITE,544192,24067,BSE,EQ
702GS2031-GS,6162433,GOI LOAN  7.02% 2031,,24072,NSE,EQ
792LIC27-N5,6162689,,,24073,NSE,EQ
735RECL34-NS,6163201,,,24075,NSE,EQ
MID150CASE,139313412,ZERODHA NIFTY MIDCAP 150 ETF,544193,24077,BSE,EQ
TOP100CASE,139313668,ZERODHA NIFTY LARGECAP 100 ETF,544194,24081,BSE,EQ
805TCHFL29-NG,6166785,,,24089,NSE,EQ
723GJ27-SG,6168577,SDL GJ 7.23% 2027,,24096,NSE,EQ
738RJ33-SG,6169089,SDL RJ 7.38% 2033,,24098,NSE,EQ
739PN33-SG,6169345,SDL PN 7.39% 2033,,24099,NSE,EQ
736HR34-SG,6169857,SDL HR 7.36% 2034,,24101,NSE,EQ
735TS36-SG,6170113,SDL TS 7.35% 2036,,24102,NSE,EQ
735TS38-SG,6170625,SDL TS 7.35% 2038,,24104,NSE,EQ
733JK51-SG,6170881,SDL JK 7.33% 2051,,24105,NSE,EQ
SKIL-BZ,6171393,SKIL INFRASTRUCTURE,,24107,NSE,EQ
GPECO-SM,6171649,GP ECO SOLUTIONS INDIA L,,24108,NSE,EQ
759NH27-NE,6173185,,,24114,NSE,EQ
BBNPNBETF,139314180,BARODA BNP PARIBAS MUTUAL FUND,544196,24117,BSE,EQ
807NIIF29-N3,6177025,,,24129,NSE,EQ
812SFL27-N2,6177537,,,24131,NSE,EQ
920IIFLS26-N8,6178049,,,24133,NSE,EQ
960IIFLS26-N9,6178561,,,24135,NSE,EQ
957IIFLS27-NA,6179073,,,24137,NSE,EQ
10IIFLSF27-NB,6179585,,,24139,NSE,EQ
1003IIFL29-NC,6180097,,,24141,NSE,EQ
1050IIFL29-ND,6180609,,,24143,NSE,EQ
RETAIL,139314436,JHS SVENDGAARD RETAIL VENTURES,544197,24145,BSE,EQ
FALCONTECH-SM,6182401,FALCON TECHNOPROJ IND,,24150,NSE,EQ
DEEDEV,139314692,DEE DEVELOPMENT ENGINEERS LIMI,544198,24154,BSE,EQ
AFIL,139315204,AKME FINTRADE (INDIA) ,544200,24159,BSE,EQ
DURLAX-SM,6185985,DURLAX TOP SURFACE,,24164,NSE,EQ
768SID27-N0,6187777,,,24171,NSE,EQ
WINNY-ST,6189057,WINNY IMMIGRA & EDU SER L,,24176,NSE,EQ
825NOM27-N0,6189313,,,24177,NSE,EQ
744IREDA34-N0,6189825,,,24179,NSE,EQ
734RJ34-SG,6190337,SDL RJ 7.34% 2034,,24181,NSE,EQ
734AP35-SG,6190593,SDL AP 7.34% 2035,,24182,NSE,EQ
733HR36-SG,6190849,SDL HR 7.33% 2036,,24183,NSE,EQ
PIIND,134052356,P.I.INDUSTRIES,523642,24184,BSE,EQ
734WB39-SG,6191361,SDL WB 7.34% 2039,,24185,NSE,EQ
736MZ39-SG,6191617,SDL MZ 7.36% 2039,,24186,NSE,EQ
SYMPHONY,132450564,SYMPHONY,517385,24190,BSE,EQ
732KL41-SG,6192897,SDL KL 7.32% 2041,,24191,NSE,EQ
731TS42-SG,6193153,SDL TS 7.31% 2042,,24192,NSE,EQ
VADILALIND,132903940,VADILAL INDUSTRIES,519156,24196,BSE,EQ
734WB42-SG,6194433,SDL WB 7.34% 2042,,24197,NSE,EQ
733RJ43-SG,6194689,SDL RJ 7.33% 2043,,24198,NSE,EQ
731AP44-SG,6195713,SDL AP 7.31% 2044,,24202,NSE,EQ
733RJ44-SG,6195969,SDL RJ 7.33% 2044,,24203,NSE,EQ
727TN54-SG,6196225,SDL TN 7.27% 2054,,24204,NSE,EQ
728JK54-SG,6196481,SDL JK 7.28% 2054,,24205,NSE,EQ
IVZINNIFTY,6199553,INVESCO INDIA NIFTY ETF,,24217,NSE,EQ
1190VCCL26-N0,6201089,,,24223,NSE,EQ
RELAXO,135812356,RELAXO FOOTWEARS,530517,24225,BSE,EQ
STANLEY,139315716,STANLEY LIFESTYLES,544202,24226,BSE,EQ
OMINFRAL,135959556,OM INFRA,531092,24231,BSE,EQ
MEDIORG-SM,6205185,MEDICAMEN ORGANICS,,24239,NSE,EQ
CITI2626-N0,6206977,,,24246,NSE,EQ
SPCL-SM,6207745,SHIVALIC POWER CONTROL L,,24249,NSE,EQ
842GIL27-N0,6208769,,,24253,NSE,EQ
793TPRE34-N0,6209281,,,24255,NSE,EQ
793TPRE29-N0,6209793,,,24257,NSE,EQ
864CIFL29-N0,6210561,,,24260,NSE,EQ
ESTER,128034820,ESTER INDUSTRIES,500136,24265,BSE,EQ
SYLVANPLY-SM,6212353,SYLVAN PLYBOARD (INDIA) L,,24267,NSE,EQ
VISAMAN-ST,6214913,VISAMAN GLOBAL SALES,,24277,NSE,EQ
MASON-SM,6215169,MASON INFRATECH,,24278,NSE,EQ
736SBOI39-N0,6216193,,,24282,NSE,EQ
98VFPL28-N0,6216705,,,24284,NSE,EQ
DPEL-ST,6217985,DIVINE POWER ENERGY,,24289,NSE,EQ
PCCL-SM,6218241,PETRO CARBON AND CHEMI L,,24290,NSE,EQ
VSTTILLERS,136004100,V.S.T.TILLERS TRACTORS,531266,24292,BSE,EQ
NXT-INFRA-IV,6220289,NXT-INFRA TRUST,,24298,NSE,EQ
816LTFH27-N0,6221313,,,24302,NSE,EQ
AKIKO-ST,6222593,AKIKO GLOBAL SERVICES L,,24307,NSE,EQ
ABDL,139315972,ALLIED BLENDERS AND DISTILLERS,544203,24308,BSE,EQ
DTL-SM,6224129,DIENSTEN TECH,,24313,NSE,EQ
AAFS28-N0,6225153,,,24317,NSE,EQ
10IIFL26-N0,6225665,,,24319,NSE,EQ
VRAJ,139316228,VRAJ IRON AND STEEL,544204,24321,BSE,EQ
1278VCCL25-N0,6227457,,,24326,NSE,EQ
753ICICI34-N0,6227969,,,24328,NSE,EQ
737AP33A-SG,6228481,SDL AP 7.37% 2033,,24330,NSE,EQ
738PN33-SG,6228737,SDL PN 7.38% 2033,,24331,NSE,EQ
735TN34-SG,6228993,SDL TN 7.35% 2034,,24332,NSE,EQ
738PN34-SG,6229249,SDL PN 7.38% 2034,,24333,NSE,EQ
739ML34-SG,6229505,SDL ML 7.39% 2034,,24334,NSE,EQ
737AP36-SG,6229761,SDL AP 7.37% 2036,,24335,NSE,EQ
739MN36-SG,6230017,SDL MN 7.39% 2036,,24336,NSE,EQ
736TS37-SG,6230273,SDL TS 7.36% 2037,,24337,NSE,EQ
736AP41-SG,6230529,SDL AP 7.36% 2041,,24338,NSE,EQ
737TS42-SG,6230785,SDL TS 7.37% 2042,,24339,NSE,EQ
736AP45-SG,6231041,SDL AP 7.36% 2045,,24340,NSE,EQ
736JK46-SG,6231297,SDL JK 7.36% 2046,,24341,NSE,EQ
742KL46-SG,6231553,SDL KL 7.42% 2046,,24342,NSE,EQ
736AP48-SG,6231809,SDL AP 7.36% 2048,,24343,NSE,EQ
864CIFL29A-N0,6232833,,,24347,NSE,EQ
NEPHROCARE-ST,6234369,NEPHRO CARE INDIA,,24353,NSE,EQ
743NBFID34-N0,6237185,,,24364,NSE,EQ
SBISILVER,139316740,SBI MUTUAL FUND,544206,24366,BSE,EQ
823SFL34-N0,6238721,,,24370,NSE,EQ
833PHFL29-N0,6239233,,,24372,NSE,EQ
LIQUIDSHRI,139317252,,544208,24374,BSE,EQ
RELIABLE-BE,6241281,RELIABLE DATA SERVICE,,24380,NSE,EQ
792TCHF34-N0,6242049,,,24383,NSE,EQ
BANSALWIRE,139317508,BANSAL WIRE INDUSTRIES ,544209,24386,BSE,EQ
KARMAENG-BE,6243585,KARMA ENERGY,,24389,NSE,EQ
DELPHIFX,136563716,DELPHI WORLD MONEY,533452,24391,BSE,EQ
EMCURE,139317764,EMCURE PHARMACEUTICALS ,544210,24398,BSE,EQ
ASHIANA,134071300,ASHIANA HOUSING,523716,24403,BSE,EQ
ABGSEC,139318020,,544211,24404,BSE,EQ
DHANUKA,129975556,DHANUKA AGRITECH,507717,24409,BSE,EQ
AMBEY-SM,6250241,AMBEY LABORATORIES,,24415,NSE,EQ
733GA39-SG,6251265,SDL GA 7.33% 2039,,24419,NSE,EQ
732HR36-SG,6251521,SDL HR 7.32% 2036,,24420,NSE,EQ
738JK49-SG,6251777,SDL JK 7.38% 2049,,24421,NSE,EQ
732RJ34-SG,6252033,SDL RJ 7.32% 2034,,24422,NSE,EQ
736RJ46-SG,6252289,SDL RJ 7.36% 2046,,24423,NSE,EQ
731TN54-SG,6252545,SDL TN 7.31% 2054,,24424,NSE,EQ
EFFWA-SM,6255361,EFFWA INFRA & RESEARCH L,,24435,NSE,EQ
GGBL-SM,6256385,GANESH GREEN BHARAT,,24439,NSE,EQ
820ABSLI34-N0,6257409,,,24443,NSE,EQ
AGIIL,137994756,AGI INFRA ,539042,24445,BSE,EQ
736SBI39-N0,6260481,,,24455,NSE,EQ
EVINDIA,139318276,MIRAE ASSET MUTUAL FUND,544212,24461,BSE,EQ
817ABHF27-N0,6262785,,,24464,NSE,EQ
812ABHF29-N0,6263297,,,24466,NSE,EQ
7865LICH26-N0,6264833,,,24472,NSE,EQ
739IRFC34-N0,6265345,,,24474,NSE,EQ
862HHFL29-N0,6265857,,,24476,NSE,EQ
SAHAJSOLAR-SM,6266369,SAHAJ SOLAR,,24478,NSE,EQ
820TFSIL29-N0,6267393,,,24482,NSE,EQ
736IOCL29-N0,6267905,,,24484,NSE,EQ
735HP34-SG,6268417,SDL HP 7.35% 2034,,24486,NSE,EQ
732TS36-SG,6268673,SDL TS 7.32% 2036,,24487,NSE,EQ
732HR36A-SG,6268929,SDL HR 7.32% 2036,,24488,NSE,EQ
735MZ37-SG,6269185,SDL MZ 7.35% 2037,,24489,NSE,EQ
733TS40-SG,6269441,SDL TS 7.33% 2040,,24490,NSE,EQ
733AP40-SG,6269697,SDL AP 7.33% 2040,,24491,NSE,EQ
735JK51-SG,6269953,SDL JK 7.35% 2051,,24492,NSE,EQ
733AP43A-SG,6270209,SDL AP 7.33% 2043,,24493,NSE,EQ
756RECL27-N0,6272001,,,24500,NSE,EQ
745RECL35-N0,6272513,,,24502,NSE,EQ
SATIPOLY-SM,6273025,SATI POLY PLAST,,24504,NSE,EQ
PRIZOR-ST,6274817,PRIZOR VIZTECH,,24511,NSE,EQ
897MFL27-N0,6275073,,,24512,NSE,EQ
74CB34-N0,6275585,,,24514,NSE,EQ
754BOI34-N0,6276097,,,24516,NSE,EQ
955ICCL26-N0,6276609,,,24518,NSE,EQ
TUNWAL-SM,6277121,TUNWAL E-MOTORS,,24520,NSE,EQ
SBINEQWETF,139319044,SBI MUTUAL FUND,544215,24524,BSE,EQ
KATARIA-SM,6279169,KATARIA INDUSTRIES,,24528,NSE,EQ
FILATEX,134714116,FILATEX INDIA,526227,24532,BSE,EQ
OILIETF,139319300,ICICI PRUDENTIAL MUTUAL FUND,544216,24533,BSE,EQ
MAITHANALL,151059972,MAITHAN ALLOYS,590078,24538,BSE,EQ
MACOBSTECH-SM,6283521,MACOBS TECHNOLOGIES,,24545,NSE,EQ
10157PCP27-N0,6284545,,,24549,NSE,EQ
835TPL27-N0,6286337,,,24556,NSE,EQ
801TCL34-N0,6286849,,,24558,NSE,EQ
738PGCIL34-N0,6287361,,,24560,NSE,EQ
733TN32-SG,6287873,SDL TN 7.33% 2032,,24562,NSE,EQ
734TN34-SG,6288129,SDL TN 7.34% 2034,,24563,NSE,EQ
736GA34-SG,6288385,SDL GA 7.36% 2034,,24564,NSE,EQ
736RJ34-SG,6288641,SDL RJ 7.36% 2034,,24565,NSE,EQ
734TS37-SG,6288897,SDL TS 7.34% 2037,,24566,NSE,EQ
735AS39-SG,6289153,SDL AS 7.35% 2039,,24567,NSE,EQ
735TS40-SG,6289409,SDL TS 7.35% 2040,,24568,NSE,EQ
736WB40-SG,6289665,SDL WB 7.36% 2040,,24569,NSE,EQ
733TS42-SG,6289921,SDL TS 7.33% 2042,,24570,NSE,EQ
733KL54-SG,6290177,SDL KL 7.33% 2054,,24571,NSE,EQ
739IREDA39-N0,6292481,,,24580,NSE,EQ
SANSTAR,139319556,SANSTAR,544217,24582,BSE,EQ
975SCL29-N0,6294273,,,24587,NSE,EQ
RNFI-SM,6294785,RNFI SERVICES,,24589,NSE,EQ
860GFL27-N0,6295809,,,24593,NSE,EQ
RUSHIL,136568324,RUSHIL DECOR,533470,24595,BSE,EQ
RELTD,129111300,RAVINDRA ENERGY,504341,24596,BSE,EQ
850CIFL27-N0,6298625,,,24604,NSE,EQ
VLINFRA-SM,6299137,V.L.INFRAPROJECTS,,24606,NSE,EQ
AVANTEL,136295940,AVANTEL,532406,24610,BSE,EQ
CHETANA-SM,6304001,CHETANA EDUCATION,,24625,NSE,EQ
MIEL-ST,6305793,MANGLAM INFRA & ENG,,24632,NSE,EQ
830ABHFL34-N0,6306817,,,24636,NSE,EQ
APRAMEYA-SM,6307329,APRAMEYA ENGINEERING,,24638,NSE,EQ
TROM-SM,6308353,TROM INDUSTRIES,,24642,NSE,EQ
727TN32-SG,6309377,SDL TN 7.27% 2032,,24646,NSE,EQ
727MH34-SG,6309633,SDL MH 7.27% 2034,,24647,NSE,EQ
729RJ34-SG,6309889,SDL RJ 7.29% 2034,,24648,NSE,EQ
734PN35-SG,6310145,SDL PN 7.34% 2035,,24649,NSE,EQ
734HR36-SG,6310401,SDL HR 7.34% 2036,,24650,NSE,EQ
730MH38-SG,6310657,SDL MH 7.30% 2038,,24651,NSE,EQ
733AP39-SG,6310913,SDL AP 7.33% 2039,,24652,NSE,EQ
730MH39-SG,6311169,SDL MH 7.30% 2039,,24653,NSE,EQ
735WB40-SG,6311425,SDL WB 7.35% 2040,,24654,NSE,EQ
735WB43-SG,6311681,SDL WB 7.35% 2043,,24655,NSE,EQ
734AP44-SG,6311937,SDL AP 7.34% 2044,,24656,NSE,EQ
733MH44-SG,6312193,SDL MH 7.33% 2044,,24657,NSE,EQ
734RJ45A-SG,6312449,SDL RJ 7.34% 2045,,24658,NSE,EQ
735JK46-SG,6312705,SDL JK 7.35% 2046,,24659,NSE,EQ
734AP49A-SG,6312961,SDL AP 7.34% 2049,,24660,NSE,EQ
735RJ49-SG,6313217,SDL RJ 7.35% 2049,,24661,NSE,EQ
731TS50-SG,6313473,SDL TS 7.31% 2050,,24662,NSE,EQ
730KL52-SG,6313729,SDL KL 7.30% 2052,,24663,NSE,EQ
729TN54-SG,6313985,SDL TN 7.29% 2054,,24664,NSE,EQ
724TN30-SG,6314241,SDL TN 7.24% 2030,,24665,NSE,EQ
734PN32-SG,6314497,SDL PN 7.34% 2032,,24666,NSE,EQ
85GHFL27-N0,6315521,,,24670,NSE,EQ
737IRFC29-N0,6316033,,,24672,NSE,EQ
SATECH-SM,6316545,S A TECH SOFTWARE INDIA L,,24674,NSE,EQ
ESPRIT-SM,6317569,ESPRIT STONES,,24678,NSE,EQ
910CIFL31-N0,6318593,,,24682,NSE,EQ
1650RARL27-N0,6321409,,,24693,NSE,EQ
818TFSIL27-N0,6321921,,,24695,NSE,EQ
SSEGL-SM,6322433,SATHLOKHAR SYN E&C GLOB L,,24697,NSE,EQ
BULKCORP-SM,6323457,BULKCORP INTERNATIONAL L,,24701,NSE,EQ
697GR2034-GS,6324481,GOI LOAN   6.97% 2034,,24705,NSE,EQ
RAJINDLTD-SM,6324993,RAJPUTANA INDUSTRIES,,24707,NSE,EQ
ASHALOG-SM,6326017,ASHAPURA LOGISTICS,,24711,NSE,EQ
AKUMS,139320836,AKUMS DRUGS AND PHARMACEUTICAL,544222,24715,BSE,EQ
798SHFL26-N0,6328321,,,24720,NSE,EQ
830SICC27-N0,6329089,,,24723,NSE,EQ
828SICC26-N0,6329345,,,24724,NSE,EQ
UTSSAV-SM,6329857,UTSSAV CZ GOLD JEWELS,,24726,NSE,EQ
RUBFILA,128093956,RUBFILA INTERNATIONAL,500367,24730,BSE,EQ
RPEL,138198276,RAGHAV PRODUCTIVITY ENHANCERS,539837,24735,BSE,EQ
787SDIL30-N0,6333697,,,24741,NSE,EQ
CEIGALL,139321092,CEIGALL INDIA ,544223,24742,BSE,EQ
DHARIWAL-SM,6335233,DHARIWALCORP,,24747,NSE,EQ
725HP33-SG,6336257,SDL HP 7.25% 2033,,24751,NSE,EQ
722MH34-SG,6336513,SDL MH 7.22% 2034,,24752,NSE,EQ
723TN34-SG,6336769,SDL TN 7.23% 2034,,24753,NSE,EQ
726MP35-SG,6337025,SDL MP 7.26% 2035,,24754,NSE,EQ
726HR36-SG,6337281,SDL HR 7.26% 2036,,24755,NSE,EQ
727MH39-SG,6337537,SDL MH 7.27% 2039,,24756,NSE,EQ
731KL40-SG,6337793,SDL KL 7.31% 2040,,24757,NSE,EQ
729TS42-SG,6338049,SDL TS 7.29% 2042,,24758,NSE,EQ
727MH44-SG,6338305,SDL MH 7.27% 2044,,24759,NSE,EQ
728MP45-SG,6338561,SDL MP 7.28% 2045,,24760,NSE,EQ
729JK45-SG,6338817,SDL JK 7.29% 2045,,24761,NSE,EQ
728TS46-SG,6339073,SDL TS 7.28% 2046,,24762,NSE,EQ
726MH49-SG,6339329,SDL MH 7.26% 2049,,24763,NSE,EQ
727KL59-SG,6339585,SDL KL 7.27% 2059,,24764,NSE,EQ
73AS39-SG,6339841,SDL AS 7.3% 2039,,24765,NSE,EQ
729TS40-SG,6340097,SDL TS 7.29% 2040,,24766,NSE,EQ
80956ABH26-N0,6341889,,,24773,NSE,EQ
799RCFL27-N0,6342401,,,24775,NSE,EQ
OLAELEC-BE,6343425,OLA ELECTRIC MOBILITY,,24779,NSE,EQ
BSLNIFTY,139129348,ADITYA BIRLA SUN LIFE MUTUAL F,543474,24781,BSE,EQ
PPSL-SM,6344961,PICTUREPOST STUDIOS,,24785,NSE,EQ
975SIPL27-N0,6346753,,,24792,NSE,EQ
890MFL27A-N0,6347265,,,24794,NSE,EQ
828PHFL26-N0,6347777,,,24796,NSE,EQ
GROWWEV,6348289,GROWWAMC - GROWWEV,,24798,NSE,EQ
755RECL26-N0,6350081,,,24805,NSE,EQ
UNIECOM,139322116,UNICOMMERCE ESOLUTIONS,544227,24809,BSE,EQ
FIRSTCRY,139321860,BRAINBEES SOLUTIONS ,544226,24814,BSE,EQ
849ABSLI34-N0,6353665,,,24819,NSE,EQ
975SCL28A-N0,6354177,,,24821,NSE,EQ
MANCREDIT,129497604,MANGAL CREDIT AND FINCORP,505850,24823,BSE,EQ
119VCCL26-N0,6355969,,,24828,NSE,EQ
AESTHETIK-SM,6356481,AESTHETIK ENGINEERS,,24830,NSE,EQ
736NBFID44-N0,6357505,,,24834,NSE,EQ
728TS45-SG,6358017,SDL TS 7.28% 2045,,24836,NSE,EQ
727JK49-SG,6358273,SDL JK 7.27% 2049,,24837,NSE,EQ
705GJ28-SG,6358529,SDL GJ 7.05% 2028,,24838,NSE,EQ
706GJ29-SG,6358785,SDL GJ 7.06% 2029,,24839,NSE,EQ
726BR33-SG,6359041,SDL BR 7.26% 2033,,24840,NSE,EQ
721TN34-SG,6359297,SDL TN 7.21% 2034,,24841,NSE,EQ
726TS35-SG,6359553,SDL TS 7.26% 2035,,24842,NSE,EQ
728TS38-SG,6359809,SDL TS 7.28% 2038,,24843,NSE,EQ
GSEC10ABSL,139322372,,544228,24847,BSE,EQ
SUYOG,137538308,SUYOG TELEMATICS,537259,24851,BSE,EQ
SSDL,139322884,SARASWATI SAREE DEPOT,544230,24856,BSE,EQ
METALIETF,139322628,ICICI PRUDENTIAL MUTUAL FUND,544229,24861,BSE,EQ
POSITRON-SM,6365185,POSITRON ENERGY,,24864,NSE,EQ
SUNLITE-SM,6366209,SUNLITE RECYCLING IND,,24868,NSE,EQ
INVENTURE,136577540,INVENTURE GROWTH & SECURITIES,533506,24870,BSE,EQ
AAFS28A-N0,6368513,,,24877,NSE,EQ
BALCO-SM,6369025,SOLVE PLASTIC PRODUCTS L,,24879,NSE,EQ
781TCHE27-N0,6370049,,,24883,NSE,EQ
721MH35-SG,6370561,SDL MH 7.21% 2035,,24885,NSE,EQ
724HR36-SG,6370817,SDL HR 7.24% 2036,,24886,NSE,EQ
725HR39-SG,6371073,SDL HR 7.25% 2039,,24887,NSE,EQ
723MH40-SG,6371329,SDL MH 7.23% 2040,,24888,NSE,EQ
724WB42-SG,6371585,SDL WB 7.24% 2042,,24889,NSE,EQ
722MH45-SG,6371841,SDL MH 7.22% 2045,,24890,NSE,EQ
722MH50-SG,6372097,SDL MH 7.22% 2050,,24891,NSE,EQ
723JK51-SG,6372353,SDL JK 7.23% 2051,,24892,NSE,EQ
72MZ31-SG,6372609,SDL MZ 7.2% 2031,,24893,NSE,EQ
724BR33-SG,6372865,SDL BR 7.24% 2033,,24894,NSE,EQ
719TN34-SG,6373121,SDL TN 7.19% 2034,,24895,NSE,EQ
732PFCL39-N0,6374145,,,24899,NSE,EQ
845NOM27-N0,6374657,,,24901,NSE,EQ
845NOM27A-N0,6375169,,,24903,NSE,EQ
BRACEPORT-SM,6375681,BRACE PORT LOGISTICS,,24905,NSE,EQ
INTERARCH,139323396,INTERARCH BUILDING SOLUTIONS L,544232,24909,BSE,EQ
FORCAS-SM,6377985,FORCAS STUDIO,,24914,NSE,EQ
ELGIRUBCO-BE,6381569,ELGI RUBBER CO.,,24928,NSE,EQ
GLOBALE,139323908,GLOBALE TESSILE ,544234,24932,BSE,EQ
MFML,139323652,MAHALAXMI FABRIC MILLS ,544233,24937,BSE,EQ
775LICH29-N0,6385153,,,24942,NSE,EQ
MODEFENCE,6385665,MOTILALAMC - MODEFENCE,,24944,NSE,EQ
LTF,136580868,L&T FINANCE ,533519,24948,BSE,EQ
709GS2054-GS,6386945,GOI LOAN  7.09% 2054,,24949,NSE,EQ
IDEALTECHO-ST,6388737,IDEAL TECHNOPLAST IND,,24956,NSE,EQ
QVCEL-SM,6388993,QVC EXPORTS,,24957,NSE,EQ
ORIENTTECH,139324164,ORIENT TECHNOLOGIES ,544235,24961,BSE,EQ
SURAJLTD,136099332,SURAJ,531638,24966,BSE,EQ
WINDMACHIN,133639428,WINDSOR MACHINES,522029,24969,BSE,EQ
73BOB34-N0,6393601,,,24975,NSE,EQ
975SIPL27A-N0,6394113,,,24977,NSE,EQ
731RECL39-N0,6394625,,,24979,NSE,EQ
727MN36-SG,6395905,SDL MN 7.27% 2036,,24984,NSE,EQ
726PN36-SG,6396161,SDL PN 7.26% 2036,,24985,NSE,EQ
726PN37-SG,6396417,SDL PN 7.26% 2037,,24986,NSE,EQ
726MP38-SG,6396673,SDL MP 7.26% 2038,,24987,NSE,EQ
726AS39-SG,6396929,SDL AS 7.26% 2039,,24988,NSE,EQ
726KL39-SG,6397185,SDL KL 7.26% 2039,,24989,NSE,EQ
724MH39-SG,6397441,SDL MH 7.24% 2039,,24990,NSE,EQ
727AP41-SG,6397697,SDL AP 7.27% 2041,,24991,NSE,EQ
727RJ42-SG,6397953,SDL RJ 7.27% 2042,,24992,NSE,EQ
725MH44-SG,6398209,SDL MH 7.25% 2044,,24993,NSE,EQ
722MP45-SG,6398465,SDL MP 7.22% 2045,,24994,NSE,EQ
723AP46-SG,6398721,SDL AP 7.23% 2046,,24995,NSE,EQ
723RJ46-SG,6398977,SDL RJ 7.23% 2046,,24996,NSE,EQ
722MH49-SG,6399233,SDL MH 7.22% 2049,,24997,NSE,EQ
723WB49-SG,6399489,SDL WB 7.23% 2049,,24998,NSE,EQ
723JK54-SG,6400001,SDL JK 7.23% 2054,,25000,NSE,EQ
722TN54-SG,6400257,SDL TN 7.22% 2054,,25001,NSE,EQ
YAARI-BE,6400769,YAARI DIGI INT SER,,25003,NSE,EQ
722KL59-SG,6401281,SDL KL 7.22% 2059,,25005,NSE,EQ
706TN29-SG,6401537,SDL TN 7.06% 2029,,25006,NSE,EQ
725BR33-SG,6401793,SDL BR 7.25% 2033,,25007,NSE,EQ
723RJ33-SG,6402049,SDL RJ 7.23% 2033,,25008,NSE,EQ
723GA34-SG,6402305,SDL GA 7.23% 2034,,25009,NSE,EQ
720MH34-SG,6402561,SDL MH 7.20% 2034,,25010,NSE,EQ
722RJ34-SG,6402817,SDL RJ 7.22% 2034,,25011,NSE,EQ
724AP36-SG,6403073,SDL AP 7.24% 2036,,25012,NSE,EQ
724HR36A-SG,6403329,SDL HR 7.24% 2036,,25013,NSE,EQ
722HPCL29-N0,6403585,,,25014,NSE,EQ
79123SHF26-N0,6404097,,,25016,NSE,EQ
BODALCHEM,134238724,BODAL CHEMICALS,524370,25017,BSE,EQ
725IRFC34-N0,6407937,,,25031,NSE,EQ
IPHL-SM,6408449,INDIAN PHOSPHATE,,25033,NSE,EQ
JAYBEE-SM,6409473,JAY BEE LAMINATIONS,,25037,NSE,EQ
761LIC34-N0,6410753,,,25042,NSE,EQ
774LIC28-N0,6412033,,,25047,NSE,EQ
PREMIERENE,139324932,PREMIER ENERGIES ,544238,25049,BSE,EQ
VDEAL-SM,6413825,VDEAL SYSTEM,,25054,NSE,EQ
785IIFL27-N0,6414849,,,25058,NSE,EQ
ECOSMOBLTY,139325188,ECOS (INDIA) MOBILITY & HOSPIT,544239,25060,BSE,EQ
AERON-SM,6416641,AERON COMPOSITE,,25065,NSE,EQ
PARAMATRIX-SM,6417665,PARAMATRIX TECHNOLOGIES L,,25069,NSE,EQ
RAYMONDLSL,139325444,RAYMOND LIFESTYLE ,544240,25073,BSE,EQ
772TIL34-N0,6419969,,,25078,NSE,EQ
MULTICAP,139325700,MIRAE ASSET MUTUAL FUND,544241,25080,BSE,EQ
TREEHOUSE,136586244,TREE HOUSE EDUCATION & ACCESSO,533540,25082,BSE,EQ
ASAHISONG,136410372,ASAHI SONGWON COLORS,532853,25088,BSE,EQ
725GA35-SG,6422785,SDL GA 7.25% 2035,,25089,NSE,EQ
723MH35-SG,6423041,SDL MH 7.23% 2035,,25090,NSE,EQ
725HR36-SG,6424065,SDL HR 7.25% 2036,,25094,NSE,EQ
725AP37-SG,6424321,SDL AP 7.25% 2037,,25095,NSE,EQ
725TS38-SG,6424577,SDL TS 7.25% 2038,,25096,NSE,EQ
724KL40-SG,6424833,SDL KL 7.24% 2040,,25097,NSE,EQ
724MH40-SG,6425089,SDL MH 7.24% 2040,,25098,NSE,EQ
725AP44-SG,6425345,SDL AP 7.25% 2044,,25099,NSE,EQ
725AS44-SG,6425601,SDL AS 7.25% 2044,,25100,NSE,EQ
725MH45-SG,6425857,SDL MH 7.25% 2045,,25101,NSE,EQ
725WB45-SG,6426113,SDL WB 7.25% 2045,,25102,NSE,EQ
725TS46-SG,6426369,SDL TS 7.25% 2046,,25103,NSE,EQ
725AP47-SG,6426625,SDL AP 7.25% 2047,,25104,NSE,EQ
706TN29A-SG,6426881,SDL TN 7.06% 2029,,25105,NSE,EQ
719TN32A-SG,6427137,SDL TN 7.19% 2032,,25106,NSE,EQ
723AP34-SG,6427393,SDL AP 7.23% 2034,,25107,NSE,EQ
725ML34-SG,6427649,SDL ML 7.25% 2034,,25108,NSE,EQ
724RJ34-SG,6427905,SDL RJ 7.24% 2034,,25109,NSE,EQ
726MH50-SG,6428161,SDL MH 7.26% 2050,,25110,NSE,EQ
STYLEBAAZA,139326212,BAAZAR STYLE RETAIL ,544243,25114,BSE,EQ
BOSS-SM,6430465,BOSS PACKAGING SOLU,,25119,NSE,EQ
730PFCL34-N0,6431489,,,25123,NSE,EQ
840GHFL28-N0,6433281,,,25130,NSE,EQ
747SIDBI29-N0,6433793,,,25132,NSE,EQ
GALAPREC,139326468,GALA PRECISION ENGINEERING LIM,544244,25134,BSE,EQ
BROOKS,136587012,BROOKS LABORATORIES,533543,25136,BSE,EQ
745ABL34-N0,6436609,,,25143,NSE,EQ
8049ABHF27-N0,6437121,,,25145,NSE,EQ
JEYYAM-ST,6438401,JEYYAM GLOBAL FOODS,,25150,NSE,EQ
799LTFH27-N0,6438657,,,25151,NSE,EQ
8887HFL26-N0,6439169,,,25153,NSE,EQ
980ICCL29-N0,6439681,,,25155,NSE,EQ
RVTH,139326980,REVATHI EQUIPMENT INDIA LIMITE,544246,25157,BSE,EQ
EUREKAFORB,139131396,EUREKA FORBES ,543482,25162,BSE,EQ
NAMOEWASTE-SM,6442753,NAMO EWASTE MANAGEMENT L,,25167,NSE,EQ
TOP10ADD,139327236,DSP MUTUAL FUND,544247,25171,BSE,EQ
726BOB34-N0,6445057,,,25176,NSE,EQ
TDPOWERSYS,136589572,T D POWER SYSTEMS,533553,25178,BSE,EQ
736IRED39-N0,6451457,,,25201,NSE,EQ
BALAJEE,139327748,SHREE TIRUPATI BALAJEE AGRO TR,544249,25203,BSE,EQ
MYMUDRA-ST,6454017,MY MUDRA FINCORP,,25211,NSE,EQ
703TN29-SG,6454273,SDL TN 7.03% 2029,,25212,NSE,EQ
722TS38-SG,6454529,SDL TS 7.22% 2038,,25213,NSE,EQ
721BR33-SG,6454785,SDL BR 7.21% 2033,,25214,NSE,EQ
722HP39-SG,6455041,SDL HP 7.22% 2039,,25215,NSE,EQ
723KL45-SG,6455297,SDL KL 7.23% 2045,,25216,NSE,EQ
722TN54A-SG,6455553,SDL TN 7.22% 2054,,25217,NSE,EQ
723MZ38-SG,6455809,SDL MZ 7.23% 2038,,25218,NSE,EQ
SANOFICONR,139328004,SANOFI CONSUMER HEALTHCARE IND,544250,25222,BSE,EQ
803ABHFL29-N0,6458113,,,25227,NSE,EQ
807SMFG27-N0,6458625,,,25229,NSE,EQ
VIESL-SM,6459137,VISION INFRA EQUIP SOL L,,25231,NSE,EQ
XTGLOBAL,135993604,XTGLOBAL INFOTECH,531225,25235,BSE,EQ
SHUBHSHREE-SM,6461441,SHUBHSHREE BIOFUELS ENE L,,25240,NSE,EQ
GAJANAND-SM,6462465,GAJANAND INTERNATIONAL L,,25244,NSE,EQ
AUSL-SM,6463489,ADITYA ULTRA STEEL,,25248,NSE,EQ
KROSS,139328772,KROSS ,544253,25252,BSE,EQ
EBANKNIFTY,6466049,EDELAMC - EBANKNIFTY,,25258,NSE,EQ
TOLINS,139329028,TOLINS TYRES ,544254,25262,BSE,EQ
BAJAJHFL,139328516,BAJAJ HOUSING FINANCE ,544252,25270,BSE,EQ
925AEL26-N1,6470913,,,25277,NSE,EQ
AEL120924-N2,6471681,,,25280,NSE,EQ
932AEL27-N3,6472449,,,25283,NSE,EQ
965AEL27-N4,6473473,,,25287,NSE,EQ
AEL120924A-N5,6474753,,,25292,NSE,EQ
956AEL29-N6,6475265,,,25294,NSE,EQ
99AEL29-N7,6475777,,,25296,NSE,EQ
AEL120924B-N8,6476289,,,25298,NSE,EQ
SPPPOLY-SM,6478337,SPP POLYMER,,25306,NSE,EQ
PNGJL,139329540,P N GADGIL JEWELLERS,544256,25312,BSE,EQ
724INBK34-N0,6481409,,,25318,NSE,EQ
INNOMET-SM,6481921,INNOMET ADVANCED MATERI L,,25320,NSE,EQ
EXCELLENT-SM,6482945,EXCELLENT WIRES N PACK L,,25324,NSE,EQ
APLLTD,136594692,ALEMBIC PHARMACEUTICALS,533573,25328,BSE,EQ
VASWANI,136595460,VASWANI INDUSTRIES,533576,25340,BSE,EQ
70CG29-SG,6489857,SDL CG 7.0% 2029,,25351,NSE,EQ
71MH33-SG,6490113,SDL MH 7.1% 2033,,25352,NSE,EQ
711BR33-SG,6490369,SDL BR 7.11% 2033,,25353,NSE,EQ
71TN34-SG,6490625,SDL TN 7.1% 2034,,25354,NSE,EQ
713AS34-SG,6490881,SDL AS 7.13% 2034,,25355,NSE,EQ
712MH36-SG,6491137,SDL MH 7.12% 2036,,25356,NSE,EQ
713TS36-SG,6491393,SDL TS 7.13% 2036,,25357,NSE,EQ
PGEL,136596740,PG ELECTROPLAST,533581,25358,BSE,EQ
713HR36-SG,6491905,SDL HR 7.13% 2036,,25359,NSE,EQ
713MH37-SG,6492161,SDL MH 7.13% 2037,,25360,NSE,EQ
713MH43-SG,6493185,SDL MH 7.13% 2043,,25364,NSE,EQ
714KL47-SG,6493441,SDL KL 7.14% 2047,,25365,NSE,EQ
785TRPEL34-N0,6495233,,,25372,NSE,EQ
845GHFL29-N0,6495745,,,25374,NSE,EQ
765LICH31-N0,6496257,,,25376,NSE,EQ
OSELDEVICE-ST,6499585,OSEL DEVICES,,25389,NSE,EQ
799NIIF29-N0,6499841,,,25390,NSE,EQ
PANAMAPET,134353924,PANAMA PETROCHEM,524820,25392,BSE,EQ
840CIFL27-N0,6500609,,,25393,NSE,EQ
ARKADE,139330820,ARKADE DEVELOPERS,544261,25398,BSE,EQ
WCIL,139330052,WESTERN CARRIERS (INDIA) LIMIT,544258,25403,BSE,EQ
PELATRO-SM,6504449,PELATRO,,25408,NSE,EQ
ENVIRO-SM,6505473,ENVIROTECH SYSTEMS,,25412,NSE,EQ
DECCANTRAN-SM,6507777,DECCAN TRANSCON LEASING L,,25421,NSE,EQ
NORTHARC,139330564,NORTHERN ARC CAPITAL,544260,25426,BSE,EQ
PSFL-SM,6510337,PARAMOUNT SPECIALI FORG L,,25431,NSE,EQ
727PFCL31-N0,6511361,,,25435,NSE,EQ
722PFCL39-N0,6511873,,,25437,NSE,EQ
786TCHFL29-N0,6512385,,,25439,NSE,EQ
744NBRD28-N0,6512897,,,25441,NSE,EQ
KALANA-SM,6513409,KALANA ISPAT,,25443,NSE,EQ
GROWWLIQID,6514433,GROWWAMC - GROWWLIQID,,25447,NSE,EQ
815SICC27-N0,6515457,,,25451,NSE,EQ
815SICC26-N0,6516481,,,25455,NSE,EQ
CITI26-N0,6517505,,,25459,NSE,EQ
AAFS28B-N0,6518273,,,25462,NSE,EQ
12VCCL27-N0,6518785,,,25464,NSE,EQ
12VCCL29-N0,6519297,,,25466,NSE,EQ
PAISALO,136422404,PAISALO DIGITAL,532900,25468,BSE,EQ
695KA28-SG,6520321,SDL KA 6.95% 2028,,25470,NSE,EQ
713RJ39-SG,6521345,SDL RJ 7.13% 2039,,25474,NSE,EQ
715RJ42-SG,6521601,SDL RJ 7.15% 2042,,25475,NSE,EQ
712MH43-SG,6521857,SDL MH 7.12% 2043,,25476,NSE,EQ
714MP43-SG,6522113,SDL MP 7.14% 2043,,25477,NSE,EQ
715WB44-SG,6522369,SDL WB 7.15% 2044,,25478,NSE,EQ
715PN44-SG,6522625,SDL PN 7.15% 2044,,25479,NSE,EQ
715WB45-SG,6522881,SDL WB 7.15% 2045,,25480,NSE,EQ
713RJ46-SG,6523137,SDL RJ 7.13% 2046,,25481,NSE,EQ
TIJARIA,136609028,TIJARIA POLYPIPES,533629,25482,BSE,EQ
714PN49-SG,6523649,SDL PN 7.14% 2049,,25483,NSE,EQ
703CG30-SG,6523905,SDL CG 7.03% 2030,,25484,NSE,EQ
705AS31-SG,6525185,SDL AS 7.05% 2031,,25489,NSE,EQ
707MH32-SG,6525697,SDL MH 7.07% 2032,,25491,NSE,EQ
ONELIFECAP,136609796,ONELIFE CAPITAL ADVISORS,533632,25492,BSE,EQ
712BR33-SG,6526209,SDL BR 7.12% 2033,,25493,NSE,EQ
71RJ34-SG,6526465,SDL RJ 7.1% 2034,,25494,NSE,EQ
712GA34-SG,6527489,SDL GA 7.12% 2034,,25498,NSE,EQ
711MH36-SG,6527745,SDL MH 7.11% 2036,,25499,NSE,EQ
712MP36-SG,6528001,SDL MP 7.12% 2036,,25500,NSE,EQ
712HR36-SG,6528257,SDL HR 7.12% 2036,,25501,NSE,EQ
712MH38-SG,6528513,SDL MH 7.12% 2038,,25502,NSE,EQ
INDOUS,138573828,INDO US BIO-TECH ,541304,25503,BSE,EQ
824PHFL28-N0,6530049,,,25508,NSE,EQ
MOTHERSON-D1,6530561,,,25510,NSE,EQ
FLEXITUFF,136611332,FLEXITUFF VENTURES INTERNATION,533638,25512,BSE,EQ
PHOGLOBAL-SM,6531329,PHOENIX OVERSEAS,,25513,NSE,EQ
AVIANSH-SM,6533121,AVI ANSH TEXTILE,,25520,NSE,EQ
BIKEWO-SM,6534145,BIKEWO GREEN TECH,,25524,NSE,EQ
SDREAMS-SM,6535169,S D RETAIL,,25528,NSE,EQ
925SCL26E-N1,6536193,,,25532,NSE,EQ
965SCL26F-N1,6536705,,,25534,NSE,EQ
925SCL26F-N1,6537473,,,25537,NSE,EQ
SCL25924-N1,6538753,,,25542,NSE,EQ
SCL25924A-N1,6539265,,,25544,NSE,EQ
940SCL27A-N1,6539777,,,25546,NSE,EQ
990SCL27B-N1,6540289,,,25548,NSE,EQ
902SCL27C-N1,6540801,,,25550,NSE,EQ
948SCL27D-N1,6541313,,,25552,NSE,EQ
SCL25924C-N1,6541825,,,25554,NSE,EQ
SCL25924D-N1,6542337,,,25556,NSE,EQ
1015SCL29B-N1,6542849,,,25558,NSE,EQ
925SCL29C-N1,6543361,,,25560,NSE,EQ
971SCL29B-N1,6543873,,,25562,NSE,EQ
1050SCL31A-N1,6544385,,,25564,NSE,EQ
1003SCL31A-N1,6544897,,,25566,NSE,EQ
1025SCL34C-N1,6545409,,,25568,NSE,EQ
1075SCL34C-N1,6545921,,,25570,NSE,EQ
980SCL34B-N1,6546433,,,25572,NSE,EQ
SHAKTIPUMP,136046340,SHAKTI PUMPS (INDIA),531431,25574,BSE,EQ
1025SCL34B-N1,6547201,,,25575,NSE,EQ
TRITURBINE,136615684,TRIVENI TURBINE,533655,25584,BSE,EQ
734SIDBI29-N0,6551297,,,25591,NSE,EQ
79SHFL27-N0,6551809,,,25593,NSE,EQ
AAFS28C-N0,6552321,,,25595,NSE,EQ
MANBA,139331076,MANBA FINANCE ,544262,25597,BSE,EQ
WOL3D-SM,6554113,WOL 3D INDIA,,25602,NSE,EQ
MOMENTUM50,6555137,MOTILALAMC - MOMENTUM50,,25606,NSE,EQ
RAPPID-SM,6556161,RAPPID VALVES (INDIA),,25610,NSE,EQ
INDOTHAI-BE,6556673,INDO THAI SEC,,25612,NSE,EQ
920HFL30-N0,6559233,,,25622,NSE,EQ
GFL26-N0,6559745,,,25624,NSE,EQ
UYFINCORP,135828228,U. Y. FINCORP,530579,25626,BSE,EQ
975SIPL27B-N0,6561537,,,25631,NSE,EQ
UNILEX-SM,6562049,UNILEX COLOURS AND CHEM L,,25633,NSE,EQ
ESSARSHPNG,136628228,ESSAR SHIPPING,533704,25634,BSE,EQ
LICMFGOLD,136632068,IDBI MUTUAL FUND - IDBI GOLD E,533719,25640,BSE,EQ
KRN,139331332,KRN HEAT EXCHANGER AND REFRIGE,544263,25643,BSE,EQ
THESL-SM,6565889,THINKING HATS ENTER SOL L,,25648,NSE,EQ
TECHERA-ST,6567681,TECHERA ENGINEER (IND) L,,25655,NSE,EQ
PCPL27-N0,6568193,,,25657,NSE,EQ
950ISF26-N0,6569473,,,25662,NSE,EQ
FORGEAUTO-SM,6569985,FORGE AUTO INTERNATION L,,25664,NSE,EQ
SAHASRA-SM,6571009,SAHASRA ELECTRONIC SOLU L,,25668,NSE,EQ
DIFFNKG,139331588,DIFFUSION ENGINEERS ,544264,25672,BSE,EQ
DIVYADHAN-SM,6573313,DIVYADHAN RECYCLING IND L,,25677,NSE,EQ
JISLDVREQS,145921028,JAIN IRRIGATION SYSTEMS,570004,25684,BSE,EQ
711AP38-SG,6575361,SDL AP 7.11% 2038,,25685,NSE,EQ
712TS39-SG,6575617,SDL TS 7.12% 2039,,25686,NSE,EQ
DSSL,136285444,DYNACONS SYSTEMS & SOLUTIONS L,532365,25690,BSE,EQ
713AS39-SG,6576897,SDL AS 7.13% 2039,,25691,NSE,EQ
714TS42-SG,6577153,SDL TS 7.14% 2042,,25692,NSE,EQ
714AP44-SG,6578177,SDL AP 7.14% 2044,,25696,NSE,EQ
715WB44A-SG,6578433,SDL WB 7.15% 2044,,25697,NSE,EQ
714AP48-SG,6578689,SDL AP 7.14% 2048,,25698,NSE,EQ
69KA27-SG,6578945,SDL KA 6.9% 2027,,25699,NSE,EQ
70KA30-SG,6579201,SDL KA 7.0% 2030,,25700,NSE,EQ
711BR33A-SG,6579457,SDL BR 7.11% 2033,,25701,NSE,EQ
71KL34-SG,6579713,SDL KL 7.1% 2034,,25702,NSE,EQ
712ML34-SG,6579969,SDL ML 7.12% 2034,,25703,NSE,EQ
712GA35-SG,6580225,SDL GA 7.12% 2035,,25704,NSE,EQ
712HR36A-SG,6580481,SDL HR 7.12% 2036,,25705,NSE,EQ
0RL34-N0,6580737,,,25706,NSE,EQ
HVAX-SM,6581249,HVAX TECHNOLOGIES,,25708,NSE,EQ
SAJHOTELS-SM,6582273,SAJ HOTELS,,25712,NSE,EQ
PARAMOUNT-SM,6583297,PARAMOUNT DYE TEC,,25716,NSE,EQ
POLYMED,136132612,POLY MEDICURE,531768,25718,BSE,EQ
RUPA,136589316,RUPA & COMPANY,533552,25724,BSE,EQ
BANKPSU,139332100,MIRAE ASSET MUTUAL FUND,544266,25725,BSE,EQ
679GS2034-GS,6588417,GOI LOAN  6.79% 2034,,25736,NSE,EQ
SRD-BE,6589441,SHANKAR LAL RAMPAL,,25740,NSE,EQ
878MUTF29-N0,6589953,,,25742,NSE,EQ
METAL,139332612,MIRAE ASSET MUTUAL FUND,544268,25744,BSE,EQ
VIKASECO,135926020,VIKAS ECOTECH ,530961,25756,BSE,EQ
GROWWDEFNC,6594049,GROWWAMC - GROWWDEFNC,,25758,NSE,EQ
71MH32A-SG,6595585,SDL MH 7.1% 2032,,25764,NSE,EQ
705UK29-SG,6595841,SDL UK 7.05% 2029,,25765,NSE,EQ
71KA32A-SG,6596097,SDL KA 7.1% 2032,,25766,NSE,EQ
712KA33-SG,6596353,SDL KA 7.12% 2033,,25767,NSE,EQ
714BR33-SG,6596609,SDL BR 7.14% 2033,,25768,NSE,EQ
712TN34-SG,6596865,SDL TN 7.12% 2034,,25769,NSE,EQ
713AS34A-SG,6597121,SDL AS 7.13% 2034,,25770,NSE,EQ
714SK34-SG,6597377,SDL SK 7.14% 2034,,25771,NSE,EQ
715MP35-SG,6597633,SDL MP 7.15% 2035,,25772,NSE,EQ
713MH37A-SG,6597889,SDL MH 7.13% 2037,,25773,NSE,EQ
715MZ39-SG,6598145,SDL MZ 7.15% 2039,,25774,NSE,EQ
716JK49-SG,6598401,SDL JK 7.16% 2049,,25775,NSE,EQ
715MP43-SG,6598657,SDL MP 7.15% 2043,,25776,NSE,EQ
APLAPOLLO,136642052,APL APOLLO TUBES,533758,25780,BSE,EQ
814TPL27-N0,6600193,,,25782,NSE,EQ
KANANIIND,129583108,KANANI INDUSTRIES,506184,25786,BSE,EQ
805HLICL34-N0,6603009,,,25793,NSE,EQ
GARUDA,139333380,GARUDA CONSTRUCTION AND ENGINE,544271,25800,BSE,EQ
815PHFL27-N0,6606081,,,25805,NSE,EQ
LLOYDSENT,131190532,LLOYDS ENTERPRISES,512463,25807,BSE,EQ
12VCCL27A-N0,6607873,,,25812,NSE,EQ
1180VCCL26-N0,6608385,,,25814,NSE,EQ
116VCCL26-N0,6608897,,,25816,NSE,EQ
PRANIK-SM,6609409,PRANIK LOGISTICS,,25818,NSE,EQ
709RJ35-SG,6611201,SDL RJ 7.09% 2035,,25825,NSE,EQ
709KA35-SG,6611713,SDL KA 7.09% 2035,,25827,NSE,EQ
682GJ27-SG,6611969,SDL GJ 6.82% 2027,,25828,NSE,EQ
708UP32-SG,6612225,SDL UP 7.08% 2032,,25829,NSE,EQ
708HP34-SG,6612481,SDL HP 7.08% 2034,,25830,NSE,EQ
708KA34B-SG,6612737,SDL KA 7.08% 2034,,25831,NSE,EQ
709PY34-SG,6612993,SDL PY 7.09% 2034,,25832,NSE,EQ
711PN44-SG,6613249,SDL PN 7.11% 2044,,25833,NSE,EQ
711TS45-SG,6613505,SDL TS 7.11% 2045,,25834,NSE,EQ
VINCOFE,137963524,VINTAGE COFFEE AND BEVERAGES L,538920,25835,BSE,EQ
7712TCHF28-N0,6615041,,,25840,NSE,EQ
HYUNDAI,139334148,HYUNDAI MOTOR INDIA,544274,25844,BSE,EQ
757LICH29-N0,6617345,,,25849,NSE,EQ
VAL30IETF,139334404,ICICI PRUDENTIAL MUTUAL FUND,544275,25851,BSE,EQ
AFFORDABLE,138598916,AFFORDABLE ROBOTIC & AUTOMATIO,541402,25855,BSE,EQ
LAKSHYA-SM,6620161,LAKSHYA POWERTECH,,25860,NSE,EQ
975SCL29A-N0,6621185,,,25864,NSE,EQ
925SCL26G-N0,6621697,,,25866,NSE,EQ
FRESHARA-SM,6622209,FRESHARA AGRO EXPORTS,,25868,NSE,EQ
GROWWGOLD,6623233,GROWWAMC - GROWWGOLD,,25872,NSE,EQ
MORARJEE-BZ,6624257,MORARJEE TEXTILES,,25876,NSE,EQ
ANKITMETAL-BZ,6624769,ANKIT MET & POW,,25878,NSE,EQ
BFUTILITIE-BZ,6625025,BF UTILITIES,,25879,NSE,EQ
IMPEXFERRO-BZ,6625537,IMPEX FERRO TECH,,25881,NSE,EQ
MEP-BZ,6625793,MEP INFRA. DEVELOPERS,,25882,NSE,EQ
711BR33B-SG,6626049,SDL BR 7.11% 2033,,25883,NSE,EQ
710KA35-SG,6626305,SDL KA 7.10% 2035,,25884,NSE,EQ
712GA34A-SG,6626561,SDL GA 7.12% 2034,,25885,NSE,EQ
700TN29-SG,6626817,SDL TN 7.00% 2029,,25886,NSE,EQ
744SIDBI28-N0,6627841,,,25890,NSE,EQ
DBEIL,139334660,DEEPAK BUILDERS AND ENGINEERS,544276,25892,BSE,EQ
MINDACORP,137974276,MINDA CORPORATION ,538962,25897,BSE,EQ
PREMIUM-SM,6629889,PREMIUM PLAST,,25898,NSE,EQ
708PGC34-N0,6631681,,,25905,NSE,EQ
WAAREEENER,139334916,WAAREE ENERGIES ,544277,25907,BSE,EQ
1015UCL26-N1,6633473,,,25912,NSE,EQ
1025UCL26A-N1,6633985,,,25914,NSE,EQ
1040UCL27B-N1,6634497,,,25916,NSE,EQ
OCCLLTD,139335172,OCCL ,544278,25918,BSE,EQ
OBSCP-SM,6636289,OBSC PERFECTION,,25923,NSE,EQ
DANISH-SM,6637313,DANISH POWER,,25927,NSE,EQ
712INBK34-N0,6638337,,,25931,NSE,EQ
7875NIIF30-N0,6638849,,,25933,NSE,EQ
UHTL-SM,6639361,UNITED HEAT TRANSFER,,25935,NSE,EQ
7798LTFH29-N0,6640385,,,25939,NSE,EQ
GODAVARIB,139335428,GODAVARI BIOREFINERIES ,544279,25941,BSE,EQ
835TCSL27-N0,6642177,,,25946,NSE,EQ
765SHFL29-N0,6642689,,,25948,NSE,EQ
SIHF27-N0,6643201,,,25950,NSE,EQ
USHAFIN-SM,6643713,USHA FINANCIAL SERVICES L,,25952,NSE,EQ
713TN34-SG,6644737,SDL TN 7.13% 2034,,25956,NSE,EQ
713RJ34-SG,6644993,SDL RJ 7.13% 2034,,25957,NSE,EQ
715BR34-SG,6645249,SDL BR 7.15% 2034,,25958,NSE,EQ
715KA36-SG,6645505,SDL KA 7.15% 2036,,25959,NSE,EQ
715KL39-SG,6645761,SDL KL 7.15% 2039,,25960,NSE,EQ
715MN39-SG,6646017,SDL MN 7.15% 2039,,25961,NSE,EQ
715AP39-SG,6646273,SDL AP 7.15% 2039,,25962,NSE,EQ
717AP43-SG,6646529,SDL AP 7.17% 2043,,25963,NSE,EQ
717PN44-SG,6646785,SDL PN 7.17% 2044,,25964,NSE,EQ
716RJ45-SG,6647041,SDL RJ 7.16% 2045,,25965,NSE,EQ
716AP47-SG,6647297,SDL AP 7.16% 2047,,25966,NSE,EQ
716TS47-SG,6647553,SDL TS 7.16% 2047,,25967,NSE,EQ
716TS49-SG,6647809,SDL TS 7.16% 2049,,25968,NSE,EQ
716TN54-SG,6648065,SDL TN 7.16% 2054,,25969,NSE,EQ
364D301025-TB,6648833,GOI TBILL 364D-30/10/25,,25972,NSE,EQ
AFCONS,139335684,AFCONS INFRASTRUCTURE ,544280,25977,BSE,EQ
758SDIL31-N0,6651393,,,25982,NSE,EQ
AVL,138292484,ADITYA VISION ,540205,25984,BSE,EQ
732IREDA29-N0,6653185,,,25989,NSE,EQ
EMULTIMQ,6654977,EDELAMC - EMULTIMQ,,25996,NSE,EQ
702TN29-SG,6912001,SDL TN 7.02% 2029,,27000,NSE,EQ
706UK30A-SG,6912257,SDL UK 7.06% 2030,,27001,NSE,EQ
713BR34-SG,6912513,SDL BR 7.13% 2034,,27002,NSE,EQ
712TN34A-SG,6912769,SDL TN 7.12% 2034,,27003,NSE,EQ
713HR36A-SG,6913025,SDL HR 7.13% 2036,,27004,NSE,EQ
715KL40-SG,6913281,SDL KL 7.15% 2040,,27005,NSE,EQ
715MZ40-SG,6913537,SDL MZ 7.15% 2040,,27006,NSE,EQ
715AP42-SG,6913793,SDL AP 7.15% 2042,,27007,NSE,EQ
HEXATRADEX,136787972,HEXA TRADEX,534328,27008,BSE,EQ
715AP47-SG,6914305,SDL AP 7.15% 2047,,27009,NSE,EQ
364D061125-TB,6915841,GOI TBILL 364D-06/11/25,,27015,NSE,EQ
ABINFRA,139335940,A B INFRABUILD,544281,27020,BSE,EQ
890BTL34-N0,6917377,,,27021,NSE,EQ
865BTL27-N0,6917889,,,27023,NSE,EQ
890BTL31-N0,6918401,,,27025,NSE,EQ
825BTL27-N0,6918913,,,27027,NSE,EQ
875BTL28-N0,6919425,,,27029,NSE,EQ
875BTL29-N0,6919937,,,27031,NSE,EQ
78241ABH29-N0,6920449,,,27033,NSE,EQ
747IIFCL27-N0,6920961,,,27035,NSE,EQ
TBZ,136798468,TRIBHOVANDAS BHIMJI ZAVERI,534369,27037,BSE,EQ
726IIFCL34-N0,6921729,,,27038,NSE,EQ
CITI26A-N0,6923009,,,27043,NSE,EQ
MASTERTR,131012612,MASTER TRUST,511768,27047,BSE,EQ
SAGILITY,139336196,SAGILITY ,544282,27052,BSE,EQ
709RL39-N0,6926593,,,27057,NSE,EQ
734RL30-N0,6927105,,,27059,NSE,EQ
ACMESOLAR,139336452,ACME SOLAR HOLDINGS ,544283,27061,BSE,EQ
SWIGGY,139336964,SWIGGY,544285,27066,BSE,EQ
VSSL,136804356,VARDHMAN SPECIAL STEELS,534392,27067,BSE,EQ
LIQUIDPLUS,139336708,,544284,27075,BSE,EQ
KPEL,138159620,K.P. ENERGY ,539686,27079,BSE,EQ
KMEW,139077892,KNOWLEDGE MARINE & ENGINEERING,543273,27084,BSE,EQ
850CIFL34-N0,6935553,,,27092,NSE,EQ
776FEDB34-N0,6936065,,,27094,NSE,EQ
SWANCORP,128847364,SWAN CORP ,503310,27095,BSE,EQ
NIVABUPA,139337220,NIVA BUPA HEALTH INSURANCE COM,544286,27097,BSE,EQ
SPECIALITY,136812804,SPECIALITY RESTAURANTS,534425,27107,BSE,EQ
705GJ31-SG,6940929,SDL GJ 7.05% 2031,,27113,NSE,EQ
708GJ33-SG,6941185,SDL GJ 7.08% 2033,,27114,NSE,EQ
713TS39-SG,6941441,SDL TS 7.13% 2039,,27115,NSE,EQ
713HP39-SG,6941697,SDL HP 7.13% 2039,,27116,NSE,EQ
712HR37-SG,6941953,SDL HR 7.12% 2037,,27117,NSE,EQ
364D131125-TB,6942721,GOI TBILL 364D-13/11/25,,27120,NSE,EQ
715IRFC39-N0,6942977,,,27121,NSE,EQ
NEELAM-SM,6943489,NEELAM LINENS & GAR (I) L,,27123,NSE,EQ
692GS2039-GS,6944513,GOI LOAN   6.92% 2039,,27127,NSE,EQ
723SBI39-N0,6944769,,,27128,NSE,EQ
714NHB34-N0,6945281,,,27130,NSE,EQ
920DCBBL34-N0,6945793,,,27132,NSE,EQ
1020CCSP27-N0,6946305,,,27134,NSE,EQ
ONYX-SM,6946817,ONYX BIOTEC,,27136,NSE,EQ
BLACKBUCK,139337732,BLACKBUCK ,544288,27144,BSE,EQ
713BR34A-SG,6950145,SDL BR 7.13% 2034,,27149,NSE,EQ
713GA34-SG,6950401,SDL GA 7.13% 2034,,27150,NSE,EQ
708KL31-SG,6950657,SDL KL 7.08% 2031,,27151,NSE,EQ
715OR38-SG,6950913,SDL OR 7.15% 2038,,27152,NSE,EQ
711TN34-SG,6951169,SDL TN 7.11% 2034,,27153,NSE,EQ
710UP32-SG,6951425,SDL UP 7.10% 2032,,27154,NSE,EQ
364D211125-TB,6952193,GOI TBILL 364D-21/11/25,,27157,NSE,EQ
770SHFL29-N0,6952449,,,27158,NSE,EQ
810GIL28-N0,6952961,,,27160,NSE,EQ
CINELINE,136398596,CINELINE INDIA,532807,27161,BSE,EQ
815GIL29-N0,6953729,,,27163,NSE,EQ
975SIPL29-N0,6955009,,,27168,NSE,EQ
709GS2074-GS,6955521,GOI LOAN   7.09% 2074,,27170,NSE,EQ
RACLGEAR,133138692,RACL GEARTECH ,520073,27171,BSE,EQ
NTPCGREEN,139337988,NTPC GREEN ENERGY,544289,27176,BSE,EQ
722UCL34-N0,6958337,,,27181,NSE,EQ
705GJ29-SG,6958849,SDL GJ 7.05% 2029,,27183,NSE,EQ
707KA29-SG,6959105,SDL KA 7.07% 2029,,27184,NSE,EQ
709KA30A-SG,6959361,SDL KA 7.09% 2030,,27185,NSE,EQ
71TN32A-SG,6959617,SDL TN 7.1% 2032,,27186,NSE,EQ
714AP34A-SG,6959873,SDL AP 7.14% 2034,,27187,NSE,EQ
718BR34-SG,6960129,SDL BR 7.18% 2034,,27188,NSE,EQ
716RJ34-SG,6960385,SDL RJ 7.16% 2034,,27189,NSE,EQ
714TN34-SG,6960641,SDL TN 7.14% 2034,,27190,NSE,EQ
717GA35-SG,6962433,SDL GA 7.17% 2035,,27197,NSE,EQ
719UP36-SG,6962689,SDL UP 7.19% 2036,,27198,NSE,EQ
719HR37-SG,6962945,SDL HR 7.19% 2037,,27199,NSE,EQ
719MP38-SG,6963201,SDL MP 7.19% 2038,,27200,NSE,EQ
718RJ38-SG,6963457,SDL RJ 7.18% 2038,,27201,NSE,EQ
718WB39-SG,6963713,SDL WB 7.18% 2039,,27202,NSE,EQ
718AP40A-SG,6963969,SDL AP 7.18% 2040,,27203,NSE,EQ
718WB41-SG,6964225,SDL WB 7.18% 2041,,27204,NSE,EQ
716AR44-SG,6964481,SDL AR 7.16% 2044,,27205,NSE,EQ
716MP44-SG,6964737,SDL MP 7.16% 2044,,27206,NSE,EQ
716TN54A-SG,6964993,SDL TN 7.16% 2054,,27207,NSE,EQ
364D271125-TB,6965761,GOI TBILL 364D-27/11/25,,27210,NSE,EQ
751SIDBI28-N0,6966017,,,27211,NSE,EQ
EIEL,139338244,ENVIRO INFRA ENGINEERS,544290,27213,BSE,EQ
LAMOSAIC-SM,6967809,LAMOSAIC INDIA,,27218,NSE,EQ
737IREDA31-N0,6969857,,,27226,NSE,EQ
ITTL-ST,6980097,INNOVATIVE TYRE & TUBE LT,,27266,NSE,EQ
815PNB27-N0,6980353,,,27267,NSE,EQ
RAJPUTANA-SM,6980865,RAJPUTANA BIODIESEL,,27269,NSE,EQ
679GS2034A-GS,6981889,GOI LOAN   6.79% 2034,,27273,NSE,EQ
C2C-ST,6982913,C2C ADVANCED SYSTEMS,,27277,NSE,EQ
741BOI34-N0,6983169,,,27278,NSE,EQ
774LICH27-N0,6983681,,,27280,NSE,EQ
778SHFL28-N0,6984193,,,27282,NSE,EQ
ABHAPOWER-ST,6985473,ABHA POWER N STEEL,,27287,NSE,EQ
APEXECO-SM,6985729,APEX ECOTECH,,27288,NSE,EQ
892CIFL34-N0,6986753,,,27292,NSE,EQ
RTNINDIA,136856836,RATTANINDIA ENTERPRISES LIMITE,534597,27297,BSE,EQ
SAMPANN,136857092,SAMPANN UTPADAN INDIA ,534598,27303,BSE,EQ
793NIIF30-N0,6989825,,,27304,NSE,EQ
AGARWALTUF-SM,6991105,AGARWAL TOUGH GLASS IND L,,27309,NSE,EQ
711HP34-SG,6992129,SDL HP 7.11% 2034,,27313,NSE,EQ
708RJ34-SG,6992385,SDL RJ 7.08% 2034,,27314,NSE,EQ
712KL35-SG,6992641,SDL KL 7.12% 2035,,27315,NSE,EQ
711AP38A-SG,6992897,SDL AP 7.11% 2038,,27316,NSE,EQ
710JK44-SG,6993153,SDL JK 7.10% 2044,,27317,NSE,EQ
712AS34-SG,6993409,SDL AS 7.12% 2034,,27318,NSE,EQ
713BR34B-SG,6993665,SDL BR 7.13% 2034,,27319,NSE,EQ
708PN34-SG,6993921,SDL PN 7.08% 2034,,27320,NSE,EQ
708TN34-SG,6994177,SDL TN 7.08% 2034,,27321,NSE,EQ
712PN36-SG,6994433,SDL PN 7.12% 2036,,27322,NSE,EQ
711AP39-SG,6994689,SDL AP 7.11% 2039,,27323,NSE,EQ
710TS44-SG,6994945,SDL TS 7.10% 2044,,27324,NSE,EQ
710TS45-SG,6995201,SDL TS 7.10% 2045,,27325,NSE,EQ
696TN28-SG,6995457,SDL TN 6.96% 2028,,27326,NSE,EQ
704GJ32-SG,6995713,SDL GJ 7.04% 2032,,27327,NSE,EQ
710AP34-SG,6995969,SDL AP 7.10% 2034,,27328,NSE,EQ
364D041225-TB,6996737,GOI TBILL 364D-04/12/25,,27331,NSE,EQ
980IIFL26-N0,6996993,,,27332,NSE,EQ
SURAKSHA,139339012,SURAKSHA DIAGNOSTIC,544293,27334,BSE,EQ
GANESHIN-SM,6998785,GANESH INFRAWORLD,,27339,NSE,EQ
ROSSTECH,139339268,ROSSELL TECHSYS ,544294,27353,BSE,EQ
719LT34-N0,7008257,,,27376,NSE,EQ
818TPL27-N0,7013377,,,27396,NSE,EQ
664GS2027-GS,7015681,GOI LOAN   6.64% 2027,,27405,NSE,EQ
935TSI29-N0,7016449,,,27408,NSE,EQ
935TSIIC28-N0,7019777,,,27421,NSE,EQ
935TSI32-N0,7022337,,,27431,NSE,EQ
935TSI34-N0,7024897,,,27441,NSE,EQ
935TSI30-N0,7026689,,,27448,NSE,EQ
935TSIIC33-N0,7046657,,,27526,NSE,EQ
935TSI27-N0,7049473,,,27537,NSE,EQ
935TSI31-N0,7053569,,,27553,NSE,EQ
ODIGMA-BE,7059201,ODIGMA CONSULTANCY SOL L,,27575,NSE,EQ
711PFCL40-N0,7065089,,,27598,NSE,EQ
710PFCL35-N0,7069953,,,27617,NSE,EQ
ETML-SM,7073025,EMERALD TYRE MANUF,,27629,NSE,EQ
704GJ33-SG,7080961,SDL GJ 7.04% 2033,,27660,NSE,EQ
710TN34-SG,7081985,SDL TN 7.10% 2034,,27664,NSE,EQ
709HR37-SG,7084033,SDL HR 7.09% 2037,,27672,NSE,EQ
708UP38-SG,7087617,SDL UP 7.08% 2038,,27686,NSE,EQ
708JK46-SG,7088129,SDL JK 7.08% 2046,,27688,NSE,EQ
364D111225-TB,7092225,GOI TBILL 364D-11/12/25,,27704,NSE,EQ
723DMEDL34-N0,7094017,,,27711,NSE,EQ
785ABHFL28-N0,7094529,,,27713,NSE,EQ
DHANLAXMI-SM,7097089,DHANLAXMI CROP SCIENCE L,,27723,NSE,EQ
769LICH26-N0,7104001,,,27750,NSE,EQ
INNOVANA-BE,7109889,INNOVANA THINKLABS,,27773,NSE,EQ
775LTFL27-N0,7117569,,,27803,NSE,EQ
714EXIM29-N0,7119617,,,27811,NSE,EQ
698GR2054-GS,7121665,GOI LOAN   6.98% 2054,,27819,NSE,EQ
SAILIFE,139342340,SAI LIFE SCIENCES ,544306,27839,BSE,EQ
780SICC29-N0,7144193,,,27907,NSE,EQ
775SFL26-N0,7149569,,,27928,NSE,EQ
965SFL27-N0,7151105,,,27934,NSE,EQ
709IRFC34-N0,7155457,,,27951,NSE,EQ
VMM,139342596,VISHAL MEGA MART ,544307,27969,BSE,EQ
PURPLEUTED-ST,7179265,PURPLE UNITED SALES,,28044,NSE,EQ
MOBIKWIK,139342084,ONE MOBIKWIK SYSTEMS ,544305,28046,BSE,EQ
SFML-SM,7185665,SUPREME FACILITY MGMT,,28069,NSE,EQ
790LTFL34-N0,7195905,,,28109,NSE,EQ
IKS,139343108,INVENTURUS KNOWLEDGE SOLUTIONS,544309,28125,BSE,EQ
697TN28-SG,7214081,SDL TN 6.97% 2028,,28180,NSE,EQ
711ML33-SG,7220481,SDL ML 7.11% 2033,,28205,NSE,EQ
711RJ34-SG,7222017,SDL RJ 7.11% 2034,,28211,NSE,EQ
712BR34-SG,7222529,SDL BR 7.12% 2034,,28213,NSE,EQ
711KA35-SG,7224321,SDL KA 7.11% 2035,,28220,NSE,EQ
712HP36-SG,7225857,SDL HP 7.12% 2036,,28226,NSE,EQ
712KA36-SG,7227649,SDL KA 7.12% 2036,,28233,NSE,EQ
712RJ39-SG,7228161,SDL RJ 7.12% 2039,,28235,NSE,EQ
713MZ39-SG,7229697,SDL MZ 7.13% 2039,,28241,NSE,EQ
713WB40-SG,7232001,SDL WB 7.13% 2040,,28250,NSE,EQ
710KL42-SG,7233537,SDL KL 7.10% 2042,,28256,NSE,EQ
711AR44-SG,7234561,SDL AR 7.11% 2044,,28260,NSE,EQ
710RJ46-SG,7236353,SDL RJ 7.10% 2046,,28267,NSE,EQ
710TS46-SG,7237633,SDL TS 7.10% 2046,,28272,NSE,EQ
710TS47-SG,7238913,SDL TS 7.10% 2047,,28277,NSE,EQ
710JK49-SG,7239169,SDL JK 7.10% 2049,,28278,NSE,EQ
710TN54-SG,7239425,SDL TN 7.10% 2054,,28279,NSE,EQ
364D181225-TB,7247617,GOI TBILL 364D-18/12/25,,28311,NSE,EQ
ANUHPHR,129602564,ANUH PHARMA,506260,28314,BSE,EQ
714NPC39-N0,7262977,,,28371,NSE,EQ
IGIL,139343620,INTERNATIONAL GEMMOLOGICAL INS,544311,28378,BSE,EQ
710RECL35-N0,7290625,,,28479,NSE,EQ
720NHB31-N0,7294209,,,28493,NSE,EQ
816KSFP29-N0,7296769,,,28503,NSE,EQ
803ICPR34-N0,7300865,,,28519,NSE,EQ
675GS2029-GS,7303681,GOI LOAN   6.75% 2029,,28530,NSE,EQ
799TFSIL27-N0,7305985,,,28539,NSE,EQ
774PSB34-N0,7308801,,,28550,NSE,EQ
990IIFL27-N0,7313665,,,28569,NSE,EQ
IDENTICAL-SM,7314945,IDENTICAL BRAINS STUDIO L,,28574,NSE,EQ
712PGCIL34-N0,7325441,,,28615,NSE,EQ
SRPL-BZ,7330561,SHREE RAM PROTEINS,,28635,NSE,EQ
SUULD-BZ,7333377,SUUMAYA INDUSTRIES,,28646,NSE,EQ
DAMCAPITAL,139344900,DAM CAPITAL ADVISORS ,544316,28662,BSE,EQ
MAMATA,139345412,MAMATA MACHINERY,544318,28687,BSE,EQ
TRANSRAILL,139345156,TRANSRAIL LIGHTING ,544317,28714,BSE,EQ
CEWATER,139344644,CONCORD ENVIRO SYSTEMS ,544315,28764,BSE,EQ
716PFCL40-N0,7369217,,,28786,NSE,EQ
74PFCL30-N0,7370497,,,28791,NSE,EQ
748SIDBI29-N0,7371521,,,28795,NSE,EQ
770TPREL34-N0,7372033,,,28797,NSE,EQ
805NIT32-N0,7372545,,,28799,NSE,EQ
NMSTEEL-SM,7373057,NEWMALAYALAM STEEL,,28801,NSE,EQ
SANATHAN,139344388,SANATHAN TEXTILES ,544314,28805,BSE,EQ
364D261225-TB,7375873,GOI TBILL 364D-26/12/25,,28812,NSE,EQ
719AS34-SG,7376129,SDL AS 7.19% 2034,,28813,NSE,EQ
715BR34A-SG,7376385,SDL BR 7.15% 2034,,28814,NSE,EQ
711GJ33-SG,7376641,SDL GJ 7.11% 2033,,28815,NSE,EQ
716HR37-SG,7376897,SDL HR 7.16% 2037,,28816,NSE,EQ
714JK51-SG,7377153,SDL JK 7.14% 2051,,28817,NSE,EQ
716KA40-SG,7377409,SDL KA 7.16% 2040,,28818,NSE,EQ
717MP41-SG,7377665,SDL MP 7.17% 2041,,28819,NSE,EQ
714MP45-SG,7377921,SDL MP 7.14% 2045,,28820,NSE,EQ
715MN39A-SG,7378177,SDL MN 7.15% 2039,,28821,NSE,EQ
715NL34-SG,7378433,SDL NL 7.15% 2034,,28822,NSE,EQ
714PY35-SG,7378689,SDL PY 7.14% 2035,,28823,NSE,EQ
703TN29A-SG,7378945,SDL TN 7.03% 2029,,28824,NSE,EQ
711TN34A-SG,7379201,SDL TN 7.11% 2034,,28825,NSE,EQ
714TN44-SG,7379457,SDL TN 7.14% 2044,,28826,NSE,EQ
716UP39-SG,7379713,SDL UP 7.16% 2039,,28827,NSE,EQ
715UK30-SG,7379969,SDL UK 7.15% 2030,,28828,NSE,EQ
716WB39-SG,7380225,SDL WB 7.16% 2039,,28829,NSE,EQ
717WB42-SG,7380737,SDL WB 7.17% 2042,,28831,NSE,EQ
7685TCHF28-N0,7383041,,,28840,NSE,EQ
VENTIVE,139346180,VENTIVE HOSPITALITY ,544321,28847,BSE,EQ
885IHL26-N1,7386113,,,28852,NSE,EQ
IHFL261224-N1,7386625,,,28854,NSE,EQ
865IHFL27-N1,7387137,,,28856,NSE,EQ
9IHFL27-N1,7387649,,,28858,NSE,EQ
IHF261224-N1,7388417,,,28861,NSE,EQ
PROZONER-BE,7388929,PROZONE REALTY,,28863,NSE,EQ
89IHFL29-N1,7390465,,,28869,NSE,EQ
925IHFL29-N1,7391233,,,28872,NSE,EQ
IHF261224A-N1,7391745,,,28874,NSE,EQ
925IHFL31-N1,7392257,,,28876,NSE,EQ
CARRARO,139345924,CARRARO INDIA,544320,28879,BSE,EQ
SENORES,139345668,SENORES PHARMACEUTICALS LIMITE,544319,28888,BSE,EQ
679GS2031-GS,7396865,GOI LOAN   6.79% 2031,,28894,NSE,EQ
715IRFC34-N0,7397121,,,28895,NSE,EQ
925SCL26Z-N1,7397633,,,28897,NSE,EQ
965SCL26Y-N1,7397889,,,28898,NSE,EQ
KITEX,133439492,KITEX GARMENTS,521248,28899,BSE,EQ
888SCL26X-N1,7398401,,,28900,NSE,EQ
925SCL26W-N1,7398657,,,28901,NSE,EQ
MAYURUNIQ,133695748,MAYUR UNIQUOTERS,522249,28906,BSE,EQ
SCL271224-N1,7400193,,,28907,NSE,EQ
SCL271224A-N1,7400449,,,28908,NSE,EQ
ROSSELLIND,136491012,ROSSELL INDIA,533168,28913,BSE,EQ
94SCL27U-N1,7401985,,,28914,NSE,EQ
99SCL27V-N1,7402241,,,28915,NSE,EQ
902SCL27Q-N1,7403521,,,28920,NSE,EQ
948SCL27R-N1,7403777,,,28921,NSE,EQ
SCL271224B-N1,7404289,,,28923,NSE,EQ
965SCL29S-N1,7404545,,,28924,NSE,EQ
1015SCL29T-N1,7404801,,,28925,NSE,EQ
925SCL29S-N1,7405057,,,28926,NSE,EQ
971SCL29T-N1,7405313,,,28927,NSE,EQ
1050SCL31T-N1,7405569,,,28928,NSE,EQ
1003SCL31P-N1,7405825,,,28929,NSE,EQ
1025SCL34U-N1,7406081,,,28930,NSE,EQ
1075SCL34T-N1,7406337,,,28931,NSE,EQ
98SCL34Z-N1,7406593,,,28932,NSE,EQ
1025SCL34Z-N1,7406849,,,28933,NSE,EQ
DUCON,136876548,DUCON INFRATECHNOLOGIES,534674,28952,BSE,EQ
UNIMECH,139346436,UNIMECH AEROSPACE AND MANUFACT,544322,28960,BSE,EQ
818GFL26-N0,7415041,,,28965,NSE,EQ
102CCSP27A-N0,7415553,,,28967,NSE,EQ
CONSUMER,139346692,MIRAE ASSET MUTUAL FUND,544323,28969,BSE,EQ
825TCSL27-N0,7417089,,,28973,NSE,EQ
93HFL34-N0,7417601,,,28975,NSE,EQ
87HFL27-N0,7418113,,,28977,NSE,EQ
87HFL26-N0,7418625,,,28979,NSE,EQ
819CIFL26-N0,7419137,,,28981,NSE,EQ
ANYA-SM,7419649,ANYA POLYTECH & FERTI,,28983,NSE,EQ
364D010126-TB,7421697,GOI TBILL 364D-01/01/26,,28991,NSE,EQ
717AP37-SG,7421953,SDL AP 7.17% 2037,,28992,NSE,EQ
717AP38-SG,7422209,SDL AP 7.17% 2038,,28993,NSE,EQ
717AP39-SG,7422721,SDL AP 7.17% 2039,,28995,NSE,EQ
718HR38-SG,7422977,SDL HR 7.18% 2038,,28996,NSE,EQ
711JK55-SG,7424257,SDL JK 7.11% 2055,,29001,NSE,EQ
715KA42-SG,7424513,SDL KA 7.15% 2042,,29002,NSE,EQ
715KA43-SG,7424769,SDL KA 7.15% 2043,,29003,NSE,EQ
717MP38-SG,7425025,SDL MP 7.17% 2038,,29004,NSE,EQ
712MP47-SG,7425281,SDL MP 7.12% 2047,,29005,NSE,EQ
712TS51-SG,7425537,SDL TS 7.12% 2051,,29006,NSE,EQ
715UP37-SG,7425793,SDL UP 7.15% 2037,,29007,NSE,EQ
TVSHLTD,133134340,TVS HOLDINGS ,520056,29008,BSE,EQ
715WB40-SG,7426305,SDL WB 7.15% 2040,,29009,NSE,EQ
716WB42-SG,7426561,SDL WB 7.16% 2042,,29010,NSE,EQ
ARSHIYA-BZ,7427841,ARSHIYA,,29015,NSE,EQ
CEREBRAINT-BZ,7428097,CEREBRA INT TECH,,29016,NSE,EQ
950ISF26A-N0,7428353,,,29017,NSE,EQ
ECAPINSURE,139347460,EDELWEISS MUTUAL FUND,544326,29019,BSE,EQ
810NIT40-N0,7429633,,,29022,NSE,EQ
INDOFARM,139347972,INDO FARM EQUIPMENT,544328,29025,BSE,EQ
725IOCL30-N0,7432961,,,29035,NSE,EQ
930PCHFL27-N0,7433473,,,29037,NSE,EQ
364D080126-TB,7435777,GOI TBILL 364D-08/01/26,,29046,NSE,EQ
701GJ31-SG,7436033,SDL GJ 7.01% 2031,,29047,NSE,EQ
710KA32-SG,7436289,SDL KA 7.10% 2032,,29048,NSE,EQ
713UK32-SG,7436545,SDL UK 7.13% 2032,,29049,NSE,EQ
ZUARI,136893956,ZUARI AGRO CHEMICALS,534742,29050,BSE,EQ
705GJ32-SG,7437057,SDL GJ 7.05% 2032,,29051,NSE,EQ
710KA33-SG,7437313,SDL KA 7.10% 2033,,29052,NSE,EQ
706GJ34-SG,7438593,SDL GJ 7.06% 2034,,29057,NSE,EQ
715AS35-SG,7438849,SDL AS 7.15% 2035,,29058,NSE,EQ
715BR35-SG,7439105,SDL BR 7.15% 2035,,29059,NSE,EQ
715HR38-SG,7439361,SDL HR 7.15% 2038,,29060,NSE,EQ
711MH38-SG,7439617,SDL MH 7.11% 2038,,29061,NSE,EQ
715BR40-SG,7440129,SDL BR 7.15% 2040,,29063,NSE,EQ
714MH43-SG,7440385,SDL MH 7.14% 2043,,29064,NSE,EQ
713TS49-SG,7441665,SDL TS 7.13% 2049,,29069,NSE,EQ
712TS54-SG,7441921,SDL TS 7.12% 2054,,29070,NSE,EQ
711TS55-SG,7442177,SDL TS 7.11% 2055,,29071,NSE,EQ
711TN55-SG,7442433,SDL TN 7.11% 2055,,29072,NSE,EQ
8104PHFL28-N0,7442689,,,29073,NSE,EQ
SGLTL,139349252,STANDARD GLASS LINING TECHNOLO,544333,29075,BSE,EQ
QUADFUTURE,139350020,QUADRANT FUTURE TEK ,544336,29087,BSE,EQ
DELTIC-SM,7447553,DELTA AUTOCORP,,29092,NSE,EQ
830TPL28-N0,7448577,,,29096,NSE,EQ
DDEVPLSTIK,139148036,DDEV PLASTIKS INDUSTRIES LIMIT,543547,29098,BSE,EQ
773TCHFL30-N0,7450369,,,29103,NSE,EQ
995SCL35-N0,7450881,,,29105,NSE,EQ
722GJ35-SG,7451393,SDL GJ 7.22% 2035,,29107,NSE,EQ
722TN35-SG,7451649,SDL TN 7.22% 2035,,29108,NSE,EQ
738REC27TF-N2,7452417,,,29111,NSE,EQ
CARERATING,136909828,CARE RATINGS ,534804,29113,BSE,EQ
722KA36-SG,7453185,SDL KA 7.22% 2036,,29114,NSE,EQ
723PN37-SG,7453441,SDL PN 7.23% 2037,,29115,NSE,EQ
722HR38-SG,7454721,SDL HR 7.22% 2038,,29120,NSE,EQ
722BR40-SG,7454977,SDL BR 7.22% 2040,,29121,NSE,EQ
723MZ40-SG,7455233,SDL MZ 7.23% 2040,,29122,NSE,EQ
723MH41-SG,7455489,SDL MH 7.23% 2041,,29123,NSE,EQ
PCJEWELLER,136911108,PC JEWELLER,534809,29124,BSE,EQ
724MH44-SG,7456001,SDL MH 7.24% 2044,,29125,NSE,EQ
724KL44-SG,7456257,SDL KL 7.24% 2044,,29126,NSE,EQ
72JK47-SG,7457537,SDL JK 7.2% 2047,,29131,NSE,EQ
722BR35-SG,7457793,SDL BR 7.22% 2035,,29132,NSE,EQ
INDUSTOWER,136912900,INDUS TOWERS,534816,29135,BSE,EQ
364D150126-TB,7458817,GOI TBILL 364D-15/01/26,,29136,NSE,EQ
NAVKARURB-BE,7462145,NAVKAR URBANSTRUCTURE,,29149,NSE,EQ
SATKARTAR-SM,7462657,SAT KARTAR SHOPPING,,29151,NSE,EQ
720RECL35-N0,7463681,,,29155,NSE,EQ
CAPINVIT-IV,7464193,CAPITAL INFRA TRUST,,29157,NSE,EQ
SWANDEF-BE,7465985,SWAN DEFENCE N HEVY IND L,,29164,NSE,EQ
723BOB35-N0,7466753,,,29167,NSE,EQ
770SUNF28-N0,7467265,,,29169,NSE,EQ
LAXMIDENTL,139350788,LAXMI DENTAL ,544339,29171,BSE,EQ
BARFLEX-SM,7469057,BARFLEX POLYFILMS,,29176,NSE,EQ
725IRFC35B-N0,7470081,,,29180,NSE,EQ
990IIFL26-N0,7470593,,,29182,NSE,EQ
867MUTF30-N0,7471105,,,29184,NSE,EQ
990IIFL26B-N0,7471617,,,29186,NSE,EQ
990IIFL26A-N0,7472129,,,29188,NSE,EQ
78537ABH30-N0,7472641,,,29190,NSE,EQ
KKJEWELS-SM,7473153,KABRA JEWELS,,29192,NSE,EQ
728IREDA35-N0,7474177,,,29196,NSE,EQ
758LICH35-N0,7475201,,,29200,NSE,EQ
806TFSIL28-N0,7475713,,,29202,NSE,EQ
STALLION-BE,7476481,STALLION IND FLUOROCHEM L,,29205,NSE,EQ
SITINET-BZ,7477761,SITI NETWORKS,,29210,NSE,EQ
364D220126-TB,7478529,GOI TBILL 364D-22/01/26,,29213,NSE,EQ
ONESOURCE,139338756,ONESOURCE SPECIALTY PHARMA LIM,544292,29224,BSE,EQ
EMAPARTNER-SM,7482625,EMA PARTNERS INDIA,,29229,NSE,EQ
720LT35-N0,7483649,,,29233,NSE,EQ
715BR37-SG,7484161,SDL BR 7.15% 2037,,29235,NSE,EQ
714BR45-SG,7484417,SDL BR 7.14% 2045,,29236,NSE,EQ
712GJ35-SG,7484673,SDL GJ 7.12% 2035,,29237,NSE,EQ
714HR38-SG,7484929,SDL HR 7.14% 2038,,29238,NSE,EQ
715KA38-SG,7485185,SDL KA 7.15% 2038,,29239,NSE,EQ
714KL45-SG,7485441,SDL KL 7.14% 2045,,29240,NSE,EQ
715TN35-SG,7485697,SDL TN 7.15% 2035,,29241,NSE,EQ
712TN55-SG,7485953,SDL TN 7.12% 2055,,29242,NSE,EQ
PCHFL23125-N0,7486209,,,29243,NSE,EQ
875TVSH30-N0,7486721,,,29245,NSE,EQ
PCHF230125-N0,7487233,,,29247,NSE,EQ
900CIFL35-N0,7487745,,,29249,NSE,EQ
ITCHOTELS,139347204,ITC HOTELS ,544325,29251,BSE,EQ
DENTA,139352324,DENTA WATER AND INFRA SOLUTION,544345,29256,BSE,EQ
735EXIM28-N0,7491585,,,29264,NSE,EQ
720NHPC35-N0,7492097,,,29266,NSE,EQ
729NHB31-N0,7492609,,,29268,NSE,EQ
REXPRO-SM,7493121,REXPRO ENTERPRISES,,29270,NSE,EQ
12VCCL29A-N0,7494145,,,29274,NSE,EQ
970ISF28-N0,7494657,,,29276,NSE,EQ
703OR31-SG,7495169,SDL OR 7.03% 2031,,29278,NSE,EQ
705GJ34-SG,7495425,SDL GJ 7.05% 2034,,29279,NSE,EQ
713RJ35-SG,7495681,SDL RJ 7.13% 2035,,29280,NSE,EQ
703GJ35-SG,7495937,SDL GJ 7.03% 2035,,29281,NSE,EQ
712BR37-SG,7496193,SDL BR 7.12% 2037,,29282,NSE,EQ
714HR38A-SG,7496449,SDL HR 7.14% 2038,,29283,NSE,EQ
VMART,136953860,V-MART RETAIL,534976,29284,BSE,EQ
713KA41-SG,7496961,SDL KA 7.13% 2041,,29285,NSE,EQ
713WB42-SG,7497217,SDL WB 7.13% 2042,,29286,NSE,EQ
713WB44-SG,7498497,SDL WB 7.13% 2044,,29291,NSE,EQ
711TN45-SG,7498753,SDL TN 7.11% 2045,,29292,NSE,EQ
711BR45-SG,7499009,SDL BR 7.11% 2045,,29293,NSE,EQ
711AS45-SG,7499265,SDL AS 7.11% 2045,,29294,NSE,EQ
712PN45-SG,7499521,SDL PN 7.12% 2045,,29295,NSE,EQ
710RJ50-SG,7499777,SDL RJ 7.10% 2050,,29296,NSE,EQ
711TS47-SG,7500033,SDL TS 7.11% 2047,,29297,NSE,EQ
708TS49-SG,7500289,SDL TS 7.08% 2049,,29298,NSE,EQ
710TS50-SG,7500545,SDL TS 7.10% 2050,,29299,NSE,EQ
710RJ51-SG,7500801,SDL RJ 7.10% 2051,,29300,NSE,EQ
708JK55-SG,7501057,SDL JK 7.08% 2055,,29301,NSE,EQ
364D290126-TB,7501825,GOI TBILL 364D-29/01/26,,29304,NSE,EQ
766LICH29-N0,7502081,,,29305,NSE,EQ
857IHFL26-N0,7502593,,,29307,NSE,EQ
751HUDCO28-N5,7503873,,,29312,NSE,EQ
734IRFC28-N4,7506689,,,29323,NSE,EQ
SAFARI-T0,7523841,,,29390,NSE,EQ
0NHIT35-N0,7532801,,,29425,NSE,EQ
MOHITIND-BE,7533313,MOHIT INDUSTRIES,,29427,NSE,EQ
0NHIT34-N0,7534593,,,29432,NSE,EQ
SUPREME,135853316,SUPREME HOLDINGS & HOSPITALITY,530677,29439,BSE,EQ
AGARWALEYE,139353604,DR. AGARWAL'S HEALTH CARE LIMI,544350,29452,BSE,EQ
790CANF30-N0,7540993,,,29457,NSE,EQ
MOSCHIP,136296196,MOSCHIP TECHNOLOGIES,532407,29459,BSE,EQ
NEXT30ADD,139354116,DSP MUTUAL FUND,544352,29464,BSE,EQ
79742SIC30-N0,7543553,,,29467,NSE,EQ
865MFL28-N0,7544065,,,29469,NSE,EQ
PROTEAN,139269380,PROTEAN EGOV TECHNOLOGIES LIMI,544021,29472,BSE,EQ
364D050226-TB,7547137,GOI TBILL 364D-05/02/26,,29481,NSE,EQ
MCLOUD,137956100,MAGELLANIC CLOUD,538891,29482,BSE,EQ
NIBE,136994820,NIBE,535136,29487,BSE,EQ
ORCHASP-BE,7550721,ORCHASP,,29495,NSE,EQ
717AP32-SG,7551233,SDL AP 7.17% 2032,,29497,NSE,EQ
707AP34-SG,7551489,SDL AP 7.07% 2034,,29498,NSE,EQ
707GJ34-SG,7551745,SDL GJ 7.07% 2034,,29499,NSE,EQ
711KA35A-SG,7552001,SDL KA 7.11% 2035,,29500,NSE,EQ
712MH36A-SG,7552257,SDL MH 7.12% 2036,,29501,NSE,EQ
712BR37A-SG,7552513,SDL BR 7.12% 2037,,29502,NSE,EQ
713MH37B-SG,7552769,SDL MH 7.13% 2037,,29503,NSE,EQ
711OR37-SG,7553025,SDL OR 7.11% 2037,,29504,NSE,EQ
711AP38B-SG,7553281,SDL AP 7.11% 2038,,29505,NSE,EQ
716KL38-SG,7553537,SDL KL 7.16% 2038,,29506,NSE,EQ
712MH38A-SG,7553793,SDL MH 7.12% 2038,,29507,NSE,EQ
714MH39-SG,7554049,SDL MH 7.14% 2039,,29508,NSE,EQ
716AP40-SG,7555073,SDL AP 7.16% 2040,,29512,NSE,EQ
716AS40-SG,7555329,SDL AS 7.16% 2040,,29513,NSE,EQ
719BR45-SG,7555585,SDL BR 7.19% 2045,,29514,NSE,EQ
719PN45-SG,7555841,SDL PN 7.19% 2045,,29515,NSE,EQ
719TS46-SG,7556097,SDL TS 7.19% 2046,,29516,NSE,EQ
675GJ27-SG,7556353,SDL GJ 6.75% 2027,,29517,NSE,EQ
70OR30-SG,7556609,SDL OR 7.0% 2030,,29518,NSE,EQ
714UK32-SG,7556865,SDL UK 7.14% 2032,,29519,NSE,EQ
708AP35A-SG,7557121,SDL AP 7.08% 2035,,29520,NSE,EQ
718TS47-SG,7557377,SDL TS 7.18% 2047,,29521,NSE,EQ
718TS49-SG,7557633,SDL TS 7.18% 2049,,29522,NSE,EQ
718KL50-SG,7557889,SDL KL 7.18% 2050,,29523,NSE,EQ
718TN55-SG,7558145,SDL TN 7.18% 2055,,29524,NSE,EQ
725NBFI40-N0,7558401,,,29525,NSE,EQ
GROWWRAIL,7558913,GROWWAMC - GROWWRAIL,,29527,NSE,EQ
918IHFL28-N0,7559937,,,29531,NSE,EQ
950ISF27-N0,7560449,,,29533,NSE,EQ
805PHFL30-N0,7560961,,,29535,NSE,EQ
724PFCL35-N0,7561473,,,29537,NSE,EQ
725PFCL45-N0,7561985,,,29539,NSE,EQ
CHAMUNDA-SM,7562497,CHAMUNDA ELECTRICAL,,29541,NSE,EQ
860TPL31-N0,7563521,,,29545,NSE,EQ
KEN-SM,7564033,KEN ENTERPRISES,,29547,NSE,EQ
775CIT38-N0,7565057,,,29551,NSE,EQ
NIFTYIETF,137473796,ICICI PRUDENTIAL NIFTY ETF,537007,29553,BSE,EQ
790ABHFL27-N0,7566593,,,29557,NSE,EQ
786ABHFL28-N0,7567105,,,29559,NSE,EQ
READYMIX-ST,7568385,READYMIX CONSTRU MACHI L,,29564,NSE,EQ
714BR37-SG,7568641,SDL BR 7.14% 2037,,29565,NSE,EQ
718BR45-SG,7568897,SDL BR 7.18% 2045,,29566,NSE,EQ
714CG33-SG,7569153,SDL CG 7.14% 2033,,29567,NSE,EQ
707GJ32-SG,7569409,SDL GJ 7.07% 2032,,29568,NSE,EQ
708GJ34-SG,7569665,SDL GJ 7.08% 2034,,29569,NSE,EQ
714HR38B-SG,7569921,SDL HR 7.14% 2038,,29570,NSE,EQ
718JK45-SG,7570177,SDL JK 7.18% 2045,,29571,NSE,EQ
708KA31A-SG,7570433,SDL KA 7.08% 2031,,29572,NSE,EQ
711KA33-SG,7570689,SDL KA 7.11% 2033,,29573,NSE,EQ
716MZ35-SG,7570945,SDL MZ 7.16% 2035,,29574,NSE,EQ
709TN35-SG,7571201,SDL TN 7.09% 2035,,29575,NSE,EQ
717TN45-SG,7571457,SDL TN 7.17% 2045,,29576,NSE,EQ
NIF100BEES,137595652,NIPPON INDIA ETF NIFTY 100,537483,29577,BSE,EQ
718TN55A-SG,7572225,SDL TN 7.18% 2055,,29579,NSE,EQ
364D120226-TB,7572993,GOI TBILL 364D-12/02/26,,29582,NSE,EQ
NATCAPSUQ-BE,7574529,NATURAL CAPSULES,,29588,NSE,EQ
JUBLCPL-BE,7575553,JUBILANT AGRI N CON PRO L,,29592,NSE,EQ
ELGNZ-SM,7576321,ELEGANZ INTERIORS,,29595,NSE,EQ
REPCOHOME,137042436,REPCO HOME FINANCE,535322,29598,BSE,EQ
742SIDBI29-N0,7577601,,,29600,NSE,EQ
704IRFC28-N6,7579393,,,29607,NSE,EQ
704REC28-N4,7581185,,,29614,NSE,EQ
AJAXENGG,139355140,AJAX ENGINEERING ,544356,29624,BSE,EQ
728RECL40-N0,7585025,,,29629,NSE,EQ
756IIFCL28-N0,7585537,,,29631,NSE,EQ
CHANDAN-ST,7586817,CHANDAN HEALTHCARE,,29636,NSE,EQ
CITI27-N0,7587073,,,29637,NSE,EQ
810HLICL35-N0,7587585,,,29639,NSE,EQ
728IRFC40-N0,7588097,,,29641,NSE,EQ
779LTFL30-N0,7588609,,,29643,NSE,EQ
MAXVOLT-SM,7589121,MAXVOLT ENERGY INDUS L,,29645,NSE,EQ
719HUDCO28-N7,7590401,,,29650,NSE,EQ
VOLERCAR-ST,7593217,VOLER CAR,,29661,NSE,EQ
PSRAJ-ST,7594241,P S RAJ STEELS,,29665,NSE,EQ
HEXT,139356676,HEXAWARE TECHNOLOGIES ,544362,29666,BSE,EQ
773TIL35-N0,7597057,,,29676,NSE,EQ
BAJAJINDEF,139357188,INDEF MANUFACTURING ,544364,29678,BSE,EQ
820CIFL28-N0,7598849,,,29683,NSE,EQ
750BOI35-N0,7599361,,,29685,NSE,EQ
UNIONGOLD,139356932,UNION MUTUAL FUND,544363,29687,BSE,EQ
364D200226-TB,7600897,GOI TBILL 364D-20/02/26,,29691,NSE,EQ
715AS35B-SG,7601153,SDL AS 7.15% 2035,,29692,NSE,EQ
716KA36B-SG,7601409,SDL KA 7.16% 2036,,29693,NSE,EQ
712GJ37A-SG,7601665,SDL GJ 7.12% 2037,,29694,NSE,EQ
714RJ37A-SG,7601921,SDL RJ 7.14% 2037,,29695,NSE,EQ
689OR28A-SG,7602177,SDL OR 6.89% 2028,,29696,NSE,EQ
702GJ31A-SG,7602433,SDL GJ 7.02% 2031,,29697,NSE,EQ
706OR31A-SG,7602689,SDL OR 7.06% 2031,,29698,NSE,EQ
716UP39B-SG,7602945,SDL UP 7.16% 2039,,29699,NSE,EQ
716PY40A-SG,7603201,SDL PY 7.16% 2040,,29700,NSE,EQ
716MP40A-SG,7603457,SDL MP 7.16% 2040,,29701,NSE,EQ
718BR45B-SG,7603713,SDL BR 7.18% 2045,,29702,NSE,EQ
718MP48A-SG,7603969,SDL MP 7.18% 2048,,29703,NSE,EQ
715BR37B-SG,7604225,SDL BR 7.15% 2037,,29704,NSE,EQ
716MP37A-SG,7604481,SDL MP 7.16% 2037,,29705,NSE,EQ
716HR38A-SG,7604737,SDL HR 7.16% 2038,,29706,NSE,EQ
714PY31A-SG,7604993,SDL PY 7.14% 2031,,29707,NSE,EQ
708GJ33B-SG,7605249,SDL GJ 7.08% 2033,,29708,NSE,EQ
713KA34A-SG,7605505,SDL KA 7.13% 2034,,29709,NSE,EQ
715PY39A-SG,7605761,SDL PY 7.15% 2039,,29710,NSE,EQ
QPOWER,139357956,QUALITY POWER ELECTRICAL EQUIP,544367,29711,BSE,EQ
834MLICL35-N0,7607553,,,29717,NSE,EQ
742PFC28-N0,7608065,,,29719,NSE,EQ
738PFC32-N0,7608577,,,29721,NSE,EQ
TEJASCARGO-ST,7609857,TEJAS CARGO INDIA,,29726,NSE,EQ
ROYALARC-SM,7610113,ROYAL ARC ELECTRODES,,29727,NSE,EQ
GUJTHEM,129761028,GUJARAT THEMIS BIOSYN,506879,29731,BSE,EQ
NIBL,137077252,NRB INDUSTRIAL BEARINGS,535458,29733,BSE,EQ
7645LICH30-N0,7613953,,,29742,NSE,EQ
12VCCL27B-N0,7615745,,,29749,NSE,EQ
MSCIINDIA,7618049,KOTAKMAMC - MSCIINDIA,,29758,NSE,EQ
GROWWN200,7647233,GROWWAMC - GROWWN200,,29872,NSE,EQ
VIVIDHA,129573380,VISAGAR POLYTEX,506146,29877,BSE,EQ
HPTL-ST,7649025,HP TELECOM INDIA,,29879,NSE,EQ
364D270226-TB,7657217,GOI TBILL 364D-27/02/26,,29911,NSE,EQ
698GJ30-SG,7657473,SDL GJ 6.98% 2030,,29912,NSE,EQ
716KA32-SG,7657729,SDL KA 7.16% 2032,,29913,NSE,EQ
717TN33-SG,7657985,SDL TN 7.17% 2033,,29914,NSE,EQ
72CG34-SG,7658753,SDL CG 7.2% 2034,,29917,NSE,EQ
719OR35-SG,7659265,SDL OR 7.19% 2035,,29919,NSE,EQ
717RJ35-SG,7659521,SDL RJ 7.17% 2035,,29920,NSE,EQ
72SK35-SG,7659777,SDL SK 7.2% 2035,,29921,NSE,EQ
719CG35-SG,7660033,SDL CG 7.19% 2035,,29922,NSE,EQ
72AP36-SG,7660289,SDL AP 7.2% 2036,,29923,NSE,EQ
718TN36-SG,7660545,SDL TN 7.18% 2036,,29924,NSE,EQ
724BR37-SG,7660801,SDL BR 7.24% 2037,,29925,NSE,EQ
717MH37-SG,7661057,SDL MH 7.17% 2037,,29926,NSE,EQ
72KA37-SG,7661313,SDL KA 7.2% 2037,,29927,NSE,EQ
722HR38A-SG,7661569,SDL HR 7.22% 2038,,29928,NSE,EQ
718MH38-SG,7661825,SDL MH 7.18% 2038,,29929,NSE,EQ
718MH39-SG,7662081,SDL MH 7.18% 2039,,29930,NSE,EQ
72AS40-SG,7662337,SDL AS 7.2% 2040,,29931,NSE,EQ
719MH40-SG,7662593,SDL MH 7.19% 2040,,29932,NSE,EQ
72MN40-SG,7662849,SDL MN 7.2% 2040,,29933,NSE,EQ
719OR40-SG,7663361,SDL OR 7.19% 2040,,29935,NSE,EQ
72UP40-SG,7663617,SDL UP 7.2% 2040,,29936,NSE,EQ
72KL42-SG,7663873,SDL KL 7.2% 2042,,29937,NSE,EQ
72RJ42-SG,7664129,SDL RJ 7.2% 2042,,29938,NSE,EQ
72AS45-SG,7664385,SDL AS 7.2% 2045,,29939,NSE,EQ
72OR45-SG,7664641,SDL OR 7.2% 2045,,29940,NSE,EQ
72TN55-SG,7664897,SDL TN 7.2% 2055,,29941,NSE,EQ
740IREDA36-N0,7665153,,,29942,NSE,EQ
NIFTY100EW,7665665,KOTAKMAMC - NIFTY100EW,,29944,NSE,EQ
737NBRD35-N0,7666433,,,29947,NSE,EQ
749SIDBI29-N0,7666945,,,29949,NSE,EQ
735NHB32-N0,7668225,,,29954,NSE,EQ
CALSOFTPP-E1,7668993,CALSOFT RS.2.50 PPD UP,,29957,NSE,EQ
799NIIF37-N0,7669761,,,29960,NSE,EQ
JUSTDIAL,137125892,JUST DIAL,535648,29962,BSE,EQ
825TCSL28-N0,7670529,,,29963,NSE,EQ
744PFCL30-N0,7672065,,,29969,NSE,EQ
74PFCL35-N0,7672577,,,29971,NSE,EQ
80980TCL27-N0,7673089,,,29973,NSE,EQ
AONETOTAL,7673601,AONEAMC - AONETOTAL,,29975,NSE,EQ
817GHFL30-N0,7674625,,,29979,NSE,EQ
364D050326-TB,7676929,GOI TBILL 364D-05/03/26,,29988,NSE,EQ
727UP41-SG,7677185,SDL UP 7.27% 2041,,29989,NSE,EQ
727MP45-SG,7677697,SDL MP 7.27% 2045,,29991,NSE,EQ
727TS47-SG,7677953,SDL TS 7.27% 2047,,29992,NSE,EQ
727MP48-SG,7678209,SDL MP 7.27% 2048,,29993,NSE,EQ
727TS49-SG,7678465,SDL TS 7.27% 2049,,29994,NSE,EQ
706GJ30-SG,7678721,SDL GJ 7.06% 2030,,29995,NSE,EQ
72OR32-SG,7678977,SDL OR 7.2% 2032,,29996,NSE,EQ
722KA32-SG,7679233,SDL KA 7.22% 2032,,29997,NSE,EQ
708TN30-SG,7679489,SDL TN 7.08% 2030,,29998,NSE,EQ
721TN32-SG,7679745,SDL TN 7.21% 2032,,29999,NSE,EQ
722TN33-SG,7680001,SDL TN 7.22% 2033,,30000,NSE,EQ
722AP34-SG,7680257,SDL AP 7.22% 2034,,30001,NSE,EQ
728CG34-SG,7680513,SDL CG 7.28% 2034,,30002,NSE,EQ
722AP35-SG,7680769,SDL AP 7.22% 2035,,30003,NSE,EQ
734AS35-SG,7681025,SDL AS 7.34% 2035,,30004,NSE,EQ
721GJ35-SG,7681281,SDL GJ 7.21% 2035,,30005,NSE,EQ
722RJ35-SG,7681537,SDL RJ 7.22% 2035,,30006,NSE,EQ
727CG35-SG,7681793,SDL CG 7.27% 2035,,30007,NSE,EQ
722KA35A-SG,7682049,SDL KA 7.22% 2035,,30008,NSE,EQ
728AP36-SG,7682305,SDL AP 7.28% 2036,,30009,NSE,EQ
722OR36-SG,7682561,SDL OR 7.22% 2036,,30010,NSE,EQ
732CG37-SG,7682817,SDL CG 7.32% 2037,,30011,NSE,EQ
732WB38-SG,7683329,SDL WB 7.32% 2038,,30013,NSE,EQ
726HR39-SG,7683585,SDL HR 7.26% 2039,,30014,NSE,EQ
726MP39-SG,7684865,SDL MP 7.26% 2039,,30019,NSE,EQ
73OR39-SG,7685121,SDL OR 7.3% 2039,,30020,NSE,EQ
725UP39-SG,7685377,SDL UP 7.25% 2039,,30021,NSE,EQ
73WB39-SG,7685633,SDL WB 7.3% 2039,,30022,NSE,EQ
ATULAUTO,136139524,ATUL AUTO,531795,30023,BSE,EQ
727OR41-SG,7686145,SDL OR 7.27% 2041,,30024,NSE,EQ
726TN55-SG,7686401,SDL TN 7.26% 2055,,30025,NSE,EQ
BALAJIPHOS-ST,7688449,BALAJI PHOSPHATES,,30033,NSE,EQ
734UCL30-N0,7688705,,,30034,NSE,EQ
760CIT38-N0,7689217,,,30036,NSE,EQ
734UCL28-N0,7689985,,,30039,NSE,EQ
FCONSUMER-BE,7690497,FUTURE CONSUMER,,30041,NSE,EQ
809CANF27-N0,7691521,,,30045,NSE,EQ
905CIFL32-N0,7692033,,,30047,NSE,EQ
ROADSTAR-IV,7693057,ROADSTAR INFRA INVT TRUST,,30051,NSE,EQ
990IIFL27A-N0,7695105,,,30059,NSE,EQ
960SFL35-N0,7695617,,,30061,NSE,EQ
790ABHFL28-N0,7696129,,,30063,NSE,EQ
MOCAPITAL,7696641,MOTILALAMC - MOCAPITAL,,30065,NSE,EQ
709TN30A-SG,7697665,SDL TN 7.09% 2030,,30069,NSE,EQ
718TN35-SG,7697921,SDL TN 7.18% 2035,,30070,NSE,EQ
724UP40-SG,7698177,SDL UP 7.24% 2040,,30071,NSE,EQ
722JK32-SG,7698433,SDL JK 7.22% 2032,,30072,NSE,EQ
729WB38-SG,7698689,SDL WB 7.29% 2038,,30073,NSE,EQ
728WB39-SG,7698945,SDL WB 7.28% 2039,,30074,NSE,EQ
723UK32-SG,7699201,SDL UK 7.23% 2032,,30075,NSE,EQ
727PY33-SG,7699457,SDL PY 7.27% 2033,,30076,NSE,EQ
723TS49-SG,7699713,SDL TS 7.23% 2049,,30077,NSE,EQ
724AR45-SG,7699969,SDL AR 7.24% 2045,,30078,NSE,EQ
723TS53-SG,7700225,SDL TS 7.23% 2053,,30079,NSE,EQ
687GJ28-SG,7700481,SDL GJ 6.87% 2028,,30080,NSE,EQ
723HR39-SG,7700737,SDL HR 7.23% 2039,,30081,NSE,EQ
724KL43-SG,7700993,SDL KL 7.24% 2043,,30082,NSE,EQ
723TN55-SG,7701249,SDL TN 7.23% 2055,,30083,NSE,EQ
726HP35-SG,7701505,SDL HP 7.26% 2035,,30084,NSE,EQ
717MP31-SG,7701761,SDL MP 7.17% 2031,,30085,NSE,EQ
722MP42-SG,7702017,SDL MP 7.22% 2042,,30086,NSE,EQ
723MP47-SG,7702273,SDL MP 7.23% 2047,,30087,NSE,EQ
727NL35-SG,7702529,SDL NL 7.27% 2035,,30088,NSE,EQ
ORIENTCEM,137153028,ORIENT CEMENT,535754,30089,BSE,EQ
693OR28-SG,7703041,SDL OR 6.93% 2028,,30090,NSE,EQ
717OR30-SG,7703297,SDL OR 7.17% 2030,,30091,NSE,EQ
723OR47-SG,7704577,SDL OR 7.23% 2047,,30096,NSE,EQ
719RJ35-SG,7704833,SDL RJ 7.19% 2035,,30097,NSE,EQ
723RJ38-SG,7705089,SDL RJ 7.23% 2038,,30098,NSE,EQ
70TN29-SG,7705345,SDL TN 7.0% 2029,,30099,NSE,EQ
723TS52-SG,7705601,SDL TS 7.23% 2052,,30100,NSE,EQ
724AS45-SG,7705857,SDL AS 7.24% 2045,,30101,NSE,EQ
364D120326-TB,7706625,GOI TBILL 364D-12/03/26,,30104,NSE,EQ
GOLD360,139360004,360 ONE MUTUAL FUND,544375,30105,BSE,EQ
ABFRL,137153284,ADITYA BIRLA FASHION AND RETAI,535755,30108,BSE,EQ
SELECTIPO,139360260,MIRAE ASSET MUTUAL FUND,544376,30109,BSE,EQ
EQUAL200,139360516,MIRAE ASSET MUTUAL FUND,544377,30121,BSE,EQ
SAMMAANCAP,137161988,SAMMAAN CAPITAL ,535789,30125,BSE,EQ
PRABHA,139361028,PRABHA ENERGY ,544379,30134,BSE,EQ
CASHIETF,139361284,,544380,30139,BSE,EQ
775PFCL26A-N0,7716353,,,30142,NSE,EQ
745PFCL28-N0,7716865,,,30144,NSE,EQ
860MFL28-N0,7717633,,,30147,NSE,EQ
773LICH27-N0,7718145,,,30149,NSE,EQ
AXISVALUE,139361796,AXIS MUTUAL FUND,544382,30155,BSE,EQ
715RJ35-SG,7720705,SDL RJ 7.15% 2035,,30159,NSE,EQ
715UP37A-SG,7720961,SDL UP 7.15% 2037,,30160,NSE,EQ
717KL38-SG,7721217,SDL KL 7.17% 2038,,30161,NSE,EQ
717UP39-SG,7721473,SDL UP 7.17% 2039,,30162,NSE,EQ
718MZ40-SG,7721729,SDL MZ 7.18% 2040,,30163,NSE,EQ
717OR40-SG,7721985,SDL OR 7.17% 2040,,30164,NSE,EQ
718TN45-SG,7722241,SDL TN 7.18% 2045,,30165,NSE,EQ
718WB45-SG,7722497,SDL WB 7.18% 2045,,30166,NSE,EQ
718MP46-SG,7722753,SDL MP 7.18% 2046,,30167,NSE,EQ
718OR46-SG,7723009,SDL OR 7.18% 2046,,30168,NSE,EQ
718WB46-SG,7723265,SDL WB 7.18% 2046,,30169,NSE,EQ
718WB47-SG,7723521,SDL WB 7.18% 2047,,30170,NSE,EQ
718MP49-SG,7723777,SDL MP 7.18% 2049,,30171,NSE,EQ
718KL50A-SG,7724033,SDL KL 7.18% 2050,,30172,NSE,EQ
718TN55B-SG,7724289,SDL TN 7.18% 2055,,30173,NSE,EQ
692JH28-SG,7724545,SDL JH 6.92% 2028,,30174,NSE,EQ
689TN28-SG,7724801,SDL TN 6.89% 2028,,30175,NSE,EQ
698OR29-SG,7725057,SDL OR 6.98% 2029,,30176,NSE,EQ
702TN29A-SG,7725313,SDL TN 7.02% 2029,,30177,NSE,EQ
704TN30B-SG,7725569,SDL TN 7.04% 2030,,30178,NSE,EQ
714MP32-SG,7725825,SDL MP 7.14% 2032,,30179,NSE,EQ
717UK32-SG,7726081,SDL UK 7.17% 2032,,30180,NSE,EQ
714CG32-SG,7726337,SDL CG 7.14% 2032,,30181,NSE,EQ
715TN33-SG,7726593,SDL TN 7.15% 2033,,30182,NSE,EQ
717UP33-SG,7726849,SDL UP 7.17% 2033,,30183,NSE,EQ
716CG33-SG,7727105,SDL CG 7.16% 2033,,30184,NSE,EQ
716CG34-SG,7727361,SDL CG 7.16% 2034,,30185,NSE,EQ
364D190326-TB,7728129,GOI TBILL 364D-19/03/26,,30188,NSE,EQ
CURAA-BE,7728897,CURA TECHNOLOGIES,,30191,NSE,EQ
820CANF27-N0,7729665,,,30194,NSE,EQ
744RL28-N0,7730177,,,30196,NSE,EQ
732RL35-N0,7730689,,,30198,NSE,EQ
793NIIF32-N0,7731201,,,30200,NSE,EQ
925SCL27A-N1,7731713,,,30202,NSE,EQ
1025SCL35A-N1,7732225,,,30204,NSE,EQ
980SCL35-N1,7732737,,,30206,NSE,EQ
940SCL28-N1,7733249,,,30208,NSE,EQ
SCL19325A-N1,7733761,,,30210,NSE,EQ
SCL190325-N1,7734273,,,30212,NSE,EQ
965SCL27-N1,7734785,,,30214,NSE,EQ
SCL19325-N1,7735809,,,30218,NSE,EQ
925SCL27B-N1,7736321,,,30220,NSE,EQ
990SCL28-N1,7736833,,,30222,NSE,EQ
971SCL30A-N1,7737345,,,30224,NSE,EQ
SCL190325A-N1,7737857,,,30226,NSE,EQ
1003SCL32-N1,7738369,,,30228,NSE,EQ
971SCL30-N1,7738881,,,30230,NSE,EQ
1075SCL35-N1,7739393,,,30232,NSE,EQ
1025SCL35-N1,7739905,,,30234,NSE,EQ
1015SCL30-N1,7740417,,,30236,NSE,EQ
902SCL28-N1,7740929,,,30238,NSE,EQ
948SCL28-N1,7741441,,,30240,NSE,EQ
1050SCL32-N1,7741953,,,30242,NSE,EQ
BHARATSE,133946628,BHARAT SEATS,523229,30244,BSE,EQ
ISHANCH-BE,7744513,ISHAN DYES N CHEMICALS L,,30252,NSE,EQ
835GFL28-N0,7745025,,,30254,NSE,EQ
DIVINEHIRA-ST,7747073,DIVINE HIRA JEWELLERS,,30262,NSE,EQ
726NTPC40-N0,7747329,,,30263,NSE,EQ
748NABF28-N0,7747841,,,30265,NSE,EQ
739SIDBI30-N0,7748353,,,30267,NSE,EQ
14RARL30-N0,7748865,,,30269,NSE,EQ
SILVERCASE,139362308,ZERODHA MUTUAL FUND,544384,30274,BSE,EQ
758LICH35A-N0,7750913,,,30277,NSE,EQ
GCHOTELS-ST,7753985,GRAND CONTINENT HOTELS L,,30289,NSE,EQ
SBIBPB,139362564,SBI MUTUAL FUND,544385,30290,BSE,EQ
ESSENTIA,137205252,INTEGRA ESSENTIA ,535958,30323,BSE,EQ
NIF100IETF,137474052,ICICI PRUDENTIAL NIFTY 100 ETF,537008,30392,BSE,EQ
364D260326-TB,7785217,GOI TBILL 364D-26/03/26,,30411,NSE,EQ
707AP36-SG,7785473,SDL AP 7.07% 2036,,30412,NSE,EQ
687GJ28A-SG,7785729,SDL GJ 6.87% 2028,,30413,NSE,EQ
687TN28-SG,7785985,SDL TN 6.87% 2028,,30414,NSE,EQ
692TN29-SG,7786241,SDL TN 6.92% 2029,,30415,NSE,EQ
696JH29-SG,7786497,SDL JH 6.96% 2029,,30416,NSE,EQ
702AS30A-SG,7786753,SDL AS 7.02% 2030,,30417,NSE,EQ
696KA30-SG,7787009,SDL KA 6.96% 2030,,30418,NSE,EQ
699TN31-SG,7787265,SDL TN 6.99% 2031,,30419,NSE,EQ
705MP32-SG,7787521,SDL MP 7.05% 2032,,30420,NSE,EQ
705UK32-SG,7787777,SDL UK 7.05% 2032,,30421,NSE,EQ
704KA32-SG,7788033,SDL KA 7.04% 2032,,30422,NSE,EQ
704RJ32-SG,7788289,SDL RJ 7.04% 2032,,30423,NSE,EQ
704AP33-SG,7788545,SDL AP 7.04% 2033,,30424,NSE,EQ
702GJ33-SG,7789313,SDL GJ 7.02% 2033,,30427,NSE,EQ
703KA33-SG,7789569,SDL KA 7.03% 2033,,30428,NSE,EQ
709AP35-SG,7789825,SDL AP 7.09% 2035,,30429,NSE,EQ
703HR35-SG,7790081,SDL HR 7.03% 2035,,30430,NSE,EQ
702MP35-SG,7790337,SDL MP 7.02% 2035,,30431,NSE,EQ
71NL35-SG,7790593,SDL NL 7.1% 2035,,30432,NSE,EQ
705OR35-SG,7790849,SDL OR 7.05% 2035,,30433,NSE,EQ
706RJ35-SG,7791105,SDL RJ 7.06% 2035,,30434,NSE,EQ
71SK35-SG,7791361,SDL SK 7.1% 2035,,30435,NSE,EQ
701TN35-SG,7791617,SDL TN 7.01% 2035,,30436,NSE,EQ
708AP37-SG,7791873,SDL AP 7.08% 2037,,30437,NSE,EQ
704HR37-SG,7792129,SDL HR 7.04% 2037,,30438,NSE,EQ
705RJ37-SG,7792385,SDL RJ 7.05% 2037,,30439,NSE,EQ
708HR39-SG,7792641,SDL HR 7.08% 2039,,30440,NSE,EQ
709HR40-SG,7792897,SDL HR 7.09% 2040,,30441,NSE,EQ
71HP40-SG,7793153,SDL HP 7.1% 2040,,30442,NSE,EQ
708KL40-SG,7793409,SDL KL 7.08% 2040,,30443,NSE,EQ
712MN40-SG,7793665,SDL MN 7.12% 2040,,30444,NSE,EQ
71KL43-SG,7793921,SDL KL 7.1% 2043,,30445,NSE,EQ
71RJ43-SG,7794177,SDL RJ 7.1% 2043,,30446,NSE,EQ
71AS45-SG,7794433,SDL AS 7.1% 2045,,30447,NSE,EQ
71PN45-SG,7794689,SDL PN 7.1% 2045,,30448,NSE,EQ
71WB45-SG,7794945,SDL WB 7.1% 2045,,30449,NSE,EQ
71WB46-SG,7795201,SDL WB 7.1% 2046,,30450,NSE,EQ
71WB47-SG,7795457,SDL WB 7.1% 2047,,30451,NSE,EQ
707TS52-SG,7795713,SDL TS 7.07% 2052,,30452,NSE,EQ
707TS55-SG,7795969,SDL TS 7.07% 2055,,30453,NSE,EQ
706KL55-SG,7796225,SDL KL 7.06% 2055,,30454,NSE,EQ
SPECTRUM,139362820,SPECTRUM ELECTRICAL INDUSTRIES,544386,30455,BSE,EQ
RAPIDFLEET-SM,7797761,RAPID FLEET MGT SERVICE L,,30460,NSE,EQ
ACTIVEINFR-SM,7798785,ACTIVE INFRASTRUCTURES L,,30464,NSE,EQ
MID150,283913,BSE INDEX MID150,1109,30469,INDICES,EQ
AONELIQUID,7800833,AONEAMC - AONELIQUID,,30472,NSE,EQ
774IREDA35-N0,7802625,,,30479,NSE,EQ
717IRFC35-N0,7804673,,,30487,NSE,EQ
712EXIM30-N0,7805185,,,30489,NSE,EQ
FELDVR-BZ,7805697,FUTURE ENTERPRISES,,30491,NSE,EQ
819CIFL27-N0,7805953,,,30492,NSE,EQ
910TIAPL26-N0,7806465,,,30494,NSE,EQ
805TFSIL28-N0,7806977,,,30496,NSE,EQ
PILITA,128083716,PIL ITALICA LIFESTYLE ,500327,30835,BSE,EQ
846REC28-N6,7931905,,,30984,NSE,EQ
837REC33-N7,7932417,,,30986,NSE,EQ
871REC28-N9,7933441,,,30990,NSE,EQ
862REC33-NA,7933953,,,30992,NSE,EQ
THOMASCOTT,136688900,THOMAS SCOTT (INDIA),533941,31017,BSE,EQ
830NHAI27-N2,7946241,,,31040,NSE,EQ
DBSTOCKBRO,135780612,DB (INTERNATIONAL) STOCK BROKE,530393,31107,BSE,EQ
810IRFC27-N2,7968769,,,31128,NSE,EQ
COMPUSOFT,136278788,COMPUCOM SOFTWARE,532339,31138,BSE,EQ
RHIM,136723460,RHI MAGNESITA INDIA,534076,31163,BSE,EQ
MCX,136727300,MULTI COMMODITY EXCHANGE OF IN,534091,31181,BSE,EQ
SCHNEIDER,136739588,SCHNEIDER ELECTRIC INFRASTRUCT,534139,31234,BSE,EQ
82HUDCO27-N2,7997441,,,31240,NSE,EQ
NDL,136356100,NANDAN DENIM,532641,31258,BSE,EQ
MTEDUCARE-BE,8041729,MT EDUCARE,,31413,NSE,EQ
NBCC,136783108,NBCC (INDIA) ,534309,31415,BSE,EQ
LYPSAGEMS,136840196,LYPSA GEMS & JEWELLERY,534532,31468,BSE,EQ
ORBTEXP,131232260,ORBIT EXPORTS,512626,31475,BSE,EQ
854NHPC28-N2,8059649,,,31483,NSE,EQ
867NHPC33-N3,8059905,,,31484,NSE,EQ
879NHPC28-N5,8060417,,,31486,NSE,EQ
892NHPC33-N6,8060673,,,31487,NSE,EQ
JPOLYINVST,137413892,JINDAL POLY INVESTMENT AND FIN,536773,31507,BSE,EQ
848NTPC28-N2,8130561,,,31760,NSE,EQ
866NTPC33-N3,8131073,,,31762,NSE,EQ
873NTPC28-N5,8132097,,,31766,NSE,EQ
891NTPC33-N6,8132609,,,31768,NSE,EQ
SREEL,137113860,SREELEATHERS,535601,31837,BSE,EQ
863NHB29-N2,8183297,,,31966,NSE,EQ
863NHB34-N3,8183553,,,31967,NSE,EQ
888NHB29-N5,8184065,,,31969,NSE,EQ
901NHB34-N6,8184321,,,31970,NSE,EQ
681HR39-SG,193498625,SDL HR 6.81% 2039,,755854,NSE,EQ
683JK42-SG,193498881,SDL JK 6.83% 2042,,755855,NSE,EQ
687TS47-SG,193499137,SDL TS 6.87% 2047,,755856,NSE,EQ
687TS55-SG,193499393,SDL TS 6.87% 2055,,755857,NSE,EQ
364D100426-TB,193500161,GOI TBILL 364D-10/04/26,,755860,NSE,EQ
771NIIF35-N0,193502977,,,755871,NSE,EQ
704NBFID35-N0,193503489,,,755873,NSE,EQ
995ISF28A-N0,193504001,,,755875,NSE,EQ
875CIFL32-N0,193505025,,,755879,NSE,EQ
EVIETF,139364868,ICICI PRUDENTIAL MUTUAL FUND,544394,755881,BSE,EQ
MARSHALL-BZ,193516545,MARSHALL MACHINES,,755924,NSE,EQ
684TS56-SG,193516801,SDL TS 6.84% 2056,,755925,NSE,EQ
671TN35-SG,193517057,SDL TN 6.71% 2035,,755926,NSE,EQ
364D160426-TB,193517825,GOI TBILL 364D-16/04/26,,755929,NSE,EQ
850TIAPL28-N0,193518081,,,755930,NSE,EQ
78ABCL33-N1,193520641,,,755940,NSE,EQ
8ABCL26-N2,193520897,,,755941,NSE,EQ
ABCL26-N3,193521153,,,755942,NSE,EQ
81ABCL33-N4,193521409,,,755943,NSE,EQ
805ABCL28-N5,193521665,,,755944,NSE,EQ
ABCL28-N6,193521921,,,755945,NSE,EQ
791ABCL34-N7,193522177,,,755946,NSE,EQ
79413ABC28-N8,193522433,,,755947,NSE,EQ
797ABCL28-N9,193522689,,,755948,NSE,EQ
79ABCL28-NA,193522945,,,755949,NSE,EQ
8016ABCL29-NB,193523201,,,755950,NSE,EQ
801ABCL28-NC,193523457,,,755951,NSE,EQ
80208ABC30-ND,193523713,,,755952,NSE,EQ
8034ABCL34-NE,193523969,,,755953,NSE,EQ
803ABCL33-NF,193524225,,,755954,NSE,EQ
812ABCL28-NG,193524481,,,755955,NSE,EQ
816ABCL29-NH,193524737,,,755956,NSE,EQ
81ABCL29-NI,193524993,,,755957,NSE,EQ
830ABCL26-NJ,193525249,,,755958,NSE,EQ
831ABCL34-NK,193525505,,,755959,NSE,EQ
833ABCL27-NL,193525761,,,755960,NSE,EQ
ABCRESET27-NM,193526017,,,755961,NSE,EQ
852MFL28-N0,193531905,,,755984,NSE,EQ
852MFL28A-N0,193532417,,,755986,NSE,EQ
703NBFID30-N0,193532929,,,755988,NSE,EQ
762TCL30-N0,193533441,,,755990,NSE,EQ
10UCL26-ND,193534977,,,755996,NSE,EQ
1039UCL26-NE,193535489,,,755998,NSE,EQ
1015UCL27-NF,193536001,,,756000,NSE,EQ
1025UCL27A-NG,193536513,,,756002,NSE,EQ
1050UCL28-NH,193537025,,,756004,NSE,EQ
727SHFL27-N0,193537537,,,756006,NSE,EQ
735SFL27-N0,193538049,,,756008,NSE,EQ
690GS2065-GS,193539585,GOI LOAN  6.90% 2065,,756014,NSE,EQ
CIFL,135905028,CAPITAL INDIA FINANCE,530879,756015,BSE,EQ
TINNARUBR,135801604,TINNA RUBBER AND INFRASTRUCTUR,530475,756020,BSE,EQ
759LTFL28-N0,193542401,,,756025,NSE,EQ
815ANN30-N0,193542913,,,756027,NSE,EQ
815ANN32-N0,193543425,,,756029,NSE,EQ
815ANN31-N0,193543937,,,756031,NSE,EQ
815ANN29-N0,193544449,,,756033,NSE,EQ
18PVL29-N0,193544961,,,756035,NSE,EQ
18PVL29A-N0,193545473,,,756037,NSE,EQ
WAAREERTL,136862212,WAAREE RENEWABLE TECHNOLOGIES,534618,756038,BSE,EQ
78618ABH28-N0,193547009,,,756043,NSE,EQ
675AS40-SG,193551617,SDL AS 6.75% 2040,,756061,NSE,EQ
676MH37-SG,193551873,SDL MH 6.76% 2037,,756062,NSE,EQ
672MH38-SG,193552129,SDL MH 6.72% 2038,,756063,NSE,EQ
675MH39-SG,193552385,SDL MH 6.75% 2039,,756064,NSE,EQ
672MH40-SG,193552641,SDL MH 6.72% 2040,,756065,NSE,EQ
364D240426-TB,193553409,GOI TBILL 364D-24/04/26,,756068,NSE,EQ
950ISF27A-N0,193553665,,,756069,NSE,EQ
803ABHFL35-N0,193554177,,,756071,NSE,EQ
GROWWMOM50,193558017,GROWWAMC - GROWWMOM50,,756086,NSE,EQ
67RJ35-SG,193559297,SDL RJ 6.7% 2035,,756091,NSE,EQ
674UK35-SG,193559553,SDL UK 6.74% 2035,,756092,NSE,EQ
677MH37-SG,193559809,SDL MH 6.77% 2037,,756093,NSE,EQ
675HR38-SG,193560065,SDL HR 6.75% 2038,,756094,NSE,EQ
677MH38-SG,193560321,SDL MH 6.77% 2038,,756095,NSE,EQ
678MH39-SG,193560577,SDL MH 6.78% 2039,,756096,NSE,EQ
675MH40-SG,193560833,SDL MH 6.75% 2040,,756097,NSE,EQ
675TR40-SG,193561089,SDL TR 6.75% 2040,,756098,NSE,EQ
677PN43-SG,193561345,SDL PN 6.77% 2043,,756099,NSE,EQ
665HP32-SG,193561601,SDL HP 6.65% 2032,,756100,NSE,EQ
667UP32-SG,193561857,SDL UP 6.67% 2032,,756101,NSE,EQ
679HP34-SG,193562113,SDL HP 6.79% 2034,,756102,NSE,EQ
678KL46-SG,193562369,SDL KL 6.78% 2046,,756103,NSE,EQ
678RJ47-SG,193562625,SDL RJ 6.78% 2047,,756104,NSE,EQ
679TS52-SG,193562881,SDL TS 6.79% 2052,,756105,NSE,EQ
850TIAP28A-N0,193571073,,,756137,NSE,EQ
9IIFL26-NV,193571585,,,756139,NSE,EQ
IIFL210425-NW,193571841,,,756140,NSE,EQ
930IIFL27-NX,193572097,,,756141,NSE,EQ
IIFL21425-NY,193572353,,,756142,NSE,EQ
935IIFL28-NZ,193572609,,,756143,NSE,EQ
975IIFL28-Y0,193572865,,,756144,NSE,EQ
IIFL21425A-Y1,193573121,,,756145,NSE,EQ
KTL-SZ,193573377,KALAHRIDHAAN TRENDZ,,756146,NSE,EQ
364D020426-TB,193574145,GOI TBILL 364D-02/04/26,,756149,NSE,EQ
SILVER360,139363588,360 ONE MUTUAL FUND,544389,756150,BSE,EQ
960IIFL30-Y2,193575169,,,756153,NSE,EQ
1025IIFL30-Y3,193575425,,,756154,NSE,EQ
890ALSL27-N0,193577217,,,756161,NSE,EQ
865HHFL30-N0,193577729,,,756163,NSE,EQ
850HHFL27-N0,193578241,,,756165,NSE,EQ
995ISF28-N0,193578753,,,756167,NSE,EQ
715NBFID35-N0,193579265,,,756169,NSE,EQ
770SHFL27-N0,193579777,,,756171,NSE,EQ
9TIAPL28-N0,193580289,,,756173,NSE,EQ
765TML27-N0,193580801,,,756175,NSE,EQ
765TML28A-N0,193581313,,,756177,NSE,EQ
765TML28-N0,193581825,,,756179,NSE,EQ
NPST,139365380,NETWORK PEOPLE SERVICES TECHNO,544396,756324,BSE,EQ
815GHFL35-N0,193620225,,,756329,NSE,EQ
678IRFC30-N0,193620737,,,756331,NSE,EQ
995CCSP27-N0,193621249,,,756333,NSE,EQ
TANKUP-ST,193622529,TANKUP ENGINEERS,,756338,NSE,EQ
ATCENERGY-SM,193638913,ATC ENERGIES SYSTEM,,756402,NSE,EQ
SHRIAHIMSA-ST,193640705,SHRI AHIMSA NATURALS,,756409,NSE,EQ
673HPCL30-N0,193716481,,,756705,NSE,EQ
707LICH30-N0,193716993,,,756707,NSE,EQ
679TN55-SG,193717505,SDL TN 6.79% 2055,,756709,NSE,EQ
679TS56-SG,193717761,SDL TS 6.79% 2056,,756710,NSE,EQ
182D311025-TB,193718273,GOI TBILL 182D-31/10/25,,756712,NSE,EQ
364D010526-TB,193718529,GOI TBILL 364D-01/05/26,,756713,NSE,EQ
820MFL30-N0,193718785,,,756714,NSE,EQ
832HHFL27A-N0,193719297,,,756716,NSE,EQ
832HHFL27-N0,193719809,,,756718,NSE,EQ
686REC35-N0,193720321,,,756720,NSE,EQ
687REC30-N0,193720833,,,756722,NSE,EQ
726IRMT45-N0,193721345,,,756724,NSE,EQ
702RECL40-N0,193725697,,,756741,NSE,EQ
694PGCIL35-N0,193726209,,,756743,NSE,EQ
664PFCL30-N0,193731841,,,756765,NSE,EQ
661PFCL28-N0,193732353,,,756767,NSE,EQ
73064ABH28-N0,193732865,,,756769,NSE,EQ
KRISHIVAL,139370500,KRISHIVAL FOODS,544416,756782,BSE,EQ
642TN31-SG,193737473,SDL TN 6.42% 2031,,756787,NSE,EQ
668RJ35-SG,193737729,SDL RJ 6.68% 2035,,756788,NSE,EQ
711WB47-SG,193737985,SDL WB 7.11% 2047,,756789,NSE,EQ
709TS58-SG,193738241,SDL TS 7.09% 2058,,756790,NSE,EQ
709TS59-SG,193738497,SDL TS 7.09% 2059,,756791,NSE,EQ
709TS60-SG,193738753,SDL TS 7.09% 2060,,756792,NSE,EQ
709TS61-SG,193739009,SDL TS 7.09% 2061,,756793,NSE,EQ
182D181225-TB,193740801,GOI TBILL 182D-18/12/25,,756800,NSE,EQ
364D180626-TB,193741057,GOI TBILL 364D-18/06/26,,756801,NSE,EQ
OSWALPUMPS,139371012,OSWAL PUMPS ,544418,756802,BSE,EQ
642JK31-SG,193742593,SDL JK 6.42% 2031,,756807,NSE,EQ
651UP32-SG,193742849,SDL UP 6.51% 2032,,756808,NSE,EQ
663AS35-SG,193743105,SDL AS 6.63% 2035,,756809,NSE,EQ
665GA35-SG,193743361,SDL GA 6.65% 2035,,756810,NSE,EQ
664GJ36-SG,193743617,SDL GJ 6.64% 2036,,756811,NSE,EQ
665GJ37-SG,193743873,SDL GJ 6.65% 2037,,756812,NSE,EQ
67HR39-SG,193744129,SDL HR 6.7% 2039,,756813,NSE,EQ
672TR40-SG,193744385,SDL TR 6.72% 2040,,756814,NSE,EQ
684KL47-SG,193744641,SDL KL 6.84% 2047,,756815,NSE,EQ
685RJ47-SG,193744897,SDL RJ 6.85% 2047,,756816,NSE,EQ
685RJ51-SG,193745153,SDL RJ 6.85% 2051,,756817,NSE,EQ
182D201125-TB,193745665,GOI TBILL 182D-20/11/25,,756819,NSE,EQ
364D210526-TB,193745921,GOI TBILL 364D-21/05/26,,756820,NSE,EQ
753PHFL30-N0,193746177,,,756821,NSE,EQ
7123TCHF27-N0,193746689,,,756823,NSE,EQ
717TCHFL30-N0,193747201,,,756825,NSE,EQ
GROWWSLVR,193747713,GROWWAMC - GROWWSLVR,,756827,NSE,EQ
FUSIONPP-E1,193749249,FUSION RS.5 PPD UP,,756833,NSE,EQ
930PFL27A-N0,193750529,,,756838,NSE,EQ
ABLBL,139367172,ADITYA BIRLA LIFESTYLE BRANDS,544403,756843,BSE,EQ
SAMAY-SM,193753089,SAMAY PROJECT SERVICES L,,756848,NSE,EQ
690LICH27-N0,193754113,,,756852,NSE,EQ
654TN31-SG,193754369,SDL TN 6.54% 2031,,756853,NSE,EQ
667AP32-SG,193754625,SDL AP 6.67% 2032,,756854,NSE,EQ
661GJ32-SG,193754881,SDL GJ 6.61% 2032,,756855,NSE,EQ
668GJ33-SG,193755137,SDL GJ 6.68% 2033,,756856,NSE,EQ
683AP34-SG,193755393,SDL AP 6.83% 2034,,756857,NSE,EQ
671AP35-SG,193755649,SDL AP 6.71% 2035,,756858,NSE,EQ
674AP37-SG,193755905,SDL AP 6.74% 2037,,756859,NSE,EQ
679PN45-SG,193756161,SDL PN 6.79% 2045,,756860,NSE,EQ
679TS53-SG,193756417,SDL TS 6.79% 2053,,756861,NSE,EQ
68TS57-SG,193756673,SDL TS 6.8% 2057,,756862,NSE,EQ
679AP36-SG,193756929,SDL AP 6.79% 2036,,756863,NSE,EQ
677MP37-SG,193757185,SDL MP 6.77% 2037,,756864,NSE,EQ
677MP39-SG,193757441,SDL MP 6.77% 2039,,756865,NSE,EQ
678KL40-SG,193757697,SDL KL 6.78% 2040,,756866,NSE,EQ
679AS45-SG,193757953,SDL AS 6.79% 2045,,756867,NSE,EQ
182D061125-TB,193758465,GOI TBILL 182D-06/11/25,,756869,NSE,EQ
364D070526-TB,193758721,GOI TBILL 364D-07/05/26,,756870,NSE,EQ
ENRIN,139363844,SIEMENS ENERGY INDIA ,544390,756871,BSE,EQ
754GIL29-N0,193759745,,,756874,NSE,EQ
759GIL30-N0,193760257,,,756876,NSE,EQ
7IREDAL30-N0,193760769,,,756878,NSE,EQ
731SDIL40-N0,193761281,,,756880,NSE,EQ
803ABCL35-N0,193761793,,,756882,NSE,EQ
686NHPCL40-N0,193762305,,,756884,NSE,EQ
686NHPCL34-N0,193762817,,,756886,NSE,EQ
686NHPCL35-N0,193763329,,,756888,NSE,EQ
633GS2035-GS,193763841,GOI LOAN  6.33% 2035,,756890,NSE,EQ
ARUNAYA-SM,193765377,ARUNAYA ORGANICS,,756896,NSE,EQ
MON50EQUAL,193766401,MOTILALAMC - MON50EQUAL,,756900,NSE,EQ
686NHPCL36-N0,193767169,,,756903,NSE,EQ
686NHPCL37-N0,193767681,,,756905,NSE,EQ
679AP34A-SG,193767937,SDL AP 6.79% 2034,,756906,NSE,EQ
688ML35-SG,193768193,SDL ML 6.88% 2035,,756907,NSE,EQ
676JK31-SG,193768449,SDL JK 6.76% 2031,,756908,NSE,EQ
678AP33-SG,193768705,SDL AP 6.78% 2033,,756909,NSE,EQ
684HP35-SG,193768961,SDL HP 6.84% 2035,,756910,NSE,EQ
684AP37-SG,193769217,SDL AP 6.84% 2037,,756911,NSE,EQ
688AP40-SG,193769473,SDL AP 6.88% 2040,,756912,NSE,EQ
685AP41-SG,193769729,SDL AP 6.85% 2041,,756913,NSE,EQ
688PN45-SG,193769985,SDL PN 6.88% 2045,,756914,NSE,EQ
688PN46-SG,193770241,SDL PN 6.88% 2046,,756915,NSE,EQ
12VCCL29B-N0,193770497,,,756916,NSE,EQ
686NHPCL38-N0,193771265,,,756919,NSE,EQ
686NHPCL39-N0,193771777,,,756921,NSE,EQ
686NHPCL33-N0,193772289,,,756923,NSE,EQ
PRIMO,129754116,PRIMO CHEMICALS ,506852,756925,BSE,EQ
769TFSIL28-N0,193774081,,,756930,NSE,EQ
686NHPCL32-N0,193774593,,,756932,NSE,EQ
686NHPCL31-N0,193775105,,,756934,NSE,EQ
689NTPC35-N0,193776129,,,756938,NSE,EQ
SOLARAPP1-E1,193776385,SOLARA RS. 7 PPD UP,,756939,NSE,EQ
665IRFC30-N0,193778433,,,756947,NSE,EQ
AAFS29A-N0,193779201,,,756950,NSE,EQ
925PFL30-N0,193779713,,,756952,NSE,EQ
915PFL27-N0,193780225,,,756954,NSE,EQ
91PFL27-N0,193780737,,,756956,NSE,EQ
MONOLITH-SM,193781249,MONOLITHISCH INDIA,,756958,NSE,EQ
PATILAUTOM-SM,193782529,PATIL AUTOMATION,,756963,NSE,EQ
755TPREL40-N0,193789953,,,756992,NSE,EQ
727TCHFL28-N0,193790465,,,756994,NSE,EQ
680NHB32-N0,193790977,,,756996,NSE,EQ
THELEELA,139368452,LEELA PALACES HOTELS & RESORTS,544408,757014,BSE,EQ
622AS30-SG,193796609,SDL AS 6.22% 2030,,757018,NSE,EQ
651GJ33-SG,193796865,SDL GJ 6.51% 2033,,757019,NSE,EQ
660TN35-SG,193797121,SDL TN 6.60% 2035,,757020,NSE,EQ
ACCPL-SM,193797377,ACCRETION PHARMA,,757021,NSE,EQ
740SIHF28-N0,193799425,,,757029,NSE,EQ
MOINFRA,193799937,MOTILALAMC - MOINFRA,,757031,NSE,EQ
664HR36-SG,193800705,SDL HR 6.64% 2036,,757034,NSE,EQ
668HR38-SG,193800961,SDL HR 6.68% 2038,,757035,NSE,EQ
671MN40-SG,193801217,SDL MN 6.71% 2040,,757036,NSE,EQ
684JK42-SG,193801473,SDL JK 6.84% 2042,,757037,NSE,EQ
689PN46-SG,193801729,SDL PN 6.89% 2046,,757038,NSE,EQ
689RJ48-SG,193801985,SDL RJ 6.89% 2048,,757039,NSE,EQ
689KL51-SG,193802241,SDL KL 6.89% 2051,,757040,NSE,EQ
686RJ52-SG,193802497,SDL RJ 6.86% 2052,,757041,NSE,EQ
182D271125-TB,193803009,GOI TBILL 182D-27/11/25,,757043,NSE,EQ
364D280526-TB,193803265,GOI TBILL 364D-28/05/26,,757044,NSE,EQ
72092LTF27-N0,193803521,,,757045,NSE,EQ
715SHFL30-N0,193804033,,,757047,NSE,EQ
RAJOOENG,133697796,RAJOO ENGINEERS,522257,757049,BSE,EQ
708IIFCL35-N0,193806849,,,757058,NSE,EQ
VGINFOTECH-SM,193807361,VIRTUAL GALAXY INFOTECH L,,757060,NSE,EQ
AONENIFTY,193816577,AONEAMC - AONENIFTY,,757096,NSE,EQ
MOMGF,193817345,MOTILALAMC - MOMGF,,757099,NSE,EQ
BELRISE,139367684,BELRISE INDUSTRIES,544405,757102,BSE,EQ
DCCL-SM,193819393,DAR CREDIT & CAPITAL,,757107,NSE,EQ
669GJ34-SG,193819905,SDL GJ 6.69% 2034,,757109,NSE,EQ
669GJ35-SG,193820161,SDL GJ 6.69% 2035,,757110,NSE,EQ
671TN35A-SG,193820417,SDL TN 6.71% 2035,,757111,NSE,EQ
677HR39-SG,193820673,SDL HR 6.77% 2039,,757112,NSE,EQ
677AS40-SG,193820929,SDL AS 6.77% 2040,,757113,NSE,EQ
677TN40-SG,193821185,SDL TN 6.77% 2040,,757114,NSE,EQ
683MN40-SG,193821441,SDL MN 6.83% 2040,,757115,NSE,EQ
688PN45A-SG,193821697,SDL PN 6.88% 2045,,757116,NSE,EQ
686TS46-SG,193821953,SDL TS 6.86% 2046,,757117,NSE,EQ
686TS47-SG,193822209,SDL TS 6.86% 2047,,757118,NSE,EQ
685TS50-SG,193822465,SDL TS 6.85% 2050,,757119,NSE,EQ
182D131125-TB,193822977,GOI TBILL 182D-13/11/25,,757121,NSE,EQ
364D140526-TB,193823233,GOI TBILL 364D-14/05/26,,757122,NSE,EQ
708TML28-N0,193823489,,,757123,NSE,EQ
708TML28A-N0,193824001,,,757125,NSE,EQ
990CCSP27-N0,193825025,,,757129,NSE,EQ
AAFS29-N0,193827841,,,757140,NSE,EQ
EQUAL50,139366660,MIRAE ASSET MUTUAL FUND,544401,757142,BSE,EQ
747ABCL29-N0,193829377,,,757146,NSE,EQ
738ABCL28-N0,193829889,,,757148,NSE,EQ
MONEXT50,193834753,MOTILALAMC - MONEXT50,,757167,NSE,EQ
930APMD32-N0,193835521,,,757170,NSE,EQ
930APMD33-N0,193836033,,,757172,NSE,EQ
930APMD34-N0,193836545,,,757174,NSE,EQ
930APMD35-N0,193837057,,,757176,NSE,EQ
930APMD27-N0,193837569,,,757178,NSE,EQ
930APMD28-N0,193838081,,,757180,NSE,EQ
930APMD29-N0,193838593,,,757182,NSE,EQ
930APMD30-N0,193839105,,,757184,NSE,EQ
930APMD31-N0,193839617,,,757186,NSE,EQ
AEGISVOPAK,139368196,AEGIS VOPAK TERMINALS,544407,757336,BSE,EQ
699SFL27-N0,193879297,,,757341,NSE,EQ
738CIFL27-N0,193879809,,,757343,NSE,EQ
708JCL28-N0,193880321,,,757345,NSE,EQ
760GFL30-N0,193885441,,,757365,NSE,EQ
664ML35-SG,193889793,SDL ML 6.64% 2035,,757382,NSE,EQ
664RJ35-SG,193890049,SDL RJ 6.64% 2035,,757383,NSE,EQ
682AP36-SG,193890305,SDL AP 6.82% 2036,,757384,NSE,EQ
678AP37-SG,193890561,SDL AP 6.78% 2037,,757385,NSE,EQ
677KL37-SG,193890817,SDL KL 6.77% 2037,,757386,NSE,EQ
684AP38-SG,193891073,SDL AP 6.84% 2038,,757387,NSE,EQ
684AP39-SG,193891329,SDL AP 6.84% 2039,,757388,NSE,EQ
688MP41-SG,193891585,SDL MP 6.88% 2041,,757389,NSE,EQ
692MP43-SG,193891841,SDL MP 6.92% 2043,,757390,NSE,EQ
692TS44-SG,193892097,SDL TS 6.92% 2044,,757391,NSE,EQ
692TS45-SG,193892353,SDL TS 6.92% 2045,,757392,NSE,EQ
692HP45-SG,193892609,SDL HP 6.92% 2045,,757393,NSE,EQ
692TN45-SG,193892865,SDL TN 6.92% 2045,,757394,NSE,EQ
692WB45-SG,193893121,SDL WB 6.92% 2045,,757395,NSE,EQ
694TN55-SG,193893377,SDL TN 6.94% 2055,,757396,NSE,EQ
694KL62-SG,193893633,SDL KL 6.94% 2062,,757397,NSE,EQ
640TN32-SG,193893889,SDL TN 6.40% 2032,,757398,NSE,EQ
661AP34-SG,193894145,SDL AP 6.61% 2034,,757399,NSE,EQ
663GA35-SG,193894401,SDL GA 6.63% 2035,,757400,NSE,EQ
182D041225-TB,193894913,GOI TBILL 182D-04/12/25,,757402,NSE,EQ
364D040626-TB,193895169,GOI TBILL 364D-04/06/26,,757403,NSE,EQ
857CIFL32-N0,193895425,,,757404,NSE,EQ
LLOYDSENPP-E1,193895937,LLOYD RS.0.50 PPD UP,,757406,NSE,EQ
SACHEEROME-SM,193896705,SACHEEROME,,757409,NSE,EQ
1025VCCL28-N0,193897729,,,757413,NSE,EQ
72959ABC28-N0,193898241,,,757415,NSE,EQ
74242ABC30-N0,193898753,,,757417,NSE,EQ
875SCL27A-N1,193899265,,,757419,NSE,EQ
60TN28-SG,193900801,SDL TN 6.0% 2028,,757425,NSE,EQ
642JK31A-SG,193901057,SDL JK 6.42% 2031,,757426,NSE,EQ
665AP33-SG,193901313,SDL AP 6.65% 2033,,757427,NSE,EQ
665AP34-SG,193901569,SDL AP 6.65% 2034,,757428,NSE,EQ
668AP35B-SG,193901825,SDL AP 6.68% 2035,,757429,NSE,EQ
666TN35-SG,193902081,SDL TN 6.66% 2035,,757430,NSE,EQ
MOPSE,193902337,MOTILALAMC - MOPSE,,757431,NSE,EQ
705AP39-SG,193903105,SDL AP 7.05% 2039,,757434,NSE,EQ
703HR39-SG,193903361,SDL HR 7.03% 2039,,757435,NSE,EQ
708MZ39-SG,193903617,SDL MZ 7.08% 2039,,757436,NSE,EQ
708AP40A-SG,193903873,SDL AP 7.08% 2040,,757437,NSE,EQ
709PY40-SG,193904129,SDL PY 7.09% 2040,,757438,NSE,EQ
713PN50-SG,193904385,SDL PN 7.13% 2050,,757439,NSE,EQ
71TS55-SG,193904641,SDL TS 7.1% 2055,,757440,NSE,EQ
708TS56-SG,193904897,SDL TS 7.08% 2056,,757441,NSE,EQ
708TS57-SG,193905153,SDL TS 7.08% 2057,,757442,NSE,EQ
MOTOUR,193905409,MOTILALAMC - MOTOUR,,757443,NSE,EQ
182D111225-TB,193906433,GOI TBILL 182D-11/12/25,,757447,NSE,EQ
364D110626-TB,193906689,GOI TBILL 364D-11/06/26,,757448,NSE,EQ
627PFCL27-N0,193906945,,,757449,NSE,EQ
659PFCL30-N0,193907457,,,757451,NSE,EQ
778ABSL35-N0,193907969,,,757453,NSE,EQ
SNXT30BEES,139370244,NIPPON INDIA MUTUAL FUND,544415,757455,BSE,EQ
9SCL27-N2,193909249,,,757458,NSE,EQ
842SCL27-N3,193909505,,,757459,NSE,EQ
865SCL27-N4,193909761,,,757460,NSE,EQ
SCL1825-N5,193910017,,,757461,NSE,EQ
SCL01825-N6,193910273,,,757462,NSE,EQ
9SCL28-N7,193910529,,,757463,NSE,EQ
925SCL2028-N8,193910785,,,757464,NSE,EQ
865SCL28-N9,193911041,,,757465,NSE,EQ
888SCL28-NA,193911297,,,757466,NSE,EQ
SCL010825-NB,193911553,,,757467,NSE,EQ
SCL0182025-NC,193911809,,,757468,NSE,EQ
965SCL30-ND,193912065,,,757469,NSE,EQ
902SCL30-NE,193912321,,,757470,NSE,EQ
925SCL30-NF,193912577,,,757471,NSE,EQ
902SCL2030-NG,193912833,,,757472,NSE,EQ
925SCL30A-NH,193913089,,,757473,NSE,EQ
960SCL32-NI,193913345,,,757474,NSE,EQ
985SCL32-NJ,193913601,,,757475,NSE,EQ
920SCL32-NK,193913857,,,757476,NSE,EQ
945SCL32-NL,193914113,,,757477,NSE,EQ
SCODATUBES,139369220,SCODA TUBES ,544411,757478,BSE,EQ
667NBFID30-N0,193915649,,,757483,NSE,EQ
842HFL27-N0,193916161,,,757485,NSE,EQ
910HFL35-N0,193916673,,,757487,NSE,EQ
NRVANDANA-SM,193917185,N R VANDANA TEX IND,,757489,NSE,EQ
NEPTUNE-SM,193918209,NEPTUNE PETROCHEMICALS L,,757493,NSE,EQ
995SCL2035-NM,193919233,,,757497,NSE,EQ
930SCL35-NN,193919489,,,757498,NSE,EQ
955SCL35-NO,193919745,,,757499,NSE,EQ
SAHAJ-SZ,193923073,SAHAJ FASHIONS,,757512,NSE,EQ
805MFL27-N0,193923329,,,757513,NSE,EQ
DIGITIDE,139369732,DIGITIDE SOLUTIONS ,544413,757515,BSE,EQ
BLUSPRING,139369988,BLUSPRING ENTERPRISES ,544414,757520,BSE,EQ
GANGABATH-SM,193926401,GANGA BATH FITTINGS,,757525,NSE,EQ
ABHF26625-N0,193927425,,,757529,NSE,EQ
730SICC28-N0,193927937,,,757531,NSE,EQ
TRAVELFOOD,139377412,TRAVEL FOOD SERVICES,544443,757545,BSE,EQ
682TN36-SG,193931777,SDL TN 6.82% 2036,,757546,NSE,EQ
698MH37-SG,193932033,SDL MH 6.98% 2037,,757547,NSE,EQ
703MH38-SG,193932289,SDL MH 7.03% 2038,,757548,NSE,EQ
705HR38-SG,193932545,SDL HR 7.05% 2038,,757549,NSE,EQ
708MH39-SG,193932801,SDL MH 7.08% 2039,,757550,NSE,EQ
704HR40-SG,193933057,SDL HR 7.04% 2040,,757551,NSE,EQ
704MH40-SG,193933313,SDL MH 7.04% 2040,,757552,NSE,EQ
709RJ43-SG,193933569,SDL RJ 7.09% 2043,,757553,NSE,EQ
708JK46A-SG,193933825,SDL JK 7.08% 2046,,757554,NSE,EQ
71WB50-SG,193934081,SDL WB 7.1% 2050,,757555,NSE,EQ
71WB51-SG,193934337,SDL WB 7.1% 2051,,757556,NSE,EQ
709KL52-SG,193934593,SDL KL 7.09% 2052,,757557,NSE,EQ
709TN55-SG,193934849,SDL TN 7.09% 2055,,757558,NSE,EQ
61GJ28-SG,193935105,SDL GJ 6.1% 2028,,757559,NSE,EQ
673RJ35-SG,193935361,SDL RJ 6.73% 2035,,757560,NSE,EQ
674UK35A-SG,193935617,SDL UK 6.74% 2035,,757561,NSE,EQ
182D251225-TB,193936129,GOI TBILL 182D-25/12/25,,757563,NSE,EQ
364D250626-TB,193936385,GOI TBILL 364D-25/06/26,,757564,NSE,EQ
717SHFL30-N0,193936641,,,757565,NSE,EQ
730NIIF28-N0,193937153,,,757567,NSE,EQ
743NIIF30-N0,193937665,,,757569,NSE,EQ
925IIFL32-N0,193938177,,,757571,NSE,EQ
930IIFL35-N0,193938689,,,757573,NSE,EQ
706RECL35-N0,193939201,,,757575,NSE,EQ
660RECL27-N0,193939713,,,757577,NSE,EQ
AAKAAR-SM,193940225,AAKAAR MEDICAL TECHNO,,757579,NSE,EQ
SAFEENTP-SM,193941249,SAFE ENTER RETAIL FIX,,757583,NSE,EQ
MAYASHEEL-ST,193943041,MAYASHEEL VENTURES,,757590,NSE,EQ
730SICC28A-N0,193944321,,,757595,NSE,EQ
INFLUX-ST,193946881,INFLUX HEALTHTECH,,757605,NSE,EQ
950SCL30-N0,193947137,,,757606,NSE,EQ
975SCL35-N0,193947649,,,757608,NSE,EQ
945SCL28-N0,193948161,,,757610,NSE,EQ
945SCL29-N0,193948673,,,757612,NSE,EQ
ARISINFRA,139371268,ARISINFRA SOLUTIONS ,544419,757614,BSE,EQ
SMARTEN-SM,193950465,SMARTEN POWER SYSTEMS,,757619,NSE,EQ
688BR35-SG,193952513,SDL BR 6.88% 2035,,757627,NSE,EQ
714JK40-SG,193952769,SDL JK 7.14% 2040,,757628,NSE,EQ
778AIFL30-N0,193955585,,,757639,NSE,EQ
IWARE-ST,193956865,IWARE SUPPLYCHAIN SER,,757644,NSE,EQ
ATHERENERG,139365636,ATHER ENERGY ,544397,757645,BSE,EQ
714MZ40-SG,193958401,SDL MZ 7.14% 2040,,757650,NSE,EQ
712HR41-SG,193958657,SDL HR 7.12% 2041,,757651,NSE,EQ
714MP41-SG,193958913,SDL MP 7.14% 2041,,757652,NSE,EQ
715MP43A-SG,193959169,SDL MP 7.15% 2043,,757653,NSE,EQ
714MH45-SG,193959425,SDL MH 7.14% 2045,,757654,NSE,EQ
714MH46-SG,193959681,SDL MH 7.14% 2046,,757655,NSE,EQ
713TS55-SG,193959937,SDL TS 7.13% 2055,,757656,NSE,EQ
FISCHER,134334212,FISCHER MEDICAL VENTURES LIMIT,524743,757658,BSE,EQ
880IIFL26-N0,193961729,,,757663,NSE,EQ
WHITEFORCE-SM,193962241,HAPPY SQUARE OUTSOURC S L,,757665,NSE,EQ
MOALPHA50,193963265,MOTILALAMC - MOALPHA50,,757669,NSE,EQ
182D080126-TB,193964033,GOI TBILL 182D-08/01/26,,757672,NSE,EQ
364D090726-TB,193964289,GOI TBILL 364D-09/07/26,,757673,NSE,EQ
820KSFP36-N0,193964545,,,757674,NSE,EQ
SILKY-SM,193965825,SILKY OVERSEAS,,757679,NSE,EQ
PUSHPA-SM,193966849,PUSHPA JEWELLERS,,757683,NSE,EQ
CEDAAR-SM,193967873,CEDAAR TEXTILE,,757687,NSE,EQ
74342PHF30-N0,193971713,,,757702,NSE,EQ
SAVY-SM,193972225,SAVY INFRA AND LOGI,,757704,NSE,EQ
950ISF27C-N0,193973249,,,757708,NSE,EQ
701BR37-SG,193974017,SDL BR 7.01% 2037,,757711,NSE,EQ
71MN40-SG,193974273,SDL MN 7.1% 2040,,757712,NSE,EQ
711WB44-SG,193974529,SDL WB 7.11% 2044,,757713,NSE,EQ
71KL45-SG,193974785,SDL KL 7.1% 2045,,757714,NSE,EQ
707TN55-SG,193975041,SDL TN 7.07% 2055,,757715,NSE,EQ
182D220126-TB,193975553,GOI TBILL 182D-22/01/26,,757717,NSE,EQ
364D230726-TB,193975809,GOI TBILL 364D-23/07/26,,757718,NSE,EQ
115VCCL27-N0,193976065,,,757719,NSE,EQ
12VCCL29C-N0,193976577,,,757721,NSE,EQ
760ABCL35-N0,193977089,,,757723,NSE,EQ
LIQGRWBEES,193977601,NIPPONAMC - LIQGRWBEES,,757725,NSE,EQ
614TN28-SG,193978369,SDL TN 6.14% 2028,,757728,NSE,EQ
649OR30-SG,193978625,SDL OR 6.49% 2030,,757729,NSE,EQ
676AS32-SG,193978881,SDL AS 6.76% 2032,,757730,NSE,EQ
670GJ33-SG,193979137,SDL GJ 6.70% 2033,,757731,NSE,EQ
680AP35-SG,193979393,SDL AP 6.80% 2035,,757732,NSE,EQ
686AS35-SG,193979649,SDL AS 6.86% 2035,,757733,NSE,EQ
680RJ35-SG,193979905,SDL RJ 6.80% 2035,,757734,NSE,EQ
680TN35-SG,193980161,SDL TN 6.80% 2035,,757735,NSE,EQ
700AP37-SG,193980417,SDL AP 7.00% 2037,,757736,NSE,EQ
715MH45-SG,193980673,SDL MH 7.15% 2045,,757737,NSE,EQ
715MH46-SG,193980929,SDL MH 7.15% 2046,,757738,NSE,EQ
715MH47-SG,193981185,SDL MH 7.15% 2047,,757739,NSE,EQ
714TS49-SG,193981441,SDL TS 7.14% 2049,,757740,NSE,EQ
715HP50-SG,193981697,SDL HP 7.15% 2050,,757741,NSE,EQ
715WB52-SG,193981953,SDL WB 7.15% 2052,,757742,NSE,EQ
714TS55-SG,193982209,SDL TS 7.14% 2055,,757743,NSE,EQ
713KL58-SG,193982465,SDL KL 7.13% 2058,,757744,NSE,EQ
182D010126-TB,193982977,GOI TBILL 182D-01/01/26,,757746,NSE,EQ
364D020726-TB,193983233,GOI TBILL 364D-02/07/26,,757747,NSE,EQ
694RJ35-SG,193983489,SDL RJ 6.94% 2035,,757748,NSE,EQ
697UK35-SG,193983745,SDL UK 6.97% 2035,,757749,NSE,EQ
706RJ38-SG,193984001,SDL RJ 7.06% 2038,,757750,NSE,EQ
706HR39-SG,193984257,SDL HR 7.06% 2039,,757751,NSE,EQ
715HR40-SG,193984513,SDL HR 7.15% 2040,,757752,NSE,EQ
591GS2028-GS,193984769,GOI LOAN  5.91% 2028,,757753,NSE,EQ
PICCADIL,135758084,PICCADILY AGRO INDUSTRIES,530305,757754,BSE,EQ
750TCSL28-N0,193986305,,,757759,NSE,EQ
749RCFL28-N0,193986817,,,757761,NSE,EQ
SUNTECH-SM,193987329,SUNTECH INFRA SOLUTIONS L,,757763,NSE,EQ
SAMBHV,139374084,SAMBHV STEEL TUBES,544430,757767,BSE,EQ
HDBFS,139373828,HDB FINANCIAL SERVICES,544429,757772,BSE,EQ
RTL-SM,193990913,RAMA TELECOM,,757777,NSE,EQ
TOP15IETF,139373316,ICICI PRUDENTIAL MUTUAL FUND,544427,757781,BSE,EQ
719PN40-SG,193992705,SDL PN 7.19% 2040,,757784,NSE,EQ
723MP42-SG,193992961,SDL MP 7.23% 2042,,757785,NSE,EQ
MOGOLD,193994497,MOTILALAMC - MOGOLD,,757791,NSE,EQ
BRIGHOTEL,139380996,BRIGADE HOTEL VENTURES ,544457,757794,BSE,EQ
IGCL,139374596,INDOGULF CROPSCIENCES ,544432,757801,BSE,EQ
PROFX-SM,193998337,PRO FX TECH,,757806,NSE,EQ
MMEL-SM,193999361,MOVING MEDIA ENTER,,757810,NSE,EQ
GROWWNET,194000385,GROWWAMC - GROWWNET,,757814,NSE,EQ
MOMIDMTM,194001153,MOTILALAMC - MOMIDMTM,,757817,NSE,EQ
712LTFL28-N0,194003969,,,757828,NSE,EQ
728HP47-SG,194004481,SDL HP 7.28% 2047,,757830,NSE,EQ
716OR50-SG,194004737,SDL OR 7.16% 2050,,757831,NSE,EQ
717KL51-SG,194004993,SDL KL 7.17% 2051,,757832,NSE,EQ
715RJ53-SG,194005249,SDL RJ 7.15% 2053,,757833,NSE,EQ
RMDRIP,139380740,R M DRIP AND SPRINKLERS SYSTEM,544456,757834,BSE,EQ
9PFL27-N0,194006785,,,757839,NSE,EQ
91PFL30-N0,194007297,,,757841,NSE,EQ
745TIL35-N0,194007553,,,757842,NSE,EQ
INDIQUBE,139380228,INDIQUBE SPACES,544454,757845,BSE,EQ
668GS2040-GS,194008833,GOI LOAN  6.68% 2040,,757847,NSE,EQ
985CCSP27-N0,194009089,,,757848,NSE,EQ
CRIZAC,139376388,CRIZAC,544439,757850,BSE,EQ
TSC-SM,194011649,TSC INDIA,,757858,NSE,EQ
EBGNG,139380484,GNG ELECTRONICS ,544455,757862,BSE,EQ
SPUNWEB-SM,194013441,SPUNWEB NONWOVEN,,757865,NSE,EQ
895AEL27-N9,194014465,,,757869,NSE,EQ
AEL17725-NA,194014721,,,757870,NSE,EQ
885AEL28-NB,194014977,,,757871,NSE,EQ
915AEL28-NC,194015233,,,757872,NSE,EQ
AEL170725-ND,194015489,,,757873,NSE,EQ
9AEL30-NE,194015745,,,757874,NSE,EQ
930AEL30-NF,194016001,,,757875,NSE,EQ
AEL170725A-NG,194016257,,,757876,NSE,EQ
ANTHEM,139378948,ANTHEM BIOSCIENCES ,544449,757885,BSE,EQ
975ISF28-N0,194019841,,,757890,NSE,EQ
111ESFB31-N0,194020353,,,757892,NSE,EQ
715SHFL28-N0,194021377,,,757896,NSE,EQ
719JCL28-N0,194021889,,,757898,NSE,EQ
718SFL28-N0,194022401,,,757900,NSE,EQ
INTEGRITY-SM,194022913,INTEGRITY INFRABUILD DE L,,757902,NSE,EQ
182D150126-TB,194024449,GOI TBILL 182D-15/01/26,,757908,NSE,EQ
364D160726-TB,194024705,GOI TBILL 364D-16/07/26,,757909,NSE,EQ
680GJ34-SG,194024961,SDL GJ 6.80% 2034,,757910,NSE,EQ
690BR35-SG,194025217,SDL BR 6.90% 2035,,757911,NSE,EQ
689GA35-SG,194025473,SDL GA 6.89% 2035,,757912,NSE,EQ
682TN35-SG,194025729,SDL TN 6.82% 2035,,757913,NSE,EQ
719PN49-SG,194025985,SDL PN 7.19% 2049,,757914,NSE,EQ
681RL36-N0,194026241,,,757915,NSE,EQ
652RL28-N0,194026753,,,757917,NSE,EQ
BORANA,139367428,BORANA WEAVES,544404,757919,BSE,EQ
709TS63-SG,194028545,SDL TS 7.09% 2063,,757924,NSE,EQ
698OR37-SG,194028801,SDL OR 6.98% 2037,,757925,NSE,EQ
707WB37-SG,194029057,SDL WB 7.07% 2037,,757926,NSE,EQ
718JK45A-SG,194029313,SDL JK 7.18% 2045,,757927,NSE,EQ
712MH47-SG,194029569,SDL MH 7.12% 2047,,757928,NSE,EQ
715MH49-SG,194029825,SDL MH 7.15% 2049,,757929,NSE,EQ
716MH50-SG,194030081,SDL MH 7.16% 2050,,757930,NSE,EQ
613OR28-SG,194030337,SDL OR 6.13% 2028,,757931,NSE,EQ
686UP33-SG,194030593,SDL UP 6.86% 2033,,757932,NSE,EQ
687AP33-SG,194030849,SDL AP 6.87% 2033,,757933,NSE,EQ
688AP34A-SG,194031105,SDL AP 6.88% 2034,,757934,NSE,EQ
713MH48-SG,194031361,SDL MH 7.13% 2048,,757935,NSE,EQ
710TS57-SG,194031617,SDL TS 7.10% 2057,,757936,NSE,EQ
709TS60A-SG,194031873,SDL TS 7.09% 2060,,757937,NSE,EQ
BELLACASA,138086148,BELLA CASA FASHION & RETAIL LI,539399,757938,BSE,EQ
INFIBPP-E1,194033409,INFIBEAM RE.0.5 PPD UP,,757943,NSE,EQ
QUALITY30,194034177,KOTAKMAMC - QUALITY30,,757946,NSE,EQ
EUROBOND,139382020,EURO PANEL PRODUCTS ,544461,757953,BSE,EQ
PASHUPATI,139378692,PASHUPATI COTSPIN ,544448,757955,BSE,EQ
SMARTWORKS,139378436,SMARTWORKS COWORKING SPACES LI,544447,757965,BSE,EQ
712LTFL27-N0,194040321,,,757970,NSE,EQ
91D301025-TB,194041601,GOI TBILL 91D-30/10/25,,757975,NSE,EQ
182D290126-TB,194041857,GOI TBILL 182D-29/01/26,,757976,NSE,EQ
364D300726-TB,194042113,GOI TBILL 364D-30/07/26,,757977,NSE,EQ
75GFL30-N0,194042369,,,757978,NSE,EQ
75GFL28-N0,194042881,,,757980,NSE,EQ
SELLOWRAP-SM,194043393,SELLOWRAP INDUSTRIES,,757982,NSE,EQ
601GS2030-GS,194043649,GOI LOAN  6.01% 2030,,757983,NSE,EQ
CHEMBONDCH,139379204,CHEMBOND CHEMICALS ,544450,757989,BSE,EQ
628GS2032-GS,194046465,GOI LOAN  6.28% 2032,,757994,NSE,EQ
71ABHFL27-N0,194046721,,,757995,NSE,EQ
814KSFP36-N0,194047233,,,757997,NSE,EQ
SHANTIGOLD,139381508,SHANTI GOLD INTERNATIONAL LIMI,544459,758002,BSE,EQ
768GSGL28-N0,194049793,,,758007,NSE,EQ
768GSGL28A-N0,194050305,,,758009,NSE,EQ
768GSGL28B-N0,194050817,,,758011,NSE,EQ
768GSGL28C-N0,194051329,,,758013,NSE,EQ
JSLL,139385860,JEENA SIKHO LIFECARE ,544476,758115,BSE,EQ
PERFECT-SZ,194078977,PERFECT INFRAENGINEER,,758121,NSE,EQ
724MP45-SG,194079233,SDL MP 7.24% 2045,,758122,NSE,EQ
721TS47-SG,194079489,SDL TS 7.21% 2047,,758123,NSE,EQ
CUDML-SM,194081025,CASH UR DRIVE MARKETING L,,758129,NSE,EQ
GVPTECHPP-E1,194082817,GVPTECH RE.1 PPD UP,,758136,NSE,EQ
920SCL28-N0,194083585,,,758139,NSE,EQ
758ABHFL35-N0,194084097,,,758141,NSE,EQ
712SHFL30-N0,194084609,,,758143,NSE,EQ
LOTUSDEV,139384068,SRI LOTUS DEVELOPERS AND REALT,544469,758145,BSE,EQ
MBEL,139384324,M & B ENGINEERING,544470,758150,BSE,EQ
RNPL-SM,194088193,RENOL POLYCHEM,,758157,NSE,EQ
714SDIL32-N0,194089217,,,758161,NSE,EQ
8IHFL27-N0,194089729,,,758163,NSE,EQ
GROWWPOWER,139385092,GROWW MUTUAL FUND,544473,758165,BSE,EQ
658IRFC30-N0,194090753,,,758167,NSE,EQ
647IRFC28-N0,194091265,,,758169,NSE,EQ
724CANF28-N0,194091777,,,758171,NSE,EQ
PROSTARM,139368964,PROSTARM INFO SYSTEMS,544410,758173,BSE,EQ
NIKITA-ST,194094337,NIKITA PAPERS,,758181,NSE,EQ
BLUEWATER-SM,194094593,BLUE WATER LOGISTICS,,758182,NSE,EQ
722MP48-SG,194095873,SDL MP 7.22% 2048,,758187,NSE,EQ
696AP34-SG,194096129,SDL AP 6.96% 2034,,758188,NSE,EQ
702AS35-SG,194096385,SDL AS 7.02% 2035,,758189,NSE,EQ
722BR40A-SG,194096641,SDL BR 7.22% 2040,,758190,NSE,EQ
726MZ40-SG,194096897,SDL MZ 7.26% 2040,,758191,NSE,EQ
724KL41-SG,194097153,SDL KL 7.24% 2041,,758192,NSE,EQ
722MP43-SG,194097409,SDL MP 7.22% 2043,,758193,NSE,EQ
719TS44-SG,194097665,SDL TS 7.19% 2044,,758194,NSE,EQ
721TS48-SG,194097921,SDL TS 7.21% 2048,,758195,NSE,EQ
719TS49-SG,194098177,SDL TS 7.19% 2049,,758196,NSE,EQ
717RJ52-SG,194098433,SDL RJ 7.17% 2052,,758197,NSE,EQ
717MH54-SG,194098689,SDL MH 7.17% 2054,,758198,NSE,EQ
716MH55-SG,194098945,SDL MH 7.16% 2055,,758199,NSE,EQ
627TN29-SG,194099201,SDL TN 6.27% 2029,,758200,NSE,EQ
677AP31-SG,194099457,SDL AP 6.77% 2031,,758201,NSE,EQ
684JK31A-SG,194099713,SDL JK 6.84% 2031,,758202,NSE,EQ
696AP33-SG,194099969,SDL AP 6.96% 2033,,758203,NSE,EQ
700ML35-SG,194100225,SDL ML 7.00% 2035,,758204,NSE,EQ
91D061125-TB,194100481,GOI TBILL 91D-06/11/25,,758205,NSE,EQ
182D050226-TB,194100737,GOI TBILL 182D-05/02/26,,758206,NSE,EQ
364D060826-TB,194100993,GOI TBILL 364D-06/08/26,,758207,NSE,EQ
FLYSBS-ST,194102017,FLYSBS AVIATION,,758211,NSE,EQ
799HFL27-N0,194102273,,,758212,NSE,EQ
AARADHYA-ST,194103297,AARADHYA DISPOSAL INDUS L,,758216,NSE,EQ
PARTH-ST,194104321,PARTH ELEC & ENG,,758220,NSE,EQ
JYOTIGLOBL-SM,194104577,JYOTI GLOBAL PLAST,,758221,NSE,EQ
BHADORA-SM,194105601,BHADORA INDUSTRIES,,758225,NSE,EQ
995ISF35-N0,194122241,,,758290,NSE,EQ
725SIHF28-N0,194122753,,,758292,NSE,EQ
637RECL27-N0,194123265,,,758294,NSE,EQ
670RECL29-N0,194123777,,,758296,NSE,EQ
723LTFL28-N0,194124289,,,758298,NSE,EQ
GROWWLOVOL,194124801,GROWWAMC - GROWWLOVOL,,758300,NSE,EQ
JAINIK-ST,194126337,JAINIK POWER CABLES,,758306,NSE,EQ
635LT28-N0,194134017,,,758336,NSE,EQ
12VCCL27D-N0,194134529,,,758338,NSE,EQ
116VCCL26A-N0,194135041,,,758340,NSE,EQ
118VCCL27-N0,194135553,,,758342,NSE,EQ
950ISF27B-N0,194136065,,,758344,NSE,EQ
EEPL-SM,194136577,EPPELTONE ENGINEERS,,758346,NSE,EQ
712GA36-SG,194152449,SDL GA 7.12% 2036,,758408,NSE,EQ
735JK40-SG,194152705,SDL JK 7.35% 2040,,758409,NSE,EQ
743BR55-SG,194152961,SDL BR 7.43% 2055,,758410,NSE,EQ
733TS60-SG,194153217,SDL TS 7.33% 2060,,758411,NSE,EQ
91D131125-TB,194153473,GOI TBILL 91D-13/11/25,,758412,NSE,EQ
182D120226-TB,194153729,GOI TBILL 182D-12/02/26,,758413,NSE,EQ
364D130826-TB,194153985,GOI TBILL 364D-13/08/26,,758414,NSE,EQ
SSFLPP-E1,194155521,SPANDANA RS.5 PPD UP,,758420,NSE,EQ
MEDISTEP-SM,194156289,MEDISTEP HEALTHCARE,,758423,NSE,EQ
AMCL-ST,194158081,ANB METAL CAST,,758430,NSE,EQ
KRT-RR,194158337,KNOWLEDGE REALTY TRUST,,758431,NSE,EQ
640NHPCL27-N0,194160641,,,758440,NSE,EQ
AAFS29C-N0,194161153,,,758442,NSE,EQ
SAWALIYA-SM,194161665,SAWALIYA FOOD PRODUCTS L,,758444,NSE,EQ
ALLTIME,139386628,ALL TIME PLASTICS,544479,758448,BSE,EQ
CONNPLEX-SM,194163969,CONNPLEX CINEMAS,,758453,NSE,EQ
MOSILVER,194164993,MOTILALAMC - MOSILVER,,758457,NSE,EQ
JSWCEMENT,139386884,JSW CEMENT,544480,758460,BSE,EQ
698PGCIL35-N0,194174465,,,758494,NSE,EQ
SBILIQETF,139386372,,544478,758496,BSE,EQ
STUDIOLSD-SM,194182913,STUDIO LSD,,758527,NSE,EQ
116VCCL27-N0,194183937,,,758531,NSE,EQ
118VCCL27A-N0,194184449,,,758533,NSE,EQ
RAYMONDREL,139371524,RAYMOND REALTY ,544420,758551,BSE,EQ
LTFL28-N0,194190337,,,758556,NSE,EQ
KALPATARU,139372292,KALPATARU ,544423,758558,BSE,EQ
ELLEN,139371780,ELLENBARRIE INDUSTRIAL GASES L,544421,758563,BSE,EQ
SHKSIL-SM,194193409,SHRI HARE-KRI SPO IRON L,,758568,NSE,EQ
GLOBECIVIL,139372548,GLOBE CIVIL PROJECTS,544424,758572,BSE,EQ
695OR31-SG,194195969,SDL OR 6.95% 2031,,758578,NSE,EQ
702GJ33A-SG,194196225,SDL GJ 7.02% 2033,,758579,NSE,EQ
748BR39-SG,194196481,SDL BR 7.48% 2039,,758580,NSE,EQ
745WB44A-SG,194196737,SDL WB 7.45% 2044,,758581,NSE,EQ
744TN55-SG,194196993,SDL TN 7.44% 2055,,758582,NSE,EQ
712UP33-SG,194197249,SDL UP 7.12% 2033,,758583,NSE,EQ
709TN35A-SG,194197505,SDL TN 7.09% 2035,,758584,NSE,EQ
717GA35A-SG,194197761,SDL GA 7.17% 2035,,758585,NSE,EQ
749KL56-SG,194198017,SDL KL 7.49% 2056,,758586,NSE,EQ
91D201125-TB,194198273,GOI TBILL 91D-20/11/25,,758587,NSE,EQ
182D190226-TB,194198529,GOI TBILL 182D-19/02/26,,758588,NSE,EQ
364D200826-TB,194198785,GOI TBILL 364D-20/08/26,,758589,NSE,EQ
ETL-SM,194199297,EMKAY TOOLS,,758591,NSE,EQ
INTERNET,139376132,MIRAE ASSET MUTUAL FUND,544438,758595,BSE,EQ
TVSINVIT-IV,194201089,TVS INFRASTRUCTURE TRUST,,758598,NSE,EQ
AAFS29B-N0,194203649,,,758608,NSE,EQ
666NBRD28-N0,194212353,,,758642,NSE,EQ
666SIDBI28-N0,194212865,,,758644,NSE,EQ
790TIL28-N0,194214401,,,758650,NSE,EQ
796TIL29-N0,194214913,,,758652,NSE,EQ
803TIL30-N0,194215425,,,758654,NSE,EQ
754TS51-SG,194217985,SDL TS 7.54% 2051,,758664,NSE,EQ
754RJ53-SG,194218241,SDL RJ 7.54% 2053,,758665,NSE,EQ
754TS53-SG,194218497,SDL TS 7.54% 2053,,758666,NSE,EQ
MANUFGBEES,139390212,NIPPON INDIA MUTUAL FUND,544493,758667,BSE,EQ
ARCIIL-SM,194219521,ARC INSULATION & INSU,,758670,NSE,EQ
724GS2055-GS,194220545,GOI LOAN  7.24% 2055,,758674,NSE,EQ
EFCIL,131074052,EFC (I),512008,758675,BSE,EQ
REGAAL,139388164,REGAAL RESOURCES,544485,758680,BSE,EQ
MRIL-SM,194223361,MAHENDRA REALTO & INFRA L,,758685,NSE,EQ
773AIFL30-N0,194224385,,,758689,NSE,EQ
76377AIF29-N0,194224897,,,758691,NSE,EQ
850TIAP28B-N0,194225409,,,758693,NSE,EQ
813AIFL32-N0,194225921,,,758695,NSE,EQ
GROWWNIFTY,194226433,GROWWAMC - GROWWNIFTY,,758697,NSE,EQ
ARFIN-BE,194227969,ARFIN INDIA,,758703,NSE,EQ
LTGILTCASE,139388420,,544486,758705,BSE,EQ
975ISF35-N0,194229249,,,758708,NSE,EQ
754TS55-SG,194229761,SDL TS 7.54% 2055,,758710,NSE,EQ
684TN29-SG,194230017,SDL TN 6.84% 2029,,758711,NSE,EQ
70TN31A-SG,194230273,SDL TN 7.0% 2031,,758712,NSE,EQ
713AS31-SG,194230529,SDL AS 7.13% 2031,,758713,NSE,EQ
725OR33-SG,194230785,SDL OR 7.25% 2033,,758714,NSE,EQ
752KL33-SG,194231041,SDL KL 7.52% 2033,,758715,NSE,EQ
725GJ34-SG,194231297,SDL GJ 7.25% 2034,,758716,NSE,EQ
727HP35-SG,194231553,SDL HP 7.27% 2035,,758717,NSE,EQ
749RJ35-SG,194231809,SDL RJ 7.49% 2035,,758718,NSE,EQ
74GA37-SG,194232065,SDL GA 7.4% 2037,,758719,NSE,EQ
752HR39-SG,194232321,SDL HR 7.52% 2039,,758720,NSE,EQ
756HP40-SG,194232577,SDL HP 7.56% 2040,,758721,NSE,EQ
782JK42-SG,194232833,SDL JK 7.82% 2042,,758722,NSE,EQ
757RJ43-SG,194233089,SDL RJ 7.57% 2043,,758723,NSE,EQ
757MP43-SG,194233345,SDL MP 7.57% 2043,,758724,NSE,EQ
757MP45-SG,194233601,SDL MP 7.57% 2045,,758725,NSE,EQ
777WB46-SG,194233857,SDL WB 7.77% 2046,,758726,NSE,EQ
775WB47-SG,194234113,SDL WB 7.75% 2047,,758727,NSE,EQ
758KL50-SG,194234369,SDL KL 7.58% 2050,,758728,NSE,EQ
91D281125-TB,194234625,GOI TBILL 91D-28/11/25,,758729,NSE,EQ
182D270226-TB,194234881,GOI TBILL 182D-27/02/26,,758730,NSE,EQ
364D280826-TB,194235137,GOI TBILL 364D-28/08/26,,758731,NSE,EQ
1025PATE28-N0,194235393,,,758732,NSE,EQ
738TFSIL28-N0,194235905,,,758734,NSE,EQ
CLASSICEIL-SM,194236417,CLASSIC ELECTRODE (IND) L,,758736,NSE,EQ
ANONDITA-ST,194238209,ANONDITA MEDICARE,,758743,NSE,EQ
SHIVASHRIT-SM,194238465,SHIVASHRIT FOODS,,758744,NSE,EQ
MEIL,139389956,MANGAL ELECTRICAL INDUSTRIES L,544492,758748,BSE,EQ
72MH36-SG,194256641,SDL MH 7.2% 2036,,758815,NSE,EQ
714TN35-SG,194256897,SDL TN 7.14% 2035,,758816,NSE,EQ
734CG40-SG,194257153,SDL CG 7.34% 2040,,758817,NSE,EQ
715UP35-SG,194257409,SDL UP 7.15% 2035,,758818,NSE,EQ
73RJ51-SG,194257665,SDL RJ 7.3% 2051,,758819,NSE,EQ
723RJ35-SG,194257921,SDL RJ 7.23% 2035,,758820,NSE,EQ
CYBERPP-X1,194258433,CYBERMEDIA RS.5 PPD UP,,758822,NSE,EQ
880MOF27-N0,194258945,,,758824,NSE,EQ
LLOYDPP-E1,194259457,LLOYD RE.0.50 PPD UP,,758826,NSE,EQ
705SFL27-N0,194260225,,,758829,NSE,EQ
699TN32-SG,194260737,SDL TN 6.99% 2032,,758831,NSE,EQ
729MH50-SG,194260993,SDL MH 7.29% 2050,,758832,NSE,EQ
91D230126-TB,194261249,GOI TBILL 91D-23/01/26,,758833,NSE,EQ
182D240426-TB,194261505,GOI TBILL 182D-24/04/26,,758834,NSE,EQ
364D231026-TB,194261761,GOI TBILL 364D-23/10/26,,758835,NSE,EQ
SIMBHALS-BZ,194262017,SIMBHAOLI SUGARS,,758836,NSE,EQ
DELPH-RE-BE,194262273,ELPHI WORLD MONEY,,758837,NSE,EQ
GENSOL-BZ,194263553,GENSOL ENGINEERING,,758842,NSE,EQ
674MH29-SG,194263809,SDL MH 6.74% 2029,,758843,NSE,EQ
702BR30A-SG,194264065,SDL BR 7.02% 2030,,758844,NSE,EQ
718MH33-SG,194264321,SDL MH 7.18% 2033,,758845,NSE,EQ
724MH34-SG,194264577,SDL MH 7.24% 2034,,758846,NSE,EQ
745BR34-SG,194264833,SDL BR 7.45% 2034,,758847,NSE,EQ
752BR36-SG,194265089,SDL BR 7.52% 2036,,758848,NSE,EQ
748GA36-SG,194265345,SDL GA 7.48% 2036,,758849,NSE,EQ
747HR40-SG,194265601,SDL HR 7.47% 2040,,758850,NSE,EQ
751HR41-SG,194265857,SDL HR 7.51% 2041,,758851,NSE,EQ
AAFS30-N0,194266113,,,758852,NSE,EQ
SGFIN,138034948,SG FINSERVE,539199,758853,BSE,EQ
CPPLUS,139383300,ADITYA INFOTECH ,544466,758858,BSE,EQ
LAXMIINDIA,139383044,LAXMI INDIA FINANCE,544465,758863,BSE,EQ
KAYTEX-SM,194270209,KAYTEX FABRICS,,758868,NSE,EQ
717SIHF28-N0,194271233,,,758872,NSE,EQ
773AIFL26-N0,194271745,,,758874,NSE,EQ
773AIFL28-N0,194272257,,,758876,NSE,EQ
770AIFL29-N0,194272769,,,758878,NSE,EQ
770AIFL26-N0,194273281,,,758880,NSE,EQ
748MP42-SG,194274049,SDL MP 7.48% 2042,,758883,NSE,EQ
75MP44-SG,194274305,SDL MP 7.5% 2044,,758884,NSE,EQ
751JK45-SG,194274561,SDL JK 7.51% 2045,,758885,NSE,EQ
91D111225-TB,194274817,GOI TBILL 91D-11/12/25,,758886,NSE,EQ
182D120326-TB,194275073,GOI TBILL 182D-12/03/26,,758887,NSE,EQ
364D100926-TB,194275329,GOI TBILL 364D-10/09/26,,758888,NSE,EQ
SGMART,131156228,SG MART,512329,758889,BSE,EQ
VIGOR-SM,194277889,VIGOR PLAST INDIA,,758898,NSE,EQ
OPTIVALUE-SM,194278401,OPTIVALUE TEK CONSULT,,758900,NSE,EQ
AONEGOLD,194279425,AONEAMC - AONEGOLD,,758904,NSE,EQ
AMANTA,139392516,AMANTA HEALTHCARE ,544502,758909,BSE,EQ
774TS55-SG,194283009,SDL TS 7.74% 2055,,758918,NSE,EQ
773RJ55-SG,194283265,SDL RJ 7.73% 2055,,758919,NSE,EQ
772TS57-SG,194283521,SDL TS 7.72% 2057,,758920,NSE,EQ
774KL60-SG,194283777,SDL KL 7.74% 2060,,758921,NSE,EQ
772TS63-SG,194284033,SDL TS 7.72% 2063,,758922,NSE,EQ
627TN27-SG,194284289,SDL TN 6.27% 2027,,758923,NSE,EQ
701GJ31A-SG,194284545,SDL GJ 7.01% 2031,,758924,NSE,EQ
724BR31-SG,194284801,SDL BR 7.24% 2031,,758925,NSE,EQ
773PN32-SG,194285057,SDL PN 7.73% 2032,,758926,NSE,EQ
754BR33-SG,194285313,SDL BR 7.54% 2033,,758927,NSE,EQ
748AP33-SG,194285569,SDL AP 7.48% 2033,,758928,NSE,EQ
748AP34-SG,194285825,SDL AP 7.48% 2034,,758929,NSE,EQ
731TN34-SG,194286081,SDL TN 7.31% 2034,,758930,NSE,EQ
763AS35-SG,194286337,SDL AS 7.63% 2035,,758931,NSE,EQ
769ML35-SG,194286593,SDL ML 7.69% 2035,,758932,NSE,EQ
762AP36-SG,194286849,SDL AP 7.62% 2036,,758933,NSE,EQ
772MN37-SG,194287105,SDL MN 7.72% 2037,,758934,NSE,EQ
763AP37-SG,194287361,SDL AP 7.63% 2037,,758935,NSE,EQ
778KL45-SG,194287617,SDL KL 7.78% 2045,,758936,NSE,EQ
774TS51-SG,194287873,SDL TS 7.74% 2051,,758937,NSE,EQ
91D041225-TB,194288129,GOI TBILL 91D-04/12/25,,758938,NSE,EQ
182D050326-TB,194288385,GOI TBILL 182D-05/03/26,,758939,NSE,EQ
364D030926-TB,194288641,GOI TBILL 364D-03/09/26,,758940,NSE,EQ
CPEDU,139391748,CAREER POINT EDUTECH ,544499,758941,BSE,EQ
SNEHAA-SM,194290177,SNEHAA ORGANICS,,758946,NSE,EQ
745SICCL30-N0,194291201,,,758950,NSE,EQ
ELM250,194291713,EDELAMC - ELM250,,758952,NSE,EQ
SML100CASE,139393796,ZERODHA MUTUAL FUND,544507,758955,BSE,EQ
STLNETWORK,139365124,STL NETWORKS ,544395,758958,BSE,EQ
SATTVAENGG-SM,194293761,SATTVA ENGINEERING CSTN L,,758960,NSE,EQ
CURRENT-SM,194294785,CURRENT INFRAPROJECTS,,758964,NSE,EQ
AHCL-BE,194296065,ANLON HEALTHCARE,,758969,NSE,EQ
VIKRAN,139390980,VIKRAN ENGINEERING ,544496,758973,BSE,EQ
RNBDENIMS,137758468,R&B DENIMS,538119,758981,BSE,EQ
GCSL,139090948,GRETEX CORPORATE SERVICES LIMI,543324,758986,BSE,EQ
765TPREL40-N0,194301697,,,758991,NSE,EQ
ABCL020925-N0,194302209,,,758993,NSE,EQ
1075WCAP28-N0,194302721,,,758995,NSE,EQ
SUPREMEENG-BZ,194303233,SUPREME ENGINEERING,,758997,NSE,EQ
ATLANTAELE,139398916,ATLANTA ELECTRICALS ,544527,759007,BSE,EQ
GANESHCP,139399172,GANESH CONSUMER PRODUCTS LIMIT,544528,759012,BSE,EQ
76RCFL29-N0,194308353,,,759017,NSE,EQ
685NBRD29-N0,194308865,,,759019,NSE,EQ
673PFCL27-N0,194309377,,,759021,NSE,EQ
PRIMECAB-SM,194309889,PRIME CABLE INDUSTRIES L,,759023,NSE,EQ
707GJ32A-SG,194310657,SDL GJ 7.07% 2032,,759026,NSE,EQ
726TN35-SG,194310913,SDL TN 7.26% 2035,,759027,NSE,EQ
732RJ35-SG,194311169,SDL RJ 7.32% 2035,,759028,NSE,EQ
727MH36-SG,194311425,SDL MH 7.27% 2036,,759029,NSE,EQ
742WB36-SG,194311681,SDL WB 7.42% 2036,,759030,NSE,EQ
743MP43-SG,194311937,SDL MP 7.43% 2043,,759031,NSE,EQ
745BR45-SG,194312193,SDL BR 7.45% 2045,,759032,NSE,EQ
744MP46-SG,194312449,SDL MP 7.44% 2046,,759033,NSE,EQ
744TS47-SG,194312705,SDL TS 7.44% 2047,,759034,NSE,EQ
744TS48-SG,194312961,SDL TS 7.44% 2048,,759035,NSE,EQ
744TS49-SG,194313217,SDL TS 7.44% 2049,,759036,NSE,EQ
744KL50-SG,194313473,SDL KL 7.44% 2050,,759037,NSE,EQ
745BR50-SG,194313729,SDL BR 7.45% 2050,,759038,NSE,EQ
744TS51A-SG,194313985,SDL TS 7.44% 2051,,759039,NSE,EQ
91D251225-TB,194314241,GOI TBILL 91D-25/12/25,,759040,NSE,EQ
IVALUE,139397892,IVALUE INFOSOLUTIONS,544523,759041,BSE,EQ
182D260326-TB,194315777,GOI TBILL 182D-26/03/26,,759046,NSE,EQ
364D240926-TB,194316033,GOI TBILL 364D-24/09/26,,759047,NSE,EQ
GKENERGY,139398404,GK ENERGY,544525,759048,BSE,EQ
SIDDHICOTS-SM,194317569,SIDDHI COTSPIN,,759053,NSE,EQ
SAATVIKGL,139398660,SAATVIK GREEN ENERGY ,544526,759057,BSE,EQ
RHETAN,139159044,RHETAN TMT ,543590,759062,BSE,EQ
ABCRESET28-N0,194321153,,,759067,NSE,EQ
752ABCL30-N0,194321665,,,759069,NSE,EQ
734NRL35-N0,194322177,,,759071,NSE,EQ
795AMLIL35-N0,194322689,,,759073,NSE,EQ
DEVX,139395332,DEV ACCELERATOR ,544513,759079,BSE,EQ
URBANCO,139395844,URBAN COMPANY ,544515,759084,BSE,EQ
GML-SM,194326785,GALAXY MEDICARE,,759089,NSE,EQ
SHRINGARMS,139395076,SHRINGAR HOUSE OF MANGALSUTRA,544512,759093,BSE,EQ
12AFIL27A-N0,194329089,,,759098,NSE,EQ
965ISF28-N0,194329601,,,759100,NSE,EQ
677TCL28-N0,194329857,,,759101,NSE,EQ
HILINFRA,139386116,HIGHWAY INFRASTRUCTURE ,544477,759103,BSE,EQ
ABCOTS,139397636,A B COTSPIN INDIA ,544522,759130,BSE,EQ
TECHD-ST,194340097,TECHD CYBERSECURITY,,759141,NSE,EQ
7425NIIF30-N0,194340865,,,759144,NSE,EQ
755TCSL28-N0,194341377,,,759146,NSE,EQ
789GIL30-N0,194341889,,,759148,NSE,EQ
789GIL31-N0,194342401,,,759150,NSE,EQ
VMSTMT,139397380,VMS TMT,544521,759152,BSE,EQ
677OR29-SG,194346241,SDL OR 6.77% 2029,,759165,NSE,EQ
714NL30-SG,194346497,SDL NL 7.14% 2030,,759166,NSE,EQ
705TN31-SG,194346753,SDL TN 7.05% 2031,,759167,NSE,EQ
709PY31-SG,194347009,SDL PY 7.09% 2031,,759168,NSE,EQ
MWL,194347265,MANGALAM WORLDWIDE,,759169,NSE,EQ
787LDL29-N0,194348545,,,759174,NSE,EQ
TIGERLOGS,137283588,TIGER LOGISTICS (INDIA),536264,759176,BSE,EQ
715TN32-SG,194350337,SDL TN 7.15% 2032,,759181,NSE,EQ
719TN33-SG,194350593,SDL TN 7.19% 2033,,759182,NSE,EQ
733JH34-SG,194350849,SDL JH 7.33% 2034,,759183,NSE,EQ
739GA35-SG,194351105,SDL GA 7.39% 2035,,759184,NSE,EQ
741SK35-SG,194351361,SDL SK 7.41% 2035,,759185,NSE,EQ
748MZ36-SG,194351617,SDL MZ 7.48% 2036,,759186,NSE,EQ
748PY36-SG,194351873,SDL PY 7.48% 2036,,759187,NSE,EQ
743HR39-SG,194352129,SDL HR 7.43% 2039,,759188,NSE,EQ
743OR40-SG,194352385,SDL OR 7.43% 2040,,759189,NSE,EQ
747JK40-SG,194352641,SDL JK 7.47% 2040,,759190,NSE,EQ
744JH41-SG,194352897,SDL JH 7.44% 2041,,759191,NSE,EQ
745HR42-SG,194353153,SDL HR 7.45% 2042,,759192,NSE,EQ
747WB44-SG,194353409,SDL WB 7.47% 2044,,759193,NSE,EQ
747AS45-SG,194353665,SDL AS 7.47% 2045,,759194,NSE,EQ
747WB46-SG,194353921,SDL WB 7.47% 2046,,759195,NSE,EQ
746TS53-SG,194354177,SDL TS 7.46% 2053,,759196,NSE,EQ
91D181225-TB,194354433,GOI TBILL 91D-18/12/25,,759197,NSE,EQ
182D190326-TB,194354689,GOI TBILL 182D-19/03/26,,759198,NSE,EQ
364D170926-TB,194354945,GOI TBILL 364D-17/09/26,,759199,NSE,EQ
AGSTRA-BZ,194355713,AGS TRANSACT TECH,,759202,NSE,EQ
DHARAN-BZ,194355969,DHARAN INFRA-EPC,,759203,NSE,EQ
RHFL-BZ,194356225,RELIANCE HOME FINANCE,,759204,NSE,EQ
JKIPL,139404036,JINKUSHAL INDUSTRIES ,544547,759205,BSE,EQ
TRUALT,139403524,TRUALT BIOENERGY,544545,759210,BSE,EQ
1075WCA28-N0,194359041,,,759215,NSE,EQ
CAPTRU-RE1-BE,194363649,CAPITAL TRUST,,759233,NSE,EQ
165RARL28-N0,194364673,,,759237,NSE,EQ
FINKURVE,130292228,FINKURVE FINANCIAL SERVICES LT,508954,759239,BSE,EQ
JAINREC,139401476,JAIN RESOURCE RECYCLING LIMITE,544537,759244,BSE,EQ
950ISF35-N0,194367745,,,759249,NSE,EQ
EPACKPEB,139402244,EPACK PREFAB TECHNOLOGIES LIMI,544540,759251,BSE,EQ
BMWVENTLTD,139403012,BMW VENTURES,544543,759256,BSE,EQ
GURUNANAK-SM,194370817,GURUNANAK AGRICULTUR IN L,,759261,NSE,EQ
TATACAP,139410948,TATA CAPITAL ,544574,759265,BSE,EQ
735BTL27-N0,194373377,,,759271,NSE,EQ
745BTL28-N0,194373889,,,759273,NSE,EQ
AAFS30A-N0,194374401,,,759275,NSE,EQ
930SCL2035-N0,194374913,,,759277,NSE,EQ
915SCL30-N0,194375425,,,759279,NSE,EQ
12VCCL28-N0,194375937,,,759281,NSE,EQ
12AFIL28-N0,194376449,,,759283,NSE,EQ
QSIFHDG-SF,194376961,,,759285,NSE,EQ
70826LTF28-N0,194377473,,,759287,NSE,EQ
960SCL35-N0,194377985,,,759289,NSE,EQ
BLUESTONE,139387908,BLUESTONE JEWELLERY AND LIFEST,544484,759291,BSE,EQ
113ESFB31-N0,194379777,,,759296,NSE,EQ
QSIFHRG-SF,194380289,,,759298,NSE,EQ
761ABCL35A-N0,194380801,,,759300,NSE,EQ
NIFTYCASE,139414020,ZERODHA MUTUAL FUND,544586,759302,BSE,EQ
658TN29-SG,194382081,SDL TN 6.58% 2029,,759305,NSE,EQ
708OR33-SG,194382337,SDL OR 7.08% 2033,,759306,NSE,EQ
712UP33A-SG,194382593,SDL UP 7.12% 2033,,759307,NSE,EQ
707GJ34A-SG,194382849,SDL GJ 7.07% 2034,,759308,NSE,EQ
731BR45-SG,194383105,SDL BR 7.31% 2045,,759309,NSE,EQ
731JK45-SG,194383361,SDL JK 7.31% 2045,,759310,NSE,EQ
CRAMC,139412484,CANARA ROBECO ASSET MANAGEMENT,544580,759311,BSE,EQ
RUBICON,139411972,RUBICON RESEARCH,544578,759316,BSE,EQ
744TS58-SG,194385409,SDL TS 7.44% 2058,,759318,NSE,EQ
73UK32-SG,194385665,SDL UK 7.3% 2032,,759319,NSE,EQ
737GA36-SG,194385921,SDL GA 7.37% 2036,,759320,NSE,EQ
757PN37-SG,194386177,SDL PN 7.57% 2037,,759321,NSE,EQ
746RJ38-SG,194386433,SDL RJ 7.46% 2038,,759322,NSE,EQ
743HR39A-SG,194386689,SDL HR 7.43% 2039,,759323,NSE,EQ
749KL40-SG,194386945,SDL KL 7.49% 2040,,759324,NSE,EQ
744HR41-SG,194387201,SDL HR 7.44% 2041,,759325,NSE,EQ
756RJ41-SG,194387457,SDL RJ 7.56% 2041,,759326,NSE,EQ
758BR43-SG,194387713,SDL BR 7.58% 2043,,759327,NSE,EQ
756WB45-SG,194387969,SDL WB 7.56% 2045,,759328,NSE,EQ
75AP45-SG,194388225,SDL AP 7.5% 2045,,759329,NSE,EQ
748MP45-SG,194388481,SDL MP 7.48% 2045,,759330,NSE,EQ
75AP46-SG,194388737,SDL AP 7.5% 2046,,759331,NSE,EQ
751MP48-SG,194388993,SDL MP 7.51% 2048,,759332,NSE,EQ
757BR49-SG,194389249,SDL BR 7.57% 2049,,759333,NSE,EQ
746RJ51-SG,194389505,SDL RJ 7.46% 2051,,759334,NSE,EQ
753TS52-SG,194389761,SDL TS 7.53% 2052,,759335,NSE,EQ
752TS54-SG,194390017,SDL TS 7.52% 2054,,759336,NSE,EQ
744TN55A-SG,194390273,SDL TN 7.44% 2055,,759337,NSE,EQ
744TS56-SG,194390529,SDL TS 7.44% 2056,,759338,NSE,EQ
91D020126-TB,194390785,GOI TBILL 91D-02/01/26,,759339,NSE,EQ
182D030426-TB,194391041,GOI TBILL 182D-03/04/26,,759340,NSE,EQ
364D021026-TB,194391297,GOI TBILL 364D-02/10/26,,759341,NSE,EQ
PACEDIGITK,139404804,PACE DIGITEK ,544550,759342,BSE,EQ
885TIAPL29-N0,194392833,,,759347,NSE,EQ
724TFSIL27-N0,194393345,,,759349,NSE,EQ
MPEL-SM,194393857,MANAS POLYMER N ENERGIE L,,759351,NSE,EQ
SYSTMTXC,134785540,SYSTEMATIX CORPORATE SERVICES,526506,759355,BSE,EQ
ANANTAM-IV,194396929,ANANTAM HIGHWAYS TRUST,,759363,NSE,EQ
FLEXIADD,139412740,DSP MUTUAL FUND,544581,759368,BSE,EQ
MONIFTY100,194398977,MOTILALAMC - MONIFTY100,,759371,NSE,EQ
MOENERGY,194399745,MOTILALAMC - MOENERGY,,759374,NSE,EQ
728OR49-SG,194400513,SDL OR 7.28% 2049,,759377,NSE,EQ
73TS51-SG,194400769,SDL TS 7.3% 2051,,759378,NSE,EQ
91D150126-TB,194401025,GOI TBILL 91D-15/01/26,,759379,NSE,EQ
182D160426-TB,194401281,GOI TBILL 182D-16/04/26,,759380,NSE,EQ
MONEYBOXX,137842180,MONEYBOXX FINANCE,538446,759381,BSE,EQ
706GJ33-SG,194402561,SDL GJ 7.06% 2033,,759385,NSE,EQ
714AP33-SG,194402817,SDL AP 7.14% 2033,,759386,NSE,EQ
727AP36-SG,194403073,SDL AP 7.27% 2036,,759387,NSE,EQ
739JK37A-SG,194403329,SDL JK 7.39% 2037,,759388,NSE,EQ
726MH41-SG,194403585,SDL MH 7.26% 2041,,759389,NSE,EQ
731MZ41-SG,194403841,SDL MZ 7.31% 2041,,759390,NSE,EQ
726MH42-SG,194404097,SDL MH 7.26% 2042,,759391,NSE,EQ
116VCCL27A-N0,194404353,,,759392,NSE,EQ
118VCCL27B-N0,194404865,,,759394,NSE,EQ
648GS2035-GS,194405377,GOI LOAN  6.48% 2035,,759396,NSE,EQ
SOLEX,194405633,SOLEX ENERGY,,759397,NSE,EQ
ADVANCE,139407876,ADVANCE AGROLIFE ,544562,759402,BSE,EQ
SHEEL-SM,194408193,SHEEL BIOTECH,,759407,NSE,EQ
OMFREIGHT,139408388,OM FREIGHT FORWARDERS ,544564,759411,BSE,EQ
MUNISH-SM,194410497,MUNISH FORGE,,759416,NSE,EQ
BAGDIGITAL-SM,194411521,B.A.G.CONVERGENCE,,759420,NSE,EQ
GREENLEAF-SM,194412545,GREENLEAF ENVIROTECH,,759424,NSE,EQ
GROWWRLTY,194413569,GROWWAMC - GROWWRLTY,,759428,NSE,EQ
91D080126-TB,194414337,GOI TBILL 91D-08/01/26,,759431,NSE,EQ
182D090426-TB,194414593,GOI TBILL 182D-09/04/26,,759432,NSE,EQ
364D081026-TB,194414849,GOI TBILL 364D-08/10/26,,759433,NSE,EQ
WEWORK,139409924,WEWORK INDIA MANAGEMENT LIMITE,544570,759434,BSE,EQ
PATELRMART,139388676,PATEL RETAIL,544487,759439,BSE,EQ
1215DHPL27-N0,194417665,,,759444,NSE,EQ
12AFIL27-N0,194418177,,,759446,NSE,EQ
SHREEJISPG,139389444,SHREEJI SHIPPING GLOBAL LIMITE,544490,759448,BSE,EQ
VIKRAMSOLR,139388932,VIKRAM SOLAR ,544488,759453,BSE,EQ
GROWWNXT50,194421249,GROWWAMC - GROWWNXT50,,759458,NSE,EQ
GEMAROMA,139389700,GEM AROMATICS ,544491,759461,BSE,EQ
ELIQUID,139410692,,544573,759466,BSE,EQ
875PFL27-N0,194424321,,,759470,NSE,EQ
705JCL27-N0,194424833,,,759472,NSE,EQ
975CCSP28-N0,194425345,,,759474,NSE,EQ
364D151026-TB,194425857,GOI TBILL 364D-15/10/26,,759476,NSE,EQ
CANHLIFE,139413252,CANARA HSBC LIFE INSURANCE COM,544583,759477,BSE,EQ
730SIHF28-N0,194427393,,,759482,NSE,EQ
84AIL28-N0,194427905,,,759484,NSE,EQ
758CIFL30-N0,194428417,,,759486,NSE,EQ
MOMENTUM30,194428929,KOTAKMAMC - MOMENTUM30,,759488,NSE,EQ
975PCPL27-N0,194430465,,,759494,NSE,EQ
840MCSL31-N0,194430977,,,759496,NSE,EQ
788MFL28-N0,194431489,,,759498,NSE,EQ
805MFL30-N0,194432001,,,759500,NSE,EQ
UTKAR-RE-BE,194434049,UTKARSH SMALL FIN BANK L,,759508,NSE,EQ
IEML-RE-ST,194435329,INDIAN EMULSIFERS,,759513,NSE,EQ
MIDWESTLTD,139414276,MIDWEST ,544587,759517,BSE,EQ
880PFL28-N0,194497025,,,759754,NSE,EQ
TAURIAN-ST,194498305,TAURIAN MPS,,759759,NSE,EQ
761ABCL35-N0,194498561,,,759760,NSE,EQ
850KGEL30-N0,194499073,,,759762,NSE,EQ
12DCCL27-N0,194507009,,,759793,NSE,EQ
77NVCL28-N0,194507521,,,759795,NSE,EQ
EUROPRATIK,139396868,EURO PRATIK SALES,544519,759797,BSE,EQ
SOLARWORLD,139400196,SOLARWORLD ENERGY SOLUTIONS LI,544532,759929,BSE,EQ
STYL,139400452,SESHAASAI TECHNOLOGIES ,544533,759934,BSE,EQ
743PHFL28-N0,194544385,,,759939,NSE,EQ
799GSGL28-N0,194544897,,,759941,NSE,EQ
799GSGL29-N0,194545409,,,759943,NSE,EQ
MGSL-SM,194545921,MATRIX GEO SOLUTIONS,,759945,NSE,EQ
714SECIL35-N0,194546945,,,759949,NSE,EQ
JARO,139400708,JARO INSTITUTE OF TECHNOLOGY M,544534,759951,BSE,EQ
ARSSBL,139399684,ANAND RATHI SHARE AND STOCK BR,544530,759956,BSE,EQ
ECOLINE-SM,194550017,ECOLINE EXIM,,759961,NSE,EQ
SUBAHOTELS-SM,194588673,SUBA HOTELS,,760112,NSE,EQ
GLOTTIS,139406596,GLOTTIS ,544557,760116,BSE,EQ
VIJAYPD-SM,194590977,VIJAYPD CEUTICAL,,760121,NSE,EQ
FABTECH,139406852,FABTECH TECHNOLOGIES ,544558,760125,BSE,EQ
MARKOLINES,139101188,MARKOLINES PAVEMENT TECHNOLOGI,543364,760204,BSE,EQ
76825AIFL2-N0,194613505,,,760209,NSE,EQ
72190LTFL2-N0,194614017,,,760211,NSE,EQ
LGEINDIA,139411460,LG ELECTRONICS INDIA ,544576,760213,BSE,EQ
8SMC29-N1,194615809,,,760218,NSE,EQ
8SMC30-N2,194616065,,,760219,NSE,EQ
SAFARI#,31494404,SAFARI INDUSTRIES (INDIA),123025,,BSE,EQ
IVZGOLDINAV,50948356,INAV INVESCINDGOLXCHANGER,199017,,BSE,EQ
HDFCETFINAV,50948612,INAVHDFCMUTUAL-HDFC GOLD E,199018,,BSE,EQ
ICICIGDINAV,50948868,INAVICICI PRUDENTIAL GOLD ETF,199019,,BSE,EQ
MON100INAV,50949124,INAVMOTILALOSWALMOSTSHARNASD,199020,,BSE,EQ
BSLGOLDINAV,50949380,INAVADITYABIRLASUNLIFMUTUAL,199021,,BSE,EQ
AXISGOLDINV,50949636,INAVAXIS MUTUAL AXIS GOLD E,199022,,BSE,EQ
IDBIGDINAV,50949892,INAVIDBI MUTUAL - IDBI GOLD E,199023,,BSE,EQ
ICICISINAV,50950148,INAVICICI PRUDENTIMUTUAL FUND,199024,,BSE,EQ
GOLDBSINAV,50950404,INAVNIPPON INDI ETFGOLDBEES,199025,,BSE,EQ
KOTAKGDINAV,50950660,INAVKOTAK MAHINDRA MUTUAL,199026,,BSE,EQ
SBIGETSINAV,50950916,INAVSBI MUTUAL GOLD EXC,199027,,BSE,EQ
QGOLDLFINV,50951172,INAVQUANTUM GOLDEXCHANGE T,199028,,BSE,EQ
GOLDSHAINV,50951428,INAVUTI  GOLD EXC,199029,,BSE,EQ
HNGSNGINAV,50951684,INAVNIPPONETF HANG SENG BEE,199030,,BSE,EQ
SILVERINAV,50951940,INAVADITYA BIRSUNLIFEMUTUAL,199031,,BSE,EQ
KTKSENSINAV,50952196,INAV KOTAK SENSEX ETF,199032,,BSE,EQ
SBISENSINAV,50952452,INAV- SBI ETF SENS,199033,,BSE,EQ
MOM100INAV,50952708,INAV - MOTILAL OSWAL MOST S,199034,,BSE,EQ
ICICINIINAV,50952964,INAV ICICIPRUDENTIAL NIFTY,199035,,BSE,EQ
ICICINFINAV,50953220,INAV ICICI PRUDENTIALNIFT,199036,,BSE,EQ
NIF100BINAV,50953476,INAV NIPPON INDIA ETF NIFTY,199037,,BSE,EQ
KOTAKNIINAV,50953732,INAV  - KOTAK NIFTY ETF,199038,,BSE,EQ
CPSEETFINAV,50953988,INAV- CPSE ETF,199039,,BSE,EQ
SENSEXBINAV,50954244,INAV NIPPO INDIA ETF SENSE,199040,,BSE,EQ
SETFBSEINAV,50954500,INAV - SBI ETF BSE 100,199041,,BSE,EQ
UTISENSINAV,50954756,INAV UTI- SENSEX ETF,199042,,BSE,EQ
UTINIFTINAV,50955012,INAV UTI NIFTY ETF,199043,,BSE,EQ
LICE50INAV,50955268,INAV -LIC MF ETF NIFTY 50,199044,,BSE,EQ
LICETFINAV,50955524,INAV -LIC MF ETF- SENSEX,199045,,BSE,EQ
HDNIFINAV,50955780,INAV HDFC NIFTY ETF,199046,,BSE,EQ
SXETFINAV,50956036,INAV HDFC SENSEX ETF - OPEN,199047,,BSE,EQ
LICFNHINAV,50956292,INAV -LIC MF ETF NIFTY 100,199048,,BSE,EQ
ICICINVINAV,50956548,INAV ICICI PRUDENTIAL NV20,199049,,BSE,EQ
ICICIMCINAV,50956804,INAV ICICI PRUDNTIAL MIDCA,199050,,BSE,EQ
BSLSENEINAV,50957060,INAV BIRLA SUN LIFE SENSEX,199051,,BSE,EQ
IDFSENSINAV,50957316,INAV IDFC SENSEX ETF,199052,,BSE,EQ
ICICILOINAV,50957572,INAV ICICI PRUDENTIL NIFTY,199053,,BSE,EQ
UTINEXTINAV,50957828,INAV UTI NIFTY NEXT 50 ETF,199054,,BSE,EQ
ICICIB2INAV,50958084,INAV BHARAT 22 ETF,199055,,BSE,EQ
LIQUIDEINAV,50958340,,199056,,BSE,EQ
ICICI50INAV,50958596,INAV ICICI PRUDENTIAL S&P B,199057,,BSE,EQ
ICICINXINAV,50958852,INAV ICICIPRUDENTIALNIFTY,199058,,BSE,EQ
ICICILIINAV,50959108,,199059,,BSE,EQ
SETFSN5INAV,50959364,INAV SBI - ETF - SENSEX NEX,199060,,BSE,EQ
MAN50ETINAV,50959620,INAV MIRAE ASSET NIFTY 50 E,199061,,BSE,EQ
ABSLNN5INAV,50959876,INAV ADITYA BIRLASUN LIFE,199062,,BSE,EQ
UTISXN5INAV,50960132,INAV UTI S&P BSE SENSEX NEX,199063,,BSE,EQ
ICICIPBINAV,50960388,INAV ICICI PRUDENTIAL BANK,199064,,BSE,EQ
SNXT50BINAV,50960644,INAV NIPPON INDIA ETF SENSE,199065,,BSE,EQ
ICICIBAINAV,50960900,INAV ICICI PRUDENTIAL PRIVA,199066,,BSE,EQ
ABSLBANINAV,50961156,INAV ADITYA BIRLA SUN LIFE,199067,,BSE,EQ
EBBET0INAV,50961412,,199068,,BSE,EQ
EBETF0INAV,50961668,,199069,,BSE,EQ
ICICIM1INAV,50961924,INAV ICICI PRUDENTIAL MIDCA,199070,,BSE,EQ
MANXT50INAV,50962180,INAV MIRAE ASSET NIFTY NEXT,199071,,BSE,EQ
EBBETAINAV,50962436,,199072,,BSE,EQ
EBBETF0INAV,50962692,,199073,,BSE,EQ
ICICIALINAV,50962948,INAV ICICI PRUDENTIAL ALPH,199074,,BSE,EQ
ICICITEINAV,50963204,INAV ICICI PRUDENTIAL IT ET,199075,,BSE,EQ
HBANKETINAV,50963460,INAV HDFC BANKING ETF,199076,,BSE,EQ
UTIBANKINAV,50963716,INAV UTI BANK EXCHANGE TRAD,199077,,BSE,EQ
MAESGETINAV,50963972,INAV MIRAE ASSET ESG SECTOR,199078,,BSE,EQ
MOGSECINAV,50964228,,199079,,BSE,EQ
INFRABEINAV,50964484,INAV NIPPON INDIA  ETF INFR,199080,,BSE,EQ
MAFANGINAV,50964740,INAV MIRAE ASSET NYSE FANG+,199081,,BSE,EQ
ICICIPHINAV,50964996,INAV ICICI PRUDENTIAL HEALT,199082,,BSE,EQ
MAFSETFINAV,50965252,INAV MIRAE ASSET NIFTY FINA,199083,,BSE,EQ
ICICIFMINAV,50965508,INAV ICICI PRUDENTIAL FMCG,199084,,BSE,EQ
AXISTECINAV,50965764,INAV AXIS TECHNOLOGY ETF,199085,,BSE,EQ
AXISHETINAV,50966020,INAV AXIS HEALTHCARE ETF,199086,,BSE,EQ
AXISCETINAV,50966276,INAV AXIS CONSUMPTION ETF,199087,,BSE,EQ
MASPTOPINAV,50966532,INAV MIRAE ASSET S&P 500 TO,199088,,BSE,EQ
ICICICOINAV,50966788,INAV ICICI PRUDENTIAL CONSU,199089,,BSE,EQ
DSPNEWEINAV,50967044,INAV DSP NIFTY 50 EQUAL WEI,199090,,BSE,EQ
MAHKTECINAV,50967300,INAV MIRAE ASSET HANG SENG,199091,,BSE,EQ
BBETF04INAV,50967556,,199092,,BSE,EQ
MONQ50INAV,50967812,INAV MOTILAL OSWAL NASDAQ Q,199093,,BSE,EQ
DSPQ50EINAV,50968068,INAV DSP NIFTY MIDCAP 150 Q,199094,,BSE,EQ
DSPN50INAV,50968324,INAV DSP NIFTY 50 ETF,199095,,BSE,EQ
ICICIAUINAV,50968580,INAVICICI PRUDENTIALNIFTY,199096,,BSE,EQ
MAMFGETINAV,50968836,INAV MIRAE ASSET NIFTY INDI,199097,,BSE,EQ
MOMOMENINAV,50969092,INAV MOTILAL OSWAL NIFTY 20,199098,,BSE,EQ
TECHINAV,50969348,INAV ADITYA BIRLA SUNLIFE N,199099,,BSE,EQ
HEALTHYINAV,50969604,INAV ADITYA BIRLA SUNLIFE,199100,,BSE,EQ
BSLNIFTINAV,50969860,INAV ADITYABIRLA SUN LIFE,199101,,BSE,EQ
ICICI5GINAV,50970116,,199102,,BSE,EQ
MAM150EINAV,50970372,INAV MIRAE ASSET NIFTY MIDC,199103,,BSE,EQ
MOLOWVOINAV,50970628,INAV MOTILAL OSWAL S&P BSE,199104,,BSE,EQ
ICICSENNAV,50970884,INAV ICICI PRUDENTIAL SENSE,199105,,BSE,EQ
LIQUIDBINAV,50971140,,199106,,BSE,EQ
NIFTYBEINAV,50971396,INAV NIPPONINDIA ETF NIFTY,199107,,BSE,EQ
JUNIORBINAV,50971652,INAV NIPPON INDIA ETF JUNIO,199108,,BSE,EQ
BANKBEEINAV,50971908,INAV NIPPON INDIA ETF BANK,199109,,BSE,EQ
KOTAKPSINAV,50972164,INAV KOTAK PSU BK ETF,199110,,BSE,EQ
PSUBNKBINAV,50972420,INAV NIPPON INDIA ETF PSU B,199111,,BSE,EQ
SHARIABINAV,50972676,INAV NIPPON INDIA ETF SHARI,199112,,BSE,EQ
QNIFTYINAV,50972932,INAV QUANTUM INDX ETF,199113,,BSE,EQ
MOM50INAV,50973188,INAV MOTILAL OSWAL M50 ETF,199114,,BSE,EQ
KOTAKBKINAV,50973444,INAV KOTAK BANKING ETF - DI,199115,,BSE,EQ
SETFNIFINAV,50973700,INAV SBI-ETF NIFTY BANK,199116,,BSE,EQ
SETFN50INAV,50973956,INAV SBI-ETF NIFTY 50,199117,,BSE,EQ
MOHEALTINAV,50974212,INAVMOTILALOSWS&PBSEHEALTHCETF,199118,,BSE,EQ
ICMOM30INAV,50974468,INAVICICIPRUNI200MOMETF,199119,,BSE,EQ
HDFF100INAV,50974724,INAVHDFC NIFTY 100 ETF,199120,,BSE,EQ
HDFNX50INAV,50974980,INAV HDFC NIFTY NEXT 50 ETF,199121,,BSE,EQ
ICICINFNAV,50975236,INAV ICICI PRU NIFTY INFRA ETF,199122,,BSE,EQ
DSPSILINAV,50975492,INAVDSPSILVERETF,199123,,BSE,EQ
NIFQTYINAV,50975748,INAV ABSL NIFTY 200 QTY 30 ETF,199124,,BSE,EQ
MOM30INAV,50976004,INAV ABSL NIFTY 200 MOM 30 ETF,199125,,BSE,EQ
MOQUALTINAV,50976260,INAV MO S&P BSE QUALITY ETF,199126,,BSE,EQ
MOVALUEINAV,50976516,INAV MO S&P BSE EN VALUE ETF,199127,,BSE,EQ
HDFCSIINAV,50976772,INAVHDFCSILVERETF,199128,,BSE,EQ
HDFQUALINAV,50977028,INAVHDFCQUALETF,199129,,BSE,EQ
HDFGROWINAV,50977284,INAVHDFCGROWETF,199130,,BSE,EQ
HDFVALUINAV,50977540,INAV HDFCVALUEETF,199131,,BSE,EQ
HDFMOMEINAV,50977796,INAVHDFCMOMENT,199132,,BSE,EQ
HDFCLOLINAV,50978052,INAVHDFCLOWVOL,199133,,BSE,EQ
HDFCBANINAV,50978308,INAVHDFCPVTBAN,199134,,BSE,EQ
HDFCNITINAV,50978564,INAVHDFCNIFIT,199135,,BSE,EQ
ICICINAV,50978820,INAVICICI PRUDENTIAL MUTUAL,199136,,BSE,EQ
EBBEINAV,50979076,,199137,,BSE,EQ
ICIC01INAV,50979332,,199138,,BSE,EQ
ICIC02INAV,50979588,INAVICICI PRUDENTIAL MUTUAL 02,199139,,BSE,EQ
DSPBINAV,50979844,INAVDSP MUTUAL FUND,199140,,BSE,EQ
HDFCINAV,50980100,INAVHDFC MUTUAL FUND,199141,,BSE,EQ
HDFC01INAV,50980356,INAVHDFC MUTUAL FUND01,199142,,BSE,EQ
HDFC02INAV,50980612,INAVHDFC MUTUAL FUND02,199143,,BSE,EQ
MAGOINAV,50980868,INAVMIRAE ASSET MUTUAL FUND,199144,,BSE,EQ
PSUBINAV,50981124,INAVICICI PRUDENTIAL MUTUAL,199145,,BSE,EQ
ABSLINAV,50981380,,199146,,BSE,EQ
AXISINAV,50981636,INAVAXIS MUTUAL FUND,199147,,BSE,EQ
MANVINAV,50981892,INAVMIRAE ASSET MUTUAL FUND,199148,,BSE,EQ
MAGSINAV,50982148,,199149,,BSE,EQ
SILVINAV,50982404,INAVUTI MUTUAL FUND,199150,,BSE,EQ
DSPGINAV,50982660,INAVDSP MUTUAL FUND,199151,,BSE,EQ
MASIINAV,50982916,INAVMIRAE ASSET MUTUAL FUND,199152,,BSE,EQ
DSPIINAV,50983172,INAVDSP MUTUAL FUND,199153,,BSE,EQ
BANKINAV,50983428,INAVMIRAE ASSET MUTUAL FUND,199154,,BSE,EQ
LIQUINAV,50983684,,199155,,BSE,EQ
DSPPINAV,50983940,INAVDSP MUTUAL FUND,199156,,BSE,EQ
DSPSINAV,50984196,INAVDSP MUTUAL FUND,199157,,BSE,EQ
DSPP01INAV,50984452,INAVDSP MUTUAL FUND01,199158,,BSE,EQ
ICIC03INAV,50984708,INAVICICI PRUDENTIAL MUTUAL 03,199159,,BSE,EQ
HDFC03INAV,50984964,,199160,,BSE,EQ
NIFMINAV,50985220,INAVUTI MUTUAL FUND,199161,,BSE,EQ
NAVIINAV,50985476,INAVNAVI MUTUAL FUND,199162,,BSE,EQ
SENSINAV,50985732,INAVMIRAE ASSET MUTUAL FUND,199163,,BSE,EQ
ALPHINAV,50985988,INAVMIRAE ASSET MUTUAL FUND,199164,,BSE,EQ
ITETINAV,50986244,INAVMIRAE ASSET MUTUAL FUND,199165,,BSE,EQ
LIQU01INAV,50986500,,199166,,BSE,EQ
BBNPINAV,50986756,INAVBARODA BNP PARIBAS MUTUA,199167,,BSE,EQ
LIQU02INAV,50987012,,199168,,BSE,EQ
BANK01INAV,50987268,INAVBAJAJ FINSERV MUTUAL FUN01,199169,,BSE,EQ
NIFTINAV,50987524,INAVBAJAJ FINSERV MUTUAL FUN,199170,,BSE,EQ
NIFIINAV,50987780,INAVUTI MUTUAL FUND,199171,,BSE,EQ
NIF1INAV,50988036,,199172,,BSE,EQ
NIF5INAV,50988292,,199173,,BSE,EQ
HEALINAV,50988548,INAVDSP MUTUAL FUND,199174,,BSE,EQ
HDFC04INAV,50988804,INAVHDFC MUTUAL FUND04,199175,,BSE,EQ
LICNINAV,50989060,INAVLIC MUTUAL FUND,199176,,BSE,EQ
SMALINAV,50989316,INAVMIRAE ASSET MUTUAL FUND,199177,,BSE,EQ
GOLDINAV,50989572,INAVZERODHA MUTUAL FUND,199178,,BSE,EQ
LIQU03INAV,50989828,,199179,,BSE,EQ
MIDSINAV,50990084,INAVMIRAE ASSET MUTUAL FUND,199180,,BSE,EQ
LIQU04INAV,50990340,,199181,,BSE,EQ
TOP1INAV,50990596,INAVZERODHA MUTUAL FUND,199182,,BSE,EQ
MID1INAV,50990852,INAVZERODHA MUTUAL FUND,199183,,BSE,EQ
BBNP01INAV,50991108,INAVBARODA BNP PARIBAS MUTUA01,199184,,BSE,EQ
SBISINAV,50991364,INAVSBI MUTUAL FUND,199185,,BSE,EQ
LIQU05INAV,50991620,,199186,,BSE,EQ
ABGSINAV,50991876,,199187,,BSE,EQ
EVININAV,50992132,INAVMIRAE ASSET MUTUAL FUND,199188,,BSE,EQ
SBININAV,50992388,INAVSBI MUTUAL FUND,199189,,BSE,EQ
OILIINAV,50992644,INAVICICI PRUDENTIAL MUTUAL,199190,,BSE,EQ
ABSL01INAV,50992900,INAVADITYA BIRLA SUN LIFE MU01,199191,,BSE,EQ
GSECINAV,50993156,,199192,,BSE,EQ
METAINAV,50993412,INAVICICI PRUDENTIAL MUTUAL,199193,,BSE,EQ
MULTINAV,50993668,INAVMIRAE ASSET MUTUAL FUND,199194,,BSE,EQ
TOP101INAV,50993924,INAVDSP MUTUAL FUND01,199195,,BSE,EQ
BANK02INAV,50994180,INAVMIRAE ASSET MUTUAL FUND02,199196,,BSE,EQ
META01INAV,50994436,INAVMIRAE ASSET MUTUAL FUND01,199197,,BSE,EQ
VAL3INAV,50994692,INAVICICI PRUDENTIAL MUTUAL,199198,,BSE,EQ
LIQU06INAV,50994948,,199199,,BSE,EQ
CONSINAV,50995204,INAVMIRAE ASSET MUTUAL FUND,199200,,BSE,EQ
ECAPINAV,50995460,INAVEDELWEISS MUTUAL FUND,199201,,BSE,EQ
NEXTINAV,50995716,INAVDSP MUTUAL FUND,199202,,BSE,EQ
UNIOINAV,50995972,INAVUNION MUTUAL FUND,199203,,BSE,EQ
GOLD01INAV,50996228,INAV360 ONE MUTUAL FUND01,199204,,BSE,EQ
SELEINAV,50996484,INAVMIRAE ASSET MUTUAL FUND,199205,,BSE,EQ
EQUAINAV,50996740,INAVMIRAE ASSET MUTUAL FUND,199206,,BSE,EQ
CASHINAV,50996996,,199207,,BSE,EQ
AXIS01INAV,50997252,INAVAXIS MUTUAL FUND01,199208,,BSE,EQ
SILV01INAV,50997508,INAVZERODHA MUTUAL FUND01,199209,,BSE,EQ
SBIBINAV,50997764,INAVSBI MUTUAL FUND,199210,,BSE,EQ
SILV02INAV,50998020,INAV360 ONE MUTUAL FUND02,199211,,BSE,EQ
EVIEINAV,50998276,INAVICICI PRUDENTIAL MUTUAL,199212,,BSE,EQ
EQUA01INAV,50998532,INAVMIRAE ASSET MUTUAL FUND01,199213,,BSE,EQ
SNXTINAV,50998788,INAVNIPPON INDIA MUTUAL FUND,199214,,BSE,EQ
TOP102INAV,50999044,INAVICICI PRUDENTIAL MUTUAL 02,199215,,BSE,EQ
INTEINAV,50999300,INAVMIRAE ASSET MUTUAL FUND,199216,,BSE,EQ
GROWINAV,50999556,INAVGROWW MUTUAL FUND,199217,,BSE,EQ
SBILINAV,50999812,,199218,,BSE,EQ
LTGIINAV,51000068,,199219,,BSE,EQ
MANUINAV,51000324,INAVNIPPON INDIA MUTUAL FUND,199220,,BSE,EQ
LIQU07INAV,51000580,INAVKOTAK MAHINDRA MUTUAL FU07,199221,,BSE,EQ
TATAINAV,51000836,INAVTATA MUTUAL FUND - PERMI,199222,,BSE,EQ
SML1INAV,51001092,INAVZERODHA MUTUAL FUND,199223,,BSE,EQ
ITBEINAV,51001348,INAVNIPPON INDIA MUTUAL FUND,199224,,BSE,EQ
SILV03INAV,51001604,INAVNIPPON INDIA MUTUAL FUND03,199225,,BSE,EQ
PHARINAV,51001860,INAVNIPPON INDIA MUTUAL FUND,199226,,BSE,EQ
LTGI01INAV,51002116,,199227,,BSE,EQ
MID101INAV,51002372,INAVNIPPON INDIA MUTUAL FUND01,199228,,BSE,EQ
ELIQINAV,51002628,,199229,,BSE,EQ
FLEXINAV,51002884,INAVDSP MUTUAL FUND,199230,,BSE,EQ
NIFT01INAV,51003140,INAVZERODHA MUTUAL FUND01,199231,,BSE,EQ
AMBALALSA,128002308,AMBALAL SARABHAI ENTERPRISES L,500009,,BSE,EQ
ANDHRAPET,128003076,ANDHRA PETROCHEMICALS,500012,,BSE,EQ
ANSALAPI,128003332,ANSAL PROPERTIES & INFRASTRUCT,500013,,BSE,EQ
UTIQUE,128003588,UTIQUE ENTERPRISES,500014,,BSE,EQ
ARUNAHTEL,128004100,ARUNA HOTELS,500016,,BSE,EQ
ATVPR,128007172,ATV PROJECTS INDIA,500028,,BSE,EQ
BIHSPONG,128014852,BIHAR SPONGE IRON,500058,,BSE,EQ
DISAQ,128017412,DISA INDIA,500068,,BSE,EQ
QUESTCAP,128017668,QUEST CAPITAL MARKETS,500069,,BSE,EQ
CENTEXT,128021252,CENTURY EXTRUSIONS,500083,,BSE,EQ
ELANTAS,128031492,ELANTAS BECK INDIA,500123,,BSE,EQ
FGP,128036356,FGP,500142,,BSE,EQ
PHCAP,128036612,PH CAPITAL,500143,,BSE,EQ
COCKERILL,128037636,JOHN COCKERILL INDIA,500147,,BSE,EQ
GOLDENTOBC,128038660,GOLDEN TOBACCO,500151,,BSE,EQ
METROGLOBL,128040708,METROGLOBAL,500159,,BSE,EQ
GOODRICKE,128042500,GOODRICKE GROUP,500166,,BSE,EQ
GOODYEAR,128043012,GOODYEAR INDIA,500168,,BSE,EQ
GTNINDS,128043524,GTN INDUSTRIES,500170,,BSE,EQ
HARCR,128045572,HARIG CRANKSHAFTS,500178,,BSE,EQ
NDLVENTURE,128048388,NDL VENTURES ,500189,,BSE,EQ
HMT,128048900,HMT,500191,,BSE,EQ
PRAGBOS,128049156,PRAG BOSIMI SYNTHETICS,500192,,BSE,EQ
INDLEASE,128051716,INDIA LEASE DEVELOPMENT,500202,,BSE,EQ
MARGOFIN,128052740,MARGO FINANCE,500206,,BSE,EQ
ITHL,128054532,INTERNATIONAL TRAVEL HOUSE,500213,,BSE,EQ
JASCH,128056324,JASCH INDUSTRIES,500220,,BSE,EQ
KGDENIM,128061188,KG DENIM,500239,,BSE,EQ
KINETICENG,128061444,KINETIC ENGINEERING,500240,,BSE,EQ
KIRLFER,128062724,KIRLOSKAR FERROUS INDUSTRIES L,500245,,BSE,EQ
ENVAIREL,128062980,ENVAIR ELECTRODYNE,500246,,BSE,EQ
KRIFILIND,128063492,KRISHNA FILAMENT INDUSTRIES LI,500248,,BSE,EQ
HYBRIDFIN,128067076,HYBRID FINANCIAL SERVICES LIMI,500262,,BSE,EQ
MAFATIND,128067588,MAFATLAL INDUSTRIES,500264,,BSE,EQ
MAJESAUT,128068356,MAJESTIC AUTO,500267,,BSE,EQ
BARODARY,128069124,BARODA RAYON CORPORATION,500270,,BSE,EQ
MIDINDIA,128070916,MID INDIA INDUSTRIES,500277,,BSE,EQ
MIRCELECTR,128071428,MIRC ELECTRONICS,500279,,BSE,EQ
SPICEJET,128072964,SPICEJET,500285,,BSE,EQ
NAPEROL,128076292,NAPEROL INVESTMENTS ,500298,,BSE,EQ
JAYKAY,128078340,JAYKAY ENTERPRISES ,500306,,BSE,EQ
NIRLON,128078596,NIRLON,500307,,BSE,EQ
INDSUCR,128081668,INDIAN SUCROSE,500319,,BSE,EQ
PANCM,128082436,PANYAM CEMENTS & MINERAL INDUS,500322,,BSE,EQ
PUNJCOMMU,128088580,PUNJAB COMMUNICATIONS,500346,,BSE,EQ
RAMAPPR-B,128091396,RAMA PAPER MILLS,500357,,BSE,EQ
RAMAPETRO,128091652,RAMA PETROCHEMICALS,500358,,BSE,EQ
RAPICUT,128092164,RAPICUT CARBIDES,500360,,BSE,EQ
WELSPLSOL,128093444,WELSPUN SPECIALTY SOLUTIONS LI,500365,,BSE,EQ
ROLTA,128093700,ROLTA INDIA,500366,,BSE,EQ
SALORAINTL,128094724,SALORA INTERNATIONAL,500370,,BSE,EQ
SKPMIL,128099332,SHREE KRISHNA PAPER MILLS & IN,500388,,BSE,EQ
SILVERLINE,128099588,SILVERLINE TECHNOLOGIES,500389,,BSE,EQ
RELINFRA,128099844,RELIANCE INFRASTRUCTURE,500390,,BSE,EQ
STEELCO,128102148,STEELCO GUJARAT,500399,,BSE,EQ
TIMEX,128105988,TIMEX GROUP INDIA,500414,,BSE,EQ
TPINDIA,128107780,TPI INDIA,500421,,BSE,EQ
TRANSCHEM,128108036,TRANSCHEM,500422,,BSE,EQ
UTLINDS,128109060,UTL INDUSTRIES,500426,,BSE,EQ
HOCL,128114948,HINDUSTAN ORGANIC CHEMICALS LT,500449,,BSE,EQ
MPILCORPL,128115204,MPIL CORPORATION,500450,,BSE,EQ
TEAM24,128117252,TEAM24 CONSUMER PRODUCTS LIMIT,500458,,BSE,EQ
SKFINDIA,128120836,SKF INDIA,500472,,BSE,EQ
HINDMOTORS,128128004,HINDUSTAN MOTORS,500500,,BSE,EQ
PREMIER,128138244,PREMIER,500540,,BSE,EQ
NOVARTIND,128172036,NOVARTIS INDIA,500672,,BSE,EQ
SUNRINV,128284164,SUNRISE INDUSTRIAL TRADERS,501110,,BSE,EQ
ZGOLDINV,128284420,GOLD ROCK INVESTMENTS,501111,,BSE,EQ
PEOPLIN,128292868,PEOPLES INVESTMENTS,501144,,BSE,EQ
DSINVEST,128293892,DALAL STREET INVESTMENTS,501148,,BSE,EQ
KARTKIN,128294660,KARTIK INVESTMENTS TRUST,501151,,BSE,EQ
LORDSMARK,128322820,LORDS MARK INDIA,501261,,BSE,EQ
ANTARIKSH,128325124,ANTARIKSH INDUSTRIES,501270,,BSE,EQ
INDPRUD,128332292,INDUSTRIAL & PRUDENTIAL INVEST,501298,,BSE,EQ
JAYBHCR,128335620,JAYABHARAT CREDIT,501311,,BSE,EQ
PRISMX,128336388,PRISMX GLOBAL VENTURES,501314,,BSE,EQ
RAPIDIN,128345860,RAPID INVESTMENTS,501351,,BSE,EQ
WALCHPF,128350724,WALCHAND PEOPLEFIRST,501370,,BSE,EQ
ZSWASTSA,128354820,SWASTIK SAFE DEPOSIT & INVESTM,501386,,BSE,EQ
WHBRADY,128356100,W.H.BRADY & CO.LTD.,501391,,BSE,EQ
TECHNVISN,128363780,TECHNVISION VENTURES ,501421,,BSE,EQ
BOMBCYC,128366084,BOMBAY CYCLE & MOTOR AGENCY LT,501430,,BSE,EQ
MULLER,128378116,MULLER & PHIPPS (INDIA),501477,,BSE,EQ
SFTL,128378628,SPRINGFORM TECHNOLOGY,501479,,BSE,EQ
AMALGAM,128415236,AMALGAMATED ELECTRICITY CO.LTD,501622,,BSE,EQ
ANANDPROJ,128417284,ANAND PROJECTS,501630,,BSE,EQ
INDIANVSH,128435204,INDIANIVESH,501700,,BSE,EQ
CHOWGULSTM,128469252,CHOWGULE STEAMSHIPS,501833,,BSE,EQ
GLOBOFFS,128473092,GLOBAL OFFSHORE SERVICES,501848,,BSE,EQ
DHENUBUILD,128497924,DHENU BUILDCON INFRA,501945,,BSE,EQ
ASIIL,128515844,ASI INDUSTRIES,502015,,BSE,EQ
HEMACEM,128546052,HEMADRI CEMENTS,502133,,BSE,EQ
LERTHAI,128576004,LERTHAI FINANCE,502250,,BSE,EQ
RASSIREF,128581380,RAASI REFRACTORIES,502271,,BSE,EQ
TRIVENIGQ,128583940,TRIVENI GLASS,502281,,BSE,EQ
NILACHAL,128587268,NILACHAL REFRACTORIES,502294,,BSE,EQ
CITADEL,128625924,CITADEL REALTY AND DEVELOPERS,502445,,BSE,EQ
NATHIND,128662276,NATH INDUSTRIES,502587,,BSE,EQ
VAPIENTER,128662788,VAPI ENTERPRISE,502589,,BSE,EQ
ZGAEKWAR,128729604,GAEKWAR MILLS,502850,,BSE,EQ
FORBESCO,128733444,FORBES & COMPANY,502865,,BSE,EQ
HPCOTTON,128735492,H.P.COTTON TEXTILE MILLS,502873,,BSE,EQ
UNITEDINT,128740612,UNITED INTERACTIVE,502893,,BSE,EQ
JAMSHRI,128742660,JAMSHRI REALTY,502901,,BSE,EQ
KATRSPG,128750852,KATARE SPINNING MILLS,502933,,BSE,EQ
LAKSHMIMIL,128757252,LAKSHMI MILLS COMPANY,502958,,BSE,EQ
PASUSPG,128791556,PASUPATI SPG.& WVG.MILLS,503092,,BSE,EQ
RAJABAH,128800516,RAJA BAHADUR INTERNATIONAL,503127,,BSE,EQ
SIMPLXREA,128826628,SIMPLEX REALTY,503229,,BSE,EQ
VICTMILL,128857348,VICTORIA MILLS,503349,,BSE,EQ
ZSVTRADI,128927236,S.V.TRADING & AGENCIES,503622,,BSE,EQ
ZSVARAJT,128927748,SVARAJ TRADING & AGENCIES,503624,,BSE,EQ
KSHITIJ,128928260,KSHITIZ INVESTMENT,503626,,BSE,EQ
SALSAIN,128930564,SHREE SALASAR INVESTMENT,503635,,BSE,EQ
INDSOYA,128931588,INDSOYA,503639,,BSE,EQ
ZODIACVEN,128932100,ZODIAC VENTURES,503641,,BSE,EQ
VEERENRGY,128936196,VEER ENERGY & INFRASTRUCTURE L,503657,,BSE,EQ
SW1,128936708,SW INVESTMENTS,503659,,BSE,EQ
TILAK,128937732,TILAK VENTURES ,503663,,BSE,EQ
UNIJOLL,128939780,UNIJOLLY INVESTMENTS CO.LTD.,503671,,BSE,EQ
WAGEND,128940804,WAGEND INFRA VENTURE,503675,,BSE,EQ
ELCIDIN,128942340,ELCID INVESTMENTS,503681,,BSE,EQ
MEDIAONE,128943364,MEDIAONE GLOBAL ENTERTAINMENT,503685,,BSE,EQ
HEALINV,128944388,HEALTHY INVESTMENTS,503689,,BSE,EQ
SHRENTI,128946180,SHREENATH INVESTMENTS CO.LTD.,503696,,BSE,EQ
MODWOOL,128965636,MODELLA WOOLLENS,503772,,BSE,EQ
MODIPON,128966660,MODIPON,503776,,BSE,EQ
SHRIDINE,128973828,SHRI DINESH MILLS,503804,,BSE,EQ
SWADPOL,128976900,SWADESHI POLYTEX,503816,,BSE,EQ
SHRAJSYNQ,128982276,SHREE RAJASTHAN SYNTEX,503837,,BSE,EQ
SHRMFGC,128988932,SHREE MANUFACTURING CO.LTD.,503863,,BSE,EQ
ZSATYASL,128996612,SATYAM SILK MILLS,503893,,BSE,EQ
ELPROINTL,129024004,ELPRO INTERNATIONAL,504000,,BSE,EQ
GEE,129031172,GEE,504028,,BSE,EQ
JYOTI,129043460,JYOTI,504076,,BSE,EQ
JSLINDL,129044484,JSL INDUSTRIES,504080,,BSE,EQ
KAYCEEI,129045508,KAYCEE INDUSTRIES,504084,,BSE,EQ
INDOKEM,129047556,INDOKEM,504092,,BSE,EQ
PANAENERG,129047812,PANASONIC ENERGY INDIA COMPANY,504093,,BSE,EQ
PERMAGN,129057796,PERMANENT MAGNETS,504132,,BSE,EQ
HIGHENE,129069060,HIGH ENERGY BATTERIES (INDIA),504176,,BSE,EQ
STDBAT,129070084,STANDARD BATTERIES,504180,,BSE,EQ
DLTNCBL,129085444,DELTON CABLES,504240,,BSE,EQ
LAKSELEC,129090052,LAKSHMI ELECTRICAL CONTROL SYS,504258,,BSE,EQ
MODULEX,129093892,MODULEX CONSTRUCTION TECHNOLOG,504273,,BSE,EQ
LONGSPUR,129111044,LONGSPUR INTERNATIONAL VENTURE,504340,,BSE,EQ
RRP,129112580,RRP SEMICONDUCTOR,504346,,BSE,EQ
EMPOWER,129113860,EMPOWER INDIA,504351,,BSE,EQ
ZMULTIPU,129115140,MULTIPURPOSE TRADING & AGENCIE,504356,,BSE,EQ
RIDHISYN,129117444,RIDHI SYNTHETICS,504365,,BSE,EQ
GRANDMA,129118468,GRANDMA TRADING & AGENCIES,504369,,BSE,EQ
ZARDIINV,129118724,ARDI INVESTMENT & TRADING,504370,,BSE,EQ
SOFTBPO,129120004,SOFTBPO GLOBAL SERVICES,504375,,BSE,EQ
NYSSACORP,129120772,NYSSA CORPORATION,504378,,BSE,EQ
FLOMIC,129121284,FLOMIC GLOBAL LOGISTICS LIMITE,504380,,BSE,EQ
KRISHNA,129124356,KRISHNA VENTURES,504392,,BSE,EQ
GANHOLD,129125636,GANESH HOLDINGS,504397,,BSE,EQ
SJCORP,129125892,SJ CORPORATION,504398,,BSE,EQ
UNIABEXAL,129178884,UNI ABEX ALLOY PRODUCTS,504605,,BSE,EQ
BGWTATO,129189380,BHAGWATI AUTOCAST,504646,,BSE,EQ
BOMBWIR,129189892,BOMBAY WIRE ROPES,504648,,BSE,EQ
CHASBRT,129195780,CHASE BRIGHT STEEL,504671,,BSE,EQ
AZADIND,129211140,AZAD INDIA MOBILITY,504731,,BSE,EQ
INLCM,129214980,INDIAN LINK CHAIN MANUFACTURES,504746,,BSE,EQ
INVPRECQ,129225220,INVESTMENT & PRECISION CASTING,504786,,BSE,EQ
INFORTEC,129231364,INFORMED TECHNOLOGIES INDIA LT,504810,,BSE,EQ
KAIRA,129239044,KAIRA CAN CO.LTD.,504840,,BSE,EQ
NATIONSTD,129249796,NATIONAL STANDARD (INDIA),504882,,BSE,EQ
RATHIST,129255172,RATHI STEEL & POWER,504903,,BSE,EQ
DUNCANENG,129256452,DUNCAN ENGINEERING ,504908,,BSE,EQ
STOVACQ,129269508,STOVEC INDUSTRIES,504959,,BSE,EQ
ZWELCAST,129276932,WELCAST STEELS,504988,,BSE,EQ
WMINIMT,129279492,WESTERN MINISTIL,504998,,BSE,EQ
AUTOPRD,129288196,AUTOMOBILE PRODUCTS OF INDIA L,505032,,BSE,EQ
ACGL,129289220,AUTOMOBILE CORPORATION OF GOA,505036,,BSE,EQ
INRADIA,129305604,INDIA RADIATORS,505100,,BSE,EQ
ZFSTEERING,129321732,Z.F.STEERING GEAR (INDIA),505163,,BSE,EQ
JAINEX,129334276,JAINEX AAMCOL,505212,,BSE,EQ
ALFREDHE,129335300,ALFRED HERBERT (INDIA),505216,,BSE,EQ
VELJAN,129339396,VELJAN DENISON,505232,,BSE,EQ
GGDPROP,129344004,G. G. DANDEKAR PROPERTIES LIMI,505250,,BSE,EQ
TULIVE,129352964,TULIVE DEVELOPERS,505285,,BSE,EQ
KPT,129356548,KPT INDUSTRIES,505299,,BSE,EQ
LAKSHMIEW,129357316,LAKSHMI ENGINEERING AND WAREHO,505302,,BSE,EQ
LYNMC,129361924,LYNX MACHINERY & COMMERCIALS L,505320,,BSE,EQ
MANUGRAPH,129362948,MANUGRAPH INDIA,505324,,BSE,EQ
HARSHILAGR,129366020,HARSHIL AGROTECH,505336,,BSE,EQ
MONOT,129367812,MONOTYPE INDIA,505343,,BSE,EQ
INTEGRAEN,129371652,INTEGRA ENGINEERING INDIA,505358,,BSE,EQ
PSITINFRA,129408516,PS IT INFRASTRUCTURE & SERVICE,505502,,BSE,EQ
GHVINFRA,129409028,GHV INFRA PROJECTS,505504,,BSE,EQ
SHYMINV,129411844,SHYAMKAMAL INVESTMENTS,505515,,BSE,EQ
ZHEMHOLD,129413124,HEM HOLDINGS & TRADING,505520,,BSE,EQ
MAHACORP,129413892,MAHARASHTRA CORPORATION,505523,,BSE,EQ
ZKOVALIN,129429764,KOVALAM INVESTMENT & TRADING C,505585,,BSE,EQ
MULTIIN,129432068,MULTIPLUS HOLDINGS,505594,,BSE,EQ
SKYLMILAR,129446404,SKYLINE MILLARS,505650,,BSE,EQ
BIMETAL,129454340,BIMETAL BEARINGS,505681,,BSE,EQ
TAPARIA,129455364,TAPARIA TOOLS,505685,,BSE,EQ
BHARATGEAR,129456132,BHARAT GEARS,505688,,BSE,EQ
BRADYM,129456644,BRADY & MORRIS ENGINEERING CO.,505690,,BSE,EQ
LATIMMETAL,129457412,LA TIM METAL & INDUSTRIES LIMI,505693,,BSE,EQ
DECANBRG,129459972,DECCAN BEARINGS,505703,,BSE,EQ
GRAUWEIL,129461764,GRAUER & WEIL (INDIA),505710,,BSE,EQ
HIMTEK,129462276,HIM TEKNOFORGE,505712,,BSE,EQ
ALGOQUANT,129465604,ALGOQUANT FINTECH,505725,,BSE,EQ
SINGER,129466628,SINGER INDIA,505729,,BSE,EQ
INTLCOMBQ,129468676,INTERNATIONAL COMBUSTION (INDI,505737,,BSE,EQ
JOSTS,129472004,JOSTS ENGINEERING CO.LTD.,505750,,BSE,EQ
MPCOSEMB,129484036,MIPCO SEAMLESS RINGS (GUJARAT),505797,,BSE,EQ
ROLCOEN,129486596,ROLCON ENGINEERING CO.LTD.,505807,,BSE,EQ
SNL,129491716,SNL BEARINGS,505827,,BSE,EQ
JAIPAN,129495044,JAIPAN INDUSTRIES,505840,,BSE,EQ
WPIL,129503236,WPIL,505872,,BSE,EQ
KENNAMET,129507844,KENNAMETAL INDIA,505890,,BSE,EQ
HINDHARD,129508612,HINDUSTAN HARDY,505893,,BSE,EQ
TRITONV,129530372,TRITON VALVES,505978,,BSE,EQ
SUDAI,129536772,SUDAL INDUSTRIES,506003,,BSE,EQ
HVL,129542148,HARIYANA VENTURES,506024,,BSE,EQ
ZPRBHSTE,129546756,PRABHU STEEL INDUSTRIES,506042,,BSE,EQ
ARSHIYA,129554948,ARSHIYA,506074,,BSE,EQ
LAKPRE,129556228,LAKSHMI PRECISION SCREWS,506079,,BSE,EQ
STANROS,129562884,STANROSE MAFATLAL INVESTMENTS,506105,,BSE,EQ
ALNATRD,129566724,ALNA TRADING & EXPORTS,506120,,BSE,EQ
VOLKAI,129567236,KAIROSOFT AI SOLUTIONS ,506122,,BSE,EQ
PARNAXLAB,129568772,PARNAX LAB,506128,,BSE,EQ
GOURMET,129570308,GOURMET GATEWAY INDIA,506134,,BSE,EQ
ISHWATR,129577220,ISHWARSHAKTI HOLDINGS & TRADER,506161,,BSE,EQ
TERRAFORM,129577476,TERRAFORM MAGNUM,506162,,BSE,EQ
APIS,129578500,APIS INDIA,506166,,BSE,EQ
VELOX,129581572,VELOX SHIPPING AND LOGISTICS L,506178,,BSE,EQ
EMERGENT,129582084,EMERGENT INDUSTRIAL SOLUTIONS,506180,,BSE,EQ
GCKL,129583620,GALAXY CLOUD KITCHENS,506186,,BSE,EQ
ZSARVAMA,129584644,SARVAMANGAL MERCANTILE CO.LTD.,506190,,BSE,EQ
SASHWAT,129616132,SASHWAT TECHNOCRATS,506313,,BSE,EQ
CHEMOPH,129629444,CHEMO PHARMA LABORATORIES,506365,,BSE,EQ
FERMENTA,129641988,FERMENTA BIOTECH,506414,,BSE,EQ
JAYCH,129669124,JAYSHREE CHEMICALS,506520,,BSE,EQ
KELENRG,129671172,KELTECH ENERGIES,506528,,BSE,EQ
KEMP,129671684,KEMP & COMPANY,506530,,BSE,EQ
NITTAGELA,129672196,NITTA GELATIN INDIA,506532,,BSE,EQ
MPAGI,129675012,M.P.AGRO INDUSTRIES,506543,,BSE,EQ
AGVENTURES,129684228,AG VENTURES,506579,,BSE,EQ
PBGLOBAL,129684484,PB GLOBAL ,506580,,BSE,EQ
AMAL,129688836,AMAL,506597,,BSE,EQ
POLYCHEM,129690884,POLYCHEM,506605,,BSE,EQ
ZR2,129699844,ZR2 BIOENERGY,506640,,BSE,EQ
SADHNANIQ,129700356,SADHANA NITROCHEM,506642,,BSE,EQ
TECILCHEM,129710084,TECIL CHEMICALS & HYDRO POWER,506680,,BSE,EQ
ULTRAMAR,129711364,ULTRAMARINE & PIGMENTS,506685,,BSE,EQ
TRANSPEK,129711876,TRANSPEK INDUSTRY,506687,,BSE,EQ
MYSORPETRO,129723908,MYSORE PETRO CHEMICALS,506734,,BSE,EQ
TUTIALKA,129742852,TUTICORIN ALKALI CHEMICALS AND,506808,,BSE,EQ
TANFACIND,129754628,TANFAC INDUSTRIES,506854,,BSE,EQ
GUJPETR,129755652,GUJARAT PETROSYNTHESE,506858,,BSE,EQ
SWADEIN,129756932,SWADESHI INDUSTRIES LEASING CO,506863,,BSE,EQ
MASCH,129757956,MASTER CHEMICALS,506867,,BSE,EQ
SCBL,129767940,SAPTAK CHEM AND BUSINESS LIMIT,506906,,BSE,EQ
MAKERSL,129771268,MAKERS LABORATORIES,506919,,BSE,EQ
CONTCHM,129775364,CONTINENTAL CHEMICALS,506935,,BSE,EQ
IGLFXPL-B,129777924,INDO GULF INDUSTRIES,506945,,BSE,EQ
ADVPETR-B,129778436,ADVANCE PETROCHEMICALS,506947,,BSE,EQ
RAJSPTR,129785604,RAJASTHAN PETRO SYNTHETICS,506975,,BSE,EQ
APTPACK,129786628,APT PACKAGING,506979,,BSE,EQ
BLUECHIPT,129787140,BLUE CHIP TEX INDUSTRIES,506981,,BSE,EQ
JAGAJITIND,129831684,JAGATJIT INDUSTRIES,507155,,BSE,EQ
KESARENT,129838084,KESAR ENTERPRISES,507180,,BSE,EQ
EMERALL,129859844,EMERALD LEISURES ,507265,,BSE,EQ
RAVALSUGAR,129868804,THE RAVALGAON SUGAR FARM LIMIT,507300,,BSE,EQ
KFBL,129913348,KOTHARI FERMENTATION & BIOCHEM,507474,,BSE,EQ
CAPRO,129916420,CAPROLACTAM CHEMICALS,507486,,BSE,EQ
PICCASUG,129919492,PICCADILY SUGAR & ALLIED INDUS,507498,,BSE,EQ
CJGEL,129923844,C.J.GELATINE PRODUCTS,507515,,BSE,EQ
THAKKERS,129927684,THAKKERS GROUP,507530,,BSE,EQ
CORAGRO,129931012,COROMANDEL AGRO PRODUCTS & OIL,507543,,BSE,EQ
KLRFM,129945092,KOVILPATTI LAKSHMI ROLLER FLOU,507598,,BSE,EQ
OLYOI,129947908,OLYMPIC OIL INDUSTRIES,507609,,BSE,EQ
MLKFOOD,129950980,MILKFOOD,507621,,BSE,EQ
POLSON,129957124,POLSON,507645,,BSE,EQ
SIGNGCL,129961732,SIGNATURE GREEN CORPORATION LI,507663,,BSE,EQ
ORIBEVER,129968644,ORIENT BEVERAGES,507690,,BSE,EQ
TGVSL,129984772,TGV SRAAC ,507753,,BSE,EQ
LIMECHM,129986308,LIME CHEMICALS,507759,,BSE,EQ
UNTTEMI,129998852,UNITED LEASING & INDUSTRIES LT,507808,,BSE,EQ
NOL,130000132,NATIONAL OXYGEN,507813,,BSE,EQ
WIREFABR,130001156,WIRES & FABRIKS (SA),507817,,BSE,EQ
ANSALHSG,130003972,ANSAL HOUSING,507828,,BSE,EQ
COMPUPN,130005252,COMPUTER POINT,507833,,BSE,EQ
MCCHRLS-B,130006020,MAC CHARLES (INDIA),507836,,BSE,EQ
ADDIND,130010116,ADDI INDUSTRIES,507852,,BSE,EQ
PIONRINV,130013188,PIONEER INVESTCORP,507864,,BSE,EQ
ASHNOOR,130015236,ASHNOOR TEXTILE MILLS,507872,,BSE,EQ
LKPFIN,130025476,LKP FINANCE,507912,,BSE,EQ
EASTBUILD,130026756,EAST BUILDTECH,507917,,BSE,EQ
MNPLFIN,130032132,MANIPAL FINANCE CORPORATION LT,507938,,BSE,EQ
BAJAJST,130033668,BAJAJ STEEL INDUSTRIES,507944,,BSE,EQ
KIDUJA,130034180,KIDUJA INDIA,507946,,BSE,EQ
KEYCORP,130034692,KEY CORP,507948,,BSE,EQ
SHIKHARLETR,130035716,SHIKHAR LEASING & TRADING,507952,,BSE,EQ
GUJHOTE,130037764,GUJARAT HOTELS,507960,,BSE,EQ
FYNX,130038276,FYNX CAPITAL,507962,,BSE,EQ
RASRESOR,130039300,RAS RESORTS & APART HOTELS,507966,,BSE,EQ
JOLYPLS,130039812,JOLLY PLASTIC INDUSTRIES,507968,,BSE,EQ
PARMCOS-B,130040324,PARAMOUNT COSMETICS (INDIA) LT,507970,,BSE,EQ
JINDHOT,130043140,JINDAL HOTELS,507981,,BSE,EQ
SERIND,130043908,SER INDUSTRIES,507984,,BSE,EQ
JPTRLES,130044676,JUPITER INDUSTRIES & LEASING L,507987,,BSE,EQ
SIMMOND,130047492,SIMMONDS MARSHALL,507998,,BSE,EQ
BNALTD,130082820,B & A,508136,,BSE,EQ
HAWKINCOOK,130172420,HAWKINS COOKERS,508486,,BSE,EQ
WARRENTEA,130174468,WARREN TEA,508494,,BSE,EQ
COCHMAL,130194180,COCHIN MALABAR ESTATES & INDUS,508571,,BSE,EQ
BESTEAST,130217988,BEST EASTERN HOTELS,508664,,BSE,EQ
NEAGI,130219524,NEELAMALAI AGRO INDUSTRIES,508670,,BSE,EQ
ISTLTD,130254596,IST,508807,,BSE,EQ
DIAMANT,130268164,DIAMANT INFRASTRUCTURE,508860,,BSE,EQ
NEWMKTADV,130269956,NEW MARKETS ADVISORY,508867,,BSE,EQ
NITINCAST,130272004,NITIN CASTINGS ,508875,,BSE,EQ
NEXOME,130279684,NEXOME CAPITAL MARKETS,508905,,BSE,EQ
IRONWOOD,130283012,IRONWOOD EDUCATION,508918,,BSE,EQ
MSRINDIA,130284036,MSR INDIA,508922,,BSE,EQ
AIRLTD,130285828,AVISHKAR INFRA REALTY,508929,,BSE,EQ
PANCARBON,130288900,PANASONIC CARBON INDIA CO.LTD.,508941,,BSE,EQ
HBLEAS,130292740,HB LEASING & FINANCE CO.LTD.,508956,,BSE,EQ
SHRICON,130294020,SHRICON INDUSTRIES,508961,,BSE,EQ
TRUSTWAVE,130294532,TRUSTWAVE SECURITIES,508963,,BSE,EQ
SULABEN,130296068,SULABH ENGINEERS & SERVICES LT,508969,,BSE,EQ
FRONTCAP,130298884,FRONTIER CAPITAL,508980,,BSE,EQ
KEDIACN,130302212,KEDIA CONSTRUCTION CO.LTD.,508993,,BSE,EQ
TRANOCE,130304772,TRANSOCEANIC PROPERTIES,509003,,BSE,EQ
THAKRAL,130307844,THAKRAL SERVICES (INDIA),509015,,BSE,EQ
GOLDLEG,130310148,GOLDEN LEGAND LEASING & FINANC,509024,,BSE,EQ
VJTFEDU,130310660,VJTF EDUSERVICES,509026,,BSE,EQ
VOLLF,130313732,VOLTAIRE LEASING & FINANCE,509038,,BSE,EQ
NETLINK,130314244,NETLINK SOLUTIONS (INDIA),509040,,BSE,EQ
TRILIANCE,130315780,TRILIANCE POLYMERS,509046,,BSE,EQ
INDINFO,130317060,INDIAN INFOTECH & SOFTWARE,509051,,BSE,EQ
BANASFN,130317572,BANAS FINANCE,509053,,BSE,EQ
INFOMEDIA,130321668,INFOMEDIA PRESS,509069,,BSE,EQ
HATHWAYB,130322692,HATHWAY BHAWANI CABLETEL & DAT,509073,,BSE,EQ
PHOTON,130325508,PHOTON CAPITAL ADVISORS,509084,,BSE,EQ
OSWALEA,130329348,OSWAL LEASING,509099,,BSE,EQ
INDAG,130345476,INDAG RUBBER,509162,,BSE,EQ
MMRUBBR-B,130354180,MM RUBBER COMPANY,509196,,BSE,EQ
SEL,130412292,SANATHNAGAR ENTERPRISES LIMITE,509423,,BSE,EQ
BENARAS,130416132,BENARES HOTELS,509438,,BSE,EQ
BHAGWOX,130418948,BHAGWATI OXYGEN,509449,,BSE,EQ
BOMOXY-B1,130424324,BOMBAY OXYGEN INVESTMENTS LIMI,509470,,BSE,EQ
CRAVATEX,130424836,CRAVATEX,509472,,BSE,EQ
CAPRIHANS,130428420,CAPRIHANS INDIA,509486,,BSE,EQ
EMPIND,130438404,EMPIRE INDUSTRIES,509525,,BSE,EQ
GRAVISSHO,130443780,GRAVISS HOSPITALITY,509546,,BSE,EQ
GARWAMAR,130448132,GARWARE MARINE INDUSTRIES,509563,,BSE,EQ
HARDCAS,130456836,HARDCASTLE & WAUD MFG.CO.LTD.,509597,,BSE,EQ
ZHINDHSG,130470404,HINDUSTAN HOUSING CO.LTD.,509650,,BSE,EQ
KOTIC,130491396,KOTHARI INDUSTRIAL CORPORATION,509732,,BSE,EQ
MODRNSH,130498564,MODERN SHARES & STOCKBROKERS L,509760,,BSE,EQ
MAPROIN,130499076,MAPRO INDUSTRIES,509762,,BSE,EQ
OSEASPR,130504196,OSEASPRE CONSULTANTS,509782,,BSE,EQ
PREMSYN,130517764,PREMIER SYNTHETICS,509835,,BSE,EQ
RJSHAH,130520324,R.J.SHAH & CO.LTD.,509845,,BSE,EQ
SHAHCON,130526724,SHAH CONSTRUCTION CO.LTD.,509870,,BSE,EQ
SINNAR,130531076,SINNAR BIDI UDYOG,509887,,BSE,EQ
HINDMILL,130533124,HINDOOSTAN MILLS,509895,,BSE,EQ
ZSOUTGAS,130536964,SOUTHERN GAS,509910,,BSE,EQ
TECHCON,130538756,TECHNOJET CONSULTANTS,509917,,BSE,EQ
THACKER,130545924,THACKER & CO.LTD.,509945,,BSE,EQ
TRADWIN,130547972,TRADE WINGS,509953,,BSE,EQ
UPHOT,130549764,U.P.HOTELS,509960,,BSE,EQ
SWASTIVI,130622724,SWASTI VINAYAKA SYNTHETICS,510245,,BSE,EQ
MADHUSE,130816004,MADHUSUDAN SECURITIES,511000,,BSE,EQ
YAMNINV,130819076,YAMINI INVESTMENTS COMPANY,511012,,BSE,EQ
PREMCAP,130820100,PREMIER CAPITAL SERVICES,511016,,BSE,EQ
ZMILGFIN,130820612,MILGREY FINANCE & INVESTMENT L,511018,,BSE,EQ
KUSUMEL,130828292,KUSAM ELECTRICAL INDUSTRIES LT,511048,,BSE,EQ
JUMBFNL,130831364,JUMBO FINANCE,511060,,BSE,EQ
SAKTHIFIN,130832900,SAKTHI FINANCE,511066,,BSE,EQ
EASYFIN,130834948,EASY FINCORP,511074,,BSE,EQ
JMDVL,130839556,JMD VENTURES ,511092,,BSE,EQ
TVOLCON,130840580,TIVOLI CONSTRUCTION,511096,,BSE,EQ
VBDESAI,130844164,V.B.DESAI FINANCIAL SERVICES L,511110,,BSE,EQ
QUADRANT,130845700,QUADRANT TELEVENTURES,511116,,BSE,EQ
1STCUS,130847236,FIRST CUSTODIAN FUND (INDIA) L,511122,,BSE,EQ
KAMANWALA,130849540,KAMANWALA HOUSING CONSTRUCTION,511131,,BSE,EQ
AXISOL,130852868,AXIS SOLUTIONS,511144,,BSE,EQ
WSFX,130853636,WSFX GLOBAL PAY ,511147,,BSE,EQ
ANJANIFOODS,130855172,ANJANI FOODS ,511153,,BSE,EQ
RKDAGRRTL,130859268,RKD AGRI AND RETAIL,511169,,BSE,EQ
PARSHWANA,130861060,PARSHWANATH CORPORATION,511176,,BSE,EQ
RAJVI,130863364,RAJVI LOGITRADE,511185,,BSE,EQ
MILLENNIUM,130863876,MILLENNIUM ONLINE SOLUTIONS (I,511187,,BSE,EQ
ICDSLTD,130865668,ICDS,511194,,BSE,EQ
MUNCAPM,130867204,MUNOTH CAPITAL MARKET,511200,,BSE,EQ
BOMTALKIES,130878980,BOMBAY TALKIES,511246,,BSE,EQ
SAGARSYST,130881028,SAGAR SYSTECH,511254,,BSE,EQ
ICONIKSPEV,130882564,ICONIK SPORTS AND EVENTS LIMIT,511260,,BSE,EQ
INDCEMCAP,130906884,INDIA CEMENTS CAPITAL,511355,,BSE,EQ
ADMANUM,130907908,AD-MANUM FINANCE,511359,,BSE,EQ
MEHIF,130912516,MEHTA INTEGRATED FINANCE,511377,,BSE,EQ
INTRGLB,130916100,INTER GLOBE FINANCE,511391,,BSE,EQ
MCLTD,130918660,MUNOTH COMMUNICATION,511401,,BSE,EQ
SHRISTI,130921220,SHRISTI INFRASTRUCTURE DEVELOP,511411,,BSE,EQ
GUJCRED,130928900,GUJARAT CREDIT CORPORATION,511441,,BSE,EQ
SYLPH,130930436,SYLPH TECHNOLOGIES,511447,,BSE,EQ
DHARFIN,130931460,DHARANI FINANCE,511451,,BSE,EQ
ALEXANDER,130934532,ALEXANDER STAMPS AND COIN LIMI,511463,,BSE,EQ
SHRYDUS,130942212,SHRYDUS INDUSTRIES,511493,,BSE,EQ
BHARAT,130944260,BHARAT BHUSHAN FINANCE & COMMO,511501,,BSE,EQ
USHAKIRA,130945796,USHAKIRAN FINANCE,511507,,BSE,EQ
VIVOBIOT,130946308,VIVO BIO TECH,511509,,BSE,EQ
VEERHEALTH,130949892,VEERHEALTH CARE,511523,,BSE,EQ
PANINDIAC,130950404,PAN INDIA CORPORATION,511525,,BSE,EQ
SAHARAHOUS,130952452,SAHARA HOUSINGFINA CORPORATION,511533,,BSE,EQ
NDASEC,130952964,NDA SECURITIES,511535,,BSE,EQ
SUPRATRE,130953988,SUPRA TRENDS ,511539,,BSE,EQ
GSBFIN,130955012,GSB FINANCE,511543,,BSE,EQ
MORARKFI,130956548,MORARKA FINANCE,511549,,BSE,EQ
PROFINC,130958596,PRO FIN CAPITAL SERVICES,511557,,BSE,EQ
TEAMGTY,130959108,TEAM INDIA GUARANTY,511559,,BSE,EQ
SANCF,130960132,SANCHAY FINVEST,511563,,BSE,EQ
SODFC,130962180,SOM DATT FINANCE CORPORATION L,511571,,BSE,EQ
SAVFI,130963716,SAVANI FINANCIALS,511577,,BSE,EQ
BEFOUNDMOL,130965764,BEFOUND MOVEMENT,511585,,BSE,EQ
LIBORDFIN,130967812,LIBORD FINANCE,511593,,BSE,EQ
YASHMGM,130969860,YASH MANAGEMENT & SATELLITE LT,511601,,BSE,EQ
ISLCONSUL,130971908,ISL CONSULTING,511609,,BSE,EQ
RRFIN,130976260,RR FINANCIAL CONSULTANTS,511626,,BSE,EQ
FEDDERSHOL,130976772,FEDDERS HOLDING,511628,,BSE,EQ
DUGARHOU,130978308,DUGAR HOUSING DEVELOPMENTS,511634,,BSE,EQ
DJSSS,130978820,DJS STOCK & SHARES,511636,,BSE,EQ
OMEGAIN,130980868,OMEGA INTERACTIVE TECHNOLOGIES,511644,,BSE,EQ
SUGALDAM,130983428,SUGAL & DAMANI SHARE BROKERS L,511654,,BSE,EQ
NETTLINX,130984452,NETTLINX,511658,,BSE,EQ
PREMCAPM,130984964,PREMIUM CAPITAL MARKET & INVES,511660,,BSE,EQ
BGIL,130985988,BGIL FILMS & TECHNOLOGIES,511664,,BSE,EQ
SCANSTL,130988036,SCAN STEELS ,511672,,BSE,EQ
MATHEWE,130992132,MATHEW EASOW RESEARCH SECURITI,511688,,BSE,EQ
AJCON,130993156,AJCON GLOBAL SERVICES,511692,,BSE,EQ
CHRTEDCA,130994180,CHARTERED CAPITAL & INVESTMENT,511696,,BSE,EQ
STANCAP,130995204,STANDARD CAPITAL MARKETS,511700,,BSE,EQ
YOGI,130995716,YOGI,511702,,BSE,EQ
CUBIFIN,130997764,CUBICAL FINANCIAL SERVICES,511710,,BSE,EQ
RELICTEC,130998276,RELIC TECHNOLOGIES,511712,,BSE,EQ
NIMBSPROJ,130998788,NIMBUS PROJECTS,511714,,BSE,EQ
INVIGO,130999300,INVIGORATED BUSINESS CONSULTIN,511716,,BSE,EQ
KZLFIN,131002372,K.Z.LEASING & FINANCE,511728,,BSE,EQ
AVASARA,131002884,AVASARA FINANCE ,511730,,BSE,EQ
PASUFIN,131003908,PASUPATI FINCAP,511734,,BSE,EQ
MEHSECU,131004932,MEHTA SECURITIES,511738,,BSE,EQ
RFL,131005444,RUPAREL FOOD PRODUCTS,511740,,BSE,EQ
SAHLIBHFI,131009028,SHALIBHADRA FINANCE,511754,,BSE,EQ
ABIRAFN,131009540,ABIRAMI FINANCIAL SERVICES (IN,511756,,BSE,EQ
MANSIFIN,131010052,MANSI FINANCE (CHENNAI),511758,,BSE,EQ
SEVENHILL,131010564,SEVEN HILL INDUSTRIES,511760,,BSE,EQ
AASTAFIN,131011588,AASTAMANGALAM FINANCE ,511764,,BSE,EQ
ZNILKENG,131073028,NILKANTH ENGINEERING,512004,,BSE,EQ
SOBME,131075588,SOBHAGYA MERCHANTILE,512014,,BSE,EQ
TTGIL,131076612,TOMORROW TECHNOLOGIES GLOBAL I,512018,,BSE,EQ
ZSARACOM,131077124,SARASWATI COMMERCIAL (INDIA) L,512020,,BSE,EQ
WINROC,131077636,WINRO COMMERCIAL (INDIA),512022,,BSE,EQ
NDMETAL,131078148,N.D.METAL INDUSTRIES,512024,,BSE,EQ
BANGANGA,131078404,BANGANGA PAPER INDUSTRIES LIMI,512025,,BSE,EQ
VEGA,131078660,VEGA JEWELLERS,512026,,BSE,EQ
KAPILCO,131081220,KAPIL COTEX,512036,,BSE,EQ
TCC,131081732,TCC CONCEPT,512038,,BSE,EQ
ROYALIND,131084036,ROYAL INDIA CORPORATION LIMITE,512047,,BSE,EQ
DHANSAFAL,131084292,DHANSAFAL FINSERVE,512048,,BSE,EQ
SHYAM,131087364,VENTURA GUARANTY,512060,,BSE,EQ
ZSANMCOM,131087876,SANMITRA COMMERCIAL,512062,,BSE,EQ
WARDHEALTH,131088132,WARDWIZARD HEALTHCARE,512063,,BSE,EQ
VISVEN,131088388,VISHVPRABHA VENTURES,512064,,BSE,EQ
MRUTR,131088644,MRUGESH TRADING,512065,,BSE,EQ
DECNGOLD,131089412,DECCAN GOLD MINES,512068,,BSE,EQ
NIBEORD,131095300,NIBE ORDNANCE AND MARITIME LIM,512091,,BSE,EQ
CRANESSOFT,131095812,CRANES SOFTWARE INTERNATIONAL,512093,,BSE,EQ
SAICOM,131096836,SAIANAND COMMERCIAL,512097,,BSE,EQ
EY,131097348,EYANTRA VENTURES,512099,,BSE,EQ
TRIPR,131097860,TRIOCHEM PRODUCTS,512101,,BSE,EQ
NIDHGRN,131098372,NIDHI GRANITES,512103,,BSE,EQ
AVIVA,131099908,AVIVA INDUSTRIES,512109,,BSE,EQ
ROSEMER,131101444,ROSE MERC.LTD.,512115,,BSE,EQ
TWIROST,131101956,TWIN ROSES TRADES & AGENCIES L,512117,,BSE,EQ
KAJALSY,131109636,KAJAL SYNTHETICS & SILK MILLS,512147,,BSE,EQ
AVANCE,131110148,AVANCE TECHNOLOGIES,512149,,BSE,EQ
MLINDLTD,131111172,M LAKHAMSI INDUSTRIES,512153,,BSE,EQ
TERRAREAL,131112196,TERRAFORM REALSTATE,512157,,BSE,EQ
ABANSENT,131114244,ABANS ENTERPRISES,512165,,BSE,EQ
CAPRICORN,131115268,CAPRICORN SYSTEMS GLOBAL SOLUT,512169,,BSE,EQ
VAMA,131116804,VAMA INDUSTRIES,512175,,BSE,EQ
BENTCOM,131121924,BENTLEY COMMERCIAL ENTERPRISES,512195,,BSE,EQ
SILVERO,131122436,SILVER OAK COMMERCIAL,512197,,BSE,EQ
CLASELE,131126532,CLASSIC ELECTRICALS,512213,,BSE,EQ
PRISMMEDI,131127556,PRISM MEDICO AND PHARMACY,512217,,BSE,EQ
SPVGLOBAL,131128580,SPV GLOBAL TRADING,512221,,BSE,EQ
VERITAS,131130628,VERITAS (INDIA),512229,,BSE,EQ
JAYTEX,131131652,JAYBHARAT TEXTILES & REAL ESTA,512233,,BSE,EQ
ZNIVITRD,131134724,NIVI TRADING,512245,,BSE,EQ
ASHCAP,131135236,ASHIRWAD CAPITAL,512247,,BSE,EQ
SVARTCORP,131137796,SWASTI VINAYAKA ART AND HERITA,512257,,BSE,EQ
BAJGLOB,131138820,BAJAJ GLOBAL,512261,,BSE,EQ
AVONMERC,131139844,AVON MERCANTILE,512265,,BSE,EQ
MMWL,131140356,MEDIA MATRIX WORLDWIDE,512267,,BSE,EQ
TASHIND,131141380,TASHI INDIA,512271,,BSE,EQ
AUTOINT,131142916,AUTORIDERS INTERNATIONAL,512277,,BSE,EQ
NNTL,131143428,N2N TECHNOLOGIES,512279,,BSE,EQ
ZSPEEDCO,131146500,SPEEDAGE COMMERCIALS,512291,,BSE,EQ
SHANTAI,131148036,SHANTAI INDUSTRIES ,512297,,BSE,EQ
CHMBBRW,131149060,CHAMBAL BREWERIES & DISTILLERI,512301,,BSE,EQ
ZMANSOON,131149572,MANSOON TRADING CO.LTD.,512303,,BSE,EQ
ARAVALIS,131160068,ARAVALI SECURITIES & FINANCE L,512344,,BSE,EQ
YASTF,131160324,YASH TRADING & FINANCE,512345,,BSE,EQ
CUPIDALBV,131164420,CUPID BREWERIES AND DISTILLERI,512361,,BSE,EQ
ZSHERAPR,131165956,SHERATON PROPERTIES & FINANCE,512367,,BSE,EQ
MAGANTR,131168516,MAGNANIMOUS TRADE & FINANCE LT,512377,,BSE,EQ
CRSL,131169028,CRESSANDA RAILWAY SOLUTIONS LI,512379,,BSE,EQ
SHARDUL,131172612,SHARDUL SECURITIES,512393,,BSE,EQ
SERA,131174148,SERA INVESTMENTS & FINANCE IND,512399,,BSE,EQ
BENGALS,131175428,BENGAL STEEL INDUSTRIES,512404,,BSE,EQ
IPOWER,131175684,I-POWER SOLUTIONS INDIA,512405,,BSE,EQ
UNIWSEC,131176452,UNIWORTH SECURITIES,512408,,BSE,EQ
MERCTRD,131178244,MERCURY TRADE LINKS,512415,,BSE,EQ
NIRAVCOM,131180804,NIRAV COMMERCIALS,512425,,BSE,EQ
WHITHAL,131182340,WHITE HALL COMMERCIAL CO.LTD.,512431,,BSE,EQ
ASUTENT,131182852,ASUTOSH ENTERPRISES,512433,,BSE,EQ
APOLLOFI,131183876,APOLLO FINVEST (INDIA),512437,,BSE,EQ
ESQRMON,131184388,ESQUIRE MONEY GUARANTEES,512439,,BSE,EQ
ENBETRD,131184900,ENBEE TRADE &AMP; FINANCE,512441,,BSE,EQ
GANONPRO,131185412,GANON PRODUCTS ,512443,,BSE,EQ
DEVITRD,131185924,DEVINSU TRADING,512445,,BSE,EQ
SHRJAGP,131187972,SHRI JAGDAMBA POLYMERS,512453,,BSE,EQ
PUNCTRD,131190020,PUNCTUAL TRADING,512461,,BSE,EQ
BETXIND,131194116,BETEX INDIA,512477,,BSE,EQ
VIRYA,131194628,VIRYA RESOURCES,512479,,BSE,EQ
POLYTEX,131195140,POLYTEX INDIA,512481,,BSE,EQ
DHANCOT,131196164,DHANLAXMI COTEX,512485,,BSE,EQ
OASISEC,131197188,OASIS SECURITIES,512489,,BSE,EQ
GARNETINT,131198212,GARNET INTERNATIONAL,512493,,BSE,EQ
SHALPRO,131199748,SHALIMAR PRODUCTIONS,512499,,BSE,EQ
MEENST,131201284,MEENAKSHI STEEL INDUSTRIES,512505,,BSE,EQ
VARUNME,131202820,VARUN MERCANTILE,512511,,BSE,EQ
VINVANI,131204356,VINAYAK VANIJYA,512517,,BSE,EQ
SUPER,131206916,SUPER SALES INDIA,512527,,BSE,EQ
NEELKANTH,131216644,NEELKANTH,512565,,BSE,EQ
ZODJRDMKJ,131222276,ZODIAC-JRD-MKJ,512587,,BSE,EQ
SITAENT,131222788,SITA ENTERPRISES,512589,,BSE,EQ
PULSRIN,131223300,PULSAR INTERNATIONAL,512591,,BSE,EQ
MANBRO,131224324,MANBRO INDUSTRIES ,512595,,BSE,EQ
ASTALLTD,131225604,ASTAL LABORATORIES,512600,,BSE,EQ
HARIAEXPO,131226628,HARIA EXPORTS,512604,,BSE,EQ
RLF,131230212,RLF,512618,,BSE,EQ
REGENTRP,131231748,REGENT ENTERPRISES ,512624,,BSE,EQ
SAVERA,131234308,SAVERA INDUSTRIES,512634,,BSE,EQ
CHROME,131329284,CHROME SILICON ,513005,,BSE,EQ
ZJEETMAC,131331076,JEET MACHINE TOOLS,513012,,BSE,EQ
ZHINUDYP,131337988,HINDUSTHAN UDYOG,513039,,BSE,EQ
REMIEDEL,131339012,REMI EDELSTAHL TUBULARS LIMITE,513043,,BSE,EQ
GSAUTO,131343108,G.S.AUTO INTERNATIONAL,513059,,BSE,EQ
TRANSFRE,131344132,TRANS-FREIGHT CONTAINERS,513063,,BSE,EQ
AMFORG,131357956,AMFORGE INDUSTRIES,513117,,BSE,EQ
ONIXSOLAR,131358468,ONIX SOLAR ENERGY,513119,,BSE,EQ
ACROW,131366148,ACROW INDIA,513149,,BSE,EQ
STLSTRINF,131372292,STEEL STRIPS INFRASTRUCTURES L,513173,,BSE,EQ
JAYUSH,131392516,JAY USHIN,513252,,BSE,EQ
IMEC,131403524,IMEC SERVICES,513295,,BSE,EQ
MDRNSTL,131405572,MODERN STEELS,513303,,BSE,EQ
GOLKONDA,131407108,GOLKONDA ALUMINIUM EXTRUSIONS,513309,,BSE,EQ
GUJTLRM,131414276,GUJARAT TOOLROOM,513337,,BSE,EQ
GFSTEELS,131415812,GRAND FOUNDRY,513343,,BSE,EQ
COCHINM,131418372,COCHIN MINERALS & RUTILE,513353,,BSE,EQ
INDIAHOMES,131420420,INDIA HOMES ,513361,,BSE,EQ
KVFORGE,131422468,KRISHANVEER FORGE,513369,,BSE,EQ
VALLABHSQ,131429636,VALLABH STEELS,513397,,BSE,EQ
ASHIS,131430660,ASHIANA ISPAT,513401,,BSE,EQ
PMTELELIN,131431172,P.M.TELELINNKS,513403,,BSE,EQ
SMFIL,131435012,SMITHS & FOUNDERS (INDIA) LIMI,513418,,BSE,EQ
BLOIN,131436036,BLOOM INDUSTRIES,513422,,BSE,EQ
MAITRI,131438084,MAITRI ENTERPRISES ,513430,,BSE,EQ
ELANGO,131443716,ELANGO INDUSTRIES,513452,,BSE,EQ
KANSHST,131444740,KANISHK STEEL INDUSTRIES,513456,,BSE,EQ
MAHALXSE,131445764,MAHALAXMI SEAMLESS,513460,,BSE,EQ
SIMPLEXCAS,131448836,SIMPLEX CASTINGS,513472,,BSE,EQ
SSWRL,131452932,SHREE STEEL WIRE ROPES,513488,,BSE,EQ
SIZEMASTER,131454980,SIZEMASTERS TECHNOLOGY,513496,,BSE,EQ
SOUTHMG,131455492,SOUTHERN MAGNESIUM & CHEMICALS,513498,,BSE,EQ
BAROEXT,131456516,BARODA EXTRUSION,513502,,BSE,EQ
GUJCONT,131457796,GUJARAT CONTAINERS,513507,,BSE,EQ
PANCHMAHQ,131458820,PANCHMAHAL STEEL,513511,,BSE,EQ
ADITYA,131459332,ADITYA ISPAT,513513,,BSE,EQ
GLITTEKG,131463172,GLITTEK GRANITES,513528,,BSE,EQ
PRADPME,131464196,PRADEEP METALS,513532,,BSE,EQ
GNRL,131465220,GUJARAT NATURAL RESOURCES LIMI,513536,,BSE,EQ
TNSTLTU,131466244,TAMILNADU STEEL TUBES,513540,,BSE,EQ
MSCTC,131467268,MARDIA SAMYOUNG CAPILLARY TUBE,513544,,BSE,EQ
SHRDAIS,131468292,SHARDA ISPAT,513548,,BSE,EQ
MAHASTEEL,131469828,MAHAMAYA STEEL INDUSTRIES,513554,,BSE,EQ
NOVIS,131472900,NOVA IRON & STEEL,513566,,BSE,EQ
STERPOW,131475204,STERLING POWERGENSYS,513575,,BSE,EQ
FFPL,131476228,FOUNDRY FUEL PRODUCTS,513579,,BSE,EQ
TULSYAN,131489028,TULSYAN NEC,513629,,BSE,EQ
AXELPOLY,131492356,AXEL POLYMERS,513642,,BSE,EQ
SPECTRA,131503876,SPECTRA INDUSTRIES,513687,,BSE,EQ
KAJARIR,131505412,KIC METALIKS,513693,,BSE,EQ
SOLIDSTON,131506948,SOLID STONE COMPANY,513699,,BSE,EQ
SHILGRAVQ,131509508,SHILP GRAVURES,513709,,BSE,EQ
WHITEORG,131510532,WHITE ORGANIC AGRO ,513713,,BSE,EQ
MFSINTRCRP,131512580,MFS INTERCORP,513721,,BSE,EQ
RUDRAECO,131586564,RUDRA ECOVATION,514010,,BSE,EQ
RAJKSYN,131591172,RAJKAMAL SYNTHETICS,514028,,BSE,EQ
DEEPAKSP,131591684,DEEPAK SPINNERS,514030,,BSE,EQ
NEWTRAC,131599364,NEWTRAC FOODS & BEVERAGES LIMI,514060,,BSE,EQ
PBMPOLY,131606276,PBM POLYTEX,514087,,BSE,EQ
ADINATH,131612932,ADINATH TEXTILES,514113,,BSE,EQ
KONARKSY,131616772,KONARK SYNTHETIC,514128,,BSE,EQ
SURYALA,131619332,SURYALATA SPINNING MILLS,514138,,BSE,EQ
SURYVANSP,131619844,SURYAVANSHI SPINNING MILLS,514140,,BSE,EQ
INDIANACRY,131626244,INDIAN ACRYLICS,514165,,BSE,EQ
CEETAIN,131627780,CEETA INDUSTRIES,514171,,BSE,EQ
RISHYRN,131629316,RISHAB SPECIAL YARNS,514177,,BSE,EQ
BLACKROSE,131630852,BLACK ROSE INDUSTRIES,514183,,BSE,EQ
STCORP,131634436,S&T CORPORATION,514197,,BSE,EQ
SUMEETINDS,131638020,SUMEET INDUSTRIES,514211,,BSE,EQ
KLIFESTYL,131640580,K-LIFESTYLE & INDUSTRIES LIMIT,514221,,BSE,EQ
RAMGOPOLY,131641092,RAMGOPAL POLYTEX,514223,,BSE,EQ
TTLEL,131644420,TTL ENTERPRISES,514236,,BSE,EQ
MKVENTURES,131644932,MKVENTURES CAPITAL,514238,,BSE,EQ
KUSHIND,131645444,KUSH INDUSTRIES ,514240,,BSE,EQ
SRECR,131647492,SREECHEM RESINS,514248,,BSE,EQ
SURBHIN,131650564,SURBHI INDUSTRIES,514260,,BSE,EQ
SEASONST,131651588,SEASONS TEXTILES,514264,,BSE,EQ
ZENIFIB,131652100,ZENITH FIBRES,514266,,BSE,EQ
BHILSPIN,131653636,BHILWARA SPINNERS,514272,,BSE,EQ
VGL,131654148,VARVEE GLOBAL,514274,,BSE,EQ
SANTETX,131655684,SANRHEA TECHNICAL TEXTILES,514280,,BSE,EQ
VIPPYSP,131661316,VIPPY SPINPRO,514302,,BSE,EQ
JAIHINDS,131663876,JAIHIND SYNTHETICS,514312,,BSE,EQ
RAGHUSYN,131664900,RAGHUVIR SYNTHETICS,514316,,BSE,EQ
JATTAINDUS,131665412,JATTASHANKAR INDUSTIES,514318,,BSE,EQ
KAMADGIRI,131666436,KAMADGIRI FASHION,514322,,BSE,EQ
OMNITEX,131666948,OMNITEX INDUSTRIES (INDIA),514324,,BSE,EQ
PATSPINLTD,131667460,PATSPIN INDIA,514326,,BSE,EQ
ONEGLOBAL,131668484,ONE GLOBAL SERVICE PROVIDER LI,514330,,BSE,EQ
NEOINFRA,131668996,NEO INFRACON,514332,,BSE,EQ
GENESIS,131670020,GENESIS IBRC INDIA,514336,,BSE,EQ
WINSOME,131673092,WINSOME YARNS,514348,,BSE,EQ
EVERFIN,131675652,EVERLON FINANCIALS,514358,,BSE,EQ
KRRAIL,131676164,K&R RAIL ENGINEERING,514360,,BSE,EQ
YARNSYN,131680772,YARN SYNDICATE,514378,,BSE,EQ
GUJCOTEX,131682820,GUJARAT COTEX,514386,,BSE,EQ
GARWSYN,131686404,GARWARE SYNTHETICS,514400,,BSE,EQ
ECOHOTELS,131686916,ECO HOTELS AND RESORTS,514402,,BSE,EQ
SARUPINDUS,131689476,SARUP INDUSTRIES,514412,,BSE,EQ
OXFORDIN,131689988,OXFORD INDUSTRIES,514414,,BSE,EQ
HINDADH,131693572,HINDUSTAN ADHESIVES,514428,,BSE,EQ
BPAGRI,131696644,BLUE PEARL AGRIVENTURES LIMITE,514440,,BSE,EQ
SRIKPRIND,131697156,SRI KPR INDUSTRIES,514442,,BSE,EQ
LSIND,131698180,LS INDUSTRIES,514446,,BSE,EQ
JYOTIRES,131698692,JYOTI RESINS & ADHESIVES,514448,,BSE,EQ
SOUTLAT,131700228,SOUTHERN LATEX,514454,,BSE,EQ
OSWAYRN,131701764,OSWAL YARNS,514460,,BSE,EQ
WINSOMTX,131704324,WINSOME TEXTILE INDUSTRIES,514470,,BSE,EQ
MODINSU,131842052,MODERN INSULATORS,515008,,BSE,EQ
SEKURITIND,131851012,SAINT-GOBAIN SEKURIT INDIA,515043,,BSE,EQ
MADHUDIN,131855108,MADHUSUDAN INDUSTRIES,515059,,BSE,EQ
RESTILE,131861764,RESTILE CERAMICS,515085,,BSE,EQ
RAMASIGNS,131872516,RAMASIGNS INDUSTRIES ,515127,,BSE,EQ
HALDYNGL,131877636,HALDYN GLASS,515147,,BSE,EQ
DUROPLY,132096772,DUROPLY INDUSTRIES,516003,,BSE,EQ
AGIOPAPER,132101124,AGIO PAPER & INDUSTRIES,516020,,BSE,EQ
TAHMARENT,132104196,TAHMAR ENTERPRISES,516032,,BSE,EQ
SOMAPPR,132105732,SOMA PAPERS & INDUSTRIES,516038,,BSE,EQ
NATPLY,132111876,NATIONAL PLYWOOD INDUSTRIES LT,516062,,BSE,EQ
JUMBO,132115972,JUMBO BAG,516078,,BSE,EQ
SANPA,132120580,SANGAL PAPERS,516096,,BSE,EQ
VENTURA,132121092,VENTURA TEXTILES,516098,,BSE,EQ
SHKARTP,132123140,SHREE KARTHIK PAPERS,516106,,BSE,EQ
STHINPA,132123652,SOUTH INDIA PAPER MILLS,516108,,BSE,EQ
FAMILYCARE,132124164,FAMILY CARE HOSPITALS,516110,,BSE,EQ
RIR,132360964,RIR POWER ELECTRONICS,517035,,BSE,EQ
IDM,132363268,INTERNATIONAL DATA MANAGEMENT,517044,,BSE,EQ
JETKINGQ,132368132,JETKING INFOTRAIN,517063,,BSE,EQ
INDAGIV,132371716,IND-AGIV COMMERCE,517077,,BSE,EQ
APLAB,132376580,APLAB,517096,,BSE,EQ
PCS,132382468,PCS TECHNOLOGY,517119,,BSE,EQ
SPELS,132394500,SPEL SEMICONDUCTOR,517166,,BSE,EQ
EDVENSWA,132395524,EDVENSWA ENTERPRISES ,517170,,BSE,EQ
PERVASIVE,132396036,PERVASIVE COMMODITIES ,517172,,BSE,EQ
SWITCHTE,132403460,SWITCHING TECHNOLOGIES GUNTHER,517201,,BSE,EQ
DIGISPICE,132406788,DIGISPICE TECHNOLOGIES,517214,,BSE,EQ
CALCOM,132412420,CALCOM VISION,517236,,BSE,EQ
DYNAVSN,132412932,DYNAVISION,517238,,BSE,EQ
BCCFUBA,132414980,BCC FUBA INDIA,517246,,BSE,EQ
PRECISIO,132418052,PRECISION ELECTRONICS,517258,,BSE,EQ
FINELINE,132419588,FINE-LINE CIRCUITS,517264,,BSE,EQ
RNITAI,132425220,RNIT AI SOLUTIONS,517286,,BSE,EQ
GUJARATPOLY,132425732,GUJARAT POLY ELECTRONICS LIMIT,517288,,BSE,EQ
MAGNUS,132433924,MAGNUS STEEL AND INFRA,517320,,BSE,EQ
CMICABLES,132436484,CMI,517330,,BSE,EQ
MODMA,132438020,MODERN MALLEABLES,517336,,BSE,EQ
ACIIN,132443140,ACI INFOCOM,517356,,BSE,EQ
SBECSYS,132444164,SBEC SYSTEMS (INDIA),517360,,BSE,EQ
INCAP,132446724,INCAP,517370,,BSE,EQ
GUJINTRX,132447236,GUJARAT INTRUX,517372,,BSE,EQ
VINTRON,132452612,VINTRON INFORMATICS,517393,,BSE,EQ
PANELEC,132453636,PAN ELECTRONICS INDIA,517397,,BSE,EQ
VXLINSTR,132454148,VXL INSTRUMENTS,517399,,BSE,EQ
LEENEE,132458244,LEE & NEE SOFTWARES (EXPORTS),517415,,BSE,EQ
PATELSAI,132458756,PATELS AIRTEMP (INDIA),517417,,BSE,EQ
INTEGSW,132460292,INTEGRA SWITCHGEAR,517423,,BSE,EQ
ATHENAGLO,132461828,ATHENA GLOBAL TECHNOLOGIES LIM,517429,,BSE,EQ
NARMP,132462340,NARMADA MACPLAST DRIP IRRIGATI,517431,,BSE,EQ
DUTRON,132463876,DUTRON POLYMERS,517437,,BSE,EQ
MAGNAELQ,132466948,MAGNA ELECTRO CASTINGS,517449,,BSE,EQ
MARSONS,132471556,MARSONS,517467,,BSE,EQ
ELNET,132474116,ELNET TECHNOLOGIES,517477,,BSE,EQ
ACCEL,132478468,ACCEL,517494,,BSE,EQ
DHINDIA,132483588,D&H INDIA,517514,,BSE,EQ
ALFATRAN,132491780,ALFA TRANSFORMERS,517546,,BSE,EQ
NHCFOODS,132493828,NHC FOODS,517554,,BSE,EQ
PVP,132494340,PVP VENTURES,517556,,BSE,EQ
TRIGYN,132495876,TRIGYN TECHNOLOGIES,517562,,BSE,EQ
CLENON,132496388,CLENON ENTERPRISES,517564,,BSE,EQ
KEERTHI,132610820,KEERTHI INDUSTRIES,518011,,BSE,EQ
SRICC,132621572,SRI CHAKRA CEMENT ,518053,,BSE,EQ
SURAJ,132627204,SURAJ PRODUCTS,518075,,BSE,EQ
MODINATUR,132864772,MODI NATURALS,519003,,BSE,EQ
PRSNTIN,132867588,PRASHANT INDIA,519014,,BSE,EQ
SHAHFOOD,132871940,SHAH FOODS,519031,,BSE,EQ
ZKHANDEN,132880388,KHANDELWAL EXTRACTION,519064,,BSE,EQ
RITESHIN,132888836,RITESH INTERNATIONAL,519097,,BSE,EQ
VADILENT,132902916,VADILAL ENTERPRISES,519152,,BSE,EQ
ASHAI,132908548,ASHIANA AGRO INDUSTRIES,519174,,BSE,EQ
RGRL,132912900,RETRO GREEN REVOLUTION ,519191,,BSE,EQ
WILLIMFI,132918788,WILLIAMSON FINANCIAL SERVICES,519214,,BSE,EQ
AJANTSOY,132919300,AJANTA SOYA,519216,,BSE,EQ
KISAAN,132922884,KISAAN PARIVAR INDUSTRIES LIMI,519230,,BSE,EQ
SIEL,132923908,SUPERIOR INDUSTRIAL ENTERPRISE,519234,,BSE,EQ
SPTRSHI,132924932,SAPTARISHI AGRO INDUSTRIES,519238,,BSE,EQ
SRDAPRT,132925956,SARDA PROTEINS,519242,,BSE,EQ
SANWARIA,132930564,SANWARIA CONSUMER,519260,,BSE,EQ
PRIMAGR,132931076,PRIMA AGRO,519262,,BSE,EQ
MADHURIND,132935428,MADHUR INDUSTRIES,519279,,BSE,EQ
TARAI,132936964,TARAI FOODS,519285,,BSE,EQ
MODAIRY,132937476,MODERN DAIRIES,519287,,BSE,EQ
BAMBINO,132939524,BAMBINO AGRO INDUSTRIES,519295,,BSE,EQ
PRIMIND,132940548,PRIME INDUSTRIES,519299,,BSE,EQ
VIKASWSP,132942596,VIKAS WSP,519307,,BSE,EQ
VSFPROJ,132948740,VSF PROJECTS,519331,,BSE,EQ
BANSTEA,132954372,BANSISONS TEA INDUSTRIES,519353,,BSE,EQ
POONADAL,132955908,POONA DAL & OIL INDUSTRIES,519359,,BSE,EQ
TRANSFD,132957956,TRANSGLOBE FOODS,519367,,BSE,EQ
SHINDL,132965636,SHARAT INDUSTRIES,519397,,BSE,EQ
DATIWARE,132969732,DATIWARE MARITIME INFRA LIMITE,519413,,BSE,EQ
KMGMILK,132970244,KMG MILK FOOD,519415,,BSE,EQ
KSE,132971780,KSE,519421,,BSE,EQ
PIONAGR,132976388,PIONEER AGRO EXTRACTS,519439,,BSE,EQ
NARBADA,132980484,NARBADA GEMS AND JEWELLERY,519455,,BSE,EQ
VIRATCRA,132980996,VIRAT CRANE INDUSTRIES,519457,,BSE,EQ
IBINFO,132982532,IB INFOTECH ENTERPRISES,519463,,BSE,EQ
AMBARPIL,132984580,AMBAR PROTEIN INDUSTRIES LIMIT,519471,,BSE,EQ
CHORDIA,132985604,CHORDIA FOOD PRODUCTS,519475,,BSE,EQ
CIANAGRO,132986116,CIAN AGRO IND & INFRA,519477,,BSE,EQ
OMEAG,132986628,OMEGA AG-SEEDS (PUNJAB),519479,,BSE,EQ
TAIIND,132987652,TAI INDUSTRIES,519483,,BSE,EQ
BKV,132992004,BKV INDUSTRIES,519500,,BSE,EQ
NCCBLUE,132993540,NCC BLUE WATER PRODUCTS,519506,,BSE,EQ
NORBTEAEXP,132999172,NORBEN TEA & EXPORTS,519528,,BSE,EQ
ASIANTNE,133000196,ASIAN TEA & EXPORTS,519532,,BSE,EQ
SIMRAN,133008900,SIMRAN FARMS,519566,,BSE,EQ
HINDUST,133010948,HINDUSTAN AGRIGENETICS,519574,,BSE,EQ
SURFI,133018628,SURYO FOODS & INDUSTRIES,519604,,BSE,EQ
INTEGFD,133019140,INTEGRATED PROTEINS,519606,,BSE,EQ
LAKESHORE,133020676,LAKE SHORE REALTY,519612,,BSE,EQ
OMAXAUTO,133125380,OMAX AUTOS,520021,,BSE,EQ
JAYBARMARU,133136900,JAY BHARAT MARUTI,520066,,BSE,EQ
SAMKRG,133139204,SAMKRG PISTONS & RINGS,520075,,BSE,EQ
ECSTSTL,133140740,EAST COAST STEEL,520081,,BSE,EQ
SICALLOG,133142020,SICAL LOGISTICS,520086,,BSE,EQ
ARCEEIN,133150980,ARCEE INDUSTRIES,520121,,BSE,EQ
ABCINDQ,133151492,ABC INDIA,520123,,BSE,EQ
BALTE,133152516,BALURGHAT TECHNOLOGIES,520127,,BSE,EQ
COARO,133153540,COASTAL ROADWAYS,520131,,BSE,EQ
SIBARAUT,133156100,SIBAR AUTO PARTS,520141,,BSE,EQ
STARLOG,133159684,STARLOG ENTERPRISES ,520155,,BSE,EQ
SHVSUIT,133376772,SHIVA SUITINGS,521003,,BSE,EQ
TITANIN,133377284,TITAN INTECH,521005,,BSE,EQ
SOMATEX,133384708,SOMA TEXTILES & INDUSTRIES,521034,,BSE,EQ
SOURCEIND,133385220,SOURCE INDUSTRIES (INDIA),521036,,BSE,EQ
ADVLIFE,133388292,ADVANCE LIFESTYLES,521048,,BSE,EQ
KAKTEX,133389828,KAKATIYA TEXTILES,521054,,BSE,EQ
OCTAVE,133391876,PERFECT-OCTAVE MEDIA PROJECTS,521062,,BSE,EQ
HISARSP,133393412,HISAR SPINNING MILLS,521068,,BSE,EQ
PASARI,133396484,PASARI SPINNING MILLS,521080,,BSE,EQ
AMARJOTHI,133400836,AMARJOTHI SPINNING MILLS,521097,,BSE,EQ
OLYMPTX,133402884,OLYMPIA INDUSTRIES,521105,,BSE,EQ
SUDTIND-B,133404932,SUDITI INDUSTRIES,521113,,BSE,EQ
SBFL,133409540,SHREE BHAVYA FABRICS ,521131,,BSE,EQ
GEMSPIN,133410052,GEM SPINNERS INDIA,521133,,BSE,EQ
EUREKAI,133411076,EUREKA INDUSTRIES,521137,,BSE,EQ
ADITYASP,133412100,ADITYA SPINNERS,521141,,BSE,EQ
PRIMEURB,133414148,PRIME URBAN DEVELOPMENT INDIA,521149,,BSE,EQ
DHANFAB,133414660,DHANLAXMI FABRICS,521151,,BSE,EQ
SLSTLQ,133417220,SRI LAKSHMI SARASWATHI TEXTILE,521161,,BSE,EQ
MAXGROW,133418756,MAXGROW INDIA,521167,,BSE,EQ
SRMCL,133421572,SRI RAMAKRISHNA MILLS (COIMBAT,521178,,BSE,EQ
UNITEDTE,133424132,UNITED TEXTILES,521188,,BSE,EQ
SAMTEX,133428740,SAMTEX FASHIONS,521206,,BSE,EQ
CITYMAN,133429764,CITYMAN,521210,,BSE,EQ
DHANROTO,133431300,DHANALAXMI ROTO SPINNERS,521216,,BSE,EQ
SANBLUE,133432836,SANBLUE CORPORATION,521222,,BSE,EQ
UNIROYAL,133433860,UNIROYAL INDUSTRIES,521226,,BSE,EQ
TATIAGLOB,133434372,TATIA GLOBAL VENNTURE,521228,,BSE,EQ
SUNILTX,133435396,SUNIL INDUSTRIES,521232,,BSE,EQ
SRINACHA,133435908,SRI NACHAMMAI COTTON MILLS,521234,,BSE,EQ
BGDL,133436932,BHARAT GLOBAL DEVELOPERS LIMIT,521238,,BSE,EQ
SAMBANDAM,133437444,SAMBANDAM SPINNING MILLS,521240,,BSE,EQ
KANDAGIRI,133437956,KANDAGIRI SPINNING MILLS,521242,,BSE,EQ
MKPMOB,133438468,MKP MOBILITY ,521244,,BSE,EQ
CRANEX,133632260,CRANEX,522001,,BSE,EQ
BATLIBOI,133633028,BATLIBOI,522004,,BSE,EQ
AUSTENG,133633284,AUSTIN ENGINEERING CO.LTD.,522005,,BSE,EQ
FLUIDOM,133636356,FLUIDOMAT,522017,,BSE,EQ
EMAINDIA,133638916,EMA INDIA,522027,,BSE,EQ
MIVENMACH,133641220,MIVEN MACHINE TOOLS,522036,,BSE,EQ
HITECHGEAR,133650692,THE HI-TECH GEARS,522073,,BSE,EQ
UVDRHOR,133655300,UNITED VAN DER HORST,522091,,BSE,EQ
KLBRENG-B,133657860,KILBURN ENGINEERING,522101,,BSE,EQ
BIRLAPREC,133658884,BIRLA PRECISION TECHNOLOGIES L,522105,,BSE,EQ
VOITHPAPR,133663236,VOITH PAPER FABRICS INDIA,522122,,BSE,EQ
ARTSON,133666308,ARTSON,522134,,BSE,EQ
SOLIMAC,133670916,SOLITAIRE MACHINE TOOLS,522152,,BSE,EQ
INDSILHYD,133674244,INDSIL HYDRO POWER AND MANGANE,522165,,BSE,EQ
TMTIND-B1,133675780,TMT (INDIA),522171,,BSE,EQ
ITL,133678852,ITL INDUSTRIES,522183,,BSE,EQ
FRONTSP,133681924,FRONTIER SPRINGS,522195,,BSE,EQ
RASANDIK,133684996,RASANDIK ENGINEERING INDUSTRIE,522207,,BSE,EQ
YOGISUNG,133685508,YOGI SUNG-WON (INDIA),522209,,BSE,EQ
GUJAPOLLO,133687556,GUJARAT APOLLO INDUSTRIES,522217,,BSE,EQ
TANAA,133690628,TANEJA AEROSPACE & AVIATION LT,522229,,BSE,EQ
CONART,133691140,CONART ENGINEERS,522231,,BSE,EQ
MINALIND,133692164,MINAL INDUSTRIES,522235,,BSE,EQ
SHIVAGR,133692676,SHIVAGRICO IMPLEMENTS,522237,,BSE,EQ
IYKOTHITE,133694724,IYKOT HITECH TOOLROOM,522245,,BSE,EQ
CENLUB,133696260,CENLUB INDUSTRIES,522251,,BSE,EQ
VJLAXMIE,133700356,VEEJAY LAKSHMI ENGINEERING WOR,522267,,BSE,EQ
AHMDSTE,133701892,AHMEDABAD STEELCRAFT,522273,,BSE,EQ
GVTD,133702404,GE VERNOVA T&D INDIA ,522275,,BSE,EQ
NMSRESRC,133705988,NMS RESOURCES GLOBAL,522289,,BSE,EQ
CANDOUR,133706756,CANDOUR TECHTEX,522292,,BSE,EQ
TIGLOB,133707268,T & I GLOBAL,522294,,BSE,EQ
BEMHY,133798404,BEMCO HYDRAULICS,522650,,BSE,EQ
ANSALBU,133889796,ANSAL BUILDWELL,523007,,BSE,EQ
BNRSEC,133892868,B.N.RATHI SECURITIES,523019,,BSE,EQ
RISHITECH,133893380,RISHI TECHTEX,523021,,BSE,EQ
ADSDIAG,133895940,ADS DIAGNOSTIC,523031,,BSE,EQ
ZBINTXPP,133901828,BINAYAK TEX PROCESSORS,523054,,BSE,EQ
JJFINCOR,133903876,J.J.FINANCE CORPORATION,523062,,BSE,EQ
COSMOFE,133913604,COSMO FERRITES,523100,,BSE,EQ
CROPSTER,133914884,CROPSTER AGRO,523105,,BSE,EQ
FUTURSEC,133916932,FUTURISTIC SECURITIES,523113,,BSE,EQ
SANCTRN,133917700,SANCO TRANS,523116,,BSE,EQ
ADORMUL,133918724,ADOR MULTIPRODUCTS,523120,,BSE,EQ
MEDICAPQ,133924868,MEDI-CAPS,523144,,BSE,EQ
OTCO,133926660,OTCO INTERNATIONAL,523151,,BSE,EQ
MORGANITE,133928964,MORGANITE CRUCIBLE (INDIA),523160,,BSE,EQ
BAPACK,133935620,B&A PACKAGING INDIA,523186,,BSE,EQ
ABAN,133940228,ABAN OFFSHORE,523204,,BSE,EQ
SRMENERGY,133944836,SRM ENERGY,523222,,BSE,EQ
CONTPTR,133947396,CONTINENTAL PETROLEUMS,523232,,BSE,EQ
NBFOOT,133949956,NB FOOTWEAR,523242,,BSE,EQ
MACPLASQ,133951492,MACHINO PLASTICS,523248,,BSE,EQ
GVFILM,133958916,GV FILMS,523277,,BSE,EQ
RAMAVISION,133961988,RAMA VISION,523289,,BSE,EQ
SHRIGANG,133967108,SHRI GANG INDUSTRIES AND ALLIE,523309,,BSE,EQ
PURITY,133968644,PURITY FLEX PACK,523315,,BSE,EQ
KOVAI,133970692,KOVAI MEDICAL CENTER & HOSPITA,523323,,BSE,EQ
MICROSE,133975812,MICROSE INDIA,523343,,BSE,EQ
STDSHOE,133977860,STANDARD SHOE SOLE AND MOULD (,523351,,BSE,EQ
MINID,133983492,MINI DIAMONDS (INDIA),523373,,BSE,EQ
TRITON,133987076,TRITON CORP.LTD.,523387,,BSE,EQ
ADCINDIA,133993220,ADC INDIA COMMUNICATIONS LIMIT,523411,,BSE,EQ
SUNRAJDI,133996804,SUNRAJ DIAMOND EXPORTS,523425,,BSE,EQ
SHARP,134002948,SHARP INDIA,523449,,BSE,EQ
INDBNK,134007044,IND BANK HOUSING,523465,,BSE,EQ
JAIMATAG,134007556,JAI MATA GLASS,523467,,BSE,EQ
LOTUSCHO,134009604,LOTUS CHOCOLATE CO.LTD.,523475,,BSE,EQ
PACIFICI,134011652,PACIFIC INDUSTRIES,523483,,BSE,EQ
CMMHOSP,134013188,CHENNAI MEENAKSHI MULTISPECIAL,523489,,BSE,EQ
UNIOFFICE,134020868,UNIVERSAL OFFICE AUTOMATION LT,523519,,BSE,EQ
APMIN,134025476,APM INDUSTRIES,523537,,BSE,EQ
KRYPTONQ,134028804,KRYPTON INDUSTRIES,523550,,BSE,EQ
SWISSMLTRY,134030852,SWISS MILITARY CONSUMER GOODS,523558,,BSE,EQ
MARBU,134032900,MARTIN BURN,523566,,BSE,EQ
FEL,134034948,FUTURE ENTERPRISES ,523574,,BSE,EQ
INDTONER,134038020,INDIAN TONERS & DEVELOPERS,523586,,BSE,EQ
KUNSTOFF,134040068,KUNSTSTOFFE INDUSTRIES,523594,,BSE,EQ
SIKA,134043140,SIKA INTERPLANT SYSTEMS,523606,,BSE,EQ
PHRMASI,134046724,PHAARMASIA,523620,,BSE,EQ
IPRINGLTD,134051332,IP RINGS,523638,,BSE,EQ
YASHINNO,134054404,YASH INNOVENTURES,523650,,BSE,EQ
KKPLASTICK,134054916,KKALPANA PLASTICK ,523652,,BSE,EQ
WATERBASE,134056964,WATERBASE,523660,,BSE,EQ
FLEXFO,134060036,FLEX FOODS,523672,,BSE,EQ
GOLKUNDIA,134061060,GOLKUNDA DIAMONDS & JEWELLERY,523676,,BSE,EQ
FORTISMLR,134066180,FORTIS MALAR HOSPITALS,523696,,BSE,EQ
SAYAJIHOTL,134069764,SAYAJI HOTELS,523710,,BSE,EQ
JMGCORP,134070276,JMG CORPORATION,523712,,BSE,EQ
SVAMSOF,134072836,SVAM SOFTWARE,523722,,BSE,EQ
ECOBOAR,134075396,ECOBOARD INDUSTRIES,523732,,BSE,EQ
TIHIL,134080516,TRANS INDIA HOUSE IMPEX LIMITE,523752,,BSE,EQ
MITSHI,134088196,MITSHI INDIA ,523782,,BSE,EQ
SHUKJEW,134090244,SHUKRA JEWELLERS,523790,,BSE,EQ
VHLTD,134091780,VICEROY HOTELS,523796,,BSE,EQ
SOVERDIA,134099460,SOVEREIGN DIAMONDS,523826,,BSE,EQ
MUKATPIP,134100996,MUKAT PIPES,523832,,BSE,EQ
GUJRAFFIA,134102020,GUJARAT RAFFIA INDUSTRIES,523836,,BSE,EQ
INNOVTEC,134103044,INNOVATIVE TECH PACK,523840,,BSE,EQ
SUPTANERY,134103556,SUPER TANNERY,523842,,BSE,EQ
CONSTRONIC,134104068,CONSTRONICS INFRA,523844,,BSE,EQ
AXTEL,134105604,AXTEL INDUSTRIES,523850,,BSE,EQ
GRANDOAK,134108676,GRAND OAK CANYONS DISTILLERY L,523862,,BSE,EQ
EASTINDIA,134111748,EAST INDIA DRUMS AND BARRELS M,523874,,BSE,EQ
VRWODAR,134115332,V R WOODART,523888,,BSE,EQ
APIL,134117380,AVI PRODUCTS INDIA,523896,,BSE,EQ
HINFLUR,134147332,HINDUSTAN FLUOROCARBONS,524013,,BSE,EQ
KINGFA,134148868,KINGFA SCIENCE & TECHNOLOGY (I,524019,,BSE,EQ
PATIDAR,134151940,PATIDAR BUILDCON,524031,,BSE,EQ
VENLONENT,134153732,VENLON ENTERPRISES,524038,,BSE,EQ
PETPLST,134155780,PET PLASTICS,524046,,BSE,EQ
PANIDPR,134158084,PANTHER INDUSTRIAL PRODUCTS LT,524055,,BSE,EQ
HARLETH,134164484,HARYANA LEATHER CHEMICALS,524080,,BSE,EQ
PCCOSMA,134178820,PEE CEE COSMA SOPE,524136,,BSE,EQ
TCMLMTD,134183940,TCM,524156,,BSE,EQ
KESARPE,134188548,KESAR PETROPRODUCTS,524174,,BSE,EQ
LACTOSE,134195716,LACTOSE (INDIA),524202,,BSE,EQ
TEEAI,134196228,TEESTA AGRO INDUSTRIES,524204,,BSE,EQ
PNTKYOR,134197764,PENTOKEY ORGANY (INDIA),524210,,BSE,EQ
RESONANCE,134199812,RESONANCE SPECIALTIES,524218,,BSE,EQ
GUJINJEC,134204932,GUJARAT INJECT (KERALA),524238,,BSE,EQ
AIMCOPEST,134217732,AIMCO PESTICIDES,524288,,BSE,EQ
GUJTERC,134224388,GUJARAT TERCE LABORATORIES,524314,,BSE,EQ
KABRADG,134226436,KABRA DRUGS,524322,,BSE,EQ
SEYAIND,134226948,SEYA INDUSTRIES,524324,,BSE,EQ
SHHARICH,134230020,SHREE HARI CHEMICALS EXPORT LT,524336,,BSE,EQ
INDOBORAX,134231556,INDO BORAX & CHEMICALS,524342,,BSE,EQ
ISHITADR,134246404,ISHITA DRUGS & INDUSTRIES,524400,,BSE,EQ
UNIVSTAR,134248452,UNIVERSAL STARCH-CHEM ALLIED L,524408,,BSE,EQ
AAREYDRUGS,134249476,AAREY DRUGS & PHARMACEUTICALS,524412,,BSE,EQ
NORRIS,134249988,NORRIS MEDICINES,524414,,BSE,EQ
ASINPET,134255108,ASIAN PETROPRODUCTS & EXPORTS,524434,,BSE,EQ
CAMEXLTD,134256644,CAMEX,524440,,BSE,EQ
EVEXIA,134257668,EVEXIA LIFECARE,524444,,BSE,EQ
INDOEURO,134261252,INDO EURO INDCHEM,524458,,BSE,EQ
RIDDHI,134266884,RIDDHI SIDDHI GLUCO BIOLS,524480,,BSE,EQ
SVCIND,134268932,SVC INDUSTRIES,524488,,BSE,EQ
RAAJMEDI,134272516,RAAJ MEDISAFE INDIA,524502,,BSE,EQ
REVAMEDIA,134273028,REVATI MEDIA,524504,,BSE,EQ
CORALAB,134273540,CORAL LABORATORIES,524506,,BSE,EQ
TULASEEBIOE,134275588,TULASEE BIO-ETHANOL,524514,,BSE,EQ
BACPHAR,134276100,BACIL PHARMA,524516,,BSE,EQ
KMCSHIL,134277124,KMC SPECIALITY HOSPITALS (INDI,524520,,BSE,EQ
LAFFANSQ,134277636,LAFFANS PETROCHEMICALS,524522,,BSE,EQ
BHASKAGR,134280708,BHASKAR AGROCHEMICALS,524534,,BSE,EQ
SATAGRI,134283780,SATIATE AGRI ,524546,,BSE,EQ
SHARMEH,134284292,SHARMA EAST INDIA HOSPITALS &,524548,,BSE,EQ
GAYATRIBI,134288388,GAYATRI BIOORGANICS,524564,,BSE,EQ
PHARMAID,134290436,PHARMAIDS PHARMACEUTICALS,524572,,BSE,EQ
VIVIDIND,134291460,VIVID GLOBAL INDUSTRIES,524576,,BSE,EQ
PRIYALT,134292484,PRIYA,524580,,BSE,EQ
TIRUSTA,134292996,TIRUPATI STARCH & CHEMICALS LT,524582,,BSE,EQ
HEMORGANIC,134295044,HEMO ORGANIC,524590,,BSE,EQ
JAYSYNTH,134295556,JAYSYNTH ORGOCHEM,524592,,BSE,EQ
AEONXDIGI,134296068,AEONX DIGITAL TECHNOLOGY LIMIT,524594,,BSE,EQ
BANDARAM,134298116,BANDARAM PHARMA PACKTECH LIMIT,524602,,BSE,EQ
ADLINE,134298628,ADLINE CHEM LAB,524604,,BSE,EQ
BERLDRG,134299140,BERYL DRUGS,524606,,BSE,EQ
INDXTRA,134301188,IEL,524614,,BSE,EQ
ISTRNETWK,134303236,ISTREET NETWORK,524622,,BSE,EQ
GAGAN,134303748,GAGAN GASES,524624,,BSE,EQ
PARKERAC,134304772,PARKER AGROCHEM EXPORTS,524628,,BSE,EQ
SHUKRAPHAR,134305796,SHUKRA PHARMACEUTICALS ,524632,,BSE,EQ
ALUFLUOR,134306308,ALUFLUORIDE,524634,,BSE,EQ
OXYGENTAPH,134306820,OXYGENTA PHARMACEUTICAL LIMITE,524636,,BSE,EQ
ARCHITORG,134307844,ARCHIT ORGANOSYS,524640,,BSE,EQ
SIKOZY,134308356,SIKOZY REALTORS,524642,,BSE,EQ
NATCAPSUQ,134311428,NATURAL CAPSULES,524654,,BSE,EQ
WELCURE,134313220,WELCURE DRUGS & PHARMACEUTICAL,524661,,BSE,EQ
BIBCL,134313732,BHARAT IMMUNOLOGICALS & BIOLOG,524663,,BSE,EQ
KABSON,134316804,KABSONS INDUSTRIES,524675,,BSE,EQ
BASANTGL,134319876,BASANT AGRO TECH (INDIA),524687,,BSE,EQ
SANDUPHQ,134323972,SANDU PHARMACEUTICALS,524703,,BSE,EQ
NACLIND,134325508,NACL INDUSTRIES ,524709,,BSE,EQ
VISTAPH,134326020,VISTA PHARMACEUTICALS,524711,,BSE,EQ
TITANBIO,134327556,TITAN BIOTECH,524717,,BSE,EQ
BIJHANS,134329092,BIJOY HANS,524723,,BSE,EQ
SDL,134330116,SPAN DIVERGENT ,524727,,BSE,EQ
JENBURPH,134331140,JENBURKT PHARMACEUTICALS,524731,,BSE,EQ
LINKPH,134335492,LINK PHARMA CHEM,524748,,BSE,EQ
DECIPHER,134336516,DECIPHER LABS,524752,,BSE,EQ
EMMESSA,134340612,EMMESSAR BIOTECH & NUTRITION L,524768,,BSE,EQ
EVERESTO,134346244,EVEREST ORGANICS,524790,,BSE,EQ
PHYTO,134350852,PHYTO CHEM (INDIA),524808,,BSE,EQ
DYNAMIND,134353412,DYNAMIC INDUSTRIES,524818,,BSE,EQ
BDH,134355972,BDH INDUSTRIES,524828,,BSE,EQ
JAUSPOL,134656260,JAUSS POLYMERS,526001,,BSE,EQ
PROCAL,134658308,PROCAL ELECTRONICS INDIA,526009,,BSE,EQ
GLOBUSCON,134662404,GLOBUS CONSTRUCTORS & DEVELOPE,526025,,BSE,EQ
POLYCHMP,134667012,POLYMECHPLAST MACHINES,526043,,BSE,EQ
STELLANT,134674180,STELLANT SECURITIES (INDIA) LT,526071,,BSE,EQ
GALXBRG,134674692,GALAXY BEARINGS,526073,,BSE,EQ
SCAGRO,134676740,SC AGROTECH ,526081,,BSE,EQ
RALEGRA,134680324,RAVILEELA GRANITES,526095,,BSE,EQ
UNRYLMA,134684932,UNIROYAL MARINE EXPORTS,526113,,BSE,EQ
KARANWO,134685444,KARAN WOO-SIN,526115,,BSE,EQ
SHERVANI,134685956,SHERVANI INDUSTRIAL SYNDICATE,526117,,BSE,EQ
BNAGROCHEM,134688004,BN AGROCHEM,526125,,BSE,EQ
SUPERTEX,134690052,SUPERTEX INDUSTRIES,526133,,BSE,EQ
SHETR,134691076,SHETRON,526137,,BSE,EQ
TRABI,134691588,TRANSGENE BIOTEK,526139,,BSE,EQ
MPL,134692612,MPL PLASTICS,526143,,BSE,EQ
NIKHILAD,134696708,NIKHIL ADHESIVES,526159,,BSE,EQ
SPENTA,134697220,SPENTA INTERNATIONAL,526161,,BSE,EQ
MULTIBASE,134699268,MULTIBASE INDIA,526169,,BSE,EQ
ANDREWYU,134700292,ANDREW YULE & COMPANY,526173,,BSE,EQ
LUDLOWJUT,134701828,LUDLOW JUTE & SPECIALITIES,526179,,BSE,EQ
ASHRAM,134703876,ASHRAM ONLINE.COM,526187,,BSE,EQ
ROYALCU,134705412,ROYAL CUSHION VINYL PRODUCTS L,526193,,BSE,EQ
NOGMIND,134705924,NEOGEM INDIA,526195,,BSE,EQ
SURJIND,134710020,SURAJ INDUSTRIES,526211,,BSE,EQ
BLOOM,134713604,BLOOM DEKOR,526225,,BSE,EQ
STDSFAC,134715140,STANDARD SURFACTANTS,526231,,BSE,EQ
MORGAN,134716676,MORGAN VENTURES,526237,,BSE,EQ
AMRAPLIN,134717700,AMRAPALI INDUSTRIES,526241,,BSE,EQ
MIDEASTP,134720260,MID EAST PORTFOLIO MANAGEMENT,526251,,BSE,EQ
CRSTCHM,134724868,CRESTCHEM,526269,,BSE,EQ
MEDINOV,134733060,MEDINOVA DIAGNOSTIC SERVICES L,526301,,BSE,EQ
DIVSHKT,134736644,DIVYASHAKTI,526315,,BSE,EQ
ADVMULT,134740740,ADVANCE MULTITECH,526331,,BSE,EQ
SHREYASI,134741764,SHREYAS INTERMEDIATES,526335,,BSE,EQ
PANJON,134744324,PANJON,526345,,BSE,EQ
NIRBHAYIND,134745348,NIRBHAY COLOURS INDIA ,526349,,BSE,EQ
DUROPACK,134746884,DUROPACK,526355,,BSE,EQ
SWARNSAR,134749444,SWARNSARITA JEWELS INDIA LIMIT,526365,,BSE,EQ
CINDHO,134751492,CINDRELLA HOTELS,526373,,BSE,EQ
HAMPTON,134760196,HAMPTON SKY REALTY,526407,,BSE,EQ
KKALPANAIND,134760708,KKALPANA INDUSTRIES (INDIA) LT,526409,,BSE,EQ
OKPLA,134762244,OK PLAY INDIA,526415,,BSE,EQ
WELTI,134766340,WELTERMAN INTERNATIONAL,526431,,BSE,EQ
ASMTEC,134766852,ASM TECHNOLOGIES,526433,,BSE,EQ
PERFEPA,134767364,PERFECTPAC,526435,,BSE,EQ
AMBIT,134768388,AMBITIOUS PLASTOMAC COMPANY LT,526439,,BSE,EQ
VISIONCINE,134768900,VISION CINEMAS,526441,,BSE,EQ
AEIM,134769412,ARTIFICIAL ELECTRONICS INTELLI,526443,,BSE,EQ
INDRANIB,134769924,INDRAYANI BIOTECH,526445,,BSE,EQ
EUROLED,134775812,EURO LEDER FASHION,526468,,BSE,EQ
WINSOMBR,134776580,WINSOME BREWERIES,526471,,BSE,EQ
ELEFLOR,134777092,ELEGANT FLORICULTURE & AGROTEC,526473,,BSE,EQ
SAENTER,134778116,SOUTH ASIAN ENTERPRISES,526477,,BSE,EQ
SKYIND,134778628,SKY INDUSTRIES,526479,,BSE,EQ
PHOENXINTL,134779140,PHOENIX INTERNATIONAL,526481,,BSE,EQ
BHUDEVI,134780932,BHUDEVI INFRA PROJECTS,526488,,BSE,EQ
PRATIK,134781444,PRATIK PANELS,526490,,BSE,EQ
RISHIROOP,134781956,RISHIROOP ,526492,,BSE,EQ
PROMACT,134782468,PROMACT IMPEX,526494,,BSE,EQ
STRGRENWO,134784004,STERLING GREEN WOODS,526500,,BSE,EQ
DOLPHMED,134785028,DOLPHIN MEDICAL SERVICES,526504,,BSE,EQ
SHAHISHIP,134786052,SHAHI SHIPPING ,526508,,BSE,EQ
ALPINEHOU,134788868,ALPINE HOUSING DEVELOPMENT COR,526519,,BSE,EQ
WWALUM,134790404,WORLDWIDE ALUMINIUM,526525,,BSE,EQ
IIRM,134791684,IIRM HOLDINGS INDIA,526530,,BSE,EQ
SFPIL,134792196,SQUARE FOUR PROJECTS INDIA LIM,526532,,BSE,EQ
SGLRES,134795268,SGL RESOURCES,526544,,BSE,EQ
CHOKSILA,134795780,CHOKSI LABORATORIES,526546,,BSE,EQ
SALGUTI,134797828,SALGUTI INDUSTRIES,526554,,BSE,EQ
LONTE,134801412,LONGVIEW TEA COMPANY,526568,,BSE,EQ
MIDWEST,134801924,MIDWEST GOLD,526570,,BSE,EQ
ENTRINT,134802948,ENTERPRISE INTERNATIONAL,526574,,BSE,EQ
WIMPLAST,134806020,WIM PLAST,526586,,BSE,EQ
PHOTOQUP,134806532,PHOTOQUIP INDIA,526588,,BSE,EQ
LIPPISYS,134810628,LIPPI SYSTEMS,526604,,BSE,EQ
EXPOEAPL,134813188,EXPO ENGINEERING AND PROJECTS,526614,,BSE,EQ
NATPLAS,134813700,NATIONAL PLASTIC INDUSTRIES LT,526616,,BSE,EQ
MFLINDIA,134815236,MFL INDIA,526622,,BSE,EQ
AJWAFUN,134816772,AJWA FUN WORLD & RESORT,526628,,BSE,EQ
TEXELIN,134819332,TEXEL INDUSTRIES,526638,,BSE,EQ
RAYALEMA,134819844,ROYALE MANOR HOTELS & INDUSTRI,526640,,BSE,EQ
THAKDEV,134823428,THAKKERS DEVELOPERS,526654,,BSE,EQ
TIRTPLS,134828804,TIRTH PLASTIC,526675,,BSE,EQ
UNIVAFOODS,134830852,UNIVA FOODS ,526683,,BSE,EQ
POLOHOT,134831876,POLO HOTELS,526687,,BSE,EQ
ECOPLAST,134835972,ECOPLAST,526703,,BSE,EQ
ELEMARB,134836484,ELEGANT MARBLES & GRANI INDUST,526705,,BSE,EQ
BITS,134837508,BITS,526709,,BSE,EQ
ADARSHPL,134838020,ADARSH PLANT PROTECT,526711,,BSE,EQ
HPBL,134839556,HCP PLASTENE BULKPACK,526717,,BSE,EQ
NICCOPAR,134840580,NICCO PARKS & RESORTS,526721,,BSE,EQ
NTCIND,134841092,NTC INDUSTRIES,526723,,BSE,EQ
GARNET,134842116,GARNET CONSTRUCTION,526727,,BSE,EQ
BRIGHTBR,134843140,BRIGHT BROTHERS,526731,,BSE,EQ
SHAWGELTIN,134845188,NARMADA GELATINES,526739,,BSE,EQ
PGFOILQ,134847236,PG FOILS,526747,,BSE,EQ
GRATEXI,134848260,GRATEX INDUSTRIES,526751,,BSE,EQ
VELHO,134849284,VELAN HOTELS,526755,,BSE,EQ
HOWARHO,134850820,HOWARD HOTELS,526761,,BSE,EQ
PRESSURS,134853892,PRESSURE SENSITIVE SYSTEMS (IN,526773,,BSE,EQ
VALIANT,134854404,VALIANT COMMUNICATIONS,526775,,BSE,EQ
DRAGARWQ,134856452,DR.AGARWALS EYE HOSPITAL,526783,,BSE,EQ
MHSGRMS,134859524,MAHASAGAR TRAVELS,526795,,BSE,EQ
UNQTYMI,134860548,UNION QUALITY PLASTICS,526799,,BSE,EQ
RAGHUNAT,134864132,RAGHUNATH INTERNATIONAL,526813,,BSE,EQ
DAICHI,134866180,DAI-ICHI KARKARIA,526821,,BSE,EQ
RAJINFRA,134866692,RAJESWARI INFRASTRUCTURE LIMIT,526823,,BSE,EQ
SPICEISLIN,134867716,SPICE ISLANDS INDUSTRIES LIMIT,526827,,BSE,EQ
SIPL,134870788,SHELTER INFRA PROJECTS,526839,,BSE,EQ
SHAKTIPR,134871300,SHAKTI PRESS,526841,,BSE,EQ
ASHSI,134872836,ASHIRWAD STEELS & INDUSTRIES L,526847,,BSE,EQ
AREXMIS,134873860,AREX INDUSTRIES,526851,,BSE,EQ
BI,134874372,BILCARE,526853,,BSE,EQ
ISFL,134875908,ISF,526859,,BSE,EQ
RISHILASE,134876420,RISHI LASER,526861,,BSE,EQ
JAINCO,134877444,JAINCO PROJECTS (INDIA),526865,,BSE,EQ
KUMPFIN,134878468,KUMBHAT FINANCIAL SERVICES,526869,,BSE,EQ
INTECCAP,134878980,INTEC CAPITAL,526871,,BSE,EQ
RAJGASES,134879492,RAJASTHAN GASES,526873,,BSE,EQ
SIDDHEGA,134880516,SIDDHESWARI GARMENTS,526877,,BSE,EQ
SHIKHAR,134882052,SHIKHAR CONSULTANTS,526883,,BSE,EQ
INDOCRED,134883076,INDO CREDIT CAPITAL,526887,,BSE,EQ
MKTCREAT,134884100,MARKET CREATORS,526891,,BSE,EQ
HFIL,134886148,HIMALAYA FOOD INTERNATIONAL LI,526899,,BSE,EQ
SONALAD,134886660,SONAL ADHESIVES,526901,,BSE,EQ
PADMAIND,134887684,PADMANABH INDUSTRIES,526905,,BSE,EQ
HRYNSHP,134894340,HARIYANA SHIP BREAKERS,526931,,BSE,EQ
ARUNIS,134895364,ARUNIS ABODE,526935,,BSE,EQ
VAICC,134896900,VAISHNO CEMENT CO.LTD.,526941,,BSE,EQ
TYROON,134897924,TYROON TEA CO.LTD.,526945,,BSE,EQ
WOODSVILA,134901508,WOODSVILLA,526959,,BSE,EQ
LASTMILE,134902020,LAST MILE ENTERPRISES,526961,,BSE,EQ
GUJCRAFT,134903044,GUJARAT CRAFT INDUSTRIES,526965,,BSE,EQ
HEERAISP,134903556,HEERA ISPAT,526967,,BSE,EQ
DHOOTIN,134904580,DHOOT INDUSTRIAL FINANCE,526971,,BSE,EQ
CRIMSON,134906116,CRIMSON METAL ENGINEERING COMP,526977,,BSE,EQ
SHBAJRG,134907140,SHRI BAJRANG ALLIANCE,526981,,BSE,EQ
ASHOKRE,134907652,ASHOKA REFINERIES,526983,,BSE,EQ
SHREEPAC,134913284,SHREE PACETRONIX,527005,,BSE,EQ
SAMYAKINT,135686404,SAMYAK INTERNATIONAL,530025,,BSE,EQ
AADIIND,135686916,AADI INDUSTRIES,530027,,BSE,EQ
SANTOSHF,135688964,SANTOSH FINE-FAB,530035,,BSE,EQ
SPARKLEGR,135689476,SPARKLE GOLD ROCK,530037,,BSE,EQ
ACKNIT,135691012,ACKNIT INDUSTRIES,530043,,BSE,EQ
TITANSEC,135691524,TITAN SECURITIES,530045,,BSE,EQ
REALECO,135693572,REAL ECO-ENERGY,530053,,BSE,EQ
HRMNYCP,135694084,HARMONY CAPITAL SERVICES,530055,,BSE,EQ
VIVANZA,135694596,VIVANZA BIOSCIENCES ,530057,,BSE,EQ
YASHRAJC,135696132,YASHRAJ CONTAINEURS,530063,,BSE,EQ
LORDSHOTL,135696644,LORDS ISHWAR HOTELS,530065,,BSE,EQ
PURETROP,135699716,PURETROP FRUITS,530077,,BSE,EQ
ACEEDU,135703812,ACE EDUTREND,530093,,BSE,EQ
PRADHIN,135704324,PRADHIN,530095,,BSE,EQ
ANUPAM,135707908,ANUPAM FINSERV,530109,,BSE,EQ
RAJPACK,135708420,RAJ PACKAGING INDUSTRIES,530111,,BSE,EQ
NATRAJPR,135710468,NATRAJ PROTEINS,530119,,BSE,EQ
SAMRATPH,135712004,SAMRAT PHARMACHEM,530125,,BSE,EQ
NPRFIN,135712516,NPR FINANCE,530127,,BSE,EQ
NILE,135713028,NILE,530129,,BSE,EQ
AMCOIND,135714052,AMCO INDIA,530133,,BSE,EQ
KREONFIN,135715588,KREON FINNANCIAL SERVICES,530139,,BSE,EQ
GYANDEV,135716100,GYAN DEVELOPERS & BUILDERS,530141,,BSE,EQ
KISAN,135717124,KISAN MOULDINGS,530145,,BSE,EQ
VIJAYTX,135718660,VIJAY TEXTILES,530151,,BSE,EQ
GARODCH,135721220,GARODIA CHEMICALS,530161,,BSE,EQ
KERALAYUR,135721732,KERALA AYURVEDA,530163,,BSE,EQ
MONGIPA,135722756,MOONGIPA CAPITAL FINANCE,530167,,BSE,EQ
MOHITPPR,135723268,MOHIT PAPER MILLS,530169,,BSE,EQ
DAULAT,135723780,DAULAT SECURITIES,530171,,BSE,EQ
OSCARGLO,135724292,OSCAR GLOBAL,530173,,BSE,EQ
ODYSSEY,135724804,ODYSSEY TECHNOLOGIES,530175,,BSE,EQ
VKGLOBAL,135725316,VK GLOBAL INDUSTRIES ,530177,,BSE,EQ
RSCINT,135725828,RSC INTERNATIONAL,530179,,BSE,EQ
SURATRAML,135727364,SURAT TRADE AND MERCANTILE LIM,530185,,BSE,EQ
ATHARVENT,135727876,ATHARV ENTERPRISES,530187,,BSE,EQ
FUNDVISER,135730436,FUNDVISER CAPITAL (INDIA) LIMI,530197,,BSE,EQ
KALLAM,135731460,KALLAM TEXTILES,530201,,BSE,EQ
BRAWN,135732996,BRAWN BIOTECH,530207,,BSE,EQ
FORINTL,135734532,FORTUNE INTERNATIONAL,530213,,BSE,EQ
KINGSINFR,135735044,KINGS INFRA VENTURES,530215,,BSE,EQ
SWOJAS,135735556,SWOJAS FOODS,530217,,BSE,EQ
NUTRICIRCLE,135736068,NUTRICIRCLE ,530219,,BSE,EQ
SUBSM,135739140,SUBHASH SILK MILLS,530231,,BSE,EQ
AUROLAB,135739652,AURO LABORATORIES,530233,,BSE,EQ
KJMCFIN,135740164,KJMC FINANCIAL SERVICES,530235,,BSE,EQ
ARYAMAN,135742724,ARYAMAN FINANCIAL SERVICES,530245,,BSE,EQ
BRIDGESE,135743748,BRIDGE SECURITIES,530249,,BSE,EQ
RISAINTL,135744260,RISA INTERNATIONAL,530251,,BSE,EQ
RAJTUBE,135744772,RAJASTHAN TUBE MANUFACTURING C,530253,,BSE,EQ
KAYPOWR,135745284,KAY POWER AND PAPER,530255,,BSE,EQ
INTSTOIL,135746308,INTER STATE OIL CARRIER,530259,,BSE,EQ
GLOBALCA,135747332,GLOBAL CAPITAL MARKETS,530263,,BSE,EQ
SAINIK,135747844,SAINIK FINANCE & INDUSTRIES LT,530265,,BSE,EQ
ARIGATO,135748356,ARIGATO UNIVERSE,530267,,BSE,EQ
RICHUNV,135749380,RICH UNIVERSE NETWORK,530271,,BSE,EQ
QUANTDIA,135751940,QUANTUM DIGITAL VISION (INDIA),530281,,BSE,EQ
SPCAPIT,135753988,SP CAPITAL FINANCING,530289,,BSE,EQ
PAOS,135754500,PAOS INDUSTRIES,530291,,BSE,EQ
SHRAJOI,135755524,SHRI RAJIVLOCHAN OIL EXTRACTIO,530295,,BSE,EQ
CHANDRAP,135759108,CHANDRA PRABHU INTERNATIONAL L,530309,,BSE,EQ
KIMIABL,135760132,KIMIA BIOSCIENCES,530313,,BSE,EQ
HINDTIN,135760644,HINDUSTAN TIN WORKS,530315,,BSE,EQ
GODAVARI,135761156,GODAVARI DRUGS,530317,,BSE,EQ
PREMCO,135764740,PREMCO GLOBAL,530331,,BSE,EQ
MUKESHB,135767300,MUKESH BABU FINANCIAL SERVICES,530341,,BSE,EQ
KBSINDIA,135771396,KBS INDIA,530357,,BSE,EQ
PRABHHANS,135772420,PRABHHANS INDUSTRIES,530361,,BSE,EQ
VAMSHIRU,135774468,VAMSHI RUBBER,530369,,BSE,EQ
VINYOFL,135782660,VINYOFLEX,530401,,BSE,EQ
JINDCAP,135783684,JINDAL CAPITAL,530405,,BSE,EQ
EPIC,135784196,EPIC ENERGY,530407,,BSE,EQ
SUMEDHA,135787268,SUMEDHA FISCAL SERVICES,530419,,BSE,EQ
KUWERIN,135787780,KUWER INDUSTRIES,530421,,BSE,EQ
CHOKSI,135789316,CHOKSI ASIA,530427,,BSE,EQ
ASHISHPO,135789828,ASHISH POLYPLAST,530429,,BSE,EQ
SHIVAAGRO,135790852,SHIVA GLOBAL AGRO INDUSTRIES L,530433,,BSE,EQ
SIDDHA,135792388,SIDDHA VENTURES,530439,,BSE,EQ
KIRANSY-B,135793412,KIRAN SYNTEX,530443,,BSE,EQ
SUMERUIND,135793924,SUMERU INDUSTRIES,530445,,BSE,EQ
RUNGTAIR,135794948,RUNGTA IRRIGATION,530449,,BSE,EQ
GTTDATA,135796996,GTT DATA SOLUTIONS,530457,,BSE,EQ
VALSONQ,135797508,VALSON INDUSTRIES,530459,,BSE,EQ
SABOOSOD,135798020,SABOO SODIUM CHLORO,530461,,BSE,EQ
GSLSEC,135800068,GSL SECURITIES,530469,,BSE,EQ
VIKRAMTH,135802116,VIKRAM THERMO (INDIA),530477,,BSE,EQ
STRATMONT,135806724,STRATMONT INDUSTRIES,530495,,BSE,EQ
AKCAPIT,135807748,A.K.CAPITAL SERVICES,530499,,BSE,EQ
VIRAT,135813380,VIRAT INDUSTRIES,530521,,BSE,EQ
RRETAIL,135814404,RAJNISH RETAIL,530525,,BSE,EQ
TERAI,135816452,TERAI TEA CO.LTD.,530533,,BSE,EQ
MANRAJH,135817476,MANRAJ HOUSING FINANCE,530537,,BSE,EQ
COSCO,135819524,COSCO (INDIA),530545,,BSE,EQ
KENFIN,135820036,KEN FINANCIAL SERVICES,530547,,BSE,EQ
NCLRESE,135822596,NCL RESEARCH & FINANCIAL SERVI,530557,,BSE,EQ
POPEES,135824644,POPEES CARES,530565,,BSE,EQ
EXPLICITFIN,135826180,EXPLICIT FINANCE,530571,,BSE,EQ
LADDERUP,135827716,LADDERUP FINANCE,530577,,BSE,EQ
EKAMLEA,135828740,EKAM LEASING & FINANCE CO.LTD.,530581,,BSE,EQ
SWASTIKA,135829764,SWASTIKA INVESTMART,530585,,BSE,EQ
PRIMAPLA,135830788,PRIMA PLASTICS,530589,,BSE,EQ
TELECANOR,135832324,TELECANOR GLOBAL,530595,,BSE,EQ
JAGSONFI,135833860,JAGSONPAL FINANCE & LEASING LT,530601,,BSE,EQ
CARNATIN,135835908,CARNATION INDUSTRIES,530609,,BSE,EQ
STURDY,135836420,STURDY INDUSTRIES,530611,,BSE,EQ
GARGFUR,135837444,GARG FURNACE,530615,,BSE,EQ
SAMPRE,135837956,SAMPRE NUTRITIONS,530617,,BSE,EQ
AAIL,135838980,AKAR AUTO INDUSTRIES ,530621,,BSE,EQ
VIPULORG,135840516,VIPUL ORGANICS ,530627,,BSE,EQ
ECORECO,135844612,ECO RECYCLING,530643,,BSE,EQ
GOYALASS,135849732,GOYAL ASSOCIATES,530663,,BSE,EQ
ZENITHHE,135850244,ZENITH HEALTH CARE,530665,,BSE,EQ
ACEENGITEC,135851268,ACE ENGITECH,530669,,BSE,EQ
YORKEXP,135852804,YORK EXPORTS,530675,,BSE,EQ
PITHP,135854852,PITHAMPUR POLY PRODUCTS,530683,,BSE,EQ
LYKISLTD,135856388,LYKIS,530689,,BSE,EQ
PRIMEPRO,135857924,PRIME PROPERTY DEVELOPMENT COR,530695,,BSE,EQ
ZENLABS,135858436,ZENLABS ETHICA ,530697,,BSE,EQ
RAJRILTD,135858948,RAJ RAYON INDUSTRIES,530699,,BSE,EQ
ANIRIT,135860484,ANIRIT VENTURES,530705,,BSE,EQ
GOWRALE,135861508,GOWRA LEASING & FINANCE,530709,,BSE,EQ
JAGANLAM,135862020,JAGAN LAMPS,530711,,BSE,EQ
ALPSINDUS,135863044,ALPS INDUSTRIES,530715,,BSE,EQ
ASITCFIN,135865092,ASIT C.MEHTA FINANCIAL SERVICE,530723,,BSE,EQ
ENCODE,135867652,ENCODE PACKAGING INDIA,530733,,BSE,EQ
SUPERBAK,135868164,SUPER BAKERS (INDIA),530735,,BSE,EQ
OVOBELE,135869700,OVOBEL FOODS,530741,,BSE,EQ
ACSTECH,135870724,ACS TECHNOLOGIES,530745,,BSE,EQ
CHALLANI,135871236,CHALLANI CAPITAL,530747,,BSE,EQ
CORNE,135873284,CORAL NEWSPRINTS,530755,,BSE,EQ
SHENTRA,135873796,SHENTRACON CHEMICALS,530757,,BSE,EQ
AGARWAL,135875844,AGARWAL FORTUNE INDIA,530765,,BSE,EQ
KLGCAP,135877380,KLG CAPITAL SERVICES,530771,,BSE,EQ
DYNAMICP,135879428,DYNAMIC PORTFOLIO MANAGEMENT &,530779,,BSE,EQ
INLANPR,135881476,INLAND PRINTERS,530787,,BSE,EQ
CEEJAY,135881988,CEEJAY FINANCE,530789,,BSE,EQ
SUNCITYSY,135883524,SUNCITY SYNTHETICS,530795,,BSE,EQ
SHGANEL,135884036,SHREE GANESH ELASTOPLAST,530797,,BSE,EQ
ANNAINFRA,135884548,ANNA INFRASTRUCTURES,530799,,BSE,EQ
OIVL,135886084,ONESOURCE INDUSTRIES AND VENTU,530805,,BSE,EQ
BNRUDY,135887108,BNR UDYOG,530809,,BSE,EQ
SSPDL,135890180,SSPDL,530821,,BSE,EQ
DAIKAFFI,135891204,DAIKAFFIL CHEMICALS INDIA,530825,,BSE,EQ
CILSEC,135892228,CIL SECURITIES,530829,,BSE,EQ
CLIOINFO,135894788,CLIO INFOTECH,530839,,BSE,EQ
SUNSHIEL,135896324,SUNSHIELD CHEMICALS,530845,,BSE,EQ
HIPOLIN,135898372,HIPOLIN,530853,,BSE,EQ
GDLLEAS,135898884,GDL LEASING & FINANCE,530855,,BSE,EQ
ABVL,135905540,ARUNJYOTI BIO VENTURES ,530881,,BSE,EQ
SUCROSA,135906052,SUPER CROP SAFE,530883,,BSE,EQ
NGIND,135909636,N.G.INDUSTRIES,530897,,BSE,EQ
ASIAPAK,135910148,ASIA PACK,530899,,BSE,EQ
SICAPIT,135912196,SI CAPITAL & FINANCIAL SERVICE,530907,,BSE,EQ
ERPSOFT,135912708,ERP SOFT SYSTEMS,530909,,BSE,EQ
RRSECUR,135914756,R.R.SECURITIES,530917,,BSE,EQ
INTETHR,135915780,INTEGRATED THERMOPLASTICS,530921,,BSE,EQ
RAMSONS,135916804,RAMSONS PROJECTS,530925,,BSE,EQ
HARAFIN,135917316,HARYANA FINANCIAL CORPORATION,530927,,BSE,EQ
RRPDEFENSE,135917828,RRP DEFENSE,530929,,BSE,EQ
STANPACK,135918340,STANPACKS (INDIA),530931,,BSE,EQ
RAMINFO,135923460,RAMINFO,530951,,BSE,EQ
SUNILAGR,135923972,SUNIL AGRO FOODS,530953,,BSE,EQ
DIANATEA,135925508,DIANA TEA CO.LTD.,530959,,BSE,EQ
ALFAICA,135929092,ALFA ICA (INDIA),530973,,BSE,EQ
SKCIL,135930116,SHRI KESHAV CEMENTS AND INFRA,530977,,BSE,EQ
INDIAHOME,135930628,INDIA HOME LOAN,530979,,BSE,EQ
JPTSEC,135932164,JPT SECURITIES,530985,,BSE,EQ
ROOPAIND,135933700,ROOPA INDUSTRIES,530991,,BSE,EQ
SARTHAKGL,135934212,SARTHAK GLOBAL,530993,,BSE,EQ
UNIQUEO,135935236,UNIQUE ORGANICS,530997,,BSE,EQ
SWRNASE,135936772,SWARNA SECURITIES,531003,,BSE,EQ
VENMAX,135939844,VENMAX DRUGS AND PHARMACEUTICA,531015,,BSE,EQ
ARISE,135940356,ARIHANTS SECURITIES,531017,,BSE,EQ
VISAGAR,135942404,VISAGAR FINANCIAL SERVICES,531025,,BSE,EQ
LIBORD,135942916,LIBORD SECURITIES,531027,,BSE,EQ
BHATEXT,135943428,BHARAT TEXTILES & PROOFING IND,531029,,BSE,EQ
EBIX,135944964,ERAAYA LIFESPACES,531035,,BSE,EQ
SWADHATURE,135945988,SWADHA NATURE ,531039,,BSE,EQ
COMPEAU,135946500,COMPETENT AUTOMOBILES CO.LTD.,531041,,BSE,EQ
ZDHJERK,135947012,DHANVANTRI JEEVAN REKHA,531043,,BSE,EQ
NEELKAN,135948548,NEELKANTH ROCKMINERALS,531049,,BSE,EQ
VINTAGES,135949060,VINTAGE SECURITIES,531051,,BSE,EQ
OSWALOR,135952644,OSWAL OVERSEAS,531065,,BSE,EQ
CONTILI,135953156,CONTIL INDIA,531067,,BSE,EQ
VIJSOLX,135953668,VIJAY SOLVEX,531069,,BSE,EQ
SHRIKRISH,135956484,SHRI KRISHNA DEVCON,531080,,BSE,EQ
NIHARINF,135957252,NIHAR INFO GLOBAL,531083,,BSE,EQ
UNITDCR,135959300,UNITED CREDIT,531091,,BSE,EQ
CHECKPOINT,135961348,CHECKPOINT TRENDS ,531099,,BSE,EQ
ISHANCH,135963908,ISHAN DYES AND CHEMICALS LIMIT,531109,,BSE,EQ
GOTHIPL,135964420,GOTHI PLASCON (INDIA),531111,,BSE,EQ
CEENIK,135966468,CEENIK EXPORTS (INDIA),531119,,BSE,EQ
KATIPATANG,135968260,KATI PATANG LIFESTYLE,531126,,BSE,EQ
MENAMANI,135968516,MENA MANI INDUSTRIES,531127,,BSE,EQ
INANI,135969028,INANI MARBLES & INDUSTRIES,531129,,BSE,EQ
GEMSI,135971076,GEMSTONE INVESTMENTS,531137,,BSE,EQ
ELFORGE,135972868,EL FORGE,531144,,BSE,EQ
DILIGENT,135975172,DILIGENT INDUSTRIES,531153,,BSE,EQ
EPSOMPRO,135975684,EPSOM PROPERTIES,531155,,BSE,EQ
ALFAVIO,135975940,ALFAVISION OVERSEAS (INDIA) LT,531156,,BSE,EQ
ORGCOAT,135976196,ORGANIC COATINGS,531157,,BSE,EQ
CATVISION,135976452,CATVISION ,531158,,BSE,EQ
ABMKNO,135977220,ABM KNOWLEDGEWARE,531161,,BSE,EQ
KEMISTAR,135977732,KEMISTAR CORPORATION,531163,,BSE,EQ
LADIAMO,135977988,LASER DIAMONDS,531164,,BSE,EQ
ASSOCER,135979012,ASSOCIATED CERAMICS,531168,,BSE,EQ
SKPSEC,135979268,SKP SECURITIES,531169,,BSE,EQ
SYSCHEM,135980292,SYSCHEM (INDIA),531173,,BSE,EQ
MEFCOMCAP,135981060,MEFCOM CAPITAL MARKETS,531176,,BSE,EQ
HEMANG,135981572,HEMANG RESOURCES,531178,,BSE,EQ
TAVERNIER,135984644,TAVERNIER RESOURCES LIMI,531190,,BSE,EQ
FILTRON,135984900,FILTRON ENGINEERS,531191,,BSE,EQ
GLANCE,135986948,GLANCE FINANCE,531199,,BSE,EQ
SHILCTECH,135987460,SHILCHAR TECHNOLOGIES,531201,,BSE,EQ
TRADEWELL,135987972,TRADEWELL HOLDINGS,531203,,BSE,EQ
SPRIGHT,135988484,SPRIGHT AGRO,531205,,BSE,EQ
RAYLA,135988996,RAYMED LABS,531207,,BSE,EQ
COLINZ,135989764,COLINZ LABORATORIES,531210,,BSE,EQ
NLFL,135990276,NALIN LEASE FINANCE,531212,,BSE,EQ
RTSPOWR,135991044,RTS POWER CORPORATION,531215,,BSE,EQ
COMFINTE,135991300,COMFORT INTECH,531216,,BSE,EQ
SHYAMACOMP,135992068,SHYAMA COMPUTRONICS AND SERVIC,531219,,BSE,EQ
ANJANI,135993092,ANJANI SYNTHETICS,531223,,BSE,EQ
DECOMIC,135994116,DECO-MICA,531227,,BSE,EQ
RANDER,135994372,RANDER CORPORATION,531228,,BSE,EQ
RASIELEC,135995652,RASI ELECTRODES,531233,,BSE,EQ
SCOOBEEDAY,135995908,SCOOBEE DAY GARMENTS (INDIA) L,531234,,BSE,EQ
CITIPOR,135996164,CITIPORT FINANCIAL SERVICES LT,531235,,BSE,EQ
DHRUVCA,135996676,DHRUVA CAPITAL SERVICES,531237,,BSE,EQ
SHAMROIN,135997444,SHAMROCK INDUSTRIAL CO.LTD.,531240,,BSE,EQ
PRIMAIN,135998980,PRIMA INDUSTRIES,531246,,BSE,EQ
INDGELA,136000772,INDIA GELATINE & CHEMICALS,531253,,BSE,EQ
OPTIFIN,136001028,OPTIMUS FINANCE ,531254,,BSE,EQ
PARAGONF,136001284,PARAGON FINANCE,531255,,BSE,EQ
PRATIKSH,136001796,PRATIKSHA CHEMICALS,531257,,BSE,EQ
ESHAMEDIA,136002308,ESHA MEDIA RESEARCH,531259,,BSE,EQ
REFEXRENEW,136002564,REFEX RENEWABLES & INFRASTRUCT,531260,,BSE,EQ
EQUILATERA,136003076,EQUILATERAL ENTERPRISES LIMITE,531262,,BSE,EQ
PROGREXV,136003844,PROGREX VENTURES,531265,,BSE,EQ
B2BSOFT,136004612,B2B SOFTWARE TECHNOLOGIES,531268,,BSE,EQ
NIKKIGL,136005636,NIKKI GLOBAL FINANCE,531272,,BSE,EQ
RADHEDE,136005892,RADHE DEVELOPERS (INDIA),531273,,BSE,EQ
KINETRU,136006148,KINETIC TRUST,531274,,BSE,EQ
ELIXIR,136007172,ELIXIR CAPITAL ,531278,,BSE,EQ
TRISHAKT,136007428,TRISHAKTI INDUSTRIES ,531279,,BSE,EQ
PANKAJPO,136007684,PANKAJ POLYMERS,531280,,BSE,EQ
MARBLE,136007940,MARBLE CITY INDIA,531281,,BSE,EQ
CINDRELL,136008452,CINDRELLA FINANCIAL SERVICES L,531283,,BSE,EQ
ADHHATA,136009220,ADHATA GLOBAL,531286,,BSE,EQ
NATPLASTI,136009476,NATIONAL PLASTIC TECHNOLOGIES,531287,,BSE,EQ
LEADFIN,136009732,LEAD FINANCIAL SERVICES,531288,,BSE,EQ
NATFIT,136009988,NATIONAL FITTINGS,531289,,BSE,EQ
ARTEFACT,136012036,ARTEFACT PROJECTS,531297,,BSE,EQ
AMITINT,136012804,AMIT INTERNATIONAL,531300,,BSE,EQ
HIGHSTREE,136013060,HIGH STREET FILATEX,531301,,BSE,EQ
NUTECGLOB,136013828,NUTECH GLOBAL,531304,,BSE,EQ
DHPIND,136014340,DHP INDIA,531306,,BSE,EQ
RRIL,136014596,RRIL,531307,,BSE,EQ
AVAILFC,136015364,AVAILABLE FINANCE,531310,,BSE,EQ
INTCAPL,136016388,INTEGRA CAPITAL,531314,,BSE,EQ
MARUTISE,136017668,MARUTI SECURITIES,531319,,BSE,EQ
JAYIND,136018692,JAYATMA INDUSTRIES,531323,,BSE,EQ
ROSELABS,136018948,ROSELABS FINANCE,531324,,BSE,EQ
CHARMS,136019716,CHARMS INDUSTRIES,531327,,BSE,EQ
KRETTOSYS,136019972,KRETTO SYSCON,531328,,BSE,EQ
VIKALPS,136021508,VIKALP SECURITIES,531334,,BSE,EQ
WINPRO,136022276,WINPRO INDUSTRIES ,531337,,BSE,EQ
MILESTONE,136022532,MILESTONE GLOBAL,531338,,BSE,EQ
BERVINL,136023044,BERVIN INVESTMENT & LEASING LT,531340,,BSE,EQ
GUJINV,136023300,GUJARAT INVESTA,531341,,BSE,EQ
EASTRED,136024580,EASTERN TREADS,531346,,BSE,EQ
PEETISEC,136026116,PEETI SECURITIES,531352,,BSE,EQ
MERCURYEV,136027396,MERCURY EV-TECH,531357,,BSE,EQ
SRAMSET,136027908,SHRIRAM ASSET MANAGEMENT CO.LT,531359,,BSE,EQ
GOLECHA,136028164,GOLECHHA GLOBAL FINANCE,531360,,BSE,EQ
EKANSH,136029188,EKANSH CONCEPTS ,531364,,BSE,EQ
SPAR,136030724,SPARC ELECTREX,531370,,BSE,EQ
CSURGSU,136033284,CENTENIAL SURGICAL SUTURE,531380,,BSE,EQ
ARIHANT,136033540,ARIHANT FOUNDATIONS & HOUSING,531381,,BSE,EQ
HASTIFIN,136035076,HASTI FINANCE,531387,,BSE,EQ
UPSURGE,136035844,UPSURGE INVESTMENT & FINANCE L,531390,,BSE,EQ
PADAMCO,136037124,PADAM COTTON YARNS,531395,,BSE,EQ
WOMENNET,136037380,WOMEN NETWORKS,531396,,BSE,EQ
POLYCON,136037636,POLYCON INTERNATIONAL,531397,,BSE,EQ
SOURCENTRL,136037892,SOURCE NATURAL FOODS & HERBAL,531398,,BSE,EQ
GGAUTO,136038148,G.G.AUTOMOTIVE GEARS,531399,,BSE,EQ
LWSKNIT,136038916,LWS KNITWEAR,531402,,BSE,EQ
ANSINDUS,136039940,ANS INDUSTRIES,531406,,BSE,EQ
ALCHCORP,136040708,ALCHEMIST CORPORATION,531409,,BSE,EQ
TUNITEX,136041220,TUNI TEXTILE MILLS,531411,,BSE,EQ
RADIXIND,136041476,RADIX INDUSTRIES (INDIA) LIMIT,531412,,BSE,EQ
KIRANPR,136041732,KIRAN PRINT-PACK,531413,,BSE,EQ
NARPROP,136042500,NARENDRA PROPERTIES,531416,,BSE,EQ
MEGACOR,136042756,MEGA CORPORATION,531417,,BSE,EQ
SYTIXSE,136046596,SYSTEMATIX SECURITIES,531432,,BSE,EQ
SUNGOLD,136046852,SUNGOLD CAPITAL,531433,,BSE,EQ
SAFFRON,136047620,SAFFRON INDUSTRIES,531436,,BSE,EQ
PWASML,136047876,PRAKASH WOOLLEN & SYNTHETIC MI,531437,,BSE,EQ
LYONSCO,136048900,LYONS CORPORATE MARKET,531441,,BSE,EQ
VARDHMAN,136049668,VARDHMAN CONCRETE,531444,,BSE,EQ
MOHITIND,136051972,MOHIT INDUSTRIES,531453,,BSE,EQ
POLYLINK,136052228,POLYLINK POLYMERS (INDIA),531454,,BSE,EQ
MINAXI,136052740,MINAXI TEXTILES,531456,,BSE,EQ
BOSTONBIO,136053252,BOSTON BIO SYSTEMS,531458,,BSE,EQ
CONTICON,136053764,CONTINENTAL CONTROLS,531460,,BSE,EQ
NOUVEAU,136055044,NOUVEAU GLOBAL VENTURES,531465,,BSE,EQ
DUKEOFS,136056580,DUKE OFFSHORE,531471,,BSE,EQ
CYBELEIND,136056836,CYBELE INDUSTRIES,531472,,BSE,EQ
FILME,136060420,FILMCITY MEDIA,531486,,BSE,EQ
CGVAK,136061188,CG-VAK SOFTWARE & EXPORTS,531489,,BSE,EQ
NAVKARURB,136062468,NAVKAR URBANSTRUCTURE,531494,,BSE,EQ
BLUECOAST,136062724,BLUE COAST HOTELS,531495,,BSE,EQ
OMKAR,136062980,OMKAR OVERSEAS,531496,,BSE,EQ
SYBLY,136063748,SYBLY INDUSTRIES,531499,,BSE,EQ
ESARIND,136064516,ESAAR (INDIA),531502,,BSE,EQ
MARIS,136064772,MARIS SPINNERS,531503,,BSE,EQ
INDERGR,136065284,INDERGIRI FINANCE,531505,,BSE,EQ
SKRABUL,136065540,SHUKRA BULLIONS,531506,,BSE,EQ
STEP2COR,136066308,STEP TWO CORPORATION,531509,,BSE,EQ
ORIENTTR,136067076,ORIENT TRADELINK,531512,,BSE,EQ
MAHANIN,136067844,MAHAN INDUSTRIES,531515,,BSE,EQ
VIKASPROP,136068612,VIKAS PROPPANT & GRANITE,531518,,BSE,EQ
DESHRAK,136069380,DESH RAKSHAK AUSHDHALAYA,531521,,BSE,EQ
ACESOFT,136070404,ACE SOFTWARE EXPORTS,531525,,BSE,EQ
SOFTRAKV,136071428,SOFTRAK VENTURE INVESTMENT,531529,,BSE,EQ
ACCEDERE,136072452,ACCEDERE,531533,,BSE,EQ
MIZVEN,136073476,MIZZEN VENTURES,531537,,BSE,EQ
RISHDIGA,136073988,RISHABH DIGHA STEEL & ALLIED P,531539,,BSE,EQ
MAINFRA,136074244,MARUTI INFRASTRUCTURE,531540,,BSE,EQ
KOBO,136074500,KOBO BIOTECH,531541,,BSE,EQ
JHACC,136076804,JHAVERI CREDITS & CAPITAL,531550,,BSE,EQ
RAGHUTOB,136077316,RAGHUNATH TOBACCO CO.LTD.,531552,,BSE,EQ
DRL,136077572,DISHA RESOURCES,531553,,BSE,EQ
AMITSEC,136078596,AMIT SECURITIES,531557,,BSE,EQ
PUSHPIN,136079876,PUSHPSONS INDUSTRIES,531562,,BSE,EQ
ASHUTPM,136081412,ASHUTOSH PAPER MILLS,531568,,BSE,EQ
SANJIVIN,136081668,SANJIVANI PARANTERAL,531569,,BSE,EQ
VASINFRA,136082948,VAS INFRASTRUCTURE,531574,,BSE,EQ
KMFBLDR,136083972,KMF BUILDERS & DEVELOPERS,531578,,BSE,EQ
BERYLSE,136084996,BERYL SECURITIES,531582,,BSE,EQ
RAP,136085252,RAP CORP,531583,,BSE,EQ
DEVINE,136085764,DEVINE IMPEX,531585,,BSE,EQ
BAMPSL,136087300,BAMPSL SECURITIES,531591,,BSE,EQ
GENPHARMA,136087556,GENPHARMASEC,531592,,BSE,EQ
INCON,136088068,INCON ENGINEERS,531594,,BSE,EQ
MIDPOLY,136088836,MIDLAND POLYMERS,531597,,BSE,EQ
GOGIACAPGL,136089604,GOGIA CAPITAL GROWTH,531600,,BSE,EQ
GORANIN,136091652,GORANI INDUSTRIES,531608,,BSE,EQ
KGPETRO,136091908,KG PETROCHEM,531609,,BSE,EQ
UFMINDL,136092164,UFM INDUSTRIES,531610,,BSE,EQ
MAL,136092932,MEYER APPAREL ,531613,,BSE,EQ
STARCOM,136093700,STARCOM INFORMATION TECHNOLOGY,531616,,BSE,EQ
OROSMITHS,136096260,OROSIL SMITHS INDIA,531626,,BSE,EQ
TEJASSVI,136096772,TEJASSVI AAHARAM,531628,,BSE,EQ
SILVOAK,136098564,SILVER OAK (INDIA),531635,,BSE,EQ
PRAVEG,136099076,PRAVEG,531637,,BSE,EQ
SICL,136099844,SUVIDHA INFRAESTATE CORPORATIO,531640,,BSE,EQ
TOKYOFIN,136100868,TOKYO FINANCE,531644,,BSE,EQ
BJDUP,136101636,B.J.DUPLEX BOARDS,531647,,BSE,EQ
NATGENI,136102660,NATIONAL GENERAL INDUSTRIES LT,531651,,BSE,EQ
UVS,136102916,UVS HOSPITALITY AND SERVICES L,531652,,BSE,EQ
ABATEAS,136104452,ABATE AS INDUSTRIES,531658,,BSE,EQ
HITTCO,136105220,HITTCO TOOLS,531661,,BSE,EQ
YUVRAAJHPL,136105732,YUVRAAJ HYGIENE PRODUCTS,531663,,BSE,EQ
RRMETAL,136106756,RR METALMAKERS INDIA,531667,,BSE,EQ
VISIONCO,136107012,VISION CORPORATION,531668,,BSE,EQ
BISIL,136107780,BISIL PLAST,531671,,BSE,EQ
INANISEC,136108036,INANI SECURITIES,531672,,BSE,EQ
ANKIN,136108292,ANKA INDIA,531673,,BSE,EQ
VAGHANI,136109060,VAGHANI TECHNO-BUILD,531676,,BSE,EQ
ARISINT,136109316,ARIS INTERNATIONAL,531677,,BSE,EQ
MAYUR,136110084,MAYUR LEATHER PRODUCTS,531680,,BSE,EQ
AMERISE,136110340,AMERISE BIOSCIENCES,531681,,BSE,EQ
ADVIKLA,136111620,ADVIK LABORATORIES,531686,,BSE,EQ
PRITHVIEXCH,136112132,PRITHVI EXCHANGE (INDIA) LIMIT,531688,,BSE,EQ
KHYATI,136113156,KHYATI MULTIMEDIA-ENTERTAINMEN,531692,,BSE,EQ
RAINBOWF,136113668,RAINBOW FOUNDATIONS,531694,,BSE,EQ
VSDCONF,136114180,VSD CONFIN,531696,,BSE,EQ
TRICOMFRU,136119300,TRICOM FRUIT PRODUCTS,531716,,BSE,EQ
PANCHSHEEL,136121860,PANCHSHEEL ORGANICS,531726,,BSE,EQ
MENNPIS,136122116,MENON PISTONS,531727,,BSE,EQ
PRISMFN,136124164,PRISM FINANCE,531735,,BSE,EQ
GREENCREST,136124676,GREENCREST FINANCIAL SERVICES,531737,,BSE,EQ
GENNEX,136125188,GENNEX LABORATORIES,531739,,BSE,EQ
HIRAUTO,136126212,HIRA AUTOMOBILES,531743,,BSE,EQ
GINISILK,136126468,GINI SILK MILLS,531744,,BSE,EQ
PRAENG,136126980,PRAJAY ENGINEERS SYNDICATE,531746,,BSE,EQ
BIOGEN,136128516,BIOGEN PHARMACHEM INDUSTRIES L,531752,,BSE,EQ
GKCONS,136130052,G.K.CONSULTANTS,531758,,BSE,EQ
UNJHAFOR,136131076,UNJHA FORMULATIONS,531762,,BSE,EQ
PFLINFOTC,136132868,PFL INFOTECH,531769,,BSE,EQ
SHRADDHA,136133380,SHRADDHA PRIME PROJECTS,531771,,BSE,EQ
CISTRO,136134404,CISTRO TELELINK,531775,,BSE,EQ
KACHCHH,136135172,KACHCHH MINERALS,531778,,BSE,EQ
PADALPO,136135428,PADMANABH ALLOYS & POLYMERS LT,531779,,BSE,EQ
KACL,136135684,KAISER CORPORATION,531780,,BSE,EQ
KCLINFRA,136136708,KCL INFRA PROJECTS ,531784,,BSE,EQ
SCANPRO,136140036,SCAN PROJECTS,531797,,BSE,EQ
PRERINFRA,136141316,PRERNA INFRABUILD,531802,,BSE,EQ
METALCO,136143364,METAL COATINGS (INDIA),531810,,BSE,EQ
SGNTE,136143876,SGN TELECOMS,531812,,BSE,EQ
GANGAPA,136144132,GANGA PAPERS INDIA,531813,,BSE,EQ
TIRSARJ,136144388,TIRUPATI SARJAN,531814,,BSE,EQ
MUNOTHFI,136146180,MUNOTH FINANCIAL SERVICES,531821,,BSE,EQ
RODIUM,136146436,RODIUM REALTY,531822,,BSE,EQ
RCCEMEN,136147204,RCC CEMENTS,531825,,BSE,EQ
NAGTECH,136148996,NAGARJUNA AGRI TECH,531832,,BSE,EQ
NATHUEC,136149508,NATURA HUE CHEM,531834,,BSE,EQ
IECEDU,136151044,IEC EDUCATION,531840,,BSE,EQ
INDUSFINL,136151300,INDUS FINANCE ,531841,,BSE,EQ
LAHOTIOV,136151556,LAHOTI OVERSEAS,531842,,BSE,EQ
ZENITHSTL,136152324,ZENITH STEEL PIPES AND  INDUST,531845,,BSE,EQ
TRINITYLEA,136152580,TRINITY LEAGUE INDIA,531846,,BSE,EQ
ASTAR,136152836,ASIAN STAR CO.LTD.,531847,,BSE,EQ
ORIRAIL,136155908,ORIENTAL RAIL INFRASTRUCTURE L,531859,,BSE,EQ
JOINDRE,136156420,JOINDRE CAPITAL SERVICES,531861,,BSE,EQ
BHARATAGRI,136156676,BHARAT AGRI FERT & REALTY,531862,,BSE,EQ
UNITINT,136157956,UNITECH INTERNATIONAL,531867,,BSE,EQ
SACHEMT,136158468,SACHETA METALS,531869,,BSE,EQ
POPULARES,136158724,POPULAR ESTATE MANAGEMENT,531870,,BSE,EQ
ANJANIFIN,136160772,ANJANI FINANCE,531878,,BSE,EQ
SVAINDIA,136162564,SVA INDIA,531885,,BSE,EQ
TACENT,136163076,TACENT PROJECTS ,531887,,BSE,EQ
REXNORD,136163332,REXNORD ELECTRONICS & CONTROLS,531888,,BSE,EQ
IIL,136163588,INTEGRATED INDUSTRIES,531889,,BSE,EQ
SAWACA,136164612,SAWACA ENTERPRISES,531893,,BSE,EQ
CCLINTER,136166404,CCL INTERNATIONAL,531900,,BSE,EQ
GALLOPENT,136166916,GALLOPS ENTERPRISE,531902,,BSE,EQ
CROISSANCE,136168708,CROISSANCE,531909,,BSE,EQ
MADHUVEER,136168964,MADHUVEER COM 18 NETWORK LIMIT,531910,,BSE,EQ
GALAGEX,136169220,GALAXY AGRICO EXPORTS,531911,,BSE,EQ
GOPAIST,136169732,GOPAL IRON & STEELS CO.(GUJARA,531913,,BSE,EQ
HINDAPL,136171012,HINDUSTAN APPLIANCES,531918,,BSE,EQ
DHAMPURE,136172292,DHAMPURE SPECIALITY SUGARS,531923,,BSE,EQ
SHAQUAK,136172804,SHANTANU SHEOREY AQUAKULT,531925,,BSE,EQ
GOLCA,136173572,GOLDEN CARPETS,531928,,BSE,EQ
INNOCORP,136173828,INNOCORP,531929,,BSE,EQ
SARTHAKIND,136174084,SARTHAK INDUSTRIES,531930,,BSE,EQ
SAICAPI,136174340,SAI CAPITAL,531931,,BSE,EQ
BLUECHIP,136175620,BLUE CHIP INDIA,531936,,BSE,EQ
LEXORAA,136177668,LEXORAA INDUSTRIES,531944,,BSE,EQ
CHADPAP,136178180,CHADHA PAPERS,531946,,BSE,EQ
VERTEX,136179204,VERTEX SECURITIES,531950,,BSE,EQ
RIBATEX,136179716,RIBA TEXTILES,531952,,BSE,EQ
NEWINFRA,136181508,NEWTIME INFRASTRUCTURE,531959,,BSE,EQ
KASHYAP,136181764,KASHYAP TELE-MEDICINES ,531960,,BSE,EQ
SHREMETAL,136182276,SHREE METALLOYS,531962,,BSE,EQ
IITLPROJ,136183812,IITL PROJECTS,531968,,BSE,EQ
HARIGOV,136184580,HARI GOVIND INTERNATIONAL,531971,,BSE,EQ
CHLOGIST,136186116,CHARTERED LOGISTICS,531977,,BSE,EQ
HINDALUMI,136186628,HIND ALUMINIUM INDUSTRIES,531979,,BSE,EQ
SENINFO,136186884,SENTHIL INFOTEK,531980,,BSE,EQ
SPECFOOD,136187396,SPECTRUM FOODS,531982,,BSE,EQ
DECPO,136189188,DECCAN POLYPACKS,531989,,BSE,EQ
AMRAAGRI,136189700,AMRAWORLD AGRICO,531991,,BSE,EQ
AUTOPINS,136190468,AUTO PINS (INDIA),531994,,BSE,EQ
ODYCORP,136190980,ODYSSEY CORPORATION,531996,,BSE,EQ
VUENOW,136191236,VUENOW INFRATECH,531997,,BSE,EQ
INDCTST,136192260,INDUCTO STEEL,532001,,BSE,EQ
SAMINDUS,136193284,SAM INDUSTRIES,532005,,BSE,EQ
SHVFL,136193796,SHREEVATSAA FINANCE & LEASING,532007,,BSE,EQ
POOJAENT,136194820,VASHU BHAGNANI INDUSTRIES LIMI,532011,,BSE,EQ
GRAVITY,136195844,GRAVITY (INDIA),532015,,BSE,EQ
ESPIRE,136196100,ESPIRE HOSPITALITY,532016,,BSE,EQ
AARCON,136198148,AARCON FACILITIES,532024,,BSE,EQ
ZENOTECH,136201988,ZENOTECH LABORATORIES,532039,,BSE,EQ
HINDBIO,136202500,HINDUSTAN BIO SCIENCES,532041,,BSE,EQ
FRONTCORP,136202756,FRONTLINE CORPORATION,532042,,BSE,EQ
WALLFORT,136205572,WALLFORT FINANCIAL SERVICES LT,532053,,BSE,EQ
TRUSTEDGE,136206340,TRUSTEDGE CAPITAL ,532056,,BSE,EQ
ABHICAP,136206596,ABHINAV CAPITAL SERVICES,532057,,BSE,EQ
3BBLACKBIO,136209156,3B BLACKBIO DX ,532067,,BSE,EQ
SUMUKA,136209924,SUMUKA AGRO INDUSTRIES ,532070,,BSE,EQ
INTERDIGI,136210436,INTERWORLD DIGITAL,532072,,BSE,EQ
MONIND,136211972,MONIND,532078,,BSE,EQ
SHKALYN,136213252,SHRI KALYAN HOLDINGS,532083,,BSE,EQ
ATVOENT,136215044,ATVO ENTERPRISES ,532090,,BSE,EQ
EPUJA,136215556,EPUJA SPIRITECH,532092,,BSE,EQ
INDOCITY,136217604,INDO-CITY INFOTECH,532100,,BSE,EQ
SBECSUG,136218116,SBEC SUGAR,532102,,BSE,EQ
MEGFI,136218884,MEGA FIN (INDIA),532105,,BSE,EQ
BRIJLEAS,136220932,BRIJLAXMI LEASING & FINANCE LT,532113,,BSE,EQ
BSELALGO,136223492,BSEL ALGO,532123,,BSE,EQ
RELIABVEN,136223748,RELIABLE VENTURES INDIA,532124,,BSE,EQ
TRIUMPIN,136225540,TRIUMPH INTERNATIONAL FINANCE,532131,,BSE,EQ
SMCREDT,136227332,SMC CREDITS,532138,,BSE,EQ
GTEIT,136227588,G-TECH INFO-TRAINING,532139,,BSE,EQ
MOHITE,136227844,MOHITE INDUSTRIES,532140,,BSE,EQ
ACL,136228100,ANDHRA CEMENTS,532141,,BSE,EQ
SKMEGGPROD,136228612,SKM EGG PRODUCTS EXPORT (INDIA,532143,,BSE,EQ
HOTLSILV,136229124,H.S.INDIA,532145,,BSE,EQ
JOHNPHARMA,136231428,JOHNSON PHARMACARE,532154,,BSE,EQ
TRESCON,136232708,TRESCON,532159,,BSE,EQ
GUJSTATFIN,136232964,GUJARAT STATE FINANCIAL CORPOR,532160,,BSE,EQ
MINOLTAF,136233988,MINOLTA FINANCE,532164,,BSE,EQ
OMKARPH,136234756,OMKAR PHARMACHEM,532167,,BSE,EQ
CYBERTECH,136236292,CYBERTECH SYSTEMS AND SOFTWARE,532173,,BSE,EQ
GAYATRI,136238852,GAYATRI SUGARS,532183,,BSE,EQ
CMXLTD,136247556,CMX HOLDINGS,532217,,BSE,EQ
BENGALT,136250884,BENGAL TEA & FABRICS,532230,,BSE,EQ
TCIIND,136259076,TCI INDUSTRIES,532262,,BSE,EQ
ORCHASP,136261380,ORCHASP,532271,,BSE,EQ
LANDMARC,136262404,LANDMARC LEISURE CORPORATION L,532275,,BSE,EQ
TCFCFINQ,136264708,TCFC FINANCE,532284,,BSE,EQ
INTEGHIT,136269572,INTEGRATED HITECH,532303,,BSE,EQ
KJMCCORP,136269828,KJMC CORPORATE ADVISORS (INDIA,532304,,BSE,EQ
SHREERAMA,136271364,SHREE RAMA MULTI-TECH,532310,,BSE,EQ
GROARC,136272644,GROARC INDUSTRIES INDIA LIMITE,532315,,BSE,EQ
VAARAD,136273924,VAARAD VENTURES,532320,,BSE,EQ
SHIVACEM,136274692,SHIVA CEMENT,532323,,BSE,EQ
INTENTECH,136275460,INTENSE TECHNOLOGIES,532326,,BSE,EQ
DANLAW,136276228,DANLAW TECHNOLOGIES INDIA,532329,,BSE,EQ
CURAA,136276996,CURA TECHNOLOGIES,532332,,BSE,EQ
HBPOR,136277252,HB PORTFOLIO,532333,,BSE,EQ
HBESD,136277508,HB ESTATE DEVELOPERS,532334,,BSE,EQ
BARONINF,136278020,BARON INFOTECH,532336,,BSE,EQ
OMNIAX,136279044,OMNI AXS SOFTWARE,532340,,BSE,EQ
IZMO,136279300,IZMO ,532341,,BSE,EQ
SOFTSOL,136280068,SOFTSOL INDIA,532344,,BSE,EQ
PADMALAYAT,136281604,PADMALAYA TELEFILMS,532350,,BSE,EQ
VIRGOGLOB,136282628,VIRGO GLOBAL ,532354,,BSE,EQ
PICTUREHS,136282884,PICTUREHOUSE MEDIA,532355,,BSE,EQ
HITKITGLO,136283908,HIT KIT GLOBAL SOLUTIONS,532359,,BSE,EQ
NAGPI,136284676,NAGPUR POWER & INDUSTRIES,532362,,BSE,EQ
VIRINCHI,136287236,VIRINCHI ,532372,,BSE,EQ
WEPSOLN,136287492,WEP SOLUTIONS,532373,,BSE,EQ
UNIVARTS,136288772,UNIVERSAL ARTS,532378,,BSE,EQ
FIRSTFIN,136289028,FIRST FINTEC,532379,,BSE,EQ
BABA,136289284,BABA ARTS,532380,,BSE,EQ
TYCHE,136290308,TYCHE INDUSTRIES,532384,,BSE,EQ
PNC,136291076,PRITISH NANDY COMMUNICATIONS L,532387,,BSE,EQ
AXISCADES,136293124,AXISCADES TECHNOLOGIES,532395,,BSE,EQ
KONNDOR,136293636,KONNDOR INDUSTRIES,532397,,BSE,EQ
USGTECH,136294916,USG TECH SOLUTIONS,532402,,BSE,EQ
4THGEN,136295172,FOURTH GENERATION INFORMATION,532403,,BSE,EQ
7TEC,136295428,SAVEN TECHNOLOGIES,532404,,BSE,EQ
TRANSCOR,136296964,TRANSCORP INTERNATIONAL,532410,,BSE,EQ
CEREBRAINT,136297732,CEREBRA INTEGRATED TECHNOLOGIE,532413,,BSE,EQ
GENUSPRIME,136300804,GENUS PRIME INFRA,532425,,BSE,EQ
BFUTILITIE,136302084,BF UTILITIES,532430,,BSE,EQ
SANINFRA,136303364,SANMIT INFRA,532435,,BSE,EQ
TSPIRITUAL,136305668,T.SPIRITUAL WORLD,532444,,BSE,EQ
SHALIWIR,136308484,SHALIMAR WIRES INDUSTRIES,532455,,BSE,EQ
COMPINFO,136308740,COMPUAGE INFOCOM,532456,,BSE,EQ
HAZOOR,136311556,HAZOOR MULTI PROJECTS,532467,,BSE,EQ
KAMAHOLD,136311812,KAMA HOLDINGS,532468,,BSE,EQ
BLIL,136316164,BALMER LAWRIE INVESTMENTS,532485,,BSE,EQ
RAJPALAYAM,136320772,RAJAPALAYAM MILLS,532503,,BSE,EQ
PALREDTEC,136325380,PALRED TECHNOLOGIES,532521,,BSE,EQ
JPASSOCIAT,136328196,JAIPRAKASH ASSOCIATES,532532,,BSE,EQ
SALSTEEL,136346628,S.A.L.STEEL,532604,,BSE,EQ
IMPEXFERRO,136349188,IMPEX FERRO TECH,532614,,BSE,EQ
MORARJEE,136350980,MORARJEE TEXTILES,532621,,BSE,EQ
CYBERMEDIA,136355844,CYBER MEDIA (INDIA),532640,,BSE,EQ
BEEYU,136357124,BEEYU OVERSEAS,532645,,BSE,EQ
NECLIFE,136358148,NECTAR LIFESCIENCES,532649,,BSE,EQ
MCLEODRUSS,136359428,MCLEOD RUSSEL INDIA,532654,,BSE,EQ
FACORALL,136359940,FACOR ALLOYS,532656,,BSE,EQ
HTMEDIA,136361476,HT MEDIA,532662,,BSE,EQ
RAJVIR,136362244,RAJVIR INDUSTRIES,532665,,BSE,EQ
PBAINFRA,136365060,PBA INFRASTRUCTURE,532676,,BSE,EQ
ASMS,136369668,BARTRONICS INDIA,532694,,BSE,EQ
EDUCOMP,136370180,EDUCOMP SOLUTIONS,532696,,BSE,EQ
CELLA,136371460,CELLA SPACE,532701,,BSE,EQ
GVKPIL,136373252,GVK POWER & INFRASTRUCTURE,532708,,BSE,EQ
RCOM,136374276,RELIANCE COMMUNICATIONS,532712,,BSE,EQ
VISASTEEL,136376580,VISA STEEL,532721,,BSE,EQ
MPDL,136377092,MPDL,532723,,BSE,EQ
EMKAY,136380676,EMKAY GLOBAL FINANCIAL SERVICE,532737,,BSE,EQ
PAUSHAKLTD,136381956,PAUSHAK,532742,,BSE,EQ
GTNTEX,136382468,GTN TEXTILES,532744,,BSE,EQ
INDICAP,136382724,INDITRADE CAPITAL,532745,,BSE,EQ
ATLANTAA,136386308,ATLANTAA,532759,,BSE,EQ
HGM,136386820,HANDSON GLOBAL MANAGEMENT (HGM,532761,,BSE,EQ
RICHAIND,136388100,RICHA INDUSTRIES,532766,,BSE,EQ
GAYAPROJ,136388356,GAYATRI PROJECTS,532767,,BSE,EQ
SITINET,136395524,SITI NETWORKS,532795,,BSE,EQ
AICHAMP,136398340,AI CHAMPDANY INDUSTRIES,532806,,BSE,EQ
ELAND,136401924,E-LAND APPAREL ,532820,,BSE,EQ
JAGJANANI,136403204,JAGJANANI TEXTILES,532825,,BSE,EQ
LEHAR,136404228,LEHAR FOOTWEARS,532829,,BSE,EQ
HARYNACAP,136410884,HARYANA CAPFIN,532855,,BSE,EQ
QUINTEGRA,136413700,QUINTEGRA SOLUTIONS,532866,,BSE,EQ
ANKITMETAL,136414724,ANKIT METAL & POWER,532870,,BSE,EQ
HDIL,136415492,HOUSING DEVELOPMENT & INFRASTR,532873,,BSE,EQ
SSLEL,136417028,SIR SHADI LAL ENTERPRISES,532879,,BSE,EQ
TAKE,136419844,TAKE SOLUTIONS,532890,,BSE,EQ
VTMLTD,136420612,VTM,532893,,BSE,EQ
NAGREEKCAP,136421124,NAGREEKA CAPITAL & INFRASTRUCT,532895,,BSE,EQ
SUPREMEINF,136423428,SUPREME INFRASTRUCTURE INDIA L,532904,,BSE,EQ
IL&FSENGG,136424196,IL&FS ENGINEERING AND CONSTRUC,532907,,BSE,EQ
PARLEIND,136425220,PARLE INDUSTRIES,532911,,BSE,EQ
BVCL,136426500,BARAK VALLEY CEMENTS,532916,,BSE,EQ
RATHIBAR,136427012,RATHI BARS,532918,,BSE,EQ
KAUSHALYA,136428804,KAUSHALYA INFRASTRUCTURE DEVEL,532925,,BSE,EQ
BGRENERGY,136430084,BGR ENERGY SYSTEMS,532930,,BSE,EQ
PORWAL,136430852,PORWAL AUTO COMPONENTS,532933,,BSE,EQ
GOKAKTEX,136436996,GOKAK TEXTILES,532957,,BSE,EQ
TELOGICA,136441604,TELOGICA,532975,,BSE,EQ
SENSEX1,136444164,KOTAK MAHINDRA MUTUAL FUND,532985,,BSE,EQ
BAFNAPH,136445188,BAFNA PHARMACEUTICALS,532989,,BSE,EQ
CHLLTD,136445956,CHL,532992,,BSE,EQ
SEJALLTD,136446212,SEJAL GLASS,532993,,BSE,EQ
LOTUSEYE,136447492,LOTUS EYE HOSPITAL AND INSTITU,532998,,BSE,EQ
DWSFTS50AG,136448516,,533002,,BSE,EQ
DWSFTS50BG,136449028,,533004,,BSE,EQ
LGBFORGE,136449796,LGB FORGE,533007,,BSE,EQ
SICAGEN,136451588,SICAGEN INDIA,533014,,BSE,EQ
SIMPLXMIL,136452612,SIMPLEX MILLS COMPANY,533018,,BSE,EQ
SIMPLXPAP,136452868,SIMPLEX PAPERS,533019,,BSE,EQ
VEDAVAAG,136462340,VEDAVAAG SYSTEMS,533056,,BSE,EQ
EXCEL,136471044,EXCEL REALTY N INFRA,533090,,BSE,EQ
BENGALASM,136472324,BENGAL & ASSAM COMPANY,533095,,BSE,EQ
PEIL,136473604,PREMIER ENERGY AND INFRASTRUCT,533100,,BSE,EQ
SURYAAMBA,136473860,SURYAAMBA SPINNING MILLS,533101,,BSE,EQ
SWANDEF,136475396,SWAN DEFENCE AND HEAVY INDUSTR,533107,,BSE,EQ
BTTL,136475652,BHILWARA TECHNICAL TEXTILES LT,533108,,BSE,EQ
SPSL,136476164,SHREE PRECOATED STEELS,533110,,BSE,EQ
FFTF16BGR,136483588,,533139,,BSE,EQ
FFTF16BCQ,136483844,,533140,,BSE,EQ
FFTF16BCY,136484100,,533141,,BSE,EQ
FFTF16BDM,136484356,,533142,,BSE,EQ
YUNIKM,136486148,YUNIK MANAGING ADVISORS LIMITE,533149,,BSE,EQ
COROENGG,136490756,COROMANDEL ENGINEERING COMPANY,533167,,BSE,EQ
TAMBOLIIN,136491524,TAMBOLI INDUSTRIES,533170,,BSE,EQ
IL&FSTRANS,136493316,IL&FS TRANSPORTATION NETWORKS,533177,,BSE,EQ
SATCH,136499716,SATCHMO HOLDINGS,533202,,BSE,EQ
TARAPUR,136499972,TARAPUR TRANSFORMERS,533203,,BSE,EQ
GKB,136502276,GKB OPHTHALMICS,533212,,BSE,EQ
FFTF17BGR,136503044,,533215,,BSE,EQ
WAAREEINDO,136513796,INDOSOLAR,533257,,BSE,EQ
SEATV,136516612,SEA TV NETWORK,533268,,BSE,EQ
RDBIPL,136520964,RDB INFRASTRUCTURE AND POWER L,533285,,BSE,EQ
KTIL,136521988,KESAR TERMINALS & INFRASTRUCTU,533289,,BSE,EQ
INOVSYNTH,136528644,INNOVASSYNTH INVESTMENTS,533315,,BSE,EQ
OMKARCHEM,136529156,OMKAR SPECIALITY CHEMICALS,533317,,BSE,EQ
FCONSUMER,136550404,FUTURE CONSUMER ,533400,,BSE,EQ
TRUEGREEN,136552196,TRUE GREEN BIO ENERGY,533407,,BSE,EQ
KTKFMP46G,136554756,,533417,,BSE,EQ
KTKFMP46D,136555012,,533418,,BSE,EQ
VMS,136557316,VMS INDUSTRIES,533427,,BSE,EQ
KTKFMP48G,136557572,,533428,,BSE,EQ
KTKFMP48D,136557828,,533429,,BSE,EQ
KARMAENG,136563460,KARMA ENERGY,533451,,BSE,EQ
ENKEIWHEL,136570116,ENKEI WHEELS (INDIA),533477,,BSE,EQ
KTKFMP52G,136570372,,533478,,BSE,EQ
KTKFMP52D,136570628,,533479,,BSE,EQ
BGLOBAL,136575748,BHARATIYA GLOBAL INFOMEDIA,533499,,BSE,EQ
YAARI,136581124,YAARI DIGITAL INTEGRATED SERVI,533520,,BSE,EQ
KTKFMP55G,136582660,,533526,,BSE,EQ
KTKFMP55D,136582916,,533527,,BSE,EQ
LESHAIND,136602116,LESHA INDUSTRIES,533602,,BSE,EQ
SETUINFRA,136602884,SETUBANDHAN INFRASTRUCTURE LIM,533605,,BSE,EQ
RDBRL,136603652,RDB RASAYANS,533608,,BSE,EQ
UEL,136612868,UJAAS ENERGY,533644,,BSE,EQ
INDOTHAI,136621060,INDO THAI SECURITIES,533676,,BSE,EQ
FERVENTSYN,136677380,FERVENT SYNERGIES,533896,,BSE,EQ
TERASOFT,136699396,TERA SOFTWARE,533982,,BSE,EQ
PMCFIN,136719364,PMC FINCORP,534060,,BSE,EQ
FUTSOL,136720132,FUTURISTIC SOLUTIONS,534063,,BSE,EQ
AIML,136720388,ALLIANCE INTEGRATED METALIKS L,534064,,BSE,EQ
PYXISFIN,136731908,PYXIS FINVEST ,534109,,BSE,EQ
OLPCL,136752644,OLYMPIC CARDS,534190,,BSE,EQ
MTEDUCARE,136783876,MT EDUCARE,534312,,BSE,EQ
MAXHEIGHTS,136790532,MAXHEIGHTS INFRASTRUCTURE,534338,,BSE,EQ
LOOKS,136812036,LOOKS HEALTH SERVICES,534422,,BSE,EQ
META,136840964,STRING METAVERSE,534535,,BSE,EQ
AMTL,136860676,ADVANCE METERING TECHNOLOGY LT,534612,,BSE,EQ
JUPITERIN,136863492,JUPITER INFOMEDIA,534623,,BSE,EQ
VINAYAKPOL,136867588,VINAYAK POLYCON INTERNATIONAL,534639,,BSE,EQ
JOINTECAED,136872708,JOINTECA EDUCATION SOLUTIONS L,534659,,BSE,EQ
PROZONER,136876804,PROZONE REALTY,534675,,BSE,EQ
COMCL,136880900,COMFORT COMMOTRADE,534691,,BSE,EQ
SHANTIGURU,136885252,SHANTI GURU INDUSTRIES,534708,,BSE,EQ
CASPIAN,136891396,CASPIAN CORPORATE SERVICES LIM,534732,,BSE,EQ
AERPACE,136891652,AERPACE INDUSTRIES ,534733,,BSE,EQ
VIRTUALG,136893700,VIRTUAL GLOBAL EDUCATION,534741,,BSE,EQ
TRIOMERC,136897284,TRIO MERCANTILE & TRADING,534755,,BSE,EQ
CDG,136907780,CDG PETCHEM,534796,,BSE,EQ
COVIDH,136939524,COVIDH,534920,,BSE,EQ
MUKTA,137012228,MUKTA AGRICULTURE ,535204,,BSE,EQ
MYSTICELE,137012484,MYSTIC ELECTRONICS ,535205,,BSE,EQ
COMFINCAP,137028356,COMFORT FINCAP,535267,,BSE,EQ
SBISENSEX,137030660,SBI MUTUAL FUND - SBI ETF SENS,535276,,BSE,EQ
BMAL,137031428,BOTHRA METALS & ALLOYS,535279,,BSE,EQ
KTKFMP100G,137054980,,535371,,BSE,EQ
KTKFMP100D,137055748,,535374,,BSE,EQ
KTKFMP100GD,137056004,,535375,,BSE,EQ
LAKHOTIA,137059076,LAKHOTIA POLYESTERS (INDIA) LT,535387,,BSE,EQ
RFXXIII8DG,137069316,,535427,,BSE,EQ
RFHXXIII8G,137069828,,535429,,BSE,EQ
GCMSECU,137070340,GCM SECURITIES,535431,,BSE,EQ
KTKFMP101G,137072388,,535439,,BSE,EQ
KTKFMP101D,137072644,,535440,,BSE,EQ
KTKFMP101GD,137072900,,535441,,BSE,EQ
PRIMECAPM,137091588,PRIME CAPITAL MARKET,535514,,BSE,EQ
KIFS,137104900,KIFS FINANCIAL SERVICES,535566,,BSE,EQ
BINNYMILLS,137118724,BINNY MILLS,535620,,BSE,EQ
SVGLOBAL,137118980,S V GLOBAL MILL,535621,,BSE,EQ
SDC,137125636,SDC TECHMEDIA,535647,,BSE,EQ
OONE,137128196,OBJECTONE INFORMATION SYSTEMS,535657,,BSE,EQ
IFINSEC,137130756,INDIA FINSEC,535667,,BSE,EQ
RMFINAFDG8,137134852,,535683,,BSE,EQ
RMFINAFRG8,137135108,,535684,,BSE,EQ
RMFINAFDD8,137135364,,535685,,BSE,EQ
RMFINAFRD8,137135620,,535686,,BSE,EQ
RMFINAFDR8,137135876,,535687,,BSE,EQ
RMFINAFRR8,137136132,,535688,,BSE,EQ
RXXIII12DG,137136388,,535689,,BSE,EQ
RFXXIII12G,137136644,,535690,,BSE,EQ
BRAHMINFRA,137137412,BRAHMAPUTRA INFRASTRUCTURE,535693,,BSE,EQ
AMPVOLTS,137144068,AMPVOLTS,535719,,BSE,EQ
KHOOBSURAT,137146884,KHOOBSURAT,535730,,BSE,EQ
RFXXIV03DG,137185540,,535881,,BSE,EQ
RFHXXIX03G,137186052,,535883,,BSE,EQ
MMLF,137192964,MONEY MASTERS LEASING & FINANC,535910,,BSE,EQ
ALSL,137194500,ALACRITY SECURITIES,535916,,BSE,EQ
GCMCOMM,137194756,GCM COMMODITY & DERIVATIVES LT,535917,,BSE,EQ
RFXXIV04DG,137214980,,535996,,BSE,EQ
RFHXXIV04G,137215492,,535998,,BSE,EQ
KTKFMP110G,137224708,,536034,,BSE,EQ
KTKFMP110D,137224964,,536035,,BSE,EQ
KTKFMP110GD,137225220,,536036,,BSE,EQ
KTKFMP111G,137230852,,536058,,BSE,EQ
KTKFMP111GD,137231364,,536060,,BSE,EQ
RFXXIV05DG,137233412,,536068,,BSE,EQ
RFHXXIV05G,137233924,,536070,,BSE,EQ
RFHXXIV05D,137234180,,536071,,BSE,EQ
JULIEN,137234692,JULIEN AGRO INFRATECH,536073,,BSE,EQ
RFXXIV11DG,137245956,,536117,,BSE,EQ
RFHXXIV11G,137246468,,536119,,BSE,EQ
RFXXIV07DG,137255172,,536153,,BSE,EQ
RFXXIV07DD,137255428,,536154,,BSE,EQ
RFHXXIV07G,137255684,,536155,,BSE,EQ
RFHXXIV07D,137255940,,536156,,BSE,EQ
RFXXIV10DG,137258500,,536166,,BSE,EQ
RFHXXIV10G,137259012,,536168,,BSE,EQ
RFXXIV15DG,137279748,,536249,,BSE,EQ
RFHXXIV15G,137280260,,536251,,BSE,EQ
JKAGRI,137342212,JK AGRI GENETICS,536493,,BSE,EQ
FLFL,137345796,FUTURE LIFESTYLE FASHIONS,536507,,BSE,EQ
NOVELIX,137360644,NOVELIX PHARMACEUTICALS LIMITE,536565,,BSE,EQ
PVVINFRA,137384708,PVV INFRA ,536659,,BSE,EQ
VCU,137388036,VCU DATA MANAGEMENT,536672,,BSE,EQ
INDRENEW,137397508,IND RENEWABLE ENERGY,536709,,BSE,EQ
SRGFFL,137397764,SRG FINGROW FINANCE,536710,,BSE,EQ
ACFSL,137404676,AMRAPALI CAPITAL AND FINANCE S,536737,,BSE,EQ
STELLAR,137404932,STELLAR CAPITAL SERVICES,536738,,BSE,EQ
RFXXIV25DD,137426692,,536823,,BSE,EQ
RFXXIV25DG,137427204,,536825,,BSE,EQ
RFHXXIV25D,137427716,,536827,,BSE,EQ
RFHXXIV25G,137427972,,536828,,BSE,EQ
YURANUS,137432580,YURANUS INFRASTRUCTURE,536846,,BSE,EQ
NFXXV01DG,137435908,,536859,,BSE,EQ
NFHXXV01G,137436420,,536861,,BSE,EQ
BPCAP,137463044,B. P. CAPITAL,536965,,BSE,EQ
NFXXV06DG,137463556,,536967,,BSE,EQ
NFHXXV06G,137464068,,536969,,BSE,EQ
CPL,137465348,CAPTAIN POLYPLAST,536974,,BSE,EQ
ARNOLD,137489668,ARNOLD HOLDINGS,537069,,BSE,EQ
NFXXV11DG,137506564,,537135,,BSE,EQ
NFHXXV11G,137506820,,537136,,BSE,EQ
SUNLOC,137536772,SUNIL HEALTHCARE,537253,,BSE,EQ
RCIIND,137537028,RCI INDUSTRIES & TECHNOLOGIES,537254,,BSE,EQ
CHEMTECH,137555460,CHEMTECH INDUSTRIAL VALVES,537326,,BSE,EQ
HCPO36MJDG,137568772,,537378,,BSE,EQ
HCPO36MJDD,137569028,,537379,,BSE,EQ
HCPO36MJRD,137569540,,537381,,BSE,EQ
NFXXV18DG,137589508,,537459,,BSE,EQ
NFHXXV18G,137590532,,537463,,BSE,EQ
DENISCHEM,137609220,DENIS CHEM LAB,537536,,BSE,EQ
NFXXV20DD,137615364,,537560,,BSE,EQ
NFXXV20DG,137615620,,537561,,BSE,EQ
NFHXXV20D,137615876,,537562,,BSE,EQ
NFHXXV20G,137616132,,537563,,BSE,EQ
POLYMAC,137618692,POLYMAC THERMOFORMERS,537573,,BSE,EQ
UNISHIRE,137620996,UNISHIRE URBAN INFRA,537582,,BSE,EQ
LAXMIPATI,137643268,LAXMIPATI ENGINEERING WORKS LI,537669,,BSE,EQ
LADDU,137652996,LADDU GOPAL ONLINE SERVICES LI,537707,,BSE,EQ
HANSUGAR,137653508,SHREE HANUMAN SUGAR & INDUSTRI,537709,,BSE,EQ
KIRANVYPAR,137664004,KIRAN VYAPAR,537750,,BSE,EQ
NFXXV26DG,137664516,,537752,,BSE,EQ
NFHXXV26G,137665028,,537754,,BSE,EQ
BCP,137668100,B.C. POWER CONTROLS,537766,,BSE,EQ
KCSL,137672708,KARNIMATA COLD STORAGE,537784,,BSE,EQ
MANGIND,137676804,MANGALAM INDUSTRIAL FINANCE LT,537800,,BSE,EQ
VIJIFIN,137681924,VIJI FINANCE,537820,,BSE,EQ
PHOENIXTN,137686788,PHOENIX TOWNSHIP,537839,,BSE,EQ
RAUNAQ,137687044,RAUNAQ INTERNATIONAL,537840,,BSE,EQ
NFXXV32DG,137705476,,537912,,BSE,EQ
NFHXXV32G,137705732,,537913,,BSE,EQ
NFXXVI01DD,137712900,,537941,,BSE,EQ
NFXXVI01DG,137713156,,537942,,BSE,EQ
NFHXXVI01D,137713412,,537943,,BSE,EQ
NFHXXVI01G,137713668,,537944,,BSE,EQ
INFRONICS,137724164,INFRONICS SYSTEMS,537985,,BSE,EQ
HARIAAPL,137748740,HARIA APPARELS,538081,,BSE,EQ
VASUPRADA,137751556,SHRI VASUPRADA PLANTATIONS LIM,538092,,BSE,EQ
NFXXVI09DG,137753604,,538100,,BSE,EQ
NFHXXVI09G,137755908,,538109,,BSE,EQ
SHARPINV,137782276,SHARP INVESTMENTS,538212,,BSE,EQ
NFXXVI14DG,137797124,,538270,,BSE,EQ
NFHXXVI14D,137797380,,538271,,BSE,EQ
NFHXXVI14G,137797636,,538272,,BSE,EQ
RESPONSINF,137797892,RESPONSE INFORMATICS,538273,,BSE,EQ
GCMCAPI,137809668,GCM CAPITAL ADVISORS,538319,,BSE,EQ
SDFSA24GD,137815300,,538341,,BSE,EQ
AFEL,137817860,A.F. ENTERPRISES,538351,,BSE,EQ
NFXXVI22DD,137818116,,538352,,BSE,EQ
NFHXXVI22DG,137818372,,538353,,BSE,EQ
NFHXXVI22G,137818884,,538355,,BSE,EQ
WESTLEIRES,137825796,WEST LEISURE RESORTS,538382,,BSE,EQ
RFHXXVI24DG,137828356,,538392,,BSE,EQ
RFHXXVI24G,137828868,,538394,,BSE,EQ
NAM,137829124,NAM SECURITIES,538395,,BSE,EQ
METSL,137830660,MAESTROS ELECTRONICS & TELECOM,538401,,BSE,EQ
JACKSON,137836036,JACKSON INVESTMENTS,538422,,BSE,EQ
RFXXVI23DD,137837572,,538428,,BSE,EQ
RFXXVI23DG,137837828,,538429,,BSE,EQ
RFHXXVI23D,137838084,,538430,,BSE,EQ
RFHXXVI23G,137838340,,538431,,BSE,EQ
WORTH,137843460,WORTH INVESTMENT & TRADING CO,538451,,BSE,EQ
QUASAR,137843716,QUASAR INDIA,538452,,BSE,EQ
TPROJECT,137846788,THIRANI PROJECTS,538464,,BSE,EQ
AMARSEC,137847044,AMARNATH SECURITIES,538465,,BSE,EQ
CTL,137849860,CAPITAL TRADE LINKS,538476,,BSE,EQ
TARINI,137854980,TARINI INTERNATIONAL,538496,,BSE,EQ
SBL,137861124,SHIVAMSHREE BUSINESSES,538520,,BSE,EQ
YAANENT,137861380,YAAN ENTERPRISES,538521,,BSE,EQ
NFXXVI30DD,137861636,,538522,,BSE,EQ
NFXXVI30DG,137861892,,538523,,BSE,EQ
NFHXXVI30D,137862148,,538524,,BSE,EQ
NFHXXVI30G,137862404,,538525,,BSE,EQ
OMANSH,137865476,OMANSH ENTERPRISES,538537,,BSE,EQ
ANVRDHI,137865988,ANNVRRIDHHI VENTURES,538539,,BSE,EQ
RLFL,137866244,RAMCHANDRA LEASING & FINANCE L,538540,,BSE,EQ
GOLDCOINHF,137866756,GOLD COIN HEALTH FOODS,538542,,BSE,EQ
BRPL,137867780,BANSAL ROOFING PRODUCTS,538546,,BSE,EQ
ARMAN,137870340,ARMAN HOLDINGS,538556,,BSE,EQ
SMTEL,137872132,SMT ENGINEERING,538563,,BSE,EQ
JAMESWARREN,137872388,JAMES WARREN TEA,538564,,BSE,EQ
VISTARAMAR,137872644,VISTAR AMAR ,538565,,BSE,EQ
FRUTION,137873412,FRUITION VENTURE,538568,,BSE,EQ
TRIVENIENT,137873668,TRIVENI ENTERPRISES,538569,,BSE,EQ
BHANDERI,137875460,BHANDERI INFRACON,538576,,BSE,EQ
ZINEMA,137876228,ZINEMA MEDIA AND ENTERTAINMENT,538579,,BSE,EQ
NCAPBULADD,137879300,RELIANCE MUTUAL FUND - RELIANC,538591,,BSE,EQ
NCAPBULADG,137879556,RELIANCE MUTUAL FUND- RELIANCE,538592,,BSE,EQ
NCAPBUILAD,137879812,RELIANCE MUTUAL FUND- RELIANCE,538593,,BSE,EQ
NCAPBUILAG,137880068,RELIANCE MUTUAL FUND- RELIANCE,538594,,BSE,EQ
CEMAINFRA,137880580,CEMANTIC INFRA-TECH,538596,,BSE,EQ
TTIENT,137880836,TTI ENTERPRISE,538597,,BSE,EQ
VISHAL,137881092,VISHAL FABRICS,538598,,BSE,EQ
TOYAMSL,137883396,TOYAM SPORTS,538607,,BSE,EQ
GAJANANSEC,137883908,GAJANAN SECURITIES SERVICES LT,538609,,BSE,EQ
UNISON,137884164,UNISON METALS,538610,,BSE,EQ
RTFL,137884420,REAL TOUCH FINANCE ,538611,,BSE,EQ
NCAPBULBDD,137889284,RELIANCE MUTUAL FUND - RELIANC,538630,,BSE,EQ
NCAPBULBDG,137889540,RELIANCE MUTUAL FUND- RELIANCE,538631,,BSE,EQ
NCAPBUILBD,137889796,RELIANCE MUTUAL FUND- RELIANCE,538632,,BSE,EQ
NCAPBUILBG,137890052,RELIANCE MUTUAL FUND- RELIANCE,538633,,BSE,EQ
VRL,137890308,VASUNDHARA RASAYANS,538634,,BSE,EQ
QGO,137893380,QGO FINANCE,538646,,BSE,EQ
PURSHOTTAM,137893636,PURSHOTTAM INVESTOFIN,538647,,BSE,EQ
HCLTD,137894916,HIND COMMERCE,538652,,BSE,EQ
SIROHIA,137898756,SIROHIA & SONS ,538667,,BSE,EQ
MIIL,137899012,MEGHNA INFRACON INFRASTRUCTURE,538668,,BSE,EQ
CITYONLINE,137900548,CITY ONLINE SERVICES ,538674,,BSE,EQ
SENSEXBEES,137902852,NIPPON INDIA ETF SENSEX,538683,,BSE,EQ
ENCASH,137903108,ENCASH ENTERTAINMENT ,538684,,BSE,EQ
ULTRACAB,137908740,ULTRACAB (INDIA) ,538706,,BSE,EQ
RCCL,137908996,RAJASTHAN CYLINDERS & CONTAINE,538707,,BSE,EQ
ETIL,137909252,ECONO TRADE (INDIA) ,538708,,BSE,EQ
ATISHAY,137910532,ATISHAY ,538713,,BSE,EQ
SANGAMFIN,137910788,SANGAM FINSERV ,538714,,BSE,EQ
DHABRIYA,137911044,DHABRIYA POLYWOOD ,538715,,BSE,EQ
ARYACAPM,137911300,ARYAMAN CAPITAL MARKETS LIMITE,538716,,BSE,EQ
HANMAN,137915140,HANMAN FIT,538731,,BSE,EQ
VGCL,137915396,VIBRANT GLOBAL CAPITAL ,538732,,BSE,EQ
CEINSYSTECH,137915908,CEINSYS TECH,538734,,BSE,EQ
PANABYTE,137917956,PANABYTE TECHNOLOGIES,538742,,BSE,EQ
MUDUNURU,137918212,MUDUNURU ,538743,,BSE,EQ
JSHL,137923844,JLA INFRAVILLE SHOPPERS LIMITE,538765,,BSE,EQ
CRANEINFRA,137925124,CRANE INFRASTRUCTURE ,538770,,BSE,EQ
NIYOGIN,137925636,NIYOGIN FINTECH ,538772,,BSE,EQ
ASIACAP,137926916,ASIA CAPITAL,538777,,BSE,EQ
KALYANCAP,137927172,KALYAN CAPITALS ,538778,,BSE,EQ
CIL,137929220,CITIZEN INFOLINE,538786,,BSE,EQ
GBFL,137929476,GOENKA BUSINESS & FINANCE LIMI,538787,,BSE,EQ
GILADAFINS,137929732,GILADA FINANCE & INVESTMENTS L,538788,,BSE,EQ
JETSOLAR,137931268,JET SOLAR,538794,,BSE,EQ
SAPPL,137931524,SHREE AJIT PULP AND PAPER,538795,,BSE,EQ
CAPPIPES,137937156,CAPTAIN PIPES ,538817,,BSE,EQ
KAIZENAGRO,137941252,KAIZEN AGRO INFRABUILD,538833,,BSE,EQ
JMJFIN,137941508,JMJ FINTECH ,538834,,BSE,EQ
JSTL,137942276,JEEVAN SCIENTIFIC TECHNOLOGY L,538837,,BSE,EQ
ICL,137942532,INDO COTSPIN ,538838,,BSE,EQ
SCC,137947396,SCINTILLA COMMERCIAL & CREDIT,538857,,BSE,EQ
PANAFIC,137948164,PANAFIC INDUSTRIALS,538860,,BSE,EQ
MYMONEY,137948676,MY MONEY SECURITIES,538862,,BSE,EQ
AMARNATH,137948932,SRI AMARNATH FINANCE,538863,,BSE,EQ
CSL,137950212,CONTINENTAL SECURITIES ,538868,,BSE,EQ
NEXUSSURGL,137951748,NEXUS SURGICAL AND MEDICARE LI,538874,,BSE,EQ
SELLWIN,137952004,SELLWIN TRADERS,538875,,BSE,EQ
GALADAFIN,137953540,GALADA FINANCE ,538881,,BSE,EQ
EMERALD,137953796,EMERALD FINANCE ,538882,,BSE,EQ
MKEXIM,137955844,M. K. EXIM (INDIA),538890,,BSE,EQ
OCTAL,137956868,OCTAL CREDIT CAPITAL,538894,,BSE,EQ
MIHIKA,137957124,MIHIKA INDUSTRIES,538895,,BSE,EQ
KANCHI,137957380,KANCHI KARPOORAM,538896,,BSE,EQ
SHRINIWAS,137957636,SHRI NIWAS LEASING AND FINANCE,538897,,BSE,EQ
VANICOM,137963012,VANI COMMERCIALS ,538918,,BSE,EQ
SKILVEN,137963268,SKYLINE VENTURES INDIA,538919,,BSE,EQ
RAFL,137963780,RAGHUVANSH AGROFARMS ,538921,,BSE,EQ
COSYN,137964036,COSYN ,538922,,BSE,EQ
SOFCOM,137964292,SOFCOM SYSTEMS,538923,,BSE,EQ
NAPL,137965060,NATURITE AGRO PRODUCTS ,538926,,BSE,EQ
KARNAVATI,137965572,KARNAVATI FINANCE ,538928,,BSE,EQ
ABHIFIN,137967364,ABHISHEK FINLEASE ,538935,,BSE,EQ
MERCANTILE,137969156,MERCANTILE VENTURES ,538942,,BSE,EQ
SONAL,137969412,SONAL MERCANTILE ,538943,,BSE,EQ
ALFL,137971716,ABHINAV LEASING & FINANCE LIMI,538952,,BSE,EQ
MERCURYLAB,137974788,MERCURY LABORATORIES ,538964,,BSE,EQ
CONCORD,137975044,CONCORD DRUGS ,538965,,BSE,EQ
WARDINMOBI,137976324,WARDWIZARD INNOVATIONS AND MOB,538970,,BSE,EQ
SHREESEC,137977604,SHREE SECURITIES,538975,,BSE,EQ
TALBROSENG,137980676,TALBROS ENGINEERING,538987,,BSE,EQ
SAPL,137981956,SAR  AUTO PRODUCTS ,538992,,BSE,EQ
PUROHITCON,137982212,PUROHIT CONSTRUCTION ,538993,,BSE,EQ
JAYATMA,137985284,JAYATMA ENTERPRISES,539005,,BSE,EQ
CHENFERRO,137986820,CHENNAI FERROUS INDUSTRIES LIM,539011,,BSE,EQ
MEGRISOFT,137987076,MEGRI SOFT ,539012,,BSE,EQ
GITARENEW,137987332,GITA RENEWABLE ENERGY,539013,,BSE,EQ
KALPACOMME,137987588,KALPA COMMERCIAL ,539014,,BSE,EQ
ORTEL,137987844,ORTEL COMMUNICATIONS ,539015,,BSE,EQ
NEIL,137988100,NEIL INDUSTRIES,539016,,BSE,EQ
STARHFL,137988356,STAR HOUSING FINANCE,539017,,BSE,EQ
BEEKAY,137988612,BEEKAY STEEL INDUSTRIES,539018,,BSE,EQ
SSPNFIN,137990660,SSPN FINANCE ,539026,,BSE,EQ
SETFBSE100,137991940,SBI MUTUAL FUND,539031,,BSE,EQ
FRASER,137992196,FRASER AND COMPANY ,539032,,BSE,EQ
TTIL,137994244,TIRUPATI TYRES,539040,,BSE,EQ
GANVERSE,137994500,GANESHA ECOVERSE,539041,,BSE,EQ
MANAKALUCO,137995524,MANAKSIA ALUMINIUM COMPANY,539045,,BSE,EQ
RAJPUTANA,138007044,RAJPUTANA INVESTMENT AND FINAN,539090,,BSE,EQ
CITL,138007300,CONSECUTIVE INVESTMENTS & TRAD,539091,,BSE,EQ
AANANDALAK,138008580,AANANDA LAKSHMI SPINNING MILLS,539096,,BSE,EQ
URSUGAR,138008836,UR SUGAR INDUSTRIES,539097,,BSE,EQ
FILTRA,138009092,FILTRA CONSULTANTS AND ENGINEE,539098,,BSE,EQ
ATHCON,138009348,ATHENA CONSTRUCTIONS ,539099,,BSE,EQ
NORTHLINK,138012164,NORTHLINK FISCAL AND CAPITAL S,539110,,BSE,EQ
SHESHAINDS,138012420,SHESHADRI INDUSTRIES,539111,,BSE,EQ
SAB,138012676,SAB INDUSTRIES,539112,,BSE,EQ
PML,138012932,PAUL MERCHANTS,539113,,BSE,EQ
ALANSCOTT,138013444,ALAN SCOTT ENTERPRISES,539115,,BSE,EQ
OPCHAINS,138013700,O. P. CHAINS ,539116,,BSE,EQ
SUJALA,138013956,SUJALA TRADING & HOLDING,539117,,BSE,EQ
JAINMARMO,138014468,JAIN MARMO INDUSTRIES,539119,,BSE,EQ
BFFL,138014724,BANGALORE FORT FARMS ,539120,,BSE,EQ
PALCO,138014980,PALCO METALS ,539121,,BSE,EQ
BODHTREE,138015236,BODHTREE CONSULTING ,539122,,BSE,EQ
VBIND,138015492,V B INDUSTRIES,539123,,BSE,EQ
SARVOTTAM,138015748,SURVOTTAM FINVEST,539124,,BSE,EQ
MEP,138016260,MEP INFRASTRUCTURE DEVELOPERS,539126,,BSE,EQ
WARDWIZFBL,138017796,WARDWIZARD FOODS AND BEVERAGES,539132,,BSE,EQ
PANTH,138020612,PANTH INFINITY,539143,,BSE,EQ
ICSL,138022148,INTEGRATED CAPITAL SERVICES LT,539149,,BSE,EQ
ARFIN,138022660,ARFIN INDIA ,539151,,BSE,EQ
VLL,138026756,VIRAT LEASING ,539167,,BSE,EQ
HELPAGE,138028548,HELPAGE FINLEASE,539174,,BSE,EQ
BLUEGOD,138028804,BLUEGOD ENTERTAINMENT,539175,,BSE,EQ
HAWAENG,138029060,HAWA ENGINEERS,539176,,BSE,EQ
ADHBHUTIN,138032388,ADHBHUT INFRASTRUCTURE,539189,,BSE,EQ
DFL,138032644,DECILLION FINANCE,539190,,BSE,EQ
POEL,138033924,POCL ENTERPRISES,539195,,BSE,EQ
AEL,138034180,AMBA ENTERPRISES,539196,,BSE,EQ
CAPFIN,138034692,CAPFIN INDIA ,539198,,BSE,EQ
GVBL,138036740,GENOMIC VALLEY BIOTECH,539206,,BSE,EQ
GARMNTMNTR,138039300,GARMENT MANTRA LIFESTYLE LIMIT,539216,,BSE,EQ
SRESTHA,138039556,SRESTHA FINVEST ,539217,,BSE,EQ
SAUMYA,138039812,SAUMYA CONSULTANTS,539218,,BSE,EQ
MUL,138040068,MAURIA UDYOG,539219,,BSE,EQ
MISHKA,138040324,MISHKA EXIM ,539220,,BSE,EQ
GROWINGTON,138040836,GROWINGTON VENTURES INDIA LIMI,539222,,BSE,EQ
HCKKVENTURE,138041348,HCKK VENTURES ,539224,,BSE,EQ
RUDRA,138041860,RUDRA GLOBAL INFRA PRODUCTS LI,539226,,BSE,EQ
LOYAL,138042116,LOYAL EQUIPMENTS ,539227,,BSE,EQ
GGPL,138042372,GALA GLOBAL PRODUCTS ,539228,,BSE,EQ
CHEMIESYNT,138042884,CHEMIESYNTH (VAPI) ,539230,,BSE,EQ
JEL,138046980,JYOTIRGAMYA ENTERPRISES LIMITE,539246,,BSE,EQ
SURYAINDIA,138048772,SURYA INDIA ,539253,,BSE,EQ
STARDELTA,138049284,STAR DELTA TRANSFORMERS LIMITE,539255,,BSE,EQ
AMRAFIN,138051844,AMRAPALI FINCAP ,539265,,BSE,EQ
SAMSRITA,138052356,SAMSRITA LABS,539267,,BSE,EQ
NXXIX1X,138052868,,539269,,BSE,EQ
NXXIX1Z,138053124,,539270,,BSE,EQ
NXXIX1D,138053380,,539271,,BSE,EQ
NXXIX1G,138053636,,539272,,BSE,EQ
PECOS,138053892,PECOS HOTELS AND PUBS ,539273,,BSE,EQ
MSL,138054404,MANGALAM SEEDS ,539275,,BSE,EQ
KAYA,138054660,KAYA ,539276,,BSE,EQ
ALSTONE,138054916,ALSTONE TEXTILES (INDIA),539277,,BSE,EQ
SYMBIOX,138055172,SYMBIOX INVESTMENT & TRADING C,539278,,BSE,EQ
ORTINGLOBE,138057476,ORTIN GLOBAL,539287,,BSE,EQ
AVI,138057732,AVI POLYMERS,539288,,BSE,EQ
VASUDHAGAM,138058500,VASUDHAGAMA ENTERPRISES LIMITE,539291,,BSE,EQ
SUNRAKSHAK,138060804,SUNRAKSHAKK INDUSTRIES INDIA L,539300,,BSE,EQ
THINKINK,138063364,THINKINK PICTUREZ,539310,,BSE,EQ
UNIAUTO,138064388,UNIVERSAL AUTOFOUNDRY ,539314,,BSE,EQ
CHPLIND,138069764,CHPL INDUSTRIES,539335,,BSE,EQ
WAAREE,138070276,WAAREE TECHNOLOGIES,539337,,BSE,EQ
SADBHIN,138072580,SADBHAV INFRASTRUCTURE PROJECT,539346,,BSE,EQ
PBFL,138074116,P. B. FILMS ,539352,,BSE,EQ
SALAUTO,138074372,SAL AUTOMOTIVE,539353,,BSE,EQ
POLYSPIN,138074628,POLYSPIN EXPORTS,539354,,BSE,EQ
SML,138080772,SONI MEDICARE ,539378,,BSE,EQ
MAHAVEER,138082052,MAHAVEER INFOWAY ,539383,,BSE,EQ
KRISHNACAP,138082308,KRISHNA CAPITAL AND SECURITIES,539384,,BSE,EQ
ACME,138084100,ACME RESOURCES ,539391,,BSE,EQ
KCL,138084612,KABRA COMMERCIAL ,539393,,BSE,EQ
VISHALBL,138085892,VISHAL BEARINGS ,539398,,BSE,EQ
PJL,138086660,PATDIAM JEWELLERY ,539401,,BSE,EQ
NAKSH,138086916,NAKSH PRECIOUS METALS ,539402,,BSE,EQ
DITCO,138087684,DECOROUS INVESTMENT AND TRADIN,539405,,BSE,EQ
SWAGTAM,138087940,SWAGATAM TRADING & SERVICES LI,539406,,BSE,EQ
KUBERJI,138088452,KUBER UDYOG ,539408,,BSE,EQ
NEERAJ,138088708,NEERAJ PAPER MARKETING,539409,,BSE,EQ
TEJNAKSH,138093572,TEJNAKSH HEALTHCARE ,539428,,BSE,EQ
BRIPORT,138095108,BRILLIANT PORTFOLIOS,539434,,BSE,EQ
RFSL,138095364,RICHFIELD FINANCIAL SERVICES L,539435,,BSE,EQ
COFFEEDAY,138095620,COFFEE DAY ENTERPRISES ,539436,,BSE,EQ
IGCIL,138098948,IGC INDUSTRIES ,539449,,BSE,EQ
ARYAVAN,138100484,ARYAVAN ENTERPRISE,539455,,BSE,EQ
TFSL,138103812,TYPHOON FINANCIAL SERVICES LIM,539468,,BSE,EQ
PANORAMA,138104068,PANORAMA STUDIOS INTERNATIONAL,539469,,BSE,EQ
SHREEGANES,138104324,SHREE GANESH BIOTECH (INDIA) L,539470,,BSE,EQ
GTV,138106628,GTV ENGINEERING ,539479,,BSE,EQ
GEETANJ,138108420,GEETANJALI CREDIT AND CAPITAL,539486,,BSE,EQ
TFLL,138108932,TIRUPATI FIN-LEASE,539488,,BSE,EQ
GARBIFIN,138109956,GARBI FINVEST ,539492,,BSE,EQ
SMARTFIN,138110468,SMART FINSEC ,539494,,BSE,EQ
RAJKOTINV,138110724,RAJKOT INVESTMENT TRUST LIMITE,539495,,BSE,EQ
ADCON,138113540,ADCON CAPITAL SERVICES ,539506,,BSE,EQ
QUINT,138115844,QUINT DIGITAL ,539515,,BSE,EQ
UDAYJEW,138116612,UDAY JEWELLERY INDUSTRIES LIMI,539518,,BSE,EQ
SATTVASUKU,138116868,SATTVA SUKUN LIFECARE,539519,,BSE,EQ
NAVIGANT,138117380,NAVIGANT CORPORATE ADVISORS LI,539521,,BSE,EQ
GROVY,138117636,GROVY INDIA ,539522,,BSE,EQ
SCTL,138118660,SUNCARE TRADERS ,539526,,BSE,EQ
AAYUSH,138119172,AAYUSH WELLNESS,539528,,BSE,EQ
ELITECON,138120452,ELITECON INTERNATIONAL,539533,,BSE,EQ
VALLEY,138123012,VALLEY MAGNESITE COMPANY LIMIT,539543,,BSE,EQ
ABHIINFRA,138123268,ABHISHEK INFRAVENTURES ,539544,,BSE,EQ
APOORVA,138123524,APOORVA LEASING FINANCE & INVE,539545,,BSE,EQ
AGRIBIO,138123780,AGRIBIO SPIRITS,539546,,BSE,EQ
FMEC,138125316,F MEC INTERNATIONAL FINANCIAL,539552,,BSE,EQ
DDIL,138127108,DEEP DIAMOND INDIA ,539559,,BSE,EQ
ABHIJIT,138127364,ABHIJIT TRADING CO.,539560,,BSE,EQ
REMLIFE,138127620,REMEDIUM LIFECARE,539561,,BSE,EQ
AARNAV,138127876,AARNAV FASHIONS,539562,,BSE,EQ
SCL,138130948,SUNSHINE CAPITAL,539574,,BSE,EQ
SIPTL,138133508,SHARANAM INFRAPROJECT AND TRAD,539584,,BSE,EQ
SHIVA,138135812,SHIVANSH FINSERV ,539593,,BSE,EQ
MISHTANN,138136068,MISHTANN FOODS ,539594,,BSE,EQ
DELTA,138136580,DELTA INDUSTRIAL RESOURCES LIM,539596,,BSE,EQ
CGFL,138137092,CREDENT GLOBAL FINANCE,539598,,BSE,EQ
KEL,138137348,KOTIA ENTERPRISES ,539599,,BSE,EQ
BLUECLOUDS,138139396,BLUE CLOUD SOFTECH SOLUTIONS L,539607,,BSE,EQ
KEIL,138142724,KANORIA ENERGY & INFRASTRUCTUR,539620,,BSE,EQ
BCLENTERPR,138142980,BCL ENTERPRISES ,539621,,BSE,EQ
KAMATS,138152708,VIKRAM KAMATS HOSPITALITY LIMI,539659,,BSE,EQ
ACEMEN,138153220,ACE MEN ENGG WORKS,539661,,BSE,EQ
BFLAFL,138153476,BFL ASSET FINVEST ,539662,,BSE,EQ
RGF,138155268,RGF CAPITAL MARKETS ,539669,,BSE,EQ
RCL,138156292,RADHAGOBIND COMMERCIAL ,539673,,BSE,EQ
KAPILRAJ,138157828,KAPIL RAJ FINANCE,539679,,BSE,EQ
GANGAPHARM,138158084,GANGA PHARMACEUTICALS ,539680,,BSE,EQ
DAL,138158340,DYNAMIC ARCHISTRUCTURES LIMITE,539681,,BSE,EQ
LUCENT,138158596,LUCENT INDUSTRIES,539682,,BSE,EQ
SHIVKAMAL,138158852,SHIVKAMAL IMPEX ,539683,,BSE,EQ
RGCORP,138160900,REAL GROWTH CORPORATION LIMITE,539691,,BSE,EQ
IFINSER,138161156,INTERACTIVE FINANCIAL SERVICES,539692,,BSE,EQ
HILIKS,138162436,HILIKS TECHNOLOGIES,539697,,BSE,EQ
HYPERSOFT,138169348,HYPERSOFT TECHNOLOGIES,539724,,BSE,EQ
FREDUN,138170884,FREDUN PHARMACEUTICALS ,539730,,BSE,EQ
SIMBHALS,138173956,SIMBHAOLI SUGARS,539742,,BSE,EQ
RELICAB,138178564,RELICAB CABLE MANUFACTURING LI,539760,,BSE,EQ
VKAL,138178820,VANTAGE KNOWLEDGE ACADEMY LIMI,539761,,BSE,EQ
MEAPL,138179076,MODERN ENGINEERING AND PROJECT,539762,,BSE,EQ
MNIL,138180356,MEGA NIRMAN & INDUSTRIES LIMIT,539767,,BSE,EQ
ADVIKCA,138181892,ADVIK CAPITAL ,539773,,BSE,EQ
KDML,138185732,KHEMANI DISTRIBUTORS & MARKETI,539788,,BSE,EQ
UMIYA,138188292,UMIYA TUBES ,539798,,BSE,EQ
CHDCHEM,138188804,CHD CHEMICALS ,539800,,BSE,EQ
LELAVOIR,138192388,LE LAVOIR,539814,,BSE,EQ
MUDRA,138193668,MUDRA FINANCIAL SERVICES,539819,,BSE,EQ
BALGOPAL,138197508,BALGOPAL COMMERCIAL ,539834,,BSE,EQ
SUPERIOR,138197764,SUPERIOR FINLEASE ,539835,,BSE,EQ
FRANKLIN,138198788,FRANKLIN LEASING AND FINANCE L,539839,,BSE,EQ
LANCER,138199300,LANCER CONTAINER LINES ,539841,,BSE,EQ
HALDER,138202628,HALDER VENTURE ,539854,,BSE,EQ
SKIL,138204420,SKIL INFRASTRUCTURE ,539861,,BSE,EQ
GHUSHINE,138205188,GHUSHINE FINTRRADE OCEAN LIMIT,539864,,BSE,EQ
RSDFIN,138208004,RSD FINANCE ,539875,,BSE,EQ
DARSHANORNA,138210308,DARSHAN ORNA ,539884,,BSE,EQ
MADHAVIPL,138212868,MADHAV INFRA PROJECTS ,539894,,BSE,EQ
SPICELOUNG,138213124,SPICE LOUNGE FOOD WORKS LIMITE,539895,,BSE,EQ
DIDL,138214404,DALMIA INDUSTRIAL DEVELOPMENT,539900,,BSE,EQ
SNIM,138217220,SVARNIM TRADE UDYOG ,539911,,BSE,EQ
SEIL,138219780,SHANTI EDUCATIONAL INITIATIVES,539921,,BSE,EQ
RGIL,138220036,ROTOGRAPHICS (INDIA) ,539922,,BSE,EQ
LIKHAMI,138221316,LIKHAMI CONSULTING,539927,,BSE,EQ
MIL,138224132,MEDICO INTERCONTINENTAL LIMITE,539938,,BSE,EQ
YASHCHEM,138224388,YASH CHEMEX ,539939,,BSE,EQ
BAZELINTER,138226180,BAZEL INTERNATIONAL ,539946,,BSE,EQ
JLL,138226436,JINDAL LEASEFIN,539947,,BSE,EQ
TAALENT,138228740,TAAL ENTERPRISES ,539956,,BSE,EQ
ZEAL,138230532,ZEAL AQUA ,539963,,BSE,EQ
DIGJAMLMTD,138234628,DIGJAM,539979,,BSE,EQ
ASYL,138235396,ADVANCE SYNTEX ,539982,,BSE,EQ
HUIL,138235908,HINDUSTHAN URBAN INFRASTRUCTUR,539984,,BSE,EQ
TITAANIUM,138236164,TITAANIUM TEN ENTERPRISE LIMIT,539985,,BSE,EQ
CFEL,138237700,CONFIDENCE FUTURISTIC ENERGETE,539991,,BSE,EQ
KPL,138239236,KWALITY PHARMACEUTICALS LIMITE,539997,,BSE,EQ
EASTWEST,138241540,EAST WEST FREIGHT CARRIERS,540006,,BSE,EQ
COLORCHIPS,138245892,COLORCHIPS NEW MEDIA,540023,,BSE,EQ
LAHL,138246660,LADAM AFFORTABLE HOUSING LIMIT,540026,,BSE,EQ
GOLDENCREST,138255876,GOLDEN CREST EDUCATION & SERVI,540062,,BSE,EQ
ECS,138256132,ECS BIZTECH ,540063,,BSE,EQ
AMS,138256900,AMS POLYMERS,540066,,BSE,EQ
SHIVAEXPO,138258436,SHIVA GRANITO EXPORT ,540072,,BSE,EQ
MITSU,138259972,MITSU CHEM PLAST ,540078,,BSE,EQ
SPRAYKING,138260228,SPRAYKING ,540079,,BSE,EQ
DHATRE,138260484,DHATRE UDYOG ,540080,,BSE,EQ
SABEVENTS,138260740,SAB EVENTS & GOVERNANCE NOW ME,540081,,BSE,EQ
RSTL,138260996,RIDDHI STEEL AND TUBE ,540082,,BSE,EQ
GAMCO,138264836,GAMCO,540097,,BSE,EQ
TIAANC,138267652,TIAAN CONSUMER,540108,,BSE,EQ
SIIL,138273796,SABRIMALA INDUSTRIES INDIA LIM,540132,,BSE,EQ
IISL,138274308,ISHAAN INFRASTRUCTURE AND SHEL,540134,,BSE,EQ
ARCFIN,138274564,ARC FINANCE ,540135,,BSE,EQ
SAGARSOFT,138276612,SAGARSOFT (INDIA) ,540143,,BSE,EQ
DRA,138276868,DRA CONSULTANTS,540144,,BSE,EQ
VALIANTORG,138277124,VALIANT ORGANICS ,540145,,BSE,EQ
ACML,138277380,ADITYA CONSUMER MARKETING LIMI,540146,,BSE,EQ
SHASHIJIT,138277636,SHASHIJIT INFRAPROJECTS LIMITE,540147,,BSE,EQ
BINDALEXPO,138277892,BINDAL EXPORTS ,540148,,BSE,EQ
MHEL,138278404,MEWAR HI-TECH ENGINEERING LIMI,540150,,BSE,EQ
DIKSAT,138278660,DIKSAT TRANSWORLD ,540151,,BSE,EQ
IDFSENSEXE,138279428,BANDHAN MUTUAL FUND,540154,,BSE,EQ
PURPLE,138280708,PURPLE ENTERTAINMENT ,540159,,BSE,EQ
SUPRAPFSL,138283012,SUPRA PACIFIC FINANCIAL SERVIC,540168,,BSE,EQ
SOUTHERNIN,138284548,SOUTHERN INFOCONSULTANTS LIMIT,540174,,BSE,EQ
REGENCY,138284804,REGENCY FINCORP,540175,,BSE,EQ
SALEM,138286340,SALEM ERODE INVESTMENTS,540181,,BSE,EQ
UPROTECH,138288388,UNIPRO TECHNOLOGIES ,540189,,BSE,EQ
FRANKLININD,138288644,FRANKLIN INDUSTRIES ,540190,,BSE,EQ
LKPSEC,138289156,LKP SECURITIES ,540192,,BSE,EQ
OSIAJEE,138290692,OSIAJEE TEXFAB,540198,,BSE,EQ
CMBL,138290948,CORPORATE MERCHANT BANKERS LIM,540199,,BSE,EQ
EIKO,138292228,EIKO LIFESCIENCES,540204,,BSE,EQ
SHASHANK,138296580,SHASHANK TRADERS ,540221,,BSE,EQ
NEWLIGHT,138302212,NEW LIGHT INDUSTRIES,540243,,BSE,EQ
VSL,138304516,VEERAM SECURITIES,540252,,BSE,EQ
MTPL,138305028,MARG TECHNO PROJECTS,540254,,BSE,EQ
SHANGAR,138306308,SHANGAR DECOR,540259,,BSE,EQ
GLCL,138308100,GLOBE COMMERCIALS ,540266,,BSE,EQ
FLORACORP,138308356,FLORA CORPORATION ,540267,,BSE,EQ
SKL,138308868,SUPER FINE KNITTERS,540269,,BSE,EQ
RAIDEEPIND,138309124,RAIDEEP INDUSTRIES ,540270,,BSE,EQ
CFL,138319364,CLASSIC FILAMENTS ,540310,,BSE,EQ
JITFINFRA,138319620,JITF INFRALOGISTICS,540311,,BSE,EQ
SUERYAAKNI,138321412,SUERYAA KNITWEAR ,540318,,BSE,EQ
TANVI,138324996,TANVI FOODS (INDIA) ,540332,,BSE,EQ
RMC,138331652,RMC SWITCHGEARS,540358,,BSE,EQ
PARMAX,138331908,PARMAX PHARMA ,540359,,BSE,EQ
LLFICL,138332164,LEADING LEASING FINANCE AND IN,540360,,BSE,EQ
DANUBE,138332420,DANUBE INDUSTRIES,540361,,BSE,EQ
IFL,138336516,IFL ENTERPRISES,540377,,BSE,EQ
ONTIC,138338820,ONTIC FINSERVE ,540386,,BSE,EQ
CHEMCRUX,138341124,CHEMCRUX ENTERPRISES ,540395,,BSE,EQ
MAXIMUS,138342660,MAXIMUS INTERNATIONAL ,540401,,BSE,EQ
MANAS,138342916,MANAS PROPERTIES ,540402,,BSE,EQ
CLEDUCATE,138343172,CL EDUCATE ,540403,,BSE,EQ
PRIMEFRESH,138343428,PRIME FRESH,540404,,BSE,EQ
OCEANIC,138343684,OCEANIC FOODS ,540405,,BSE,EQ
OCTAWARE,138346500,OCTAWARE TECHNOLOGIES ,540416,,BSE,EQ
ESCORP,138356484,ESCORP ASSET MANAGEMENT LIMITE,540455,,BSE,EQ
PARMSILK,138359556,PARMESHWARI SILK MILLS,540467,,BSE,EQ
KMSMEDI,138359812,KMS MEDISURGI ,540468,,BSE,EQ
CLFL,138363140,CLASSIC LEASING & FINANCE,540481,,BSE,EQ
STARLENT,138365956,STARLINEPS ENTERPRISES,540492,,BSE,EQ
KANUNGO,138371844,KANUNGO FINANCIERS,540515,,BSE,EQ
MEERA,138372868,MEERA INDUSTRIES ,540519,,BSE,EQ
IRBINVIT,138374660,IRB INVIT FUND,540526,,BSE,EQ
BGJL,138379524,BHAKTI GEMS AND JEWELLERY LIMI,540545,,BSE,EQ
YUG,138380804,YUG DECOR ,540550,,BSE,EQ
INDIGRID,138384644,INDIGRID INFRASTRUCTURE TRUST,540565,,BSE,EQ
VARIMAN,138385924,VARIMAN GLOBAL ENTERPRISES LIM,540570,,BSE,EQ
RIDDHICORP,138391044,RIDDHI CORPORATE SERVICES LIMI,540590,,BSE,EQ
CONTAINER,138392836,CONTAINERWAY INTERNATIONAL LIM,540597,,BSE,EQ
GEL,138396932,GAUTAM EXIM ,540613,,BSE,EQ
GGENG,138397188,G G ENGINEERING ,540614,,BSE,EQ
7NR,138397444,7NR RETAIL ,540615,,BSE,EQ
JIGAR,138406660,JIGAR CABLES ,540651,,BSE,EQ
CTCL,138406916,CAPTAIN TECHNOCAST ,540652,,BSE,EQ
GSTL,138407428,GLOBALSPACE TECHNOLOGIES LIMIT,540654,,BSE,EQ
CHOTHANI,138414340,CHOTHANI FOODS,540681,,BSE,EQ
SMRUTHIORG,138415620,SMRUTHI ORGANICS ,540686,,BSE,EQ
SHISHIND,138417412,SHISH INDUSTRIES ,540693,,BSE,EQ
ANG,138417668,ANG LIFESCIENCES INDIA ,540694,,BSE,EQ
KCDGROUP,138418180,KCD INDUSTRIES INDIA,540696,,BSE,EQ
LASA,138419716,LASA SUPERGENERICS ,540702,,BSE,EQ
PROCLB,138419972,PRO CLB GLOBAL,540703,,BSE,EQ
RHFL,138421508,RELIANCE HOME FINANCE ,540709,,BSE,EQ
PQIF,138423556,POLO QUEEN INDUSTRIAL AND FINT,540717,,BSE,EQ
AAYUSHBULL,138423812,AAYUSH ART AND BULLION,540718,,BSE,EQ
TTFL,138425860,TRIDENT TEXOFAB ,540726,,BSE,EQ
POOJA,138426116,POOJAWESTERN METALIKS ,540727,,BSE,EQ
SAYAJIIND,138426372,SAYAJI INDUSTRIES ,540728,,BSE,EQ
VANTABIO,138426628,VANTA BIOSCIENCE ,540729,,BSE,EQ
MEHAI,138426884,MEHAI TECHNOLOGY  ,540730,,BSE,EQ
SGRL,138428676,SHREE GANESH REMEDIES ,540737,,BSE,EQ
STL,138428932,SHREEJI TRANSLOGISTICS ,540738,,BSE,EQ
KAARYAFSL,138433540,KAARYA FACILITIES AND SERVICES,540756,,BSE,EQ
SBRANDS,138440196,SANGHVI BRANDS ,540782,,BSE,EQ
SHARIKA,138441220,SHARIKA ENTERPRISES,540786,,BSE,EQ
ASPIRA,138441732,ASPIRA PATHLAB & DIAGNOSTICS L,540788,,BSE,EQ
RATNABHUMI,138443780,RATNABHUMI DEVELOPERS ,540796,,BSE,EQ
FSC,138444292,FUTURE SUPPLY CHAIN SOLUTIONS,540798,,BSE,EQ
MRCAGRO,138447108,MRC AGROTECH,540809,,BSE,EQ
DML,138447620,DIGGI MULTITRADE ,540811,,BSE,EQ
CRYSTAL,138450180,CRYSTAL BUSINESS SYSTEM LIMITE,540821,,BSE,EQ
CHANDRIMA,138452228,CHANDRIMA MERCANTILES ,540829,,BSE,EQ
RITHWIKFMS,138455812,RITHWIK FACILITY MANAGEMENT SE,540843,,BSE,EQ
JFL,138457604,JHANDEWALAS FOODS ,540850,,BSE,EQ
7SEASL,138463748,7SEAS ENTERTAINMENT,540874,,BSE,EQ
PRAXIS,138470660,PRAXIS HOME RETAIL ,540901,,BSE,EQ
TIRUFOAM,138471428,TIRUPATI FOAM,540904,,BSE,EQ
SRUSTEELS,138473988,SRU STEELS ,540914,,BSE,EQ
GGL,138479620,GAUTAM GEMS ,540936,,BSE,EQ
MEDICO,138479876,MEDICO REMEDIES,540937,,BSE,EQ
GUJHYSPIN,138480132,GUJARAT HY-SPIN ,540938,,BSE,EQ
KENVI,138483972,KENVI JEWELS ,540953,,BSE,EQ
IWP,138484228,THE INDIAN WOOD PRODUCTS CO. L,540954,,BSE,EQ
TDSL,138484484,TASTY DAIRY SPECIALITIES LIMIT,540955,,BSE,EQ
BHATIA,138484740,BHATIA COMMUNICATIONS & RETAIL,540956,,BSE,EQ
YSL,138490884,THE YAMUNA SYNDICATE,540980,,BSE,EQ
KANCOTEA,138497284,KANCO TEA & INDUSTRIES,541005,,BSE,EQ
ANGEL,138497540,ANGEL FIBERS ,541006,,BSE,EQ
INFLAME,138517252,INFLAME APPLIANCES ,541083,,BSE,EQ
BPLPHARMA,138520580,BHARAT PARENTERALS ,541096,,BSE,EQ
SHREESHAY,138524676,SHREESHAY ENGINEERS ,541112,,BSE,EQ
ACFL,138530052,APEX CAPITAL AND FINANCE LIMIT,541133,,BSE,EQ
ACTIVE,138532868,ACTIVE CLOTHING CO  ,541144,,BSE,EQ
DHARAN,138537220,DHARAN INFRA-EPC,541161,,BSE,EQ
BENARA,138541572,BENARA BEARINGS AND PISTONS LI,541178,,BSE,EQ
LEX,138546180,LEX NIMBLE SOLUTIONS ,541196,,BSE,EQ
TRL,138554372,TAYLORMADE RENEWABLES ,541228,,BSE,EQ
DLCL,138572548,DR LALCHANDANI LABS,541299,,BSE,EQ
INTERISE,138572804,INTERISE TRUST,541300,,BSE,EQ
AKSHAR,138573572,AKSHAR SPINTEX ,541303,,BSE,EQ
MILEFUR,138582276,MILESTONE FURNITURE ,541337,,BSE,EQ
UHZAVERI,138582532,U. H. ZAVERI,541338,,BSE,EQ
PARVATI,138584836,PARVATI SWEETNERS AND POWER LT,541347,,BSE,EQ
INNOVATORS,138586372,INNOVATORS FACADE SYSTEMS LIMI,541353,,BSE,EQ
UCIL,138587652,UNIFINZ CAPITAL INDIA,541358,,BSE,EQ
PALMJEWELS,138609668,PALM JEWELS ,541444,,BSE,EQ
WAA,138609924,WAA SOLAR ,541445,,BSE,EQ
UNICK,138624772,UNICK FIX-A- FORM AND PRINTERS,541503,,BSE,EQ
GAYAHWS,138635780,GAYATRI HIGHWAYS,541546,,BSE,EQ
RAJNISH,138649860,RAJNISH WELLNESS ,541601,,BSE,EQ
GUJWIND,138656516,GUJARAT WINDING SYSTEMS LIMITE,541627,,BSE,EQ
STRAEXPO,138658052,SOPHIA TRAEXPO ,541633,,BSE,EQ
RAWEDGE,138658308,RAW EDGE INDUSTRIAL SOLUTIONS,541634,,BSE,EQ
SUPERSHAKT,138675460,SUPERSHAKTI METALIKS ,541701,,BSE,EQ
ASHNI,138675716,ASHNISHA INDUSTRIES ,541702,,BSE,EQ
RACONTEUR,138675972,RACONTEUR GLOBAL RESOURCES LIM,541703,,BSE,EQ
VIVANTA,138684164,VIVANTA INDUSTRIES ,541735,,BSE,EQ
FRATELLI,138685700,FRATELLI VINEYARDS ,541741,,BSE,EQ
AMINTAN,138693380,AMIN TANNERY,541771,,BSE,EQ
DEEP,138695172,DEEP POLYMERS ,541778,,BSE,EQ
SMEL,138700548,SUNGOLD MEDIA AND ENTERTAINMEN,541799,,BSE,EQ
ASRL,138717444,ADD-SHOP E-RETAIL ,541865,,BSE,EQ
SPACEINCUBA,138723844,SPACE INCUBATRICS TECHNOLOGIES,541890,,BSE,EQ
RANJEET,138737924,RANJEET MECHATRONICS ,541945,,BSE,EQ
SETFSN50,138744836,SBI MUTUAL FUND,541972,,BSE,EQ
MACH,138745092,MAC HOTELS ,541973,,BSE,EQ
INNOVATIVE,138747652,INNOVATIVE IDEALS AND SERVICES,541983,,BSE,EQ
A1L,138755076,A-1,542012,,BSE,EQ
DOLFIN,138755332,DOLFIN RUBBERS ,542013,,BSE,EQ
SHUBHAM,138756868,SHUBHAM POLYSPIN ,542019,,BSE,EQ
SUNRETAIL,138758404,SUN RETAIL ,542025,,BSE,EQ
SMGOLD,138760708,S. M. GOLD ,542034,,BSE,EQ
VIVIDM,138763780,VIVID MERCANTILE,542046,,BSE,EQ
BCPL,138766596,BCPL RAILWAY INFRASTRUCTURE LI,542057,,BSE,EQ
PHOSPHATE,138783492,THE PHOSPHATE COMPANY ,542123,,BSE,EQ
RONI,138789124,RONI HOUSEHOLDS ,542145,,BSE,EQ
SKIFL,138789380,SHREE KRISHNA INFRASTRUCTURE L,542146,,BSE,EQ
DGL,138791684,DIKSHA GREENS ,542155,,BSE,EQ
ARYAN,138797060,ARYAN SHARE & STOCK BROKERS LT,542176,,BSE,EQ
NIVAKA,138804740,NIVAKA FASHIONS,542206,,BSE,EQ
NILASPACES,138811140,NILA SPACES,542231,,BSE,EQ
SRD,138811396,SHANKAR LAL RAMPAL DYE-CHEM LI,542232,,BSE,EQ
DECCAN,138815492,DECCAN HEALTH CARE ,542248,,BSE,EQ
HIKLASS,138836996,HI-KLASS TRADING AND INVESTMEN,542332,,BSE,EQ
XELPMOC,138845956,XELPMOC DESIGN AND TECH LIMITE,542367,,BSE,EQ
SPACAPS,138848260,SPA CAPITAL SERVICES ,542376,,BSE,EQ
AARSHYAM,138848516,AAR SHYAM INDIA INVESTMENT COM,542377,,BSE,EQ
JONJUA,138866180,JONJUA OVERSEAS ,542446,,BSE,EQ
KRANTI,138869508,KRANTI INDUSTRIES ,542459,,BSE,EQ
GLEAM,138874116,GLEAM FABMAT ,542477,,BSE,EQ
MAHIP,138880772,MAHIP INDUSTRIES ,542503,,BSE,EQ
AIHL,138886148,AMBASSADOR INTRA HOLDINGS LIMI,542524,,BSE,EQ
IDFTP179RG,138889220,,542536,,BSE,EQ
IDFTP179RP,138889476,,542537,,BSE,EQ
IDFTP179DG,138889988,,542539,,BSE,EQ
IDFTP179DH,138890500,,542541,,BSE,EQ
ENERGYINF,138891012,ENERGY INFRASTRUCTURE TRUST,542543,,BSE,EQ
JYOTIN,138891268,JYOT INTERNATIONAL MARKETING L,542544,,BSE,EQ
IPRU3315,138893316,,542552,,BSE,EQ
IPRU3316,138893572,,542553,,BSE,EQ
IPRU9517,138894084,,542555,,BSE,EQ
AGOL,138900228,ASHAPURI GOLD ORNAMENT ,542579,,BSE,EQ
HBEL,138903556,HUMMING BIRD EDUCATION ,542592,,BSE,EQ
ROOPSHRI,138905348,ROOPSHRI RESORTS ,542599,,BSE,EQ
EMBASSY,138906116,EMBASSY OFFICE PARKS REIT,542602,,BSE,EQ
CHANDNIMACH,138912516,CHANDNI MACHINES ,542627,,BSE,EQ
NSL,138912772,NORTHERN SPIRITS ,542628,,BSE,EQ
VRFILMS,138919428,V R FILMS & STUDIOS,542654,,BSE,EQ
NXLI8X,138921220,,542661,,BSE,EQ
NXLI8Z,138921476,,542662,,BSE,EQ
NXLI8D,138921732,,542663,,BSE,EQ
NXLI8G,138921988,,542664,,BSE,EQ
GKP,138922500,G. K. P. PRINTING & PACKAGING,542666,,BSE,EQ
EVANS,138923012,EVANS ELECTRIC,542668,,BSE,EQ
BMW,138923268,BMW INDUSTRIES,542669,,BSE,EQ
AEPL,138923524,ARTEMIS ELECTRICALS AND PROJEC,542670,,BSE,EQ
CHCL,138925572,CIAN HEALTHCARE ,542678,,BSE,EQ
DEL,138925828,DHANASHREE ELECTRONICS ,542679,,BSE,EQ
HARISH,138926596,HARISH TEXTILE ENGINEERS LIMIT,542682,,BSE,EQ
PARSHVA,138929668,PARSHVA ENTERPRISES ,542694,,BSE,EQ
ARL,138936580,ANAND RAYONS ,542721,,BSE,EQ
MURAE,138937348,MURAE ORGANISOR ,542724,,BSE,EQ
CPML,138938116,CITY PULSE MULTIVENTURES LIMIT,542727,,BSE,EQ
SKIEL,138938372,SK INTERNATIONAL EXPORT LIMITE,542728,,BSE,EQ
SNXT50BEES,138943236,NIPPON INDIA ETF SENSEX NEXT 5,542747,,BSE,EQ
SEACOAST,138944772,SEACOAST SHIPPING SERVICES LIM,542753,,BSE,EQ
TRANSPACT,138947844,TRANSPACT ENTERPRISES ,542765,,BSE,EQ
ALPHALOGIC,138949124,ALPHALOGIC TECHSYS ,542770,,BSE,EQ
NOVATEOR,138949380,NOVATEOR RESEARCH LABORATORIES,542771,,BSE,EQ
MISQUITA,138957060,MISQUITA ENGINEERING ,542801,,BSE,EQ
GALACTICO,138957316,GALACTICO CORPORATE SERVICES L,542802,,BSE,EQ
VEL,138957572,VAXFAB ENTERPRISES ,542803,,BSE,EQ
GOBLIN,138969604,GOBLIN INDIA,542850,,BSE,EQ
GENSOL,138969860,GENSOL ENGINEERING ,542851,,BSE,EQ
SHAHLON,138972676,SHAHLON SILK INDUSTRIES LIMITE,542862,,BSE,EQ
MOUNT,138973188,MOUNT HOUSING AND INFRASTRUCTU,542864,,BSE,EQ
ANUROOP,138973444,ANUROOP PACKAGING ,542865,,BSE,EQ
COLAB,138973700,COLAB PLATFORMS,542866,,BSE,EQ
EASUN,138983940,EASUN CAPITAL MARKETS ,542906,,BSE,EQ
VALENCIA,138984964,VALENCIA NUTRITION ,542910,,BSE,EQ
ASSAMENT,138985220,ASSAM ENTRADE ,542911,,BSE,EQ
GIANLIFE,138987012,GIAN LIFE CARE ,542918,,BSE,EQ
TRANWAY21,138988292,TRANWAY21 TECHNOLOGIES,542923,,BSE,EQ
VARDHANCFL,138990340,VARDHAN CAPITAL & FINANCE LIMI,542931,,BSE,EQ
CBPL,138991108,CHANDRA BHAGAT PHARMA ,542934,,BSE,EQ
OCTAVIUSPL,138992132,OCTAVIUS PLANTATIONS ,542938,,BSE,EQ
SMAUTO,139024644,SM AUTO STAMPING ,543065,,BSE,EQ
07AGG,139026180,,543071,,BSE,EQ
07BPB,139026436,,543072,,BSE,EQ
07DPD,139026692,,543073,,BSE,EQ
07DPR,139026948,,543074,,BSE,EQ
07QPD,139027204,,543075,,BSE,EQ
07ABB,139027460,,543076,,BSE,EQ
07QPR,139027716,,543077,,BSE,EQ
07ADD,139027972,,543078,,BSE,EQ
07GPG,139028228,,543079,,BSE,EQ
07ADR,139028484,,543080,,BSE,EQ
07AQD,139028740,,543081,,BSE,EQ
07AQR,139028996,,543082,,BSE,EQ
09MPD,139029252,,543083,,BSE,EQ
09MPR,139029508,,543084,,BSE,EQ
09QPD,139029764,,543085,,BSE,EQ
09QPR,139030020,,543086,,BSE,EQ
09AGG,139030276,,543087,,BSE,EQ
09AMD,139030532,,543088,,BSE,EQ
09AMR,139030788,,543089,,BSE,EQ
09AQD,139031044,,543090,,BSE,EQ
09AQR,139031300,,543091,,BSE,EQ
09GPG,139031556,,543092,,BSE,EQ
UTCRFS2DQP,139032836,,543097,,BSE,EQ
UTCRFS2DQR,139033092,,543098,,BSE,EQ
UTCRFS2DGR,139033348,,543099,,BSE,EQ
UTCRFS2DAP,139033604,,543100,,BSE,EQ
UTCRFS2DAR,139033860,,543101,,BSE,EQ
UTCRFS2DHP,139034116,,543102,,BSE,EQ
UTCRFS2DHR,139034372,,543103,,BSE,EQ
UTCRFS2DFP,139034628,,543104,,BSE,EQ
UTCRFS2DFR,139034884,,543105,,BSE,EQ
UTCRFS2DMP,139035140,,543106,,BSE,EQ
UTCRFS2DMR,139035396,,543107,,BSE,EQ
UTCRFS2RQP,139035652,,543108,,BSE,EQ
UTCRFS2RQR,139035908,,543109,,BSE,EQ
UTCRFS2RGR,139036164,,543110,,BSE,EQ
UTCRFS2RAP,139036420,,543111,,BSE,EQ
UTCRFS2RAR,139036676,,543112,,BSE,EQ
UTCRFS2RHP,139036932,,543113,,BSE,EQ
UTCRFS2RHR,139037188,,543114,,BSE,EQ
UTCRFS2RFP,139037444,,543115,,BSE,EQ
UTCRFS2RFR,139037700,,543116,,BSE,EQ
UTCRFS2RMP,139037956,,543117,,BSE,EQ
UTCRFS2RMR,139038212,,543118,,BSE,EQ
UTMTFS2DQP,139038468,,543119,,BSE,EQ
UTMTFS2DQR,139038724,,543120,,BSE,EQ
UTMTFS2DGR,139038980,,543121,,BSE,EQ
UTMTFS2DAP,139039236,,543122,,BSE,EQ
UTMTFS2DAR,139039492,,543123,,BSE,EQ
UTMTFS2DHP,139039748,,543124,,BSE,EQ
UTMTFS2DHR,139040004,,543125,,BSE,EQ
UTMTFS2DFP,139040260,,543126,,BSE,EQ
UTMTFS2DFR,139040516,,543127,,BSE,EQ
UTMTFS2DMP,139040772,,543128,,BSE,EQ
UTMTFS2DMR,139041028,,543129,,BSE,EQ
UTMTFS2RQP,139041284,,543130,,BSE,EQ
UTMTFS2RQR,139041540,,543131,,BSE,EQ
UTMTFS2RGR,139041796,,543132,,BSE,EQ
UTMTFS2RAP,139042052,,543133,,BSE,EQ
UTMTFS2RAR,139042308,,543134,,BSE,EQ
UTMTFS2RHP,139042564,,543135,,BSE,EQ
UTMTFS2RHR,139042820,,543136,,BSE,EQ
UTMTFS2RFP,139043076,,543137,,BSE,EQ
UTMTFS2RFR,139043332,,543138,,BSE,EQ
UTMTFS2RMP,139043588,,543139,,BSE,EQ
UTMTFS2RMR,139043844,,543140,,BSE,EQ
08MPD,139044868,NIPPON INDIA MUTUAL FUND,543144,,BSE,EQ
08ADR,139045124,NIPPON INDIA MUTUAL FUND,543145,,BSE,EQ
08MPR,139045380,NIPPON INDIA MUTUAL FUND,543146,,BSE,EQ
08AMD,139045636,NIPPON INDIA MUTUAL FUND,543147,,BSE,EQ
08AMR,139045892,NIPPON INDIA MUTUAL FUND,543148,,BSE,EQ
08BPB,139046148,NIPPON INDIA MUTUAL FUND,543149,,BSE,EQ
08GPG,139046404,NIPPON INDIA MUTUAL FUND,543150,,BSE,EQ
08ABB,139046660,NIPPON INDIA MUTUAL FUND,543151,,BSE,EQ
08QPD,139046916,NIPPON INDIA MUTUAL FUND,543152,,BSE,EQ
08AGG,139047172,NIPPON INDIA MUTUAL FUND,543153,,BSE,EQ
08QPR,139047428,NIPPON INDIA MUTUAL FUND,543154,,BSE,EQ
08AQD,139047684,NIPPON INDIA MUTUAL FUND,543155,,BSE,EQ
08DPD,139047940,NIPPON INDIA MUTUAL FUND,543156,,BSE,EQ
10IGG,139048196,,543157,,BSE,EQ
10DPD,139048452,,543158,,BSE,EQ
10DPR,139048708,,543159,,BSE,EQ
10DRD,139048964,,543160,,BSE,EQ
10AGG,139049220,,543161,,BSE,EQ
10DRR,139049476,,543162,,BSE,EQ
10ADD,139049732,,543163,,BSE,EQ
10ADR,139049988,,543164,,BSE,EQ
10ARD,139050244,,543165,,BSE,EQ
10ARR,139050500,,543166,,BSE,EQ
10GPG,139050756,,543167,,BSE,EQ
08AQR,139051012,NIPPON INDIA MUTUAL FUND,543168,,BSE,EQ
08DPR,139051268,NIPPON INDIA MUTUAL FUND,543169,,BSE,EQ
08ADD,139051524,NIPPON INDIA MUTUAL FUND,543170,,BSE,EQ
ROJL,139051780,RO JEWELS ,543171,,BSE,EQ
COSPOWER,139052036,COSPOWER ENGINEERING ,543172,,BSE,EQ
11DPR,139052292,NIPPON INDIA MUTUAL FUND,543173,,BSE,EQ
11GPG,139052548,NIPPON INDIA MUTUAL FUND,543174,,BSE,EQ
11MPD,139052804,NIPPON INDIA MUTUAL FUND,543175,,BSE,EQ
11MPR,139053060,NIPPON INDIA MUTUAL FUND,543176,,BSE,EQ
11QPD,139053316,NIPPON INDIA MUTUAL FUND,543177,,BSE,EQ
11QPR,139053572,NIPPON INDIA MUTUAL FUND,543178,,BSE,EQ
11ADD,139053828,NIPPON INDIA MUTUAL FUND,543179,,BSE,EQ
11ADR,139054084,NIPPON INDIA MUTUAL FUND,543180,,BSE,EQ
11AGG,139054340,NIPPON INDIA MUTUAL FUND,543181,,BSE,EQ
11AMD,139054596,NIPPON INDIA MUTUAL FUND,543182,,BSE,EQ
11AMR,139054852,NIPPON INDIA MUTUAL FUND,543183,,BSE,EQ
11AQD,139055108,NIPPON INDIA MUTUAL FUND,543184,,BSE,EQ
11AQR,139055364,NIPPON INDIA MUTUAL FUND,543185,,BSE,EQ
11DPD,139055620,NIPPON INDIA MUTUAL FUND,543186,,BSE,EQ
NIRMITEE,139057668,NIRMITEE ROBOTICS INDIA LIMITE,543194,,BSE,EQ
SFMP34GR,139059972,,543203,,BSE,EQ
SFMP34DR,139060228,,543204,,BSE,EQ
SFMP34GD,139060484,,543205,,BSE,EQ
SFMP34DD,139060740,,543206,,BSE,EQ
NATURAL,139060996,NATURAL BIOCON (INDIA) ,543207,,BSE,EQ
REGIS,139061252,REGIS INDUSTRIES,543208,,BSE,EQ
BILLWIN,139061508,BILLWIN INDUSTRIES ,543209,,BSE,EQ
BONLON,139062020,BONLON INDUSTRIES,543211,,BSE,EQ
MINDSPACE,139063556,MINDSPACE BUSINESS PARKS REIT,543217,,BSE,EQ
ALTIUSINVIT,139065604,ALTIUS TELECOM INFRASTRUCTURE,543225,,BSE,EQ
SAMRATFORG,139066628,SAMRAT FORGINGS ,543229,,BSE,EQ
ADVAIT,139066884,ADVAIT ENERGY TRANSITIONS LIMI,543230,,BSE,EQ
GMPL,139069188,G M POLYPLAST ,543239,,BSE,EQ
VGIL,139069700,VEER GLOBAL INFRACONSTRUCTION,543241,,BSE,EQ
SHINEFASH,139070468,SHINE FASHIONS (INDIA) ,543244,,BSE,EQ
NETPIX,139071236,NET PIX SHORTS DIGITAL MEDIA L,543247,,BSE,EQ
RVHL,139072260,RAVINDER HEIGHTS ,543251,,BSE,EQ
RFLL,139073540,RITA FINANCE AND LEASING LIMIT,543256,,BSE,EQ
BIRET,139074820,BROOKFIELD INDIA REAL ESTATE T,543261,,BSE,EQ
MRP,139075076,MRP AGRO ,543262,,BSE,EQ
ADJIA,139076868,ADJIA TECHNOLOGIES ,543269,,BSE,EQ
SUUMAYA,139078148,SUUMAYA CORPORATION,543274,,BSE,EQ
NIKSTECH,139080196,NIKS TECHNOLOGY ,543282,,BSE,EQ
EKI,139080708,EKI ENERGY SERVICES ,543284,,BSE,EQ
RCAN,139080964,RAJESHWARI CANS ,543285,,BSE,EQ
JETMALL,139081220,JETMALL SPICES AND MASALA LIMI,543286,,BSE,EQ
KGES,139081988,KUBERAN GLOBAL EDU SOLUTIONS L,543289,,BSE,EQ
PGINVIT,139082244,POWERGRID INFRASTRUCTURE INVES,543290,,BSE,EQ
SFMP44GR,139083012,,543293,,BSE,EQ
SFMP44DR,139083268,,543294,,BSE,EQ
SFMP44GD,139083524,,543295,,BSE,EQ
SFMP44DD,139083780,,543296,,BSE,EQ
SFMP45GR,139085060,,543301,,BSE,EQ
SFMP45DR,139085316,,543302,,BSE,EQ
SFMP45GD,139085572,,543303,,BSE,EQ
SFMP45DD,139085828,,543304,,BSE,EQ
ADESHWAR,139087108,ADESHWAR MEDITEX ,543309,,BSE,EQ
TIMESGREEN,139087364,TIMES GREEN ENERGY (INDIA) LIM,543310,,BSE,EQ
SFMP46GR,139088132,,543313,,BSE,EQ
SFMP46DR,139088388,,543314,,BSE,EQ
SFMP46GD,139088644,,543315,,BSE,EQ
SFMP46DD,139088900,,543316,,BSE,EQ
AAPLUSTRAD,139089668,AA PLUS TRADELINK ,543319,,BSE,EQ
KTKFMP292RG,139094276,,543337,,BSE,EQ
KTKFMP292RI,139094532,,543338,,BSE,EQ
KTKFMP292DG,139094788,,543339,,BSE,EQ
KTKFMP292DI,139095044,,543340,,BSE,EQ
SHARPLINE,139095300,SHARPLINE BROADCAST,543341,,BSE,EQ
NIMFHGAP,139095556,,543342,,BSE,EQ
NIMFHGAR,139095812,,543343,,BSE,EQ
NIMFHGDP,139096068,,543344,,BSE,EQ
NIMFHGRG,139096324,,543345,,BSE,EQ
AASHKA,139096580,AASHKA HOSPITALS ,543346,,BSE,EQ
NBL,139097860,NAAPBOOKS ,543351,,BSE,EQ
POBS,139098116,PLATINUMONE BUSINESS SERVICES,543352,,BSE,EQ
D60MS264RG,139098372,,543353,,BSE,EQ
D60MS264RP,139098628,,543354,,BSE,EQ
D60MS264DG,139098884,,543355,,BSE,EQ
D60MS264DP,139099140,,543356,,BSE,EQ
SFMP51GR,139099908,,543359,,BSE,EQ
SFMP51DR,139100164,,543360,,BSE,EQ
SFMP51GD,139100420,,543361,,BSE,EQ
SFMP51DD,139100676,,543362,,BSE,EQ
PREVEST,139100932,PREVEST DENPRO ,543363,,BSE,EQ
SBLI,139101700,SBL INFRATECH ,543366,,BSE,EQ
SFMP52GR,139102212,,543368,,BSE,EQ
SFMP52DR,139102468,,543369,,BSE,EQ
SFMP52GD,139102724,,543370,,BSE,EQ
SFMP52DD,139102980,,543371,,BSE,EQ
GETALONG,139103236,GETALONG ENTERPRISE ,543372,,BSE,EQ
SVRL,139103492,SHRI VENKATESH REFINERIES LIMI,543373,,BSE,EQ
PROMAX,139104004,PROMAX POWER ,543375,,BSE,EQ
SAMOR,139104260,SAMOR REALITY ,543376,,BSE,EQ
ADISHAKTI,139104516,ADISHAKTI LOHA AND ISPAT LIMIT,543377,,BSE,EQ
CWD,139104772,CWD ,543378,,BSE,EQ
SFMP53GR,139105028,,543379,,BSE,EQ
SFMP53DR,139105284,,543380,,BSE,EQ
SFMP53GD,139105540,,543381,,BSE,EQ
SFMP53DD,139105796,,543382,,BSE,EQ
NHIT,139106564,NATIONAL HIGHWAYS INFRA TRUST,543385,,BSE,EQ
SGFRL,139108100,SUYOG GURBAXANI FUNICULAR ROPE,543391,,BSE,EQ
SFMP54GR,139108356,,543392,,BSE,EQ
SFMP54DR,139108612,,543393,,BSE,EQ
SFMP54GD,139108868,,543394,,BSE,EQ
SFMP54DD,139109124,,543395,,BSE,EQ
OMNIPOTENT,139110404,OMNIPOTENT INDUSTRIES ,543400,,BSE,EQ
SFMP55GR,139111940,,543406,,BSE,EQ
SFMP55DR,139112196,,543407,,BSE,EQ
SFMP55GD,139112452,,543408,,BSE,EQ
SFMP55DD,139112708,,543409,,BSE,EQ
DMR,139112964,DMR ENGINEERING,543410,,BSE,EQ
SFMP57GR,139115780,,543421,,BSE,EQ
SFMP57DR,139116036,,543422,,BSE,EQ
SFMP57GD,139116292,,543423,,BSE,EQ
SFMP57DD,139116548,,543424,,BSE,EQ
CLARA,139119364,CLARA INDUSTRIES,543435,,BSE,EQ
WITS,139119620,WHERRELZ IT SOLUTIONS ,543436,,BSE,EQ
BCONCEPTS,139121156,BRAND CONCEPTS ,543442,,BSE,EQ
ASCENSIVE,139121412,ASCENSIVE EDUCARE ,543443,,BSE,EQ
FABINO,139121668,FABINO ENTERPRISES,543444,,BSE,EQ
SFMP58GR,139121924,,543445,,BSE,EQ
SFMP58DR,139122180,,543446,,BSE,EQ
SFMP58GD,139122436,,543447,,BSE,EQ
SFMP58DD,139122692,,543448,,BSE,EQ
AGSTRA,139123460,AGS TRANSACT TECHNOLOGIES LIMI,543451,,BSE,EQ
ALKOSIGN,139123972,ALKOSIGN,543453,,BSE,EQ
SFMP59GR,139124484,,543455,,BSE,EQ
SFMP59DR,139124740,,543456,,BSE,EQ
SFMP59GD,139124996,,543457,,BSE,EQ
SFMP59DD,139125508,,543459,,BSE,EQ
QRIL,139125764,QUALITY RO INDUSTRIES ,543460,,BSE,EQ
SSTL,139126020,SAFA SYSTEMS & TECHNOLOGIES LI,543461,,BSE,EQ
SPITZE,139126788,MARUTI INTERIOR PRODUCTS LIMIT,543464,,BSE,EQ
SFMP60GR,139127300,,543466,,BSE,EQ
SFMP60DR,139127556,,543467,,BSE,EQ
SFMP60GD,139127812,,543468,,BSE,EQ
SFMP60DD,139128068,,543469,,BSE,EQ
EKENNIS,139129604,EKENNIS SOFTWARE SERVICE LIMIT,543475,,BSE,EQ
NIMFHKAD,139129860,,543476,,BSE,EQ
NIMFHKAG,139130116,,543477,,BSE,EQ
NIMFHKDP,139130372,,543478,,BSE,EQ
NIMFHKGP,139130628,,543479,,BSE,EQ
H1861D46DG,139131652,,543483,,BSE,EQ
H1861D46DD,139131908,,543484,,BSE,EQ
H1861D46DQ,139132164,,543485,,BSE,EQ
H1861D46RG,139132420,,543486,,BSE,EQ
H1861D46RD,139132676,,543487,,BSE,EQ
H1861D46RQ,139132932,,543488,,BSE,EQ
BCCL,139135236,BHATIA COLOUR CHEM ,543497,,BSE,EQ
ACHYUT,139135748,ACHYUT HEALTHCARE ,543499,,BSE,EQ
EVOQ,139136004,EVOQ REMEDIES ,543500,,BSE,EQ
H1876D46DG,139137540,,543506,,BSE,EQ
H1876D46DD,139137796,,543507,,BSE,EQ
H1876D46DQ,139138052,,543508,,BSE,EQ
H187646RG,139138308,,543509,,BSE,EQ
H1876D46RD,139138564,,543510,,BSE,EQ
H1876D46RQ,139138820,,543511,,BSE,EQ
SEML,139139844,SUNRISE EFFICIENT MARKETING LI,543515,,BSE,EQ
DHYAANITR,139140100,DHYAANI TRADEVENTTURES,543516,,BSE,EQ
EIGHTY,139140612,EIGHTY JEWELLERS ,543518,,BSE,EQ
SFSL,139140868,SHASHWAT FURNISHING SOLUTIONS,543519,,BSE,EQ
GLHRL,139141124,GLOBAL LONGLIFE HOSPITAL AND R,543520,,BSE,EQ
FONE4,139141380,FONE4 COMMUNICATIONS (INDIA) L,543521,,BSE,EQ
NVENTURES,139141636,NANAVATI VENTURES ,543522,,BSE,EQ
TIERRA,139143940,TIERRA AGROTECH ,543531,,BSE,EQ
WEWIN,139144964,WE WIN ,543535,,BSE,EQ
SILVERPRL,139145220,SILVER PEARL HOSPITALITY & LUX,543536,,BSE,EQ
SCARNOSE,139145476,SCARNOSE INTERNATIONAL ,543537,,BSE,EQ
GOEL,139145732,GOEL FOOD PRODUCTS ,543538,,BSE,EQ
MODIS,139145988,MODI'S NAVNIRMAN,543539,,BSE,EQ
PGCRL,139146244,PEARL GREEN CLUBS AND RESORTS,543540,,BSE,EQ
SAILANI,139146500,SAILANI TOURS N TRAVELS LIMITE,543541,,BSE,EQ
KESAR,139146756,KESAR INDIA,543542,,BSE,EQ
BRRL,139147012,B-RIGHT REALESTATE,543543,,BSE,EQ
JAYANT,139147268,JAYANT INFRATECH,543544,,BSE,EQ
VEERKRUPA,139147524,VEERKRUPA JEWELLERS ,543545,,BSE,EQ
HEALTHYLIFE,139147780,HEALTHY LIFE AGRITEC,543546,,BSE,EQ
SFMP66GR,139148292,,543548,,BSE,EQ
SFMP66DR,139148548,,543549,,BSE,EQ
SFMP66GD,139148804,,543550,,BSE,EQ
SFMP66DD,139149060,,543551,,BSE,EQ
SFMP67GR,139152388,,543564,,BSE,EQ
SFMP67DR,139152644,,543565,,BSE,EQ
SFMP67GD,139152900,,543566,,BSE,EQ
SFMP67DD,139153156,,543567,,BSE,EQ
OLATECH,139155972,OLATECH SOLUTIONS ,543578,,BSE,EQ
NATURO,139156228,NATURO INDIABULL,543579,,BSE,EQ
HDFC1406DG,139157508,,543584,,BSE,EQ
HDFC1406DD,139157764,,543585,,BSE,EQ
HDFC1406DQ,139158020,,543586,,BSE,EQ
HDFC1406RG,139158276,,543587,,BSE,EQ
HDFC1406RD,139158532,,543588,,BSE,EQ
HDFC1406RQ,139158788,,543589,,BSE,EQ
DPL,139160068,DIPNA PHARMACHEM,543594,,BSE,EQ
EPBIO,139160324,EP BIOCOMPOSITES,543595,,BSE,EQ
VOEPL,139160836,VIRTUOSO OPTOELECTRONICS LIMIT,543597,,BSE,EQ
SISL,139161092,SHANTIDOOT INFRA SERVICES LIMI,543598,,BSE,EQ
W5GP,139161860,,543601,,BSE,EQ
W5DP,139162116,,543602,,BSE,EQ
W5AG,139162372,,543603,,BSE,EQ
W5AD,139162628,,543604,,BSE,EQ
CONTAINE,139163140,CONTAINE TECHNOLOGIES,543606,,BSE,EQ
SFMP68GR,139163908,,543609,,BSE,EQ
SFMP68DR,139164164,,543610,,BSE,EQ
SFMP68GD,139164420,,543611,,BSE,EQ
SFMP68DD,139164676,,543612,,BSE,EQ
MAFIA,139164932,MAFIA TRENDS,543613,,BSE,EQ
SRSOLTD,139165444,SILICON RENTAL SOLUTIONS LIMIT,543615,,BSE,EQ
TLL,139165700,TRIDENT LIFELINE ,543616,,BSE,EQ
REETECH,139165956,REETECH INTERNATIONAL,543617,,BSE,EQ
CARGOTRANS,139166212,CARGOTRANS MARITIME ,543618,,BSE,EQ
CNCRD,139166468,CONCORD CONTROL SYSTEMS LIMITE,543619,,BSE,EQ
INA,139166724,INSOLATION ENERGY,543620,,BSE,EQ
CARGOSOL,139166980,CARGOSOL LOGISTICS ,543621,,BSE,EQ
STML,139167236,STEELMAN TELECOM,543622,,BSE,EQ
VEDANTASSET,139167492,VEDANT ASSET,543623,,BSE,EQ
HDFC1359DG,139169028,,543629,,BSE,EQ
HDFC1359DD,139169284,,543630,,BSE,EQ
HDFC1359DQ,139169540,,543631,,BSE,EQ
HDFC1359RG,139169796,,543632,,BSE,EQ
HDFC1359RD,139170052,,543633,,BSE,EQ
HDFC1359RQ,139170308,,543634,,BSE,EQ
PACE,139171076,PACE E-COMMERCE VENTURES LIMIT,543637,,BSE,EQ
NARMADA,139172612,NARMADA AGROBASE ,543643,,BSE,EQ
DAPS,139174660,DAPS ADVERTISING,543651,,BSE,EQ
ANZEN,139175684,ANZEN INDIA ENERGY YIELD PLUS,543655,,BSE,EQ
TECHNOPACK,139175940,TECHNOPACK POLYMERS ,543656,,BSE,EQ
D1246267RG,139176452,,543658,,BSE,EQ
D1246267RP,139176708,,543659,,BSE,EQ
D1246267RR,139176964,,543660,,BSE,EQ
D1246267DG,139177220,,543661,,BSE,EQ
D1246267DP,139177476,,543662,,BSE,EQ
AAATECH,139179780,AAA TECHNOLOGIES,543671,,BSE,EQ
D1281268RG,139180036,,543672,,BSE,EQ
D1281268RR,139180292,,543673,,BSE,EQ
D1281268RP,139180548,,543674,,BSE,EQ
D1281268DG,139180804,,543675,,BSE,EQ
D1281268DP,139181060,,543676,,BSE,EQ
AMBOAGRI,139181572,AMBO AGRITEC,543678,,BSE,EQ
W8GP,139184644,,543690,,BSE,EQ
W8DP,139184900,,543691,,BSE,EQ
W8AG,139185156,,543692,,BSE,EQ
IPRU3511,139185412,,543693,,BSE,EQ
IPRU3512,139185668,,543694,,BSE,EQ
IPRU3513,139185924,,543695,,BSE,EQ
IPRU9713,139186180,,543696,,BSE,EQ
IPRU9714,139186436,,543697,,BSE,EQ
IPRU9715,139186692,,543698,,BSE,EQ
KTKFMP300RG,139187460,,543701,,BSE,EQ
KTKFMP300RI,139187716,,543702,,BSE,EQ
KTKFMP300DG,139187972,,543703,,BSE,EQ
KTKFMP300DI,139188228,,543704,,BSE,EQ
GARGI,139189508,PNGS GARGI FASHION JEWELLERY L,543709,,BSE,EQ
DRONACHRYA,139190532,DRONEACHARYA AERIAL INNOVATION,543713,,BSE,EQ
HDFC1204DG,139193860,,543726,,BSE,EQ
HDFC1204DD,139194116,,543727,,BSE,EQ
HDFC1204DQ,139194372,,543728,,BSE,EQ
HDFC1204RG,139194628,,543729,,BSE,EQ
HDFC1204RD,139194884,,543730,,BSE,EQ
HDFC1204RQ,139195140,,543731,,BSE,EQ
AVEER,139196676,AVEER FOODS ,543737,,BSE,EQ
KTKFMP304RG,139197188,,543739,,BSE,EQ
KTKFMP304RI,139197444,,543740,,BSE,EQ
KTKFMP304DG,139197700,,543741,,BSE,EQ
KTKFMP304DI,139197956,,543742,,BSE,EQ
REXSEAL,139198468,REX SEALING AND PACKING INDUST,543744,,BSE,EQ
SVS,139198724,SVS VENTURES,543745,,BSE,EQ
LOGICA,139198980,LOGICA INFOWAY,543746,,BSE,EQ
KTKFMP305RG,139199748,,543749,,BSE,EQ
KTKFMP305RI,139200004,,543750,,BSE,EQ
KTKFMP305DG,139200260,,543751,,BSE,EQ
KTKFMP305DI,139200516,,543752,,BSE,EQ
DHARNI,139200772,DHARNI CAPITAL SERVICES LIMITE,543753,,BSE,EQ
TRANSVOY,139201028,TRANSVOY LOGISTICS INDIA LIMIT,543754,,BSE,EQ
SFMP76GR,139201284,,543755,,BSE,EQ
SFMP76DR,139201540,,543756,,BSE,EQ
SFMP76GD,139201796,,543757,,BSE,EQ
SFMP76DD,139202052,,543758,,BSE,EQ
EARTH,139203844,EARTHSTAHL & ALLOYS ,543765,,BSE,EQ
ASHIKA,139204100,ASHIKA CREDIT CAPITAL,543766,,BSE,EQ
INDONG,139204868,INDONG TEA COMPANY,543769,,BSE,EQ
SEALMATIC,139208196,SEALMATIC INDIA ,543782,,BSE,EQ
SFMP78GR,139208452,,543783,,BSE,EQ
SFMP78DR,139208708,,543784,,BSE,EQ
SFMP78GD,139208964,,543785,,BSE,EQ
SFMP78DD,139209220,,543786,,BSE,EQ
ROBU,139209476,MACFOS ,543787,,BSE,EQ
D1144270RG,139209732,,543788,,BSE,EQ
D1144270RP,139209988,,543789,,BSE,EQ
D1144270RR,139210244,,543790,,BSE,EQ
D1144270DG,139210500,,543791,,BSE,EQ
D1144270DP,139210756,,543792,,BSE,EQ
HDFC2638DG,139211012,,543793,,BSE,EQ
HDFC2638DQ,139211268,,543794,,BSE,EQ
HDFC2638RG,139211524,,543795,,BSE,EQ
HDFC2638RD,139211780,,543796,,BSE,EQ
HDFC2638RQ,139212036,,543797,,BSE,EQ
PATRON,139212292,PATRON EXIM ,543798,,BSE,EQ
SVJ,139212548,S. V. J. ENTERPRISES ,543799,,BSE,EQ
AXISWRDG,139212804,,543800,,BSE,EQ
AXISWRGP,139213060,,543801,,BSE,EQ
AXISWRQD,139213316,,543802,,BSE,EQ
AXISWRHD,139213572,,543803,,BSE,EQ
AMANAYA,139213828,AMANAYA VENTURES,543804,,BSE,EQ
RESGEN,139214084,RESGEN,543805,,BSE,EQ
ITCONS,139214340,ITCONS E-SOLUTIONS ,543806,,BSE,EQ
PCL,139216388,PROSPECT CONSUMER PRODUCTS LIM,543814,,BSE,EQ
IPRU3533,139216644,,543815,,BSE,EQ
IPRU3534,139216900,,543816,,BSE,EQ
IPRU9735,139217156,,543817,,BSE,EQ
IPRU9736,139217412,,543818,,BSE,EQ
SFMP79GR,139218948,,543824,,BSE,EQ
SFMP79DR,139219204,,543825,,BSE,EQ
SFMP79GD,139219460,,543826,,BSE,EQ
SFMP79DD,139219716,,543827,,BSE,EQ
SUDARSHAN,139219972,SUDARSHAN PHARMA INDUSTRIES LI,543828,,BSE,EQ
LABELKRAFT,139220484,LABELKRAFT TECHNOLOGIES LIMITE,543830,,BSE,EQ
BRIGHT,139220740,BRIGHT OUTDOOR MEDIA ,543831,,BSE,EQ
AXISWSDG,139220996,,543832,,BSE,EQ
AXISWSDQ,139221252,,543833,,BSE,EQ
AXISWSGP,139221508,,543834,,BSE,EQ
AXISWSQD,139221764,,543835,,BSE,EQ
AXISWSHD,139222020,,543836,,BSE,EQ
HFMPM23DGR,139222276,,543837,,BSE,EQ
HFMPM23DND,139222532,,543838,,BSE,EQ
HFMPM23DQD,139222788,,543839,,BSE,EQ
HFMPM23RGR,139223044,,543840,,BSE,EQ
HFMPM23RND,139223300,,543841,,BSE,EQ
HFMPM23RQD,139223556,,543842,,BSE,EQ
COMMAND,139223812,COMMAND POLYMERS ,543843,,BSE,EQ
DEVLAB,139225092,DEV LABTECH VENTURE ,543848,,BSE,EQ
DIGIFIBRE,139227908,DIGITAL FIBRE INFRASTRUCTURE T,543859,,BSE,EQ
JAFINANCE,139228164,J.A. FINANCE ,543860,,BSE,EQ
KTKFMP310RG,139230980,,543871,,BSE,EQ
KTKFMP310RI,139231236,,543872,,BSE,EQ
KTKFMP310DG,139231492,,543873,,BSE,EQ
MAIDEN,139231748,MAIDEN FORGINGS ,543874,,BSE,EQ
KTKFMP308RG,139232260,,543876,,BSE,EQ
KTKFMP308RI,139232516,,543877,,BSE,EQ
KTKFMP308DG,139232772,,543878,,BSE,EQ
KTKFMP308DI,139233028,,543879,,BSE,EQ
185F2DGG,139233284,,543880,,BSE,EQ
185F2GPG,139233540,,543881,,BSE,EQ
185F2RPD,139233796,,543882,,BSE,EQ
SFMP81GR,139234052,,543883,,BSE,EQ
SFMP81DR,139234308,,543884,,BSE,EQ
SFMP81GD,139234564,,543885,,BSE,EQ
SFMP81DD,139234820,,543886,,BSE,EQ
U7GP,139235076,,543887,,BSE,EQ
U7DP,139235332,,543888,,BSE,EQ
U7AG,139235588,,543889,,BSE,EQ
U7AD,139235844,,543890,,BSE,EQ
U8GP,139236100,,543891,,BSE,EQ
U8DP,139236356,,543892,,BSE,EQ
U8AG,139236612,,543893,,BSE,EQ
EXHICON,139237124,EXHICON EVENTS MEDIA SOLUTIONS,543895,,BSE,EQ
SANCODE,139237636,SANCODE TECHNOLOGIES ,543897,,BSE,EQ
CUBEINVIT,139238148,CUBE HIGHWAYS TRUST,543899,,BSE,EQ
RETINA,139238916,RETINA PAINTS ,543902,,BSE,EQ
INNOKAIZ,139239684,INNOKAIZ INDIA,543905,,BSE,EQ
PIGL,139241476,POWER & INSTRUMENTATION (GUJAR,543912,,BSE,EQ
NXST,139241732,NEXUS SELECT TRUST,543913,,BSE,EQ
SWATIPRO,139241988,SWATI PROJECTS ,543914,,BSE,EQ
HSIL,139242500,HEMANT SURGICAL INDUSTRIES LIM,543916,,BSE,EQ
SIGMA,139242756,SIGMA SOLVE,543917,,BSE,EQ
CFF,139243524,CFF FLUID CONTROL,543920,,BSE,EQ
COMRADE,139243780,COMRADE APPLIANCES ,543921,,BSE,EQ
SONALIS,139244548,SONALIS CONSUMER PRODUCTS LIMI,543924,,BSE,EQ
MIT,139244804,MAPLE INFRASTRUCTURE TRUST,543925,,BSE,EQ
BIZOTIC,139245060,BIZOTIC COMMERCIAL ,543926,,BSE,EQ
ASIAN,139245316,ASIAN WAREHOUSING ,543927,,BSE,EQ
COSMICCRF,139245572,COSMIC CRF ,543928,,BSE,EQ
VEEFIN,139246340,VEEFIN SOLUTIONS,543931,,BSE,EQ
MACIND,139247108,MACHHAR INDUSTRIES ,543934,,BSE,EQ
ALPHAIND,139247876,ALPHALOGIC INDUSTRIES,543937,,BSE,EQ
ACCELERATE,139248132,ACCELERATEBS INDIA,543938,,BSE,EQ
KAKA,139248388,KAKA INDUSTRIES ,543939,,BSE,EQ
AHASOLAR,139248900,AHASOLAR TECHNOLOGIES,543941,,BSE,EQ
ASARFI,139249412,ASARFI HOSPITAL,543943,,BSE,EQ
KHAZANCHI,139251972,KHAZANCHI JEWELLERS ,543953,,BSE,EQ
SHELTER,139254532,SHELTER PHARMA,543963,,BSE,EQ
HFMPCC50DD,139254788,,543964,,BSE,EQ
HFMPCC75DD,139255300,,543966,,BSE,EQ
HFMPCC50RD,139255556,,543967,,BSE,EQ
HFMPCC75RD,139255812,,543968,,BSE,EQ
SHOORA,139256324,SHOORA DESIGNS ,543970,,BSE,EQ
BONDADA,139256580,BONDADA ENGINEERING ,543971,,BSE,EQ
SHRAAITECH,139257860,SHRADHA AI TECHNOLOGIES LIMITE,543976,,BSE,EQ
RISHABH,139258116,RISHABH INSTRUMENTS ,543977,,BSE,EQ
KAHAN,139258628,KAHAN PACKAGING ,543979,,BSE,EQ
QUESTFLOW,139259396,QUEST FLOW CONTROLS,543982,,BSE,EQ
TECHKGREEN,139261700,TECHKNOWGREEN SOLUTIONS LIMITE,543991,,BSE,EQ
ARCL,139262212,ARCL ORGANICS,543993,,BSE,EQ
ORGANICREC,139263236,ORGANIC RECYCLING SYSTEMS LIMI,543997,,BSE,EQ
CCAL,139264004,CITY CROPS AGRO,544000,,BSE,EQ
SUNITATOOL,139264260,SUNITA TOOLS ,544001,,BSE,EQ
VIVAA,139264516,VIVAA TRADECOM ,544002,,BSE,EQ
ISCITRUST,139265284,INTELLIGENT SUPPLY CHAIN INFRA,544005,,BSE,EQ
VPL,139266820,VRUNDAVAN PLANTATION ,544011,,BSE,EQ
KKSHL,139267332,KK SHAH HOSPITALS ,544013,,BSE,EQ
MISHDESIGN,139267844,MISH DESIGNS ,544015,,BSE,EQ
KALYANI,139269892,KALYANI CAST-TECH ,544023,,BSE,EQ
ARROWHEAD,139270404,ARROWHEAD SEPERATION ENGINEERI,544025,,BSE,EQ
SPL,139272964,SWASHTHIK PLASCON ,544035,,BSE,EQ
DEEPAKCHEM,139273220,DEEPAK CHEMTEX,544036,,BSE,EQ
AMIC,139273476,AMIC FORGING ,544037,,BSE,EQ
SIYARAM,139276036,SIYARAM RECYCLING INDUSTRIES L,544047,,BSE,EQ
BENCHMARK,139277316,BENCHMARK COMPUTER SOLUTIONS L,544052,,BSE,EQ
SMARITIME,139278340,SAHARA MARITIME ,544056,,BSE,EQ
SHANTIDENM,139279108,SHANTI SPINTEX,544059,,BSE,EQ
AIKPIPES,139282436,AIK PIPES AND POLYMERS ,544072,,BSE,EQ
MCPL,139282692,MANOJ CERAMIC ,544073,,BSE,EQ
SBVCL,139282948,SHRI BALAJI VALVE COMPONENTS L,544074,,BSE,EQ
SHILINDORE,139284484,SAYAJI HOTELS (INDORE) ,544080,,BSE,EQ
SWANAGRO,139284996,NEW SWAN MULTITECH ,544082,,BSE,EQ
SHREE,139285252,SHREE MARUTINANDAN TUBES LIMIT,544083,,BSE,EQ
SHPLPUNE,139287044,SAYAJI HOTELS (PUNE) ,544090,,BSE,EQ
QLL,139287300,QUALITEK LABS ,544091,,BSE,EQ
EUPHORIAIT,139288068,EUPHORIA INFOTECH (INDIA) LIMI,544094,,BSE,EQ
BRISK,139289860,BRISK TECHNOVISION ,544101,,BSE,EQ
HARSHDEEP,139290884,HARSHDEEP HORTICO,544105,,BSE,EQ
MCFL,139291140,MAYANK CATTLE FOOD ,544106,,BSE,EQ
GPSL,139291652,GABRIEL PET STRAPS ,544108,,BSE,EQ
JGTL,139292676,JASCH GAUGING TECHNOLOGIES LIM,544112,,BSE,EQ
RUDRAGAS,139294980,RUDRA GAS ENTERPRISE ,544121,,BSE,EQ
INDUSINVIT,139299076,INDUS INFRA TRUST,544137,,BSE,EQ
KOURA,139299588,KOURA FINE DIAMOND JEWELRY LIM,544139,,BSE,EQ
PESB,139300100,PUNE E - STOCK BROKING ,544141,,BSE,EQ
ROYAL,139300612,ROYAL SENSE ,544143,,BSE,EQ
KPGEL,139302404,KP GREEN ENGINEERING,544150,,BSE,EQ
CHATHA,139302660,CHATHA FOODS,544151,,BSE,EQ
GCONNECT,139303940,GCONNECT LOGITECH AND SUPPLY C,544156,,BSE,EQ
VRUDDHI,139304196,VRUDDHI ENGINEERING WORKS LIMI,544157,,BSE,EQ
JAYKAILASH,139304964,JAY KAILASH NAMKEEN ,544160,,BSE,EQ
GVL,139305732,GREENHITECH VENTURES ,544163,,BSE,EQ
FAALCON,139305988,FAALCON CONCEPTS ,544164,,BSE,EQ
SHIVAM,139306244,SHIVAM CHEMICALS,544165,,BSE,EQ
EMMFORCE,139306500,EMMFORCE AUTOTECH,544166,,BSE,EQ
VARYAA,139307012,VARYAA CREATIONS,544168,,BSE,EQ
AMKAY,139307268,AMKAY PRODUCTS ,544169,,BSE,EQ
SAI,139307524,SAI SWAMI METALS AND ALLOYS LI,544170,,BSE,EQ
STAL,139307780,STORAGE TECHNOLOGIES AND AUTOM,544171,,BSE,EQ
FTL,139308292,FINELISTINGS TECHNOLOGIES LIMI,544173,,BSE,EQ
TGIF,139308804,TGIF AGRIBUSINESS,544175,,BSE,EQ
AZTEC,139309316,AZTEC FLUIDS & MACHINERY LIMIT,544177,,BSE,EQ
PIOTEX,139309572,PIOTEX INDUSTRIES,544178,,BSE,EQ
ASSOCIATED,139310852,ASSOCIATED COATERS ,544183,,BSE,EQ
ADTECH,139311364,ADTECH SYSTEMS,544185,,BSE,EQ
TOTEM,139311620,FORBES PRECISION TOOLS AND MAC,544186,,BSE,EQ
MAGENTA,139312132,MAGENTA LIFECARE ,544188,,BSE,EQ
SATTRIX,139312388,SATTRIX INFORMATION SECURITY L,544189,,BSE,EQ
3CIT,139312644,3C IT SOLUTIONS AND TELECOMS (,544190,,BSE,EQ
PURPLEFIN,139312900,PURPLE FINANCE ,544191,,BSE,EQ
COTFAB,139313924,UNITED COTFAB ,544195,,BSE,EQ
GEMENVIRO,139314948,GEM ENVIRO MANAGEMENT ,544199,,BSE,EQ
DFPL,139315460,DINDIGUL FARM PRODUCT,544201,,BSE,EQ
NPL,139316484,NATIONAL PEROXIDE ,544205,,BSE,EQ
RELIABLE,139316996,RELIABLE DATA SERVICES ,544207,,BSE,EQ
ACLD,139318532,AELEA COMMODITIES,544213,,BSE,EQ
THREEMPAPE,139318788,THREE M PAPER BOARDS,544214,,BSE,EQ
VVIPIL,139320068,VVIP INFRATECH ,544219,,BSE,EQ
CTLLAB,139320324,CLINITECH LABORATORY ,544220,,BSE,EQ
KIZI,139320580,KIZI APPARELS ,544221,,BSE,EQ
AFCOM,139321348,AFCOM HOLDINGS ,544224,,BSE,EQ
OLAELEC,139321604,OLA ELECTRIC MOBILITY ,544225,,BSE,EQ
BROACH,139323140,BROACH LIFECARE HOSPITAL LIMIT,544231,,BSE,EQ
RAL,139324420,RESOURCEFUL AUTOMOBILE ,544236,,BSE,EQ
RAPID,139324676,RAPID MULTIMODAL LOGISTICS LIM,544237,,BSE,EQ
TRAVELS,139325956,TRAVELS & RENTALS ,544242,,BSE,EQ
NHL,139326724,NATUREWINGS HOLIDAYS ,544245,,BSE,EQ
MCEL,139327492,MACH CONFERENCES AND EVENTS LI,544248,,BSE,EQ
SSL,139328260,SHARE SAMADHAN ,544251,,BSE,EQ
SAFE,139329796,SODHANI ACADEMY OF FINTECH ENA,544257,,BSE,EQ
PFL,139330308,POPULAR FOUNDATIONS,544259,,BSE,EQ
NEXXUS,139331844,NEXXUS PETRO INDUSTRIES LIMITE,544265,,BSE,EQ
SUBAM,139332356,SUBAM PAPERS,544267,,BSE,EQ
NPFL,139332868,NEOPOLITAN PIZZA AND FOODS LIM,544269,,BSE,EQ
KGVL,139333124,KHYATI GLOBAL VENTURES ,544270,,BSE,EQ
SHIVTEXCHEM,139333636,SHIV TEXCHEM,544272,,BSE,EQ
MANGALCOMP,139337476,MANGAL COMPUSOLUTION ,544287,,BSE,EQ
RAJESH,139338500,RAJESH POWER SERVICES,544291,,BSE,EQ
PSPLATINA,139339524,PROPERTY SHARE INVESTMENT TRUS,544295,,BSE,EQ
NISUS,139339780,NISUS FINANCE SERVICES CO LIMI,544296,,BSE,EQ
ODIGMA,139341060,ODIGMA CONSULTANCY SOLUTIONS L,544301,,BSE,EQ
INNOVANA,139341316,INNOVANA THINKLABS ,544302,,BSE,EQ
TTC,139341572,TOSS THE COIN,544303,,BSE,EQ
JUNGLECAMP,139341828,JUNGLE CAMPS INDIA,544304,,BSE,EQ
HILLTONE,139342852,HILLTONE SOFTWARE AND GASES LT,544308,,BSE,EQ
YASHHV,139343364,YASH HIGHVOLTAGE ,544310,,BSE,EQ
HAMPS,139343876,HAMPS BIO,544312,,BSE,EQ
NACDAC,139344132,NACDAC INFRASTRUCTURE ,544313,,BSE,EQ
CITICHEM,139346948,CITICHEM INDIA ,544324,,BSE,EQ
TECHNICHEM,139347716,TECHNICHEM ORGANICS,544327,,BSE,EQ
VANDU,139348228,LEO DRYFRUITS & SPICES TRADING,544329,,BSE,EQ
PARMESHWAR,139348484,PARMESHWAR METAL,544330,,BSE,EQ
DAVIN,139348740,DAVIN SONS RETAIL ,544331,,BSE,EQ
FABCLEAN,139348996,FABTECH TECHNOLOGIES CLEANROOM,544332,,BSE,EQ
INDOBELL,139349508,INDOBELL INSULATIONS ,544334,,BSE,EQ
BRGIL,139349764,B.R.GOYAL INFRASTRUCTURE LIMIT,544335,,BSE,EQ
AVAX,139350276,AVAX APPARELS AND ORNAMENTS LI,544337,,BSE,EQ
CAPINVIT,139350532,CAPITAL INFRA TRUST,544338,,BSE,EQ
RIKHAV,139351044,RIKHAV SECURITIES ,544340,,BSE,EQ
LGLL,139351300,LANDMARK GLOBAL LEARNING LIMIT,544341,,BSE,EQ
STALLION,139351556,STALLION INDIA FLUOROCHEMICALS,544342,,BSE,EQ
CNINFOTECH,139351812,CAPITALNUMBERS INFOTECH  LIMIT,544343,,BSE,EQ
RRECL,139352580,RDB REAL ESTATE CONSTRUCTIONS,544346,,BSE,EQ
CLN,139352836,CLN ENERGY,544347,,BSE,EQ
GBLOGISTIC,139353092,GB LOGISTICS COMMERCE ,544348,,BSE,EQ
HMEML,139353348,H.M. ELECTRO MECH,544349,,BSE,EQ
MALPANI,139353860,MALPANI PIPES AND FITTINGS LIM,544351,,BSE,EQ
AMWILL,139354372,AMWILL HEALTH CARE ,544353,,BSE,EQ
SOLARIUM,139354628,SOLARIUM GREEN ENERGY,544354,,BSE,EQ
JUBLCPL,139354884,JUBILANT AGRI AND CONSUMER PRO,544355,,BSE,EQ
COVANCE,139356420,COVANCE SOFTSOL,544361,,BSE,EQ
SHANMUGA,139357444,SHANMUGA HOSPITAL,544365,,BSE,EQ
LKMEHTA,139357700,L.K.MEHTA POLYMERS,544366,,BSE,EQ
SWASTH,139358212,SWASTH FOODTECH INDIA ,544368,,BSE,EQ
BEEZAASAN,139358468,BEEZAASAN EXPLOTECH ,544369,,BSE,EQ
NUKLEUS,139358724,NUKLEUS OFFICE SOLUTIONS LIMIT,544370,,BSE,EQ
VIKRAMAR,139358980,VIKRAM AROMA,544371,,BSE,EQ
SHREENATH,139359236,SHREENATH PAPER PRODUCTS LIMIT,544372,,BSE,EQ
NAPSGLOBAL,139359492,NAPS GLOBAL INDIA ,544373,,BSE,EQ
ROADSTAR,139359748,ROADSTAR INFRA INVESTMENT TRUS,544374,,BSE,EQ
PSPL,139360772,PDP SHIPPING & PROJECTS LIMITE,544378,,BSE,EQ
SUPERIRON,139361540,SUPER IRON FOUNDRY ,544381,,BSE,EQ
PPARIVAH,139362052,PARADEEP PARIVAHAN,544383,,BSE,EQ
DESCO,139363076,DESCO INFRATECH ,544387,,BSE,EQ
IDENTIXWEB,139363332,IDENTIXWEB ,544388,,BSE,EQ
RETAGGIO,139364100,RETAGGIO INDUSTRIES ,544391,,BSE,EQ
SPINAROO,139364356,SPINAROO COMMERCIAL,544392,,BSE,EQ
INFONATIVE,139364612,INFONATIVE SOLUTIONS,544393,,BSE,EQ
KENRIK,139365892,KENRIK INDUSTRIES ,544398,,BSE,EQ
SRIGEE,139366148,SRIGEE DLM,544399,,BSE,EQ
MANOJJEWEL,139366404,MANOJ JEWELLERS ,544400,,BSE,EQ
UNIFIED,139367940,UNIFIED DATA TECH SOLUTIONS LI,544406,,BSE,EQ
ASTONEALAB,139368708,ASTONEA LABS,544409,,BSE,EQ
3BFILMS,139369476,3B FILMS,544412,,BSE,EQ
ATENPAPERS,139370756,ATEN PAPERS & FOAM ,544417,,BSE,EQ
ABRFL,139372036,ABRAM FOOD ,544422,,BSE,EQ
AJCJEWEL,139372804,AJC JEWEL MANUFACTURERS LIMITE,544425,,BSE,EQ
ICON,139373060,ICON FACILITATORS ,544426,,BSE,EQ
SEVL,139373572,SUPERTECH EV,544428,,BSE,EQ
ACEALPHA,139374340,ACE ALPHA TECH ,544431,,BSE,EQ
VALINDIA,139374852,VALENCIA INDIA ,544433,,BSE,EQ
NEETUYOSHI,139375108,NEETU YOSHI ,544434,,BSE,EQ
ADCOUNTY,139375364,ADCOUNTY MEDIA INDIA,544435,,BSE,EQ
VANDAN,139375620,VANDAN FOODS,544436,,BSE,EQ
MARCLOIRE,139375876,MARC LOIRE FASHIONS,544437,,BSE,EQ
CRYOGENIC,139376644,CRYOGENIC OGS,544440,,BSE,EQ
METAINFO,139376900,META INFOTECH,544441,,BSE,EQ
CHEMKART,139377156,CHEMKART INDIA ,544442,,BSE,EQ
GLEN,139377668,GLEN INDUSTRIES ,544444,,BSE,EQ
APL,139377924,ASSTON PHARMACEUTICALS,544445,,BSE,EQ
MONIKA,139379460,MONIKA ALCOBEV,544451,,BSE,EQ
SWASTIKAAL,139379716,SWASTIKA CASTAL ,544452,,BSE,EQ
MSECL,139379972,MONARCH SURVEYORS AND ENGINEER,544453,,BSE,EQ
SHREEREF,139381252,SHREE REFRIGERATIONS,544458,,BSE,EQ
PATELCHEM,139381764,PATEL CHEM SPECIALITIES LIMITE,544460,,BSE,EQ
PSTITANIA,139382276,PROPSHARE TITANIA,544462,,BSE,EQ
REPONO,139382532,REPONO,544463,,BSE,EQ
UML,139382788,UMIYA MOBILE ,544464,,BSE,EQ
NSDL,139383556,NATIONAL SECURITIES DEPOSITORY,544467,,BSE,EQ
BDI,139383812,B. D. INDUSTRIES (PUNE) LIMITE,544468,,BSE,EQ
TAKYON,139384580,TAKYON NETWORKS,544471,,BSE,EQ
MEHUL,139384836,MEHUL COLOURS,544472,,BSE,EQ
BLT,139385348,BLT LOGISTICS ,544474,,BSE,EQ
ESSEX,139385604,ESSEX MARINE,544475,,BSE,EQ
KRT,139387140,KNOWLEDGE REALTY TRUST,544481,,BSE,EQ
STARIMAGIN,139387396,STAR IMAGING AND PATH LAB LIMI,544482,,BSE,EQ
ICODEX,139387652,ICODEX PUBLISHING SOLUTIONS LI,544483,,BSE,EQ
LGT,139389188,LGT BUSINESS CONNEXTIONS LIMIT,544489,,BSE,EQ
GLOBTIER,139390468,GLOBTIER INFOTECH ,544494,,BSE,EQ
NISMGMT,139390724,NIS MANAGEMENT,544495,,BSE,EQ
AHCL,139391236,ANLON HEALTHCARE,544497,,BSE,EQ
OVAL,139391492,OVAL PROJECTS ENGINEERING LIMI,544498,,BSE,EQ
ABRIL,139392004,ABRIL PAPER TECH,544500,,BSE,EQ
SUGSLLOYD,139392260,SUGS LLOYD,544501,,BSE,EQ
RACHIT,139392772,RACHIT PRINTS ,544503,,BSE,EQ
GOELCONS,139393028,GOEL CONSTRUCTION COMPANY LIMI,544504,,BSE,EQ
AUSTERE,139393284,AUSTERE SYSTEMS,544505,,BSE,EQ
SHARVAYA,139393540,SHARVAYA METALS,544506,,BSE,EQ
VASHISHTHA,139394052,VASHISHTHA LUXURY FASHION LIMI,544508,,BSE,EQ
KRUPALU,139394308,KRUPALU METALS ,544509,,BSE,EQ
NCML,139394564,NILACHAL CARBO METALICKS LIMIT,544510,,BSE,EQ
KARBON,139394820,KARBONSTEEL ENGINEERING LIMITE,544511,,BSE,EQ
CITYSQUARE,139395588,JAY AMBE SUPERMARKETS,544514,,BSE,EQ
AIRFLOA,139396100,AIRFLOA RAIL TECHNOLOGY LIMITE,544516,,BSE,EQ
LTELEVATOR,139396612,L. T. ELEVATOR,544518,,BSE,EQ
SAMPAT,139397124,SAMPAT ALUMINIUM,544520,,BSE,EQ
JDCABLES,139398148,JD CABLES,544524,,BSE,EQ
APPL,139399428,APTUS PHARMA ,544529,,BSE,EQ
TRUECOLORS,139399940,TRUE COLORS,544531,,BSE,EQ
BHARATROHAN,139400964,BHARATROHAN AIRBORNE INNOVATIO,544535,,BSE,EQ
PRARUH,139401732,PRARUH TECHNOLOGIES,544538,,BSE,EQ
SOLVEX,139401988,SOLVEX EDIBLES ,544539,,BSE,EQ
SYSTEMATIC,139402500,SYSTEMATIC INDUSTRIES,544541,,BSE,EQ
JUSTO,139402756,JUSTO REALFINTECH ,544542,,BSE,EQ
TELGE,139403268,TELGE PROJECTS,544544,,BSE,EQ
CHTR,139403780,CHATTERBOX TECHNOLOGIES LIMITE,544546,,BSE,EQ
GPAPL,139404292,GUJARAT PEANUT AND AGRI PRODUC,544548,,BSE,EQ
EARKART,139404548,EARKART,544549,,BSE,EQ
BHAVIK,139405060,BHAVIK ENTERPRISES,544551,,BSE,EQ
RDGAIL,139405316,RUKMANI DEVI GARG AGRO IMPEX L,544552,,BSE,EQ
MPKSTEELS,139405572,M P K STEELS (I),544553,,BSE,EQ
KVSCASTING,139405828,KVS CASTINGS ,544554,,BSE,EQ
AMEENJI,139406084,AMEENJI RUBBER,544555,,BSE,EQ
DHILLON,139406340,DHILLON FREIGHT CARRIER LIMITE,544556,,BSE,EQ
OML,139407108,OM METALLOGIC,544559,,BSE,EQ
SODHACAP,139407364,SODHANI CAPITAL,544560,,BSE,EQ
CHIRAHARIT,139407620,CHIRAHARIT ,544561,,BSE,EQ
ZELIO,139408132,ZELIO E MOBILITY ,544563,,BSE,EQ
VALPLAST,139408644,VALPLAST TECHNOLOGIES ,544565,,BSE,EQ
SUNSKY,139408900,SUNSKY LOGISTICS ,544566,,BSE,EQ
INFINITY,139409156,INFINITY INFOWAY ,544567,,BSE,EQ
DSM,139409412,DSM FRESH FOODS ,544568,,BSE,EQ
NSBBPO,139410180,NSB BPO SOLUTIONS ,544571,,BSE,EQ
MITTALSTL,139411204,MITTAL SECTIONS ,544575,,BSE,EQ
ANANTAM,139412228,ANANTAM HIGHWAYS TRUST,544579,,BSE,EQ
SHLOKKA,139412996,SHLOKKA DYES,544582,,BSE,EQ
SKM,139413508,SK MINERALS & ADDITIVES LIMITE,544584,,BSE,EQ
SIHORA,139413764,SIHORA INDUSTRIES,544585,,BSE,EQ
FELDVR,145920516,FUTURE ENTERPRISES ,570002,,BSE,EQ
GINNIFILA,151046404,GINNI FILAMENTS,590025,,BSE,EQ
KAVDEFENCE,151050500,KAVVERI DEFENCE &AMP; WIRELESS,590041,,BSE,EQ
EQUIPPP,151054596,EQUIPPP SOCIAL IMPACT TECHNOLO,590057,,BSE,EQ
AARTISURFP,179234564,,700135,,BSE,EQ
VALIANTOCPS,181774596,,710057,,BSE,EQ
1PSL35,183046148,,715024,,BSE,EQ
MBLNCRPS,183681028,,717504,,BSE,EQ
ICFL291024,186407428,,728154,,BSE,EQ
SCC291024,186409220,,728161,,BSE,EQ
IFPL111124,186420996,,728207,,BSE,EQ
SCCL131124,186426116,,728227,,BSE,EQ
KMPL131124,186427396,,728232,,BSE,EQ
SCCL141124,186428164,,728235,,BSE,EQ
SCCL181124,186432004,,728250,,BSE,EQ
BFL181124,186432772,,728253,,BSE,EQ
BFL191124A,186436100,,728266,,BSE,EQ
BFL211124,186438404,,728275,,BSE,EQ
JBC251124,186441732,,728288,,BSE,EQ
HCFS281124,186450692,,728323,,BSE,EQ
SCCL291124,186451204,,728325,,BSE,EQ
JBCI291124,186451972,,728328,,BSE,EQ
GHFL021224,186453764,,728335,,BSE,EQ
CFSL041224,186461444,,728365,,BSE,EQ
MHFC51224,186462212,,728368,,BSE,EQ
NWIL61224,186463492,,728373,,BSE,EQ
IFPL061224,186465540,,728381,,BSE,EQ
NWFL61224,186465796,,728382,,BSE,EQ
SCCL91224,186469636,,728397,,BSE,EQ
SCCL101224,186473220,,728411,,BSE,EQ
NWIL101224,186473476,,728412,,BSE,EQ
NWML111224,186476548,,728424,,BSE,EQ
IHPL161224,186484228,,728454,,BSE,EQ
GFL161224,186486532,,728463,,BSE,EQ
VIT171224,186489092,,728473,,BSE,EQ
AFL191224,186490884,,728480,,BSE,EQ
DAL301224,186505988,,728539,,BSE,EQ
AFL09125,186515972,,728578,,BSE,EQ
IFPL100125,186518020,,728586,,BSE,EQ
MFL130125,186518788,,728589,,BSE,EQ
JBCPL14125,186519812,,728593,,BSE,EQ
KMPL16125,186521092,,728598,,BSE,EQ
JBCIP17125,186522372,,728603,,BSE,EQ
JBCI17125A,186522628,,728604,,BSE,EQ
ISL160125,186522884,,728605,,BSE,EQ
JBCI17125B,186523396,,728607,,BSE,EQ
IFPL17125,186524164,,728610,,BSE,EQ
MFL17125,186524420,,728611,,BSE,EQ
BHFL20125,186525444,,728615,,BSE,EQ
IFSL20125,186526468,,728619,,BSE,EQ
PICL210125,186526980,,728621,,BSE,EQ
JBCIP22125,186528772,,728628,,BSE,EQ
ISL230125,186531332,,728638,,BSE,EQ
PFL230125,186533892,,728648,,BSE,EQ
BFL230125,186534148,,728649,,BSE,EQ
IHPL240125,186534916,,728652,,BSE,EQ
CFSL27125,186536964,,728660,,BSE,EQ
ISL27125,186537732,,728663,,BSE,EQ
IFPL27125,186540548,,728674,,BSE,EQ
BGHP290125,186542084,,728680,,BSE,EQ
MOFS310125,186545412,,728693,,BSE,EQ
CFSL3225,186546948,,728699,,BSE,EQ
ISL40225,186548484,,728705,,BSE,EQ
BGHP50225,186550020,,728711,,BSE,EQ
MOFL5225A,186550788,,728714,,BSE,EQ
PIICL6225,186551812,,728718,,BSE,EQ
360OWL5225,186552068,,728719,,BSE,EQ
360OW5225,186552324,,728720,,BSE,EQ
ICFL050225,186552580,,728721,,BSE,EQ
OPL050225,186553092,,728723,,BSE,EQ
MOFS060225,186554116,,728727,,BSE,EQ
BGHP070225,186556676,,728737,,BSE,EQ
ISL070225A,186558468,,728744,,BSE,EQ
SCCL100225,186558980,,728746,,BSE,EQ
GHFL14225,186564100,,728766,,BSE,EQ
EOPR13225,186564612,,728768,,BSE,EQ
GHFL17225,186567428,,728779,,BSE,EQ
ECLFL14225,186567940,,728781,,BSE,EQ
GFL17225,186568708,,728784,,BSE,EQ
SCSL18225,186572804,,728800,,BSE,EQ
IFPL180225,186573060,,728801,,BSE,EQ
IT200225,186575364,,728810,,BSE,EQ
KMPL210225,186575620,,728811,,BSE,EQ
KMPL21225,186575876,,728812,,BSE,EQ
ASL210225,186578692,,728823,,BSE,EQ
ASL240225,186578948,,728824,,BSE,EQ
KMPL24225,186580740,,728831,,BSE,EQ
MOFSL24225,186582532,,728838,,BSE,EQ
SCCL25225,186584836,,728847,,BSE,EQ
GFL27225,186587396,,728857,,BSE,EQ
MOFS250225,186589444,,728865,,BSE,EQ
SCCL27225,186589700,,728866,,BSE,EQ
BGHP27225,186589956,,728867,,BSE,EQ
ISL270225A,186591748,,728874,,BSE,EQ
MOFS270225,186592516,,728877,,BSE,EQ
MFL030325,186595076,,728887,,BSE,EQ
ISL030325,186595332,,728888,,BSE,EQ
OPL030325,186596356,,728892,,BSE,EQ
OPL040325,186596868,,728894,,BSE,EQ
ISL040325,186598916,,728902,,BSE,EQ
GFL050325,186600196,,728907,,BSE,EQ
AFL7325,186606340,,728931,,BSE,EQ
AFL070325,186606596,,728932,,BSE,EQ
MFL07325,186607364,,728935,,BSE,EQ
KMPL110325,186611204,,728950,,BSE,EQ
OPL10325,186612996,,728957,,BSE,EQ
SCCL11325,186613252,,728958,,BSE,EQ
ISL110325,186615556,,728967,,BSE,EQ
JBCIP13325,186619652,,728983,,BSE,EQ
BGHP130325,186621956,,728992,,BSE,EQ
ISEC17325,186624260,,729001,,BSE,EQ
IGHP17325,186624772,,729003,,BSE,EQ
OFSL130325,186626820,,729011,,BSE,EQ
MRHF170325,186627076,,729012,,BSE,EQ
360OP17325,186629124,,729020,,BSE,EQ
SCCL19325,186631940,,729031,,BSE,EQ
SCCL19325A,186632196,,729032,,BSE,EQ
360OP18325,186632708,,729034,,BSE,EQ
GFL180325,186632964,,729035,,BSE,EQ
ISL19325,186635524,,729045,,BSE,EQ
BGHP20325A,186637060,,729051,,BSE,EQ
BGHP210325,186637316,,729052,,BSE,EQ
BGHP21325,186637572,,729053,,BSE,EQ
ISEC200325,186638596,,729057,,BSE,EQ
PIIC21325,186639876,,729062,,BSE,EQ
JBCI240325,186642180,,729071,,BSE,EQ
ISEC24325,186643204,,729075,,BSE,EQ
ICFL24325,186643460,,729076,,BSE,EQ
NWFL240325,186644228,,729079,,BSE,EQ
PFL240325,186644740,,729081,,BSE,EQ
GICH25325,186645508,,729084,,BSE,EQ
NCSL25325,186645764,,729085,,BSE,EQ
IGH25325,186646276,,729087,,BSE,EQ
PFCL243025,186646532,,729088,,BSE,EQ
NWFL25325,186646788,,729089,,BSE,EQ
IFPL25325,186650116,,729102,,BSE,EQ
AFSL26325,186652420,,729111,,BSE,EQ
MOFS26325,186653444,,729115,,BSE,EQ
MOFS260325,186653700,,729116,,BSE,EQ
MOFS26325A,186653956,,729117,,BSE,EQ
360OP27325,186654980,,729121,,BSE,EQ
AEL28325,186659844,,729140,,BSE,EQ
NFL280325,186660868,,729144,,BSE,EQ
AXFL28325,186661124,,729145,,BSE,EQ
SCSL28325,186661380,,729146,,BSE,EQ
KMIL4425,186663428,,729154,,BSE,EQ
KMPL7425,186665988,,729164,,BSE,EQ
AEL07425,186668548,,729174,,BSE,EQ
NFL080425,186669572,,729178,,BSE,EQ
NCSL090425,186670852,,729183,,BSE,EQ
TTL090425,186671364,,729185,,BSE,EQ
KMIL9425,186672132,,729188,,BSE,EQ
IFPL9425,186673412,,729193,,BSE,EQ
CGCL11425,186674948,,729199,,BSE,EQ
VCL110425,186679300,,729216,,BSE,EQ
AEL16425,186681092,,729223,,BSE,EQ
MCSL17425,186683140,,729231,,BSE,EQ
MCSL21425,186684420,,729236,,BSE,EQ
TTL220425,186685444,,729240,,BSE,EQ
SCCL24425,186688004,,729250,,BSE,EQ
SCCL240425,186688260,,729251,,BSE,EQ
BFL240425,186692868,,729269,,BSE,EQ
AKCSL24425,186693124,,729270,,BSE,EQ
MFL250425,186693892,,729273,,BSE,EQ
ECLF25425,186694916,,729277,,BSE,EQ
IFPL250425,186695684,,729280,,BSE,EQ
EOPR280425,186697220,,729286,,BSE,EQ
EOP280425,186697476,,729287,,BSE,EQ
PVRIL29425,186698500,,729291,,BSE,EQ
GICHF30425,186698756,,729292,,BSE,EQ
AHFL290425,186699012,,729293,,BSE,EQ
KMIL30425,186699524,,729295,,BSE,EQ
TFL30425,186702084,,729305,,BSE,EQ
KSL030425,186703108,,729309,,BSE,EQ
BGHP050525,186704132,,729313,,BSE,EQ
NCSL20525,186704388,,729314,,BSE,EQ
ICFL5525,186705156,,729317,,BSE,EQ
ICFL50525,186705412,,729318,,BSE,EQ
ICFL050525,186705668,,729319,,BSE,EQ
ICFL552025,186705924,,729320,,BSE,EQ
KMPL06525,186706180,,729321,,BSE,EQ
KMIL6525,186707204,,729325,,BSE,EQ
BGHP70525,186707716,,729327,,BSE,EQ
KMIL06525,186707972,,729328,,BSE,EQ
KMPL70525,186708228,,729329,,BSE,EQ
BFL060525,186708740,,729331,,BSE,EQ
VCL060525,186710276,,729337,,BSE,EQ
NCSL7525,186711044,,729340,,BSE,EQ
BFL7525,186711300,,729341,,BSE,EQ
BFL8525,186714116,,729352,,BSE,EQ
EFL090525,186716676,,729362,,BSE,EQ
NCSL130525,186721028,,729379,,BSE,EQ
BFL14525,186723076,,729387,,BSE,EQ
UCL14525,186723588,,729389,,BSE,EQ
NWFL150525,186725124,,729395,,BSE,EQ
NWFL190525,186728452,,729408,,BSE,EQ
AXFL19525,186729220,,729411,,BSE,EQ
ICFL190525,186730756,,729417,,BSE,EQ
ICF190525,186731012,,729418,,BSE,EQ
AEL190525,186734084,,729430,,BSE,EQ
ICFL20525,186736132,,729438,,BSE,EQ
CGCL200525,186736388,,729439,,BSE,EQ
CGC200525,186737156,,729442,,BSE,EQ
TIAP210525,186737924,,729445,,BSE,EQ
CFHL21525,186739460,,729451,,BSE,EQ
BGHP220525,186740484,,729455,,BSE,EQ
CFSL210525,186740740,,729456,,BSE,EQ
AHFL22525,186741508,,729459,,BSE,EQ
MFL220525A,186744324,,729470,,BSE,EQ
BGHP230525,186744836,,729472,,BSE,EQ
UCL230525,186745604,,729475,,BSE,EQ
SCCL26525,186746116,,729477,,BSE,EQ
MFL230525,186746884,,729480,,BSE,EQ
IFPL230525,186747396,,729482,,BSE,EQ
SCCL260525,186747652,,729483,,BSE,EQ
BFL260525,186748164,,729485,,BSE,EQ
NWIL280525,186751492,,729498,,BSE,EQ
ICFL28525,186752004,,729500,,BSE,EQ
AEL280525,186753540,,729506,,BSE,EQ
KSL280525,186754564,,729510,,BSE,EQ
SCSI29525,186755588,,729514,,BSE,EQ
UCL290525,186756356,,729517,,BSE,EQ
KSL30525,186759172,,729528,,BSE,EQ
KSL300525,186759428,,729529,,BSE,EQ
CGCL40625,186761476,,729537,,BSE,EQ
CGCL4625,186762756,,729542,,BSE,EQ
IT040625,186764804,,729550,,BSE,EQ
KMIL060625,186769924,,729570,,BSE,EQ
KMI060625,186770180,,729571,,BSE,EQ
IFSL060625,186770692,,729573,,BSE,EQ
AFL060625,186771716,,729577,,BSE,EQ
ICFL060625,186772484,,729580,,BSE,EQ
KMIL100625,186777860,,729601,,BSE,EQ
CFSL10625,186778884,,729605,,BSE,EQ
SCSL11625,186782212,,729618,,BSE,EQ
KMPL12625A,186783236,,729622,,BSE,EQ
SCSL12625,186785796,,729632,,BSE,EQ
AEL120625,186786820,,729636,,BSE,EQ
SCSL130625,186790916,,729652,,BSE,EQ
NWIL160625,186793732,,729663,,BSE,EQ
AFL170625,186794756,,729667,,BSE,EQ
NWIL170625,186795780,,729671,,BSE,EQ
ASL180625,186796548,,729674,,BSE,EQ
BFL18625,186797572,,729678,,BSE,EQ
SCSL170625,186798852,,729683,,BSE,EQ
BFL190625,186802436,,729697,,BSE,EQ
TTL23625,186803460,,729701,,BSE,EQ
ASL20625,186804228,,729704,,BSE,EQ
MCSL23625,186806020,,729711,,BSE,EQ
MBPR23625,186808068,,729719,,BSE,EQ
NWFL24625,186808324,,729720,,BSE,EQ
KSL24625,186809092,,729723,,BSE,EQ
MFL240625,186809604,,729725,,BSE,EQ
TTL25625,186810116,,729727,,BSE,EQ
AEL25625,186811140,,729731,,BSE,EQ
MCSL250625,186811652,,729733,,BSE,EQ
FFSL25625,186812420,,729736,,BSE,EQ
AEL260625,186813700,,729741,,BSE,EQ
BFL260625,186814980,,729746,,BSE,EQ
MMFL270625,186816260,,729751,,BSE,EQ
CGCL300625,186816772,,729753,,BSE,EQ
NFL30625,186817284,,729755,,BSE,EQ
VCL0725,186818308,,729759,,BSE,EQ
CFSL010725,186818564,,729760,,BSE,EQ
MOFSL2725,186819076,,729762,,BSE,EQ
MOFSL2725A,186819332,,729763,,BSE,EQ
MOFSL2725B,186819588,,729764,,BSE,EQ
MOFL2725,186819844,,729765,,BSE,EQ
MOFL20725,186820100,,729766,,BSE,EQ
MOFL020725,186820356,,729767,,BSE,EQ
MOFSL3725,186821892,,729773,,BSE,EQ
MOFSL30725,186822148,,729774,,BSE,EQ
NFL3725,186822404,,729775,,BSE,EQ
360OWL3725,186822916,,729777,,BSE,EQ
MMFL4725,186825732,,729788,,BSE,EQ
TFL04725,186825988,,729789,,BSE,EQ
MOHFL7725,186826500,,729791,,BSE,EQ
ABHFL7725,186827012,,729793,,BSE,EQ
ECLFL7725,186827780,,729796,,BSE,EQ
CGCL080725,186830084,,729805,,BSE,EQ
IFPL8725,186830340,,729806,,BSE,EQ
CGCL090725,186830596,,729807,,BSE,EQ
MMFL8725,186831108,,729809,,BSE,EQ
SBICA10725,186833412,,729818,,BSE,EQ
MFL14725,186835972,,729828,,BSE,EQ
MMFL140725,186837252,,729833,,BSE,EQ
KMIL150725,186837508,,729834,,BSE,EQ
VCL14725,186839044,,729840,,BSE,EQ
NFL15725,186839300,,729841,,BSE,EQ
BFL15725,186840324,,729845,,BSE,EQ
RECL150725,186841348,,729849,,BSE,EQ
KMPL16725,186841860,,729851,,BSE,EQ
KMP160725,186842116,,729852,,BSE,EQ
VCL16725A,186842628,,729854,,BSE,EQ
BFL160725,186843140,,729856,,BSE,EQ
AFL170725,186844164,,729860,,BSE,EQ
SBICP16725,186844420,,729861,,BSE,EQ
MMFL170725,186845444,,729865,,BSE,EQ
BFL170725,186845700,,729866,,BSE,EQ
SBICP18725,186846724,,729870,,BSE,EQ
BHFL210725,186849028,,729879,,BSE,EQ
MBPR210725,186850308,,729884,,BSE,EQ
BFL22725,186851076,,729887,,BSE,EQ
MFL240725,186852868,,729894,,BSE,EQ
ONGCP25725,186855172,,729903,,BSE,EQ
AFL250725A,186857220,,729911,,BSE,EQ
NFL250725,186857476,,729912,,BSE,EQ
MMFL250725,186857732,,729913,,BSE,EQ
VCL250725,186857988,,729914,,BSE,EQ
CGCL29725,186859012,,729918,,BSE,EQ
HSL30725,186861572,,729928,,BSE,EQ
MFL290725,186862340,,729931,,BSE,EQ
NWFL290725,186862596,,729932,,BSE,EQ
TPCL30725,186862852,,729933,,BSE,EQ
NFL29725,186863876,,729937,,BSE,EQ
NFL29725A,186864132,,729938,,BSE,EQ
KIL310725,186864644,,729940,,BSE,EQ
GHFL30725,186864900,,729941,,BSE,EQ
TTL310725,186865156,,729942,,BSE,EQ
SCSIL31725,186865412,,729943,,BSE,EQ
IFPL310725,186865668,,729944,,BSE,EQ
SCCL31725,186865924,,729945,,BSE,EQ
AXFL30725,186866436,,729947,,BSE,EQ
BHFL31725,186866692,,729948,,BSE,EQ
JEL010825,186866948,,729949,,BSE,EQ
KEC010825,186867204,,729950,,BSE,EQ
MML31725,186867460,,729951,,BSE,EQ
KSL31725,186867716,,729952,,BSE,EQ
ABLB31725,186867972,,729953,,BSE,EQ
NMIL4825,186868484,,729955,,BSE,EQ
DCBL10825,186868740,,729956,,BSE,EQ
TTL4825,186868996,,729957,,BSE,EQ
360OPL1825,186869252,,729958,,BSE,EQ
JBCIP5825,186869508,,729959,,BSE,EQ
N18MIL5825,186869764,,729960,,BSE,EQ
ISPDL5825,186870020,,729961,,BSE,EQ
MAFSIP5825,186870276,,729962,,BSE,EQ
360OPL4825,186870532,,729963,,BSE,EQ
NFL50825,186871044,,729965,,BSE,EQ
CFHL50825,186871300,,729966,,BSE,EQ
IOCL05825,186871556,,729967,,BSE,EQ
OPL50825,186871812,,729968,,BSE,EQ
THDCL5825,186872068,,729969,,BSE,EQ
SIL60825,186872324,,729970,,BSE,EQ
OWL60825,186872580,,729971,,BSE,EQ
NFL60825,186872836,,729972,,BSE,EQ
GICHFL6825,186873348,,729974,,BSE,EQ
AEL6825,186874116,,729977,,BSE,EQ
IHFC70825,186874372,,729978,,BSE,EQ
IOCL6825,186874628,,729979,,BSE,EQ
N18MIL7825,186875140,,729981,,BSE,EQ
SPTL7825,186875396,,729982,,BSE,EQ
TTL80825,186875652,,729983,,BSE,EQ
RL70825,186876164,,729985,,BSE,EQ
KPIL7825,186876420,,729986,,BSE,EQ
NFL7825,186876676,,729987,,BSE,EQ
360OWL7825,186876932,,729988,,BSE,EQ
SCSL80825,186877188,,729989,,BSE,EQ
JBCIPL8825,186877444,,729990,,BSE,EQ
SL70825,186877700,,729991,,BSE,EQ
JSWEL8825,186877956,,729992,,BSE,EQ
VCL7825,186878212,,729993,,BSE,EQ
BHFL8825,186878468,,729994,,BSE,EQ
PFL80825,186878724,,729995,,BSE,EQ
TTL11825,186878980,,729996,,BSE,EQ
MLDL080825,186879236,,729997,,BSE,EQ
BCL8825,186879492,,729998,,BSE,EQ
LTMR080825,186879748,,729999,,BSE,EQ
TPCL11825,186880004,,730000,,BSE,EQ
NST080825,186880260,,730001,,BSE,EQ
HDFCS11825,186880516,,730002,,BSE,EQ
TSL110825,186881028,,730004,,BSE,EQ
NST110825,186881284,,730005,,BSE,EQ
BHFL11825,186881796,,730007,,BSE,EQ
BHFL11825A,186882052,,730008,,BSE,EQ
JBC12825,186882308,,730009,,BSE,EQ
HDFCS12825,186882564,,730010,,BSE,EQ
OFSL110825,186882820,,730011,,BSE,EQ
MML13825,186883076,,730012,,BSE,EQ
BHFL12825,186883332,,730013,,BSE,EQ
IGHHP13825,186883588,,730014,,BSE,EQ
HDFC13825,186883844,,730015,,BSE,EQ
CGCL130825,186884356,,730017,,BSE,EQ
IFPL13825,186884612,,730018,,BSE,EQ
GHFL13825,186884868,,730019,,BSE,EQ
ISPD14825,186885124,,730020,,BSE,EQ
IHPL14825,186885380,,730021,,BSE,EQ
NMIL130825,186885636,,730022,,BSE,EQ
360OW13825,186885892,,730023,,BSE,EQ
CFHL13825,186886148,,730024,,BSE,EQ
BFSL13825,186886404,,730025,,BSE,EQ
ABRE14825,186886916,,730027,,BSE,EQ
DCBL130825,186887172,,730028,,BSE,EQ
RRVL130825,186887428,,730029,,BSE,EQ
N18MI14825,186887684,,730030,,BSE,EQ
HSL140825,186887940,,730031,,BSE,EQ
OWL140825,186888196,,730032,,BSE,EQ
MLDL140825,186888452,,730033,,BSE,EQ
BFSL14825,186888708,,730034,,BSE,EQ
SCSIL14825,186888964,,730035,,BSE,EQ
PFL140825,186889220,,730036,,BSE,EQ
RRVL14825,186889476,,730037,,BSE,EQ
STL18825,186889732,,730038,,BSE,EQ
SCSIL18825,186889988,,730039,,BSE,EQ
PFL18825,186890244,,730040,,BSE,EQ
RRVL18825,186890500,,730041,,BSE,EQ
IHFC19825,186890756,,730042,,BSE,EQ
MFL180825,186891012,,730043,,BSE,EQ
JUPL19825,186891268,,730044,,BSE,EQ
JCL19825,186891524,,730045,,BSE,EQ
ABHF19825,186891780,,730046,,BSE,EQ
NFL19825,186892036,,730047,,BSE,EQ
MAFSP20825,186892292,,730048,,BSE,EQ
HDFCS20825,186892548,,730049,,BSE,EQ
OPL190825,186892804,,730050,,BSE,EQ
MFL20825,186893060,,730051,,BSE,EQ
OPL19825,186893316,,730052,,BSE,EQ
BCML200825,186893572,,730053,,BSE,EQ
CGCL21825,186893828,,730054,,BSE,EQ
BFSL20825,186894084,,730055,,BSE,EQ
ABREL21825,186894340,,730056,,BSE,EQ
GFL21825,186894596,,730057,,BSE,EQ
PDL20825,186894852,,730058,,BSE,EQ
VCL20825,186895108,,730059,,BSE,EQ
AEL200825,186895364,,730060,,BSE,EQ
RRVL200825,186895620,,730061,,BSE,EQ
KMPL21825A,186896132,,730063,,BSE,EQ
N18IL21825,186896388,,730064,,BSE,EQ
IFPL200825,186896644,,730065,,BSE,EQ
BGHP210825,186897156,,730067,,BSE,EQ
PFL210825,186897412,,730068,,BSE,EQ
IHPL220825,186897668,,730069,,BSE,EQ
JBCP220825,186897924,,730070,,BSE,EQ
AFL210825,186898180,,730071,,BSE,EQ
BFSL210825,186898436,,730072,,BSE,EQ
PIIC220825,186898692,,730073,,BSE,EQ
CGCL220825,186898948,,730074,,BSE,EQ
GFL220825,186899204,,730075,,BSE,EQ
OPAL220825,186899460,,730076,,BSE,EQ
RRVL22825,186899716,,730077,,BSE,EQ
AFL220825,186899972,,730078,,BSE,EQ
MBPR220825,186900228,,730079,,BSE,EQ
FFSL22825,186900484,,730080,,BSE,EQ
GFL25825,186900740,,730081,,BSE,EQ
IFPL220825,186900996,,730082,,BSE,EQ
IFPL2282025,186901252,,730083,,BSE,EQ
DCBL250825,186901508,,730084,,BSE,EQ
LTMR250825,186901764,,730085,,BSE,EQ
BGHP260825,186902020,,730086,,BSE,EQ
SBICA25825,186902276,,730087,,BSE,EQ
KMPL26825,186902532,,730088,,BSE,EQ
IFPL250825,186902788,,730089,,BSE,EQ
OPL250825,186903044,,730090,,BSE,EQ
FFSL25825,186903300,,730091,,BSE,EQ
TPCL260825,186903556,,730092,,BSE,EQ
ABHFL26825,186903812,,730093,,BSE,EQ
BHFL26825,186904068,,730094,,BSE,EQ
HDFC26825,186904324,,730095,,BSE,EQ
SBICA26825,186904580,,730096,,BSE,EQ
360OP26825,186904836,,730097,,BSE,EQ
IFPL26825,186905092,,730098,,BSE,EQ
RRVL26825,186905348,,730099,,BSE,EQ
NWFL26825,186905604,,730100,,BSE,EQ
BCL26825,186905860,,730101,,BSE,EQ
THDCL26825,186906116,,730102,,BSE,EQ
GHFL260825,186906372,,730103,,BSE,EQ
PFL260825,186906628,,730104,,BSE,EQ
ARFL26825,186906884,,730105,,BSE,EQ
DCBL260825,186907396,,730107,,BSE,EQ
OWL260825,186907652,,730108,,BSE,EQ
CICP260825,186907908,,730109,,BSE,EQ
HSL280825,186908164,,730110,,BSE,EQ
MFL260825,186908420,,730111,,BSE,EQ
JKCL28825,186908676,,730112,,BSE,EQ
SSL28825,186908932,,730113,,BSE,EQ
RRVL28825,186909188,,730114,,BSE,EQ
THDC280825,186909444,,730115,,BSE,EQ
STL290825,186909700,,730116,,BSE,EQ
DCBL28825,186909956,,730117,,BSE,EQ
JKCL29825,186910212,,730118,,BSE,EQ
TPCL29825,186910468,,730119,,BSE,EQ
STL290825A,186910724,,730120,,BSE,EQ
AFL290825,186910980,,730121,,BSE,EQ
ECL290825,186911236,,730122,,BSE,EQ
UCL290825,186911492,,730123,,BSE,EQ
NFL290825,186911748,,730124,,BSE,EQ
KFIL01925,186912004,,730125,,BSE,EQ
TSL010925,186912260,,730126,,BSE,EQ
TCL290825,186912516,,730127,,BSE,EQ
MAFS010925,186912772,,730128,,BSE,EQ
JBC020925,186913028,,730129,,BSE,EQ
CTPL010925,186913284,,730130,,BSE,EQ
HSL020925,186913540,,730131,,BSE,EQ
IHPL30925,186913796,,730132,,BSE,EQ
KIL20925,186914052,,730133,,BSE,EQ
ABHF20925,186914308,,730134,,BSE,EQ
N18MIL2925,186915588,,730139,,BSE,EQ
N18MI3925,186915844,,730140,,BSE,EQ
JBCIP3925,186916100,,730141,,BSE,EQ
HDFCS3925,186916356,,730142,,BSE,EQ
RRVL30925,186916612,,730143,,BSE,EQ
TPCL30925,186916868,,730144,,BSE,EQ
NMIL40925,186917124,,730145,,BSE,EQ
NWIL03925,186917380,,730146,,BSE,EQ
NWML030925,186917892,,730148,,BSE,EQ
BHEL040925,186918148,,730149,,BSE,EQ
IGHHP4925,186918404,,730150,,BSE,EQ
BGHPL4925,186918660,,730151,,BSE,EQ
HDFCSL4925,186918916,,730152,,BSE,EQ
RRVL4925,186919172,,730153,,BSE,EQ
MFL4925,186919428,,730154,,BSE,EQ
BFL40925,186919684,,730155,,BSE,EQ
HSCL40925,186919940,,730156,,BSE,EQ
KIL040925,186920196,,730157,,BSE,EQ
LTMR40925,186920452,,730158,,BSE,EQ
LDL040925,186920708,,730159,,BSE,EQ
LDL040925A,186920964,,730160,,BSE,EQ
VCL4925,186921476,,730162,,BSE,EQ
BGHPL9925,186921988,,730164,,BSE,EQ
KIL090925,186922244,,730165,,BSE,EQ
NWIL9925,186922500,,730166,,BSE,EQ
BFSL90925,186922756,,730167,,BSE,EQ
RRVL90925,186923012,,730168,,BSE,EQ
NWIL9925A,186923268,,730169,,BSE,EQ
THDCL9925,186923524,,730170,,BSE,EQ
TSL90925,186923780,,730171,,BSE,EQ
HDFCS9925,186924292,,730173,,BSE,EQ
ABHF090925,186924804,,730175,,BSE,EQ
TCL90925,186925060,,730176,,BSE,EQ
SSL090925,186925316,,730177,,BSE,EQ
CGCL100925,186925572,,730178,,BSE,EQ
BFL090925,186925828,,730179,,BSE,EQ
JBC10925,186926084,,730180,,BSE,EQ
IGHHP10925,186926340,,730181,,BSE,EQ
N18MI10925,186926596,,730182,,BSE,EQ
SL90925,186926852,,730183,,BSE,EQ
TRIL10925,186927108,,730184,,BSE,EQ
OWL10925,186927364,,730185,,BSE,EQ
BGHP10925,186927620,,730186,,BSE,EQ
BFSL10925,186927876,,730187,,BSE,EQ
NFL10925,186928132,,730188,,BSE,EQ
NFL100925,186928388,,730189,,BSE,EQ
TPCL11925,186928644,,730190,,BSE,EQ
SCSL100925,186928900,,730191,,BSE,EQ
BBTC100925,186929156,,730192,,BSE,EQ
SSL100925,186929412,,730193,,BSE,EQ
AEL100925,186929668,,730194,,BSE,EQ
BBT100925,186929924,,730195,,BSE,EQ
OPL100925,186930180,,730196,,BSE,EQ
BFL100925,186930436,,730197,,BSE,EQ
HSL100925,186930692,,730198,,BSE,EQ
HSL100925A,186930948,,730199,,BSE,EQ
NMIL110925,186931204,,730200,,BSE,EQ
PIIC110925,186931716,,730202,,BSE,EQ
LTMR110925,186931972,,730203,,BSE,EQ
RCL110925,186932484,,730205,,BSE,EQ
SBICA11925,186932996,,730207,,BSE,EQ
BFSL11925,186933252,,730208,,BSE,EQ
JKCL12925,186933508,,730209,,BSE,EQ
PIAIC12925,186933764,,730210,,BSE,EQ
SBICA12925,186934020,,730211,,BSE,EQ
MACM110925,186934276,,730212,,BSE,EQ
VCL110925,186934532,,730213,,BSE,EQ
NMIL12925,186934788,,730214,,BSE,EQ
NWFL110925,186935044,,730215,,BSE,EQ
GFL12925,186935300,,730216,,BSE,EQ
HSL110925,186935556,,730217,,BSE,EQ
GFL120925,186935812,,730218,,BSE,EQ
RRVL110925,186936068,,730219,,BSE,EQ
OWL110925,186936324,,730220,,BSE,EQ
ABHF120925,186936580,,730221,,BSE,EQ
IGHHP12925,186936836,,730222,,BSE,EQ
GIL120925,186937092,,730223,,BSE,EQ
TSL12925,186937348,,730224,,BSE,EQ
AFL12925,186937604,,730225,,BSE,EQ
AEL12925,186937860,,730226,,BSE,EQ
MLDL120925,186938116,,730227,,BSE,EQ
TRIL120925,186938372,,730228,,BSE,EQ
MAFS120925,186938884,,730230,,BSE,EQ
OWL120925,186939140,,730231,,BSE,EQ
TCL120925,186939396,,730232,,BSE,EQ
PIIC150925,186939652,,730233,,BSE,EQ
IFPL12925,186939908,,730234,,BSE,EQ
GIL150925,186940164,,730235,,BSE,EQ
BFSL12925,186940420,,730236,,BSE,EQ
BFSL15925,186940676,,730237,,BSE,EQ
JSWEL15925,186940932,,730238,,BSE,EQ
SBICA15925,186941188,,730239,,BSE,EQ
KFIL150925,186941444,,730240,,BSE,EQ
ABLB150925,186941700,,730241,,BSE,EQ
KIL16925,186941956,,730242,,BSE,EQ
JBCP160925,186942212,,730243,,BSE,EQ
JBCIP17925,186942468,,730244,,BSE,EQ
HDFCS16925,186942724,,730245,,BSE,EQ
BFSL16925,186942980,,730246,,BSE,EQ
LTL17925,186943236,,730247,,BSE,EQ
SSL16925,186943492,,730248,,BSE,EQ
SCSI160925,186943748,,730249,,BSE,EQ
SCSI16925,186944004,,730250,,BSE,EQ
MCSL160925,186944260,,730251,,BSE,EQ
SL170925,186944516,,730252,,BSE,EQ
BFSL17925,186944772,,730253,,BSE,EQ
IFPL17925,186945028,,730254,,BSE,EQ
SBICA17925,186945284,,730255,,BSE,EQ
UCL17925,186945540,,730256,,BSE,EQ
LTMR170925,186945796,,730257,,BSE,EQ
NFL170925,186946052,,730258,,BSE,EQ
BGHPL18925,186946308,,730259,,BSE,EQ
TPCL18925,186946564,,730260,,BSE,EQ
AEL18925,186947076,,730262,,BSE,EQ
SSL18925,186947332,,730263,,BSE,EQ
IFPL180925,186947588,,730264,,BSE,EQ
THDC180925,186947844,,730265,,BSE,EQ
RRVL180925,186948100,,730266,,BSE,EQ
JKCL190925,186948356,,730267,,BSE,EQ
BFSL180925,186948612,,730268,,BSE,EQ
DSPF19925,186948868,,730269,,BSE,EQ
BFSL190925,186949124,,730270,,BSE,EQ
RRVL190925,186949380,,730271,,BSE,EQ
BGHP220925,186949636,,730272,,BSE,EQ
SBI19925,186949892,,730273,,BSE,EQ
SCL220925,186950404,,730275,,BSE,EQ
KECIL22925,186950660,,730276,,BSE,EQ
SBI22925,186950916,,730277,,BSE,EQ
ABLB22925,186951172,,730278,,BSE,EQ
THDC22925,186951428,,730279,,BSE,EQ
NWFL22925,186951684,,730280,,BSE,EQ
OPAL220925,186951940,,730281,,BSE,EQ
LTMR230925,186952196,,730282,,BSE,EQ
JBC23925,186952452,,730283,,BSE,EQ
MAFS22925,186952708,,730284,,BSE,EQ
CICP220925,186952964,,730285,,BSE,EQ
BFSL220925,186953220,,730286,,BSE,EQ
DSPFP22925,186953476,,730287,,BSE,EQ
DSPF22925A,186953732,,730288,,BSE,EQ
DSPF22925B,186953988,,730289,,BSE,EQ
NACL230925,186954244,,730290,,BSE,EQ
SCL23925,186954756,,730292,,BSE,EQ
SCL23925A,186955012,,730293,,BSE,EQ
KECIL23925,186955268,,730294,,BSE,EQ
CHL23925,186955524,,730295,,BSE,EQ
NFL23925,186955780,,730296,,BSE,EQ
MMFL23925,186956036,,730297,,BSE,EQ
BBTCL23925,186956292,,730298,,BSE,EQ
KIL240925,186956548,,730299,,BSE,EQ
BCL230925,186956804,,730300,,BSE,EQ
SSL230925,186957060,,730301,,BSE,EQ
ECL230925,186957316,,730302,,BSE,EQ
DFPL230925,186957572,,730303,,BSE,EQ
MRHF240925,186957828,,730304,,BSE,EQ
MRH240925,186958084,,730305,,BSE,EQ
NFL24925,186958340,,730306,,BSE,EQ
ABL24925,186958596,,730307,,BSE,EQ
VCL240925,186958852,,730308,,BSE,EQ
PFL24925,186959108,,730309,,BSE,EQ
AIL25925,186959364,,730310,,BSE,EQ
SSL240925,186959620,,730311,,BSE,EQ
IFPL240925,186959876,,730312,,BSE,EQ
DFPL240925,186960132,,730313,,BSE,EQ
KMIL26925,186960388,,730314,,BSE,EQ
AEL250925,186960644,,730315,,BSE,EQ
JCL25925,186960900,,730316,,BSE,EQ
TTL26925,186961156,,730317,,BSE,EQ
TIAPL25925,186961412,,730318,,BSE,EQ
HML250925,186961668,,730319,,BSE,EQ
IFPL260925,186961924,,730320,,BSE,EQ
SBI26925,186962180,,730321,,BSE,EQ
JEL260925,186962436,,730322,,BSE,EQ
LTL26925,186962692,,730323,,BSE,EQ
BGHP29925,186962948,,730324,,BSE,EQ
AVSL29925,186963204,,730325,,BSE,EQ
RL260925,186963460,,730326,,BSE,EQ
HTML26925,186963716,,730327,,BSE,EQ
HSCL26925,186964228,,730329,,BSE,EQ
AEL26925,186964484,,730330,,BSE,EQ
LTMR29925,186964740,,730331,,BSE,EQ
KFIL29925,186964996,,730332,,BSE,EQ
LCMP290925,186965252,,730333,,BSE,EQ
JSL290925,186965508,,730334,,BSE,EQ
NFL290925,186965764,,730335,,BSE,EQ
MAFS30925,186966020,,730336,,BSE,EQ
KFL290925,186966276,,730337,,BSE,EQ
DFPL290925,186966532,,730338,,BSE,EQ
IGHHP30925,186966788,,730339,,BSE,EQ
BHEL30925,186967044,,730340,,BSE,EQ
AIL30925,186967300,,730341,,BSE,EQ
JKCL30925,186967556,,730342,,BSE,EQ
AEL300925,186967812,,730343,,BSE,EQ
VCL30925,186968068,,730344,,BSE,EQ
ECLF30925,186968324,,730345,,BSE,EQ
OPL300925,186968580,,730346,,BSE,EQ
NFL011025,186968836,,730347,,BSE,EQ
BFSL31025,186969092,,730348,,BSE,EQ
MASFS61025,186969348,,730349,,BSE,EQ
ASL031025,186969604,,730350,,BSE,EQ
SCCL031025,186969860,,730351,,BSE,EQ
JEL061025,186970116,,730352,,BSE,EQ
MAFS031025,186970372,,730353,,BSE,EQ
TSL61025,186970628,,730354,,BSE,EQ
TSL061025,186970884,,730355,,BSE,EQ
NWFL61025,186971652,,730358,,BSE,EQ
AEL061025,186971908,,730359,,BSE,EQ
BBTC71025,186972164,,730360,,BSE,EQ
NFL071025,186972420,,730361,,BSE,EQ
JBCIP81025,186972676,,730362,,BSE,EQ
NFL71025,186972932,,730363,,BSE,EQ
TPC081025,186973188,,730364,,BSE,EQ
MMFL81025,186973444,,730365,,BSE,EQ
MMFL081025,186973700,,730366,,BSE,EQ
IHFC91025,186973956,,730367,,BSE,EQ
AEL081025,186974212,,730368,,BSE,EQ
NFL081025,186974468,,730369,,BSE,EQ
NFL081025A,186974724,,730370,,BSE,EQ
IFPL91025,186974980,,730371,,BSE,EQ
SMIL091025,186975236,,730372,,BSE,EQ
SCL101025,186975492,,730373,,BSE,EQ
TPCL101025,186975748,,730374,,BSE,EQ
ISPD091025,186976004,,730375,,BSE,EQ
HMVL091025,186976260,,730376,,BSE,EQ
UCL101025,186976516,,730377,,BSE,EQ
EIDP101025,186976772,,730378,,BSE,EQ
DSML101025,186977028,,730379,,BSE,EQ
THDC101025,186977284,,730380,,BSE,EQ
EFL101025,186977540,,730381,,BSE,EQ
RL101025,186977796,,730382,,BSE,EQ
BFSL101025,186978052,,730383,,BSE,EQ
MMFL131025,186978308,,730384,,BSE,EQ
APLA131025,186978564,,730385,,BSE,EQ
IFPL131025,186978820,,730386,,BSE,EQ
PDL141025,186979076,,730387,,BSE,EQ
RJIL141025,186979332,,730388,,BSE,EQ
RJI141025,186979588,,730389,,BSE,EQ
AEL151025,186979844,,730390,,BSE,EQ
GIL161025,186980100,,730391,,BSE,EQ
NWIL151025,186980356,,730392,,BSE,EQ
SEIL161025,186980612,,730393,,BSE,EQ
OPAL151025,186980868,,730394,,BSE,EQ
NMIL151025,186981124,,730395,,BSE,EQ
BFL151025,186981380,,730396,,BSE,EQ
RJIL161025,186981636,,730397,,BSE,EQ
BFL151025A,186981892,,730398,,BSE,EQ
BFL151025B,186982148,,730399,,BSE,EQ
KMPL161025,186982404,,730400,,BSE,EQ
KMP161025,186982660,,730401,,BSE,EQ
JBC161025,186982916,,730402,,BSE,EQ
KPIL151025,186983172,,730403,,BSE,EQ
NFL161025,186983428,,730404,,BSE,EQ
NFL161025A,186983684,,730405,,BSE,EQ
TPCL171025,186983940,,730406,,BSE,EQ
SCCL171025,186984196,,730407,,BSE,EQ
TTL171025,186984452,,730408,,BSE,EQ
TSL161025,186984708,,730409,,BSE,EQ
NMIL161025,186984964,,730410,,BSE,EQ
PDL161025,186985220,,730411,,BSE,EQ
EOPR161025,186985476,,730412,,BSE,EQ
KPIL161025,186985732,,730413,,BSE,EQ
BL171025,186985988,,730414,,BSE,EQ
BHFL161025,186986244,,730415,,BSE,EQ
IFPL171025,186986500,,730416,,BSE,EQ
RL171025,186986756,,730417,,BSE,EQ
RL171025A,186987012,,730418,,BSE,EQ
NFL171025,186987268,,730419,,BSE,EQ
NFL171025A,186987524,,730420,,BSE,EQ
MAFS201025,186987780,,730421,,BSE,EQ
BGHP201025,186988036,,730422,,BSE,EQ
BFL171025,186988292,,730423,,BSE,EQ
KMIL201025,186988548,,730424,,BSE,EQ
BFL201025,186988804,,730425,,BSE,EQ
BFL201025A,186989060,,730426,,BSE,EQ
KMPL231025,186989316,,730427,,BSE,EQ
IHFC241025,186989572,,730428,,BSE,EQ
BFSL231025,186989828,,730429,,BSE,EQ
GHFL231025,186990084,,730430,,BSE,EQ
NWIL231025,186990340,,730431,,BSE,EQ
NWI231025,186990596,,730432,,BSE,EQ
MASF241025,186990852,,730433,,BSE,EQ
JBCP241025,186991108,,730434,,BSE,EQ
FFSL231025,186991364,,730435,,BSE,EQ
HEALTH-RE,192266244,HEALTHY LIFE AGRITEC,751040,,BSE,EQ
STARHF-RE,192266756,STAR HOUSING FINANCE,751042,,BSE,EQ
ASHNI-RE,192267268,ASHNISHA INDUSTRIES ,751044,,BSE,EQ
CAPTRU-RE1,192267524,CAPITAL TRUST,751045,,BSE,EQ
MAGNUS-RE,192267780,MAGNUS STEEL AND INFRA,751046,,BSE,EQ
SURAJ-RE,192268036,SURAJ INDUSTRIES .,751047,,BSE,EQ
MANGIN-RE,192268292,MANGALAM INDUSTRIAL FINANCE LI,751048,,BSE,EQ
UTKAR-RE,192268548,UTKARSH SMALL FINANCE BANK LIM,751049,,BSE,EQ
DELPH-RE,192268804,DELPHI WORLD MONEY,751050,,BSE,EQ
1018GOI26,204831492,10.18% GOI 2026,800123,,BSE,EQ
0795GOI32,204837124,7.95% GOI 2032,800145,,BSE,EQ
826GS2027,204837892,8.26% CENTRAL GOVT 2027,800148,,BSE,EQ
832GS2032,204840196,832GOI2032,800157,,BSE,EQ
833GS2036,204840452,833GOI2036,800158,,BSE,EQ
683GS2039,204840708,638GOI2039,800159,,BSE,EQ
83GS2040,204840964,830GOI2040,800160,,BSE,EQ
883GS2041,204841220,883GOI2041,800161,,BSE,EQ
83GS2042,204841476,830GOI2042,800162,,BSE,EQ
923GS2043,204841732,923GOI2043,800163,,BSE,EQ
824GS2027,204841988,824GOI2027,800164,,BSE,EQ
833GS2026,204844036,833GOI2026,800172,,BSE,EQ
828GS2027,204844292,828GOI2027,800173,,BSE,EQ
601GS2028,204844548,601GOI2028,800174,,BSE,EQ
613GS2028,204844804,613GOI2028,800175,,BSE,EQ
897GS2030,204845060,897GOI2030,800176,,BSE,EQ
92GS2030,204845316,920GOI2030,800177,,BSE,EQ
828GS2032,204845572,828GOI2032,800178,,BSE,EQ
833GS2032,204845828,833GOI2032,800179,,BSE,EQ
75GS2034,204846084,750GOI2034,800180,,BSE,EQ
74GS2035,204846340,740GOI2035,800181,,BSE,EQ
824GS2033,204854020,824GOI2033,800211,,BSE,EQ
1018GS2026,204854276,1018GOI2026,800212,,BSE,EQ
815GS2026,204855812,815GOI2026,800218,,BSE,EQ
86GS2028,204856068,860GOI2028,800219,,BSE,EQ
795GS2032,204856324,795GOI2032,800220,,BSE,EQ
FRBGOI2035,204861188,FRBGOI2035,800239,,BSE,EQ
773GS2034,204861700,773CG2034,800241,,BSE,EQ
759GS2026,204861956,759CG2026,800242,,BSE,EQ
761GS2030,204862212,761CG2030,800243,,BSE,EQ
759GS2029,204862980,759CG2029,800246,,BSE,EQ
788GS2030,204863236,788CG2030,800247,,BSE,EQ
813CG2045A,204863748,813CG2045,800249,,BSE,EQ
772GS2055,204864004,772CG2055,800250,,BSE,EQ
817GS2044,204865796,817GOI2044,800257,,BSE,EQ
697GS2026,204866564,697GOI2026,800260,,BSE,EQ
679GS2029,204866820,679GOI2029,800261,,BSE,EQ
657GS2033,204867076,657GOI2033,800262,,BSE,EQ
706GS2046,204867332,706GOI2046,800263,,BSE,EQ
662GS2051,204867588,662GOI2051,800264,,BSE,EQ
679GS2027,204868100,679GOI2027,800266,,BSE,EQ
795GOI2026,204868356,795GOI2026,800267,,BSE,EQ
668GS2031,204869636,668GOI2031,800272,,BSE,EQ
SGBOCT25V,204869892,SOVEREIGN GOLD BOND 2017 SERIE,800273,,BSE,EQ
SGBNOV25VI,204870148,SOVEREIGN GOLD BOND 2017 SERIE,800274,,BSE,EQ
SGBNOV25,204870404,SOVEREIGN GOLD BOND 2017 SERIE,800275,,BSE,EQ
SGBNOV258,204870660,SOVEREIGN GOLD BOND 2017 SERIE,800276,,BSE,EQ
SGBNOV25IX,204870916,SOVEREIGN GOLD BOND 2017 SERIE,800277,,BSE,EQ
SGBDEC25,204871172,SOVEREIGN GOLD BOND 2017 SERIE,800278,,BSE,EQ
SGBDEC25XI,204871428,SOVEREIGN GOLD BOND 2017 SERIE,800279,,BSE,EQ
SGBDEC2512,204871684,SOVEREIGN GOLD BOND 2017 SERIE,800280,,BSE,EQ
SGBDEC2513,204871940,SOVEREIGN GOLD BOND 2017 SERIE,800281,,BSE,EQ
SGBJAN26,204872196,SOVEREIGN GOLD BOND 2018 SERIE,800282,,BSE,EQ
8GOI2026,204872452,8GOI2026,800283,,BSE,EQ
717GS2028,204873220,717GOI2028,800286,,BSE,EQ
SGBMAY26,204873476,SOVEREIGN GOLD BOND 2019 SERIE,800287,,BSE,EQ
SGBOCT26,204873732,SOVEREIGN GOLD BOND 2019 SERIE,800288,,BSE,EQ
SGBNOV26,204873988,SOVEREIGN GOLD BOND 2019 SERIE,800289,,BSE,EQ
SGBDEC26,204874244,SOVEREIGN GOLD BOND 2019 SERIE,800290,,BSE,EQ
SGBJAN27,204874500,SOVEREIGN GOLD BOND 2019 SERIE,800291,,BSE,EQ
SGBFEB27,204874756,SOVERIEGN GOLD BOND 2019 SERIE,800292,,BSE,EQ
895FCI29,204875012,895FCI29,800293,,BSE,EQ
757GS2033,204875268,757GOI2033,800294,,BSE,EQ
SGBJUN27,204875524,SOVEREIGN GOLD BOND 2019-20 SE,800295,,BSE,EQ
SGBJUL27,204875780,SOVEREIGN GOLD BOND 2019-20 SE,800296,,BSE,EQ
SGBAUG27,204876036,SOVEREIGN GOLD BOND 2019-20 SE,800297,,BSE,EQ
769GS2043,204876292,769GOI2043,800298,,BSE,EQ
772GS2049,204876548,772GOI2049,800299,,BSE,EQ
763GS2059,204876804,763GOI2059,800300,,BSE,EQ
SGBSEP27,204877060,SOVEREIGN GOLD BONDS 2019-20 S,800301,,BSE,EQ
SGBOCT27,204877316,SOVEREIGN GOLD BONDS 2019 - 20,800302,,BSE,EQ
SGBOCT27VI,204877572,SOVEREIGN GOLD BONDS 2019-20 S,800303,,BSE,EQ
762GS2039,204877828,762GOI2039,800304,,BSE,EQ
727GS2026,204879108,727GOI2026,800309,,BSE,EQ
726GS2029,204879364,726GOI2029,800310,,BSE,EQ
645GS2029,204879620,645GOI2029,800311,,BSE,EQ
SGBDC27VII,204879876,SOVEREIGN GOLD BONDS 2019-20 S,800312,,BSE,EQ
SGBJ28VIII,204880132,SOVEREIGN GOLD BONDS 2019-20 S,800313,,BSE,EQ
SGBFEB28IX,204880388,SOVEREIGN GOLD BONDS 2019-20 S,800314,,BSE,EQ
SGBMAR28X,204880644,SOVEREIGN GOLD BONDS 2019-20 S,800315,,BSE,EQ
719GS2060,204880900,719GOI2060,800316,,BSE,EQ
716GS2050,204881156,716GOI2050,800317,,BSE,EQ
SGBAPR28I,204881412,SOVEREIGN GOLD BONDS 2020-21 S,800318,,BSE,EQ
579GS2030,204881668,579GOI2030,800319,,BSE,EQ
SGBMAY28,204881924,SOVEREIGN GOLD BONDS 2020-21 S,800320,,BSE,EQ
SGBJUN28,204882436,SOVEREIGN GOLD BONDS 2020-21 S,800322,,BSE,EQ
619GS2034,204882692,619GOI2034,800323,,BSE,EQ
SGBJUL28IV,204882948,SOVEREIGN GOLD BOND 2020-21 IV,800324,,BSE,EQ
SGBAUG28V,204883204,SOVEREIGN GOLD BONDS 2020-21 V,800325,,BSE,EQ
68GS2060,204883460,68GOI2060,800326,,BSE,EQ
SGBSEP28VI,204883716,SOVEREIGN GOLD BONDS 2020-21 S,800327,,BSE,EQ
SGBOC28VII,204883972,SOVEREIGN GOLD BONDS 2020-21 S,800328,,BSE,EQ
SGBN28VIII,204884228,SOVEREIGN GOLD BONDS 2020-21 S,800329,,BSE,EQ
667GS2050,204884484,667GOI2050,800330,,BSE,EQ
SGBJAN29IX,204884740,SGB 2020-21 SERIES IX,800331,,BSE,EQ
SGBJAN29X,204884996,SOVEREIGN GOLD BONDS 2021-21 S,800332,,BSE,EQ
SGBFEB29XI,204885252,SGB 2020-21 SERIES XI,800333,,BSE,EQ
676GS2061,204885508,676GOI2061,800334,,BSE,EQ
SGBMR29XII,204886788,SGB 2020-21 SERIES XII,800339,,BSE,EQ
SGBMAY29I,204887044,SGB 2021-22 SERIES I,800340,,BSE,EQ
SGBJUN29II,204887300,SGB 2021-22 SERIES II,800341,,BSE,EQ
SGBJU29III,204887556,SOVEREIGN GOLD BONDS 2021-22,800342,,BSE,EQ
GS151225C,204890372,GS15DEC25C,800353,,BSE,EQ
GS020126C,204890628,GS02JAN26C,800354,,BSE,EQ
GS150626C,204890884,GS15JUN26C,800355,,BSE,EQ
GS23JUN26C,204891140,GS23JUN26C,800356,,BSE,EQ
GS02JUL26C,204891396,GS02JUL26C,800357,,BSE,EQ
GS151226C,204891652,GS15DEC26C,800358,,BSE,EQ
GS02JAN27C,204891908,GS02JAN27C,800359,,BSE,EQ
GS12JUN27C,204892164,GS12JUN27C,800360,,BSE,EQ
GS02JUL27C,204892420,GS02JUL27C,800361,,BSE,EQ
GS12DEC27C,204892676,GS12DEC27C,800362,,BSE,EQ
GS02JAN28C,204892932,GS02JAN28C,800363,,BSE,EQ
GS12JUN28C,204893188,GS12JUN28C,800364,,BSE,EQ
GS02JUL28C,204893444,GS02JUL28C,800365,,BSE,EQ
GS12DEC28C,204893700,GS12DEC28C,800366,,BSE,EQ
SGBJUL29IV,204893956,SOVEREIGN GOLD BOND SERIES IV,800367,,BSE,EQ
GS17JUN26C,204896260,GS17JUN26C,800376,,BSE,EQ
GS17DEC26C,204896516,GS17DEC26C,800377,,BSE,EQ
GS220830C,204896772,GS22AUG30C,800378,,BSE,EQ
GS220230C,204897028,GS22FEB30C,800379,,BSE,EQ
GS02JAN36C,204897284,GS02JAN36C,800380,,BSE,EQ
GS02JUL36C,204897540,GS02JUL36C,800381,,BSE,EQ
GS02JUL40C,204897796,GS02JUL40C,800382,,BSE,EQ
GS220840C,204898052,GS22AUG40C,800383,,BSE,EQ
GS22FEB41C,204898308,GS22FEB41C,800384,,BSE,EQ
SGBAUG29V,204898564,SOVEREIGN GOLD BONDS 2021-22 S,800385,,BSE,EQ
SGBSEP29VI,204898820,SOVEREIGN GOLD BONDS 2021-22 S,800386,,BSE,EQ
GS15DEC29C,204899076,GS15DEC29C,800387,,BSE,EQ
GS17DEC29C,204899332,GS17DEC29C,800388,,BSE,EQ
GS15JUN30C,204899588,GS15JUN30C,800389,,BSE,EQ
GS17JUN30C,204900100,GS17JUN30C,800391,,BSE,EQ
GS15DEC30C,204900356,GS15DEC30C,800392,,BSE,EQ
GS17DEC30C,204900612,GS17DEC30C,800393,,BSE,EQ
GS220231C,204900868,GS22FEB31C,800394,,BSE,EQ
GS171225C,204901124,GS17DEC25C,800395,,BSE,EQ
GS15JUN31C,204901380,GS15JUN31C,800396,,BSE,EQ
GS22FEB27C,204901636,GS22FEB27C,800397,,BSE,EQ
GS17JUN31C,204901892,GS17JUN31C,800398,,BSE,EQ
GS220831C,204902148,GS22AUG31C,800399,,BSE,EQ
GS15JUN27C,204902404,GS15JUN27C,800400,,BSE,EQ
GS15DEC31C,204902660,GS15DEC31C,800401,,BSE,EQ
GS17JUN27C,204902916,GS17JUN27C,800402,,BSE,EQ
GS17DEC31C,204903172,GS17DEC31C,800403,,BSE,EQ
GS22AUG27C,204903428,GS22AUG27C,800404,,BSE,EQ
GS22FEB32C,204903684,GS22FEB32C,800405,,BSE,EQ
GS15JUN32C,204903940,GS15JUN32C,800406,,BSE,EQ
GS15DEC27C,204904196,GS15DEC27C,800407,,BSE,EQ
GS17JUN32C,204904452,GS17JUN32C,800408,,BSE,EQ
GS17DEC27C,204904708,GS17DEC27C,800409,,BSE,EQ
GS22AUG32C,204904964,GS22AUG32C,800410,,BSE,EQ
GS22FEB28C,204905220,GS22FEB28C,800411,,BSE,EQ
GS15DEC32C,204905476,GS15DEC32C,800412,,BSE,EQ
GS15JUN28C,204905732,GS15JUN28C,800413,,BSE,EQ
GS17DEC32C,204905988,GS17DEC32C,800414,,BSE,EQ
GS22FEB34C,204906244,GS22FEB34C,800415,,BSE,EQ
GS17JUN28C,204906500,GS17JUN28C,800416,,BSE,EQ
GS02JAN39C,204906756,GS02JAN39C,800417,,BSE,EQ
GS15JUN39C,204907012,GS15JUN39C,800418,,BSE,EQ
GS22AUG28C,204907268,GS22AUG28C,800419,,BSE,EQ
GS17JUN39C,204907524,GS17JUN39C,800420,,BSE,EQ
GS15DEC28C,204907780,GS15DEC28C,800421,,BSE,EQ
GS02JUL39C,204908036,GS02JUL39C,800422,,BSE,EQ
GS15DEC39C,204908292,GS15DEC39C,800423,,BSE,EQ
GS17DEC28C,204908548,GS17DEC28C,800424,,BSE,EQ
GS17JUN40C,204908804,GS17JUN40C,800425,,BSE,EQ
GS02JAN29C,204909060,GS02JAN29C,800426,,BSE,EQ
GS22FEB29C,204909316,GS22FEB29C,800427,,BSE,EQ
GS15JUN29C,204909572,GS15JUN29C,800428,,BSE,EQ
GS17JUN29C,204909828,GS17JUN29C,800429,,BSE,EQ
GS22AUG29C,204910084,GS22AUG29C,800430,,BSE,EQ
563GS2026,204910340,563GOI2026,800431,,BSE,EQ
667GS2035,204910596,667GOI2035,800432,,BSE,EQ
664GS2035,204910852,664GOI35,800433,,BSE,EQ
SGBNV29VII,204911108,SOVEREIGN GOLD BONDS 2021-22 S,800434,,BSE,EQ
699GS2051,204911364,699GOI2051,800435,,BSE,EQ
695GS2061,204911620,695GOI2061,800436,,BSE,EQ
SGBD29VIII,204911876,SOVEREIGN GOLD BONDS 2021-22 S,800437,,BSE,EQ
SGBJAN30IX,204912132,SOVERIEGN GOLD BONDS 2021-22 S,800438,,BSE,EQ
SGBMAR30X,204912388,SOVEREIGN GOLD BONDS 2021-22 S,800439,,BSE,EQ
654GS2032,204912644,654GOI2032,800440,,BSE,EQ
754GS2036,204912900,754GOI2036,800441,,BSE,EQ
738GS2027,204913156,738GOI2027,800442,,BSE,EQ
SGBJUN30,204913412,SOVEREIGN GOLD BONDS 2022-23 S,800443,,BSE,EQ
710GS2029,204913668,71GOI2029,800444,,BSE,EQ
GS16DEC2030,204914180,GS16DEC2030C,800446,,BSE,EQ
GS16DEC2025,204914692,GS16DEC2025C,800448,,BSE,EQ
GS16DEC2026,204914948,GS16DEC2026C,800449,,BSE,EQ
GS16JUN2027,204915204,GS16JUN2027C,800450,,BSE,EQ
GS16DEC2027,204915460,GS16DEC2027C,800451,,BSE,EQ
736GS2052,204915716,736GOI2052,800452,,BSE,EQ
GS15JUN2034,204916484,GS15JUN2034,800455,,BSE,EQ
GS15DEC2034,204916740,GS15DEC2034,800456,,BSE,EQ
GS15JUN2035,204916996,GS15JUN2035,800457,,BSE,EQ
SGBAUG30,204924932,SOVEREIGN GOLD BONDS 2022-23 S,800488,,BSE,EQ
74GS2062,204925188,74GOI2062,800489,,BSE,EQ
GS19MAR2026,204926724,GS19MAR2026,800495,,BSE,EQ
GS19SEP2026,204926980,GS19SEP2026,800496,,BSE,EQ
GS19MAR2027,204927236,GS19MAR2027,800497,,BSE,EQ
GS19SEP2027,204927492,GS19SEP2027,800498,,BSE,EQ
GS19MAR2028,204927748,GS19MAR2028,800499,,BSE,EQ
GS19SEP2028,204928004,GS19SEP2028,800500,,BSE,EQ
GS19MAR2029,204928260,GS19MAR2029,800501,,BSE,EQ
GS19SEP2029,204928516,GS19SEP2029,800502,,BSE,EQ
GS19MAR2030,204928772,GS19MAR2030,800503,,BSE,EQ
GS19SEP2030,204929028,GS19SEP2030,800504,,BSE,EQ
GS19MAR2031,204929284,GS19MAR2031,800505,,BSE,EQ
GS19SEP2031,204929540,GS19SEP2031,800506,,BSE,EQ
GS19SEP2034,204930052,GS19SEP2034,800508,,BSE,EQ
GS19MAR2032,204930308,GS19MAR2032,800509,,BSE,EQ
GS19SEP2032,204930564,GS19SEP2032,800510,,BSE,EQ
GS19MAR2033,204930820,GS19MAR2033,800511,,BSE,EQ
GS19MAR2035,204931076,GS19MAR2035,800512,,BSE,EQ
GS19SEP2033,204931332,GS19SEP2033,800513,,BSE,EQ
GS19SEP2035,204931588,GS19SEP2035,800514,,BSE,EQ
GS19MAR2036,204931844,GS19MAR2036,800515,,BSE,EQ
GS19SEP2036,204932100,GS19SEP2036,800516,,BSE,EQ
GS19SEP2058,204932356,GS19SEP2058,800517,,BSE,EQ
726GS2032,204933124,726GOI2032,800520,,BSE,EQ
GS19MAR2038,204933380,GS19MAR2038,800521,,BSE,EQ
GS19MAR2040,204933636,GS19MAR2040,800522,,BSE,EQ
GS19MAR2037,204933892,GS19MAR2037,800523,,BSE,EQ
GS19MAR2039,204934148,GS19MAR2039,800524,,BSE,EQ
GS19MAR2041,204934404,GS19MAR2041,800525,,BSE,EQ
GS19MAR2043,204934660,GS19MAR2043,800526,,BSE,EQ
GS19MAR2045,204934916,GS19MAR2045,800527,,BSE,EQ
GS19MAR2047,204935172,GS19MAR2047,800528,,BSE,EQ
GS19MAR2049,204935428,GS19MAR2049,800529,,BSE,EQ
GS19MAR2051,204935684,GS19MAR2051,800530,,BSE,EQ
GS19MAR2053,204935940,GS19MAR2053,800531,,BSE,EQ
GS19SEP2038,204936196,GS19SEP2038C,800532,,BSE,EQ
GS19MAR2055,204936452,GS19MAR2055,800533,,BSE,EQ
GS19MAR2057,204936708,GS19MAR2057,800534,,BSE,EQ
GS19MAR2042,204936964,GS19MAR2042,800535,,BSE,EQ
GS19SEP2059,204937220,GS19SEP2059,800536,,BSE,EQ
GS19SEP2061,204937476,GS19SEP2061,800537,,BSE,EQ
GS19MAR2044,204937732,GS19MAR2044,800538,,BSE,EQ
GS19SEP2040,204937988,GS19SEP2040,800539,,BSE,EQ
GS19SEP2042,204938244,GS19SEP2042,800540,,BSE,EQ
GS19MAR2046,204938500,GS19MAR2046,800541,,BSE,EQ
GS19SEP2044,204938756,GS19SEP2044,800542,,BSE,EQ
GS19MAR2048,204939012,GS19MAR2048,800543,,BSE,EQ
GS19MAR2050,204939268,GS19MAR2050,800544,,BSE,EQ
GS19SEP2046,204939524,GS19SEP2046,800545,,BSE,EQ
GS19SEP2048,204939780,GS19SEP2048,800546,,BSE,EQ
GS19MAR2052,204940036,GS19MAR2052,800547,,BSE,EQ
GS19SEP2050,204940292,GS19SEP2050,800548,,BSE,EQ
GS19SEP2052,204940548,GS19SEP2052,800549,,BSE,EQ
GS19MAR2054,204940804,GS19MAR2054,800550,,BSE,EQ
GS19SEP2054,204941060,GS19SEP2054,800551,,BSE,EQ
GS19SEP2056,204941316,GS19SEP2056,800552,,BSE,EQ
GS19MAR2059,204941572,GS19MAR2059,800553,,BSE,EQ
GS19SEP2037,204941828,GS19SEP2037,800554,,BSE,EQ
GS19MAR2056,204942084,GS19MAR2056,800555,,BSE,EQ
GS19MAR2061,204942340,GS19MAR2061,800556,,BSE,EQ
GS19SEP2039,204942596,GS19SEP2039,800557,,BSE,EQ
GS19MAR2058,204942852,GS19MAR2058,800558,,BSE,EQ
GS19SEP2041,204943108,GS19SEP2041,800559,,BSE,EQ
GS19SEP2060,204943364,GS19SEP2060,800560,,BSE,EQ
GS19SEP2062,204943620,GS19SEP2062,800561,,BSE,EQ
GS19SEP2043,204943876,GS19SEP2043,800562,,BSE,EQ
GS19SEP2045,204944132,GS19SEP2045,800563,,BSE,EQ
GS19SEP2047,204944388,GS19SEP2047,800564,,BSE,EQ
GS19SEP2049,204944644,GS19SEP2049,800565,,BSE,EQ
GS19SEP2051,204944900,GS19SEP2051,800566,,BSE,EQ
GS19SEP2053,204945156,GS19SEP2053,800567,,BSE,EQ
GS19SEP2055,204945412,GS19SEP2055,800568,,BSE,EQ
GS19SEP2057,204945668,GS19SEP2057,800569,,BSE,EQ
GS19MAR2060,204945924,GS19MAR2060,800570,,BSE,EQ
GS19MAR2062,204946180,GS19MAR2062,800571,,BSE,EQ
GS16JUN2029,204946436,GS16JUN2029,800572,,BSE,EQ
SGBDE30III,204946692,SOVERIGN GOLD BOND 2022-23 SR,800573,,BSE,EQ
741GS2036,204946948,741GOI36,800574,,BSE,EQ
SGBMAR31IV,204947204,SOVEREIGN GOLD BOND 2022-23 SR,800575,,BSE,EQ
726GS2033,204947460,726GOI2033,800576,,BSE,EQ
GSEC190962,204947716,GSEC190962,800577,,BSE,EQ
699GS2026,204947972,699GOI26,800578,,BSE,EQ
SGBJUN31I,204948484,SOVEREIGN GOLD BONDS 2023-24 S,800580,,BSE,EQ
706GS2028,204948740,706GS28M23,800581,,BSE,EQ
GS12DC2032C,204948996,GS12DC2032C,800582,,BSE,EQ
574GS2026,204949252,574GS2026,800583,,BSE,EQ
73GS2053,204949508,73GOI2053,800584,,BSE,EQ
GS12DEC2030,204949764,GS12DEC2030,800585,,BSE,EQ
GS19DEC2030,204950020,GS19DEC2030,800586,,BSE,EQ
GS19JUN2031,204950276,GS19JUN2031,800587,,BSE,EQ
725GS2063,204950532,725GOI2063,800588,,BSE,EQ
GS19DEC25,204951300,GS19DEC25,800591,,BSE,EQ
GS12JUN2040,204951556,GS12JUN2040,800592,,BSE,EQ
GS12DEC2040,204951812,GS12DEC2040,800593,,BSE,EQ
GS12JUN2041,204952068,GS12JUN2041,800594,,BSE,EQ
GS12DEC2041,204952324,GS12DEC2041,800595,,BSE,EQ
SGBSEP31II,204952580,SOVEREIGN GOLD BONDS 2023-24 S,800596,,BSE,EQ
746GS2073,204952836,746GOI2073,800597,,BSE,EQ
718GS2037,204953092,718GS2037,800598,,BSE,EQ
718GS2033,204953348,718GS2033,800599,,BSE,EQ
GS12SEP2041,204953604,GS12SEP2041,800600,,BSE,EQ
737GR2054,204953860,737GS54,800601,,BSE,EQ
SGBDE31III,204954372,SOVEREIGN GOLD BONDS 2023-24 S,800603,,BSE,EQ
733GS2026,204954628,733GS26J24,800604,,BSE,EQ
SGBFEB32IV,204954884,SOVEREIGN GOLD BONDS 2023-24 S,800605,,BSE,EQ
GS12DEC2034,204955140,GS12DEC2034C,800606,,BSE,EQ
734GS2064,204955396,734GOI2064,800607,,BSE,EQ
71GS2034,204955652,71GOI2034,800608,,BSE,EQ
GS12JUN33,204955908,GS12JUN33,800609,,BSE,EQ
GS12DEC33,204956164,GS12DEC33,800610,,BSE,EQ
GS12JUN34,204956420,GS12JUN34,800611,,BSE,EQ
GS06NOV29C,204956676,GS06NOV29C,800612,,BSE,EQ
GS06MAY30C,204956932,GS06MAY30C,800613,,BSE,EQ
GS06NOV30C,204957188,GS06NOV30C,800614,,BSE,EQ
GS12JUN32C,204957444,GS12JUN32C,800615,,BSE,EQ
GS22OCT30,204957700,GS22OCT30,800616,,BSE,EQ
GS22OCT29,204957956,GS22OCT29,800617,,BSE,EQ
709GOI54,204958212,709GOI54,800618,,BSE,EQ
GS22OCT32,204958468,GS22OCT32,800619,,BSE,EQ
GS22APR33,204958724,GS22APR33,800620,,BSE,EQ
GS22OCT33,204958980,GS22OCT33,800621,,BSE,EQ
GS15APR34C,204959236,GS15APR34C,800622,,BSE,EQ
GS15OCT34C,204959492,GS15OCT34C,800623,,BSE,EQ
GS15APR35C,204959748,GS15APR35C,800624,,BSE,EQ
GS15OCT35C,204960004,GS15OCT35C,800625,,BSE,EQ
GS15APR36C,204960260,GS15APR36C,800626,,BSE,EQ
GS15OCT36C,204960516,GS15OCT36C,800627,,BSE,EQ
GS15APR37C,204960772,GS15APR37C,800628,,BSE,EQ
GS15OCT37C,204961028,GS15OCT37C,800629,,BSE,EQ
GS15APR38C,204961284,GS15APR38C,800630,,BSE,EQ
GS15OCT38C,204961540,GS15OCT38C,800631,,BSE,EQ
GS15APR39C,204961796,GS15APR39C,800632,,BSE,EQ
GS15APR29C,204962052,GS15APR29C,800633,,BSE,EQ
GS15OCT29C,204962308,GS15OCT29C,800634,,BSE,EQ
GS15APR30C,204962564,GS15APR30C,800635,,BSE,EQ
GS15OCT30C,204962820,GS15OCT30C,800636,,BSE,EQ
GS15APR31C,204963076,GS15APR31C,800637,,BSE,EQ
GS15OCT31C,204963332,GS15OCT31C,800638,,BSE,EQ
GS15APR32C,204963588,GS15APR32C,800639,,BSE,EQ
GS15OCT32C,204963844,GS15OCT32C,800640,,BSE,EQ
GS15APR33C,204964100,GS15APR33C,800641,,BSE,EQ
GS15OCT33C,204964356,GS15OCT33C,800642,,BSE,EQ
GS22OCT31C,204964612,GS22OCT31C,800643,,BSE,EQ
GS22APR32C,204964868,GS22APR32C,800644,,BSE,EQ
723GS39P,204965124,723GS39P,800645,,BSE,EQ
GS15APR26C,204966148,GS15APR26C,800649,,BSE,EQ
GS15OCT26C,204966404,GS15OCT26C,800650,,BSE,EQ
GS15APR27C,204966660,GS15APR27C,800651,,BSE,EQ
GS15OCT27C,204966916,GS15OCT27C,800652,,BSE,EQ
GS15APR28C,204967172,GS15APR28C,800653,,BSE,EQ
GS15OCT28C,204967428,GS15OCT28C,800654,,BSE,EQ
723GS2039,204967684,723GS2039,800655,,BSE,EQ
GS06MAY39C,204967940,GS06MAY39C,800656,,BSE,EQ
GS17JUN35,204968196,GS17JUN35,800657,,BSE,EQ
GS06NOV39C,204968452,GS06NOV39C,800658,,BSE,EQ
GS22AUG35,204968708,GS22AUG35,800659,,BSE,EQ
GS15MAR34C,204968964,GS15MAR34C,800660,,BSE,EQ
GS17JUN34C,204969220,GS17JUN34C,800661,,BSE,EQ
GS17DEC35,204969476,GS17DEC35,800662,,BSE,EQ
GS22AUG34C,204969732,GS22AUG34C,800663,,BSE,EQ
GS12JUN42,204969988,GS12JUN42,800664,,BSE,EQ
GS17DEC34C,204970244,GS17DEC34C,800665,,BSE,EQ
GS12DEC42,204970500,GS12DEC42,800666,,BSE,EQ
GS22FEB35C,204970756,GS22FEB35C,800667,,BSE,EQ
GS12JUN43,204971012,GS12JUN43,800668,,BSE,EQ
GS06NOV35C,204971268,GS06NOV35C,800669,,BSE,EQ
GS12DEC43,204971524,GS12DEC43,800670,,BSE,EQ
GS12JUN44,204971780,GS12JUN44,800671,,BSE,EQ
GS06MAY36C,204972036,GS06MAY36C,800672,,BSE,EQ
GS12DEC44,204972292,GS12DEC44,800673,,BSE,EQ
GS22APR35C,204972548,GS22APR35C,800674,,BSE,EQ
GS06NOV36C,204972804,GS06NOV36C,800675,,BSE,EQ
GS06MAY37C,204973060,GS06MAY37C,800676,,BSE,EQ
GS22OCT35C,204973316,GS22OCT35C,800677,,BSE,EQ
GS06NOV37C,204973572,GS06NOV37C,800678,,BSE,EQ
GS22APR36C,204973828,GS22APR36C,800679,,BSE,EQ
GS06MAY38C,204974084,GS06MAY38C,800680,,BSE,EQ
GS22OCT36C,204974340,GS22OCT36C,800681,,BSE,EQ
GS06NOV38C,204974596,GS06NOV38C,800682,,BSE,EQ
GS06MAY34C,204974852,GS06MAY34C,800683,,BSE,EQ
GS06NOV34C,204975108,GS06NOV34C,800684,,BSE,EQ
GS06MAY35C,204975364,GS06MAY35C,800685,,BSE,EQ
GS22OCT44,204975620,GS22OCT44,800686,,BSE,EQ
GS22APR44,204975876,GS22APR44,800687,,BSE,EQ
GS22OCT43,204976132,GS22OCT43,800688,,BSE,EQ
GS22APR43,204976388,GS22APR43,800689,,BSE,EQ
GS22OCT42,204976644,GS22OCT42,800690,,BSE,EQ
GS22APR42,204976900,GS22APR42,800691,,BSE,EQ
GS22OCT41,204977156,GS22OCT41,800692,,BSE,EQ
GS22APR41,204977412,GS22APR41,800693,,BSE,EQ
GS22OCT40,204977668,GS22OCT40,800694,,BSE,EQ
GS22APR40,204977924,GS22APR40,800695,,BSE,EQ
GS22OCT39,204978180,GS22OCT39,800696,,BSE,EQ
GS22OCT38,204978436,GS22OCT38,800697,,BSE,EQ
GS22APR38,204978692,GS22APR38,800698,,BSE,EQ
GS22OCT37,204978948,GS22OCT37,800699,,BSE,EQ
GS22APR37,204979204,GS22APR37,800700,,BSE,EQ
GS22OCT34,204979460,GS22OCT34,800701,,BSE,EQ
GS22APR39,204979716,GS22APR39,800702,,BSE,EQ
GS22APR34,204979972,GS22APR34,800703,,BSE,EQ
GS12JUN45,204980228,GS12JUN45,800704,,BSE,EQ
GS12DEC45,204980484,GS12DEC45,800705,,BSE,EQ
GS12SEP27,204980740,GS12SEP27,800706,,BSE,EQ
GS22APR45,204980996,GS22APR45,800707,,BSE,EQ
GS12JUN46,204981252,GS12JUN46,800708,,BSE,EQ
GS12JUN47,204981508,GS12JUN47,800709,,BSE,EQ
GS22APR48,204981764,GS22APR48,800710,,BSE,EQ
GS12DEC48,204982020,GS12DEC48,800711,,BSE,EQ
GS22OCT49,204982276,GS22OCT49,800712,,BSE,EQ
GS22OCT45,204982532,GS22OCT45,800713,,BSE,EQ
GS22APR46,204982788,GS22APR46,800714,,BSE,EQ
GS22APR47,204983044,GS22APR47,800715,,BSE,EQ
GS12DEC47,204983300,GS12DEC47,800716,,BSE,EQ
GS22OCT48,204983556,GS22OCT48,800717,,BSE,EQ
GS12JUN49,204983812,GS12JUN49,800718,,BSE,EQ
GS22OCT46B,204984068,GS22OCT46B,800719,,BSE,EQ
GS22OCT47C,204984324,GS22OCT47C,800720,,BSE,EQ
GS12JUN48D,204984580,GS12JUN48D,800721,,BSE,EQ
GS22APR49E,204984836,GS22APR49E,800722,,BSE,EQ
GS12DEC49F,204985092,GS12DEC49F,800723,,BSE,EQ
GS06MAY33,204985348,GS06MAY33,800724,,BSE,EQ
GS06NOV33,204985604,GS06NOV33,800725,,BSE,EQ
GS06NOV46,204985860,GS06NOV46,800726,,BSE,EQ
GS06MAY40,204986116,GS06MAY40,800727,,BSE,EQ
GS06MAY47,204986372,GS06MAY47,800728,,BSE,EQ
GS06NOV40,204986628,GS06NOV40,800729,,BSE,EQ
GS06NOV47,204986884,GS06NOV47,800730,,BSE,EQ
GS06MAY41,204987140,GS06MAY41,800731,,BSE,EQ
GS06MAY48,204987396,GS06MAY48,800732,,BSE,EQ
GS06NOV41,204987652,GS06NOV41,800733,,BSE,EQ
GS06NOV48,204987908,GS06NOV48,800734,,BSE,EQ
GS06MAY42,204988164,GS06MAY42,800735,,BSE,EQ
GS06MAY49,204988420,GS06MAY49,800736,,BSE,EQ
GS06NOV42,204988676,GS06NOV42,800737,,BSE,EQ
GS06NOV49,204988932,GS06NOV49,800738,,BSE,EQ
GS06MAY43,204989188,GS06MAY43,800739,,BSE,EQ
GS06MAY50,204989444,GS06MAY50,800740,,BSE,EQ
GS06NOV43,204989700,GS06NOV43,800741,,BSE,EQ
GS06NOV50,204989956,GS06NOV50,800742,,BSE,EQ
GS06MAY44,204990212,GS06MAY44,800743,,BSE,EQ
GS06NOV44,204990468,GS06NOV44,800744,,BSE,EQ
GS06MAY51,204990724,GS06MAY51,800745,,BSE,EQ
GS06NOV51,204990980,GS06NOV51,800746,,BSE,EQ
GS06MAY45,204991236,GS06MAY45,800747,,BSE,EQ
GS06NOV45,204991492,GS06NOV45,800748,,BSE,EQ
GS06MAY46,204991748,GS06MAY46,800749,,BSE,EQ
GS06MAY52,204992004,GS06MAY52,800750,,BSE,EQ
GS06MAY60,204992260,GS06MAY60,800751,,BSE,EQ
7466NOV73,204992516,7466NOV73,800752,,BSE,EQ
GS06NOV52,204992772,GS06NOV52,800753,,BSE,EQ
GS06MAY53,204993028,GS06MAY53,800754,,BSE,EQ
GS06NOV60,204993284,GS06NOV60,800755,,BSE,EQ
GS06MAY61,204993540,GS06MAY61,800756,,BSE,EQ
GS06NOV53,204993796,GS06NOV53,800757,,BSE,EQ
GS06NOV73,204994052,GS06NOV73,800758,,BSE,EQ
GS06MAY54,204994308,GS06MAY54,800759,,BSE,EQ
GS06NOV61,204994564,GS06NOV61,800760,,BSE,EQ
GS06NOV54,204994820,GS06NOV54,800761,,BSE,EQ
GS06MAY55,204995076,GS06MAY55,800762,,BSE,EQ
GS06MAY73,204995332,GS06MAY73,800763,,BSE,EQ
GS06MAY62,204995588,GS06MAY62,800764,,BSE,EQ
GS06NOV55,204995844,GS06NOV55,800765,,BSE,EQ
GS06MAY56,204996100,GS06MAY56,800766,,BSE,EQ
GS06NOV62,204996356,GS06NOV62,800767,,BSE,EQ
GS06NOV72,204996612,GS06NOV72,800768,,BSE,EQ
GS06NOV56,204996868,GS06NOV56,800769,,BSE,EQ
GS06MAY57,204997124,GS06MAY57,800770,,BSE,EQ
GS06MAY63,204997380,GS06MAY63,800771,,BSE,EQ
GS06NOV57,204997636,GS06NOV57,800772,,BSE,EQ
GS06NOV63,204997892,GS06NOV63,800773,,BSE,EQ
GS06MAY58,204998148,GS06MAY58,800774,,BSE,EQ
GS06NOV58,204998404,GS06NOV58,800775,,BSE,EQ
GS06MAY64,204998660,GS06MAY64,800776,,BSE,EQ
GS06MAY72,204998916,GS06MAY72,800777,,BSE,EQ
GS06MAY59,204999172,GS06MAY59,800778,,BSE,EQ
GS06NOV64,204999428,GS06NOV64,800779,,BSE,EQ
GS06NOV59,204999684,GS06NOV59,800780,,BSE,EQ
GS06MAY65,204999940,GS06MAY65,800781,,BSE,EQ
GS06NOV65,205000196,GS06NOV65,800782,,BSE,EQ
GS06NOV71,205000452,GS06NOV71,800783,,BSE,EQ
GS06MAY66,205000708,GS06MAY66,800784,,BSE,EQ
GS06NOV66,205000964,GS06NOV66,800785,,BSE,EQ
GS06MAY67,205001220,GS06MAY67,800786,,BSE,EQ
GS06NOV67,205001476,GS06NOV67,800787,,BSE,EQ
GS06MAY68,205001732,GS06MAY68,800788,,BSE,EQ
GS06NOV68,205001988,GS06NOV68,800789,,BSE,EQ
GS06MAY69,205002244,GS06MAY69,800790,,BSE,EQ
GS06NOV69,205002500,GS06NOV69,800791,,BSE,EQ
GS06MAY70,205002756,GS06MAY70,800792,,BSE,EQ
GS06NOV70,205003012,GS06NOV70,800793,,BSE,EQ
GS06MAY71,205003268,GS06MAY71,800794,,BSE,EQ
GS09JUL26,205003524,GS09JUL26,800795,,BSE,EQ
833GSJUL26,205003780,833GSJUL26,800796,,BSE,EQ
GS22SEP33,205004036,GS22SEP33,800797,,BSE,EQ
GS25NOV39,205004292,GS25NOV39,800798,,BSE,EQ
GS25MAY40,205004548,GS25MAY40,800799,,BSE,EQ
GS25NOV40,205004804,GS25NOV40,800800,,BSE,EQ
GS25NOV42,205005060,GS25NOV42,800801,,BSE,EQ
GS25MAY41,205005316,GS25MAY41,800802,,BSE,EQ
GS12MAR40,205005572,GS12MAR40,800803,,BSE,EQ
GS12DEC36,205005828,GS12DEC36,800804,,BSE,EQ
73GS2053P,205006084,73GS2053P,800805,,BSE,EQ
GS25NOV44,205006340,GS25NOV44,800806,,BSE,EQ
709GOI74,205006596,709GOI74,800807,,BSE,EQ
690GOI65,205006852,690GOI65,800808,,BSE,EQ
724GOI55,205007108,724GOI55,800809,,BSE,EQ
GS25MAY38,205007364,GS25MAY38,800810,,BSE,EQ
GS25NOV38,205007620,GS25NOV38,800811,,BSE,EQ
709G251174,205007876,709G251174,800812,,BSE,EQ
091TB190919,205862148,091TB190919,804149,,BSE,EQ
364TB301025,206075396,364TB301025,804982,,BSE,EQ
364TB61125,206076164,364TB61125,804985,,BSE,EQ
364TB131125,206076932,364TB131125,804988,,BSE,EQ
364TB211125,206077700,364TB211125,804991,,BSE,EQ
364TB271125,206078468,364TB271125,804994,,BSE,EQ
364TB41225,206079236,364TB41225,804997,,BSE,EQ
364TB111225,206080004,364TB111225,805000,,BSE,EQ
364TB181225,206080772,364TB181225,805003,,BSE,EQ
364TB261225,206081540,364TB261225,805006,,BSE,EQ
364TB010126,206082308,364TB010126,805009,,BSE,EQ
364TB80126,206083076,364TB80126,805012,,BSE,EQ
364TB15126,206083844,364TB15126,805015,,BSE,EQ
364TB22126,206084612,364TB22126,805018,,BSE,EQ
364TB29126,206085380,364TB29126,805021,,BSE,EQ
364TB50226,206086148,364TB50226,805024,,BSE,EQ
364TB12226,206086916,364TB12226,805027,,BSE,EQ
364TB20226,206087684,364TB20226,805030,,BSE,EQ
364TB27226,206088452,364TB27226,805033,,BSE,EQ
364TB05326,206089220,364TB05326,805036,,BSE,EQ
364TB12326,206089988,364TB12326,805039,,BSE,EQ
364TB19326,206090756,364TB19326,805042,,BSE,EQ
364TB26326,206091524,364TB26326,805045,,BSE,EQ
364T020426,206092292,364T020426,805048,,BSE,EQ
364TB10426,206093060,364TB10426,805051,,BSE,EQ
364TB16426,206093828,364TB16426,805054,,BSE,EQ
364TB23426,206094596,364TB23426,805057,,BSE,EQ
182T311025,206095108,182T311025,805059,,BSE,EQ
364TB10526,206095364,364TB10526,805060,,BSE,EQ
182T611025,206095876,182T611025,805062,,BSE,EQ
364TB70526,206096132,364TB70526,805063,,BSE,EQ
182T131125,206096644,182T131125,805065,,BSE,EQ
364TB14526,206096900,364TB14526,805066,,BSE,EQ
182T201125,206097412,182T201125,805068,,BSE,EQ
364TB21526,206097668,364TB21526,805069,,BSE,EQ
182T271125,206098180,182T271125,805071,,BSE,EQ
364TB28526,206098436,364TB28526,805072,,BSE,EQ
182T041225,206098948,182T041225,805074,,BSE,EQ
364TB04626,206099204,364TB04626,805075,,BSE,EQ
182T111225,206099716,182T111225,805077,,BSE,EQ
364TB11626,206099972,364TB11626,805078,,BSE,EQ
182T181225,206100484,182T181225,805080,,BSE,EQ
364TB18626,206100740,364TB18626,805081,,BSE,EQ
182T251225,206101252,182T251225,805083,,BSE,EQ
364TB25626,206101508,364TB25626,805084,,BSE,EQ
182TB10126,206102020,182TB10126,805086,,BSE,EQ
364TB20726,206102276,364TB20726,805087,,BSE,EQ
182TB80126,206102788,182TB80126,805089,,BSE,EQ
364TB90726,206103044,364TB90726,805090,,BSE,EQ
182TB15126,206103556,182TB15126,805092,,BSE,EQ
364TB16726,206103812,364TB16726,805093,,BSE,EQ
182TB22126,206104324,182TB22126,805095,,BSE,EQ
364TB23726,206104580,364TB23726,805096,,BSE,EQ
91TB301025,206104836,91TB301025,805097,,BSE,EQ
182TB29126,206105092,182TB29126,805098,,BSE,EQ
364TB30726,206105348,364TB30726,805099,,BSE,EQ
91TB061125,206105604,91TB061125,805100,,BSE,EQ
182TB05226,206105860,182TB05226,805101,,BSE,EQ
364TB06826,206106116,364TB06826,805102,,BSE,EQ
91TB131125,206106372,91TB131125,805103,,BSE,EQ
182TB12226,206106628,182TB12226,805104,,BSE,EQ
364TB13826,206106884,364TB13826,805105,,BSE,EQ
91TB201125,206107140,91TB201125,805106,,BSE,EQ
182TB19226,206107396,182TB19226,805107,,BSE,EQ
364TB20826,206107652,364TB20826,805108,,BSE,EQ
91TB281125,206107908,91TB281125,805109,,BSE,EQ
182TB27226,206108164,182TB27226,805110,,BSE,EQ
364TB28826,206108420,364TB28826,805111,,BSE,EQ
91TB041225,206108676,91TB041225,805112,,BSE,EQ
182TB50326,206108932,182TB50326,805113,,BSE,EQ
364TB30926,206109188,364TB30926,805114,,BSE,EQ
91TB111225,206109444,91TB111225,805115,,BSE,EQ
182TB12326,206109700,182TB12326,805116,,BSE,EQ
364TB10926,206109956,364TB10926,805117,,BSE,EQ
91TB181225,206110212,91TB181225,805118,,BSE,EQ
182TB19326,206110468,182TB19326,805119,,BSE,EQ
364TB17926,206110724,364TB17926,805120,,BSE,EQ
91TB251225,206110980,91TB251225,805121,,BSE,EQ
182TB26326,206111236,182TB26326,805122,,BSE,EQ
364TB24926,206111492,364TB24926,805123,,BSE,EQ
91TB020126,206111748,91TB020126,805124,,BSE,EQ
182TB30426,206112004,182TB30426,805125,,BSE,EQ
364TB21026,206112260,364TB21026,805126,,BSE,EQ
91TB080126,206112516,91TB080126,805127,,BSE,EQ
182TB90426,206112772,182TB90426,805128,,BSE,EQ
364TB81026,206113028,364TB81026,805129,,BSE,EQ
91TB150126,206113284,91TB150126,805130,,BSE,EQ
182TB16426,206113540,182TB16426,805131,,BSE,EQ
364T151026,206113796,364T151026,805132,,BSE,EQ
91TB220126,206114052,91TB220126,805133,,BSE,EQ
182TB23426,206114308,182TB23426,805134,,BSE,EQ
364T221026,206114564,364T221026,805135,,BSE,EQ
775GUJ2028,207506948,775GUJ2028,810574,,BSE,EQ
771GUJ2027,207507204,771GUJ2027,810575,,BSE,EQ
835GUJ2028,207507460,835GUJ2028,810576,,BSE,EQ
780GUJ2027,207507716,780GUJ2027,810577,,BSE,EQ
823GUJ2028,207507972,823GUJ2028,810578,,BSE,EQ
805GUJ2028,207508228,805GUJ2028,810579,,BSE,EQ
807RJ2026,207508484,807RJ2026,810580,,BSE,EQ
828RJ2028,207508740,828RJ2028,810581,,BSE,EQ
827GUJ2026,207508996,827GUJ2026,810582,,BSE,EQ
775GUJ2027,207509252,775GUJ2027,810583,,BSE,EQ
816GUJ2028,207509764,816GUJ2028,810585,,BSE,EQ
815GUJ2025,207510020,815GUJ2025,810586,,BSE,EQ
798GUJ2026,207510276,798GUJ2026,810587,,BSE,EQ
805TN2028,207510532,805TN2028,810588,,BSE,EQ
773RJ2027,207511044,773RJ2027,810590,,BSE,EQ
798GJSDL26,207511556,798GJSDL26,810592,,BSE,EQ
815TN2028,207512068,815TN2028,810594,,BSE,EQ
829AP2026,207512324,829AP2026,810595,,BSE,EQ
795GJSDL28,207512580,795GJSDL28,810596,,BSE,EQ
853RJSDL28,207512836,853RJSDL28,810597,,BSE,EQ
870GJSDL28,207513092,870GJSDL28,810598,,BSE,EQ
861GJSDL28,207513348,861GJSDL28,810599,,BSE,EQ
858GJSDL28,207513604,858GJSDL28,810600,,BSE,EQ
850GJSDL28,207513860,850GJSDL28,810601,,BSE,EQ
825GJSDL29,207514116,825GJSDL29,810602,,BSE,EQ
826MHSDL29,207514372,826MHSDL29,810603,,BSE,EQ
808MHSDL28,207515396,808MHSDL28,810607,,BSE,EQ
827GUJ2029,207515652,827GUJ2029,810608,,BSE,EQ
830GJSDL202,207515908,830GJSDL2029,810609,,BSE,EQ
828GUJ2029,207516164,828GUJ2029,810610,,BSE,EQ
828GUJ2029A,207516420,828GUJ2029A,810611,,BSE,EQ
838GJSDL29,207516676,838GJSDL29,810612,,BSE,EQ
835GJSDL29,207516932,835GJSDL29,810613,,BSE,EQ
844RSDL29,207517188,844RSDL29,810614,,BSE,EQ
831KSDL29,207517444,831KSDL29,810615,,BSE,EQ
84RAJ2029,207517700,84RAJ2029,810616,,BSE,EQ
83GUJ2029,207517956,83GUJ2029,810617,,BSE,EQ
818TN2028,207518212,818TN2028,810618,,BSE,EQ
814GJ2029,207518468,814GJ2029,810619,,BSE,EQ
815MH2030,207518724,815MH2030,810620,,BSE,EQ
817GJ2029,207518980,817GJ2029,810621,,BSE,EQ
814GJSDL29,207519236,814GJSDL29,810622,,BSE,EQ
751APSDL37,207519492,751APSDL37,810623,,BSE,EQ
731GUJ2029,207519748,731GUJ2029,810624,,BSE,EQ
765TNSDL27,207520260,765TNSDL27,810626,,BSE,EQ
808GUJSDL28,207520516,808GUJSDL28,810627,,BSE,EQ
724MHSDL29,207520772,724MHSDL29,810628,,BSE,EQ
717MHSDL,207521028,717MHSDL29,810629,,BSE,EQ
723KA28,207521284,721KADSL28,810630,,BSE,EQ
717KA29,207521540,717KASDL29,810631,,BSE,EQ
714MH29,207521796,714MHSDL29,810632,,BSE,EQ
773GJ29,207522052,773GJSDL29,810633,,BSE,EQ
783MH30,207522308,783MHSDL30,810634,,BSE,EQ
76MH30,207522564,76MHSDL30,810635,,BSE,EQ
694TN50,207522820,694TNSDL50,810636,,BSE,EQ
686UP30,207523076,686UPSDL30,810637,,BSE,EQ
671RJ30,207523332,671RAJ2030,810638,,BSE,EQ
669MP30,207523588,669MADH2030,810639,,BSE,EQ
669UP30,207523844,669UP2030,810640,,BSE,EQ
775TN30,207524100,775TN2030,810641,,BSE,EQ
673TN30,207524356,673TAMSDL30,810642,,BSE,EQ
672PN30,207524612,672PUNSDL30,810643,,BSE,EQ
678RJ30,207524868,678RAJSDL30,810644,,BSE,EQ
654MH30,207525124,654MAHSDL30,810645,,BSE,EQ
72KARSDL29,207525380,72KARSDL29,810646,,BSE,EQ
657MH31,207525636,657MAHSDL31,810647,,BSE,EQ
654RJ30,207525892,654RAJSDL30,810648,,BSE,EQ
669TN50,207526148,669TNSDL50,810649,,BSE,EQ
670RJ50,207526404,67RJSDL2050,810650,,BSE,EQ
659RJ30,207526660,659RJSDL30,810651,,BSE,EQ
66TN29,207526916,66TNSDL29,810652,,BSE,EQ
654GJ30,207527172,654GJSDL2030,810653,,BSE,EQ
644GJ29,207527428,644GUJSDL29,810654,,BSE,EQ
656AP31,207527684,656ADRSDL31,810655,,BSE,EQ
633TN30,207527940,633TNSDL30,810656,,BSE,EQ
64KA31,207528196,64KARSDL31,810657,,BSE,EQ
739MAHSDL30,207528452,739MAHSDL30,810658,,BSE,EQ
649MH31,207528708,649MAHSDL31,810659,,BSE,EQ
649KA31,207528964,649KARSDL31,810660,,BSE,EQ
664KA32,207529220,664KARSDL32,810661,,BSE,EQ
65KA30,207529476,65KARSDL30,810662,,BSE,EQ
665GJ30,207529732,665GUJSDL30,810663,,BSE,EQ
663KA30,207529988,663KARSDL30,810664,,BSE,EQ
645GJ30,207530244,645GUJSDL30,810665,,BSE,EQ
711TNSDL29,207530500,711TNSDL29,810666,,BSE,EQ
667MH31,207530756,667MAHSDL31,810667,,BSE,EQ
675KA33,207531012,675KARSDL33,810668,,BSE,EQ
663GJ29,207531268,663GUJSDL29,810669,,BSE,EQ
67GJ30,207531524,67GUJSDL30,810670,,BSE,EQ
678KA32,207531780,678KARSDL32,810671,,BSE,EQ
71MH32,207532036,71MAHSDL32,810672,,BSE,EQ
683GJ30,207532292,683GUJSDL30,810673,,BSE,EQ
697KA31,207532548,697KARSDL31,810674,,BSE,EQ
684GJ30,207532804,684GUJSDL30,810675,,BSE,EQ
705MH32,207533060,705MAHSDL32,810676,,BSE,EQ
675KA33A,207533316,675KASDL33,810677,,BSE,EQ
662KA32,207533572,662KASDL32,810678,,BSE,EQ
64GJ30A,207533828,64GUJSDL30,810679,,BSE,EQ
65GJ30,207534084,65GUJSDL30,810680,,BSE,EQ
675KA34,207534340,675KARSDL34,810681,,BSE,EQ
653KA30,207534596,653KARSDL30,810682,,BSE,EQ
669KA37,207534852,669KARSDL37,810683,,BSE,EQ
654KA30,207535108,654KARSDL30,810684,,BSE,EQ
668KA36,207535364,668KARSDL36,810685,,BSE,EQ
652KA30,207535620,652KARSDL30,810686,,BSE,EQ
665KA35,207535876,665KARSDL35,810687,,BSE,EQ
663KA34,207536132,663KARSDL34,810688,,BSE,EQ
662KA32A,207536388,662KARSDL32,810689,,BSE,EQ
653TN31,207536644,653TNSDL31,810690,,BSE,EQ
661MP37,207536900,661MPSDL37,810691,,BSE,EQ
703RJSDL36,207537156,703RJSDL36,810692,,BSE,EQ
697RJ51A,207537412,697RJSDL51,810693,,BSE,EQ
695TN31,207537668,695TNSDL31,810694,,BSE,EQ
695RJ31,207537924,695RJSDL31,810695,,BSE,EQ
707GJ31,207538180,707GUJSDL31,810696,,BSE,EQ
708MH31,207538436,708MAHSDL31,810697,,BSE,EQ
735KA40,207538692,735KARSDL40,810698,,BSE,EQ
657TN31,207538948,657TAMSDL31,810699,,BSE,EQ
722KA38A,207539204,722KARSDL38,810700,,BSE,EQ
724RJ36,207539460,724RAJSDL36,810701,,BSE,EQ
729KA36,207539716,729KARSDL36,810702,,BSE,EQ
724KA37,207539972,724KASDL37,810703,,BSE,EQ
729KA39,207540228,729KASDL39,810704,,BSE,EQ
708GJ31,207540484,708GJSDL31,810705,,BSE,EQ
724KA38,207540996,724KASDL38,810707,,BSE,EQ
711GJ31,207541252,711GUJSDL31,810708,,BSE,EQ
719KA40,207541764,719KARSDL40,810710,,BSE,EQ
812MHSDL25,207543300,812MHSDL25,810716,,BSE,EQ
76GJSDL26,207543556,76GJSDL26,810717,,BSE,EQ
705RJ31,207543812,705RAJSDL31,810718,,BSE,EQ
684GJ31,207544068,684GUJSDL31,810719,,BSE,EQ
686PN33,207544324,686PUNSDL33,810720,,BSE,EQ
678RJ31,207544580,678RAJSDL31,810721,,BSE,EQ
682RJ31,207544836,682RAJSDL31,810722,,BSE,EQ
687MH33,207545092,687MAHSDL33,810723,,BSE,EQ
693GJ31,207545348,693GUJSDL31,810724,,BSE,EQ
688MH33,207545604,688MAHSDL33,810725,,BSE,EQ
687MH33A,207545860,687MAHSD33,810726,,BSE,EQ
696TN56,207546116,696TAMSDL56,810727,,BSE,EQ
683MH32A,207546372,683MAHSDL32,810728,,BSE,EQ
697TN46,207546628,697TAMSDL46,810729,,BSE,EQ
686MH32,207546884,686MAHSDL32,810730,,BSE,EQ
703TN51,207547140,703TAMSDL51,810731,,BSE,EQ
684RJ31,207547396,684RAJSDL31,810732,,BSE,EQ
705TS41,207547652,705TELSDL41,810733,,BSE,EQ
672GJ30,207547908,672GUJSDL30,810734,,BSE,EQ
68RJ31,207548164,68RAJSDL31,810735,,BSE,EQ
707RJ46,207548420,707RAJSDL46,810736,,BSE,EQ
663TN55,207548676,663TMLSDL55,810737,,BSE,EQ
675GJ31,207548932,675GUJSDL31,810738,,BSE,EQ
683MH32B,207549188,683MAHSD32,810739,,BSE,EQ
68MH31,207549444,68MAHSDL31,810740,,BSE,EQ
709KL36,207549700,709KERSDL36,810741,,BSE,EQ
689MH32,207549956,689MAHSDL32,810742,,BSE,EQ
683MH31,207550212,683MAHSDL31,810743,,BSE,EQ
704RJ36,207550468,704RAJSDL36,810744,,BSE,EQ
706KL41,207550724,706KERSDL41,810745,,BSE,EQ
695MH32,207550980,695MAHSDL32,810746,,BSE,EQ
713RJ41,207551236,713RAJSDL41,810747,,BSE,EQ
701MH32,207551492,701MHSDL32,810748,,BSE,EQ
715AP37,207551748,715APSDL37,810749,,BSE,EQ
695GJ31,207552004,695GUJSDL31,810750,,BSE,EQ
695MH31,207552260,695MAHSDL31,810751,,BSE,EQ
712AP35,207552516,712APSDL35,810752,,BSE,EQ
714AP36,207552772,714APSDL36,810753,,BSE,EQ
678MH31,207553028,678MAHSDL31,810754,,BSE,EQ
697TN31,207553284,697TAMIL31,810755,,BSE,EQ
724TN51,207553540,724TAMIL51,810756,,BSE,EQ
697TN31A,207553796,697TAMSDL31,810757,,BSE,EQ
71MH36,207554052,710MAHSDL36,810758,,BSE,EQ
698TN31A,207554308,698TAMSDL31,810759,,BSE,EQ
714AP41,207554564,714APSDL41,810760,,BSE,EQ
698GJ31,207554820,698GUJSDL31,810761,,BSE,EQ
624MH26,207555076,624MAHSDL26,810762,,BSE,EQ
70TN31,207555332,7TAMSDL31,810763,,BSE,EQ
643MH27,207555588,643MAHSDL27,810764,,BSE,EQ
697TN31B,207555844,697TAMSD31A,810765,,BSE,EQ
638MH27,207556100,638MAHSDL27,810766,,BSE,EQ
695TN31B,207556356,695TAMSDL31,810767,,BSE,EQ
691RJ31A,207556612,691RAJSDL31,810768,,BSE,EQ
705TS35,207556868,705TELSDL35,810769,,BSE,EQ
687RJ31,207557124,687RAJSDL31,810770,,BSE,EQ
684GJ31A,207557380,684GUJSD31,810771,,BSE,EQ
691MH33,207557636,691MAHSDL33,810772,,BSE,EQ
691MH34,207557892,691MAHSDL34,810773,,BSE,EQ
698AP36,207558148,698APSDL36,810774,,BSE,EQ
686AP35,207558404,686APSDL35,810775,,BSE,EQ
709AP39,207558660,709APSDL39,810776,,BSE,EQ
704AP34,207558916,704APSDL34,810777,,BSE,EQ
693KA32,207559172,693KARSDL32,810778,,BSE,EQ
689GJ31,207559428,689GUJSDL31,810779,,BSE,EQ
601RJ26,207559684,601RAJSDL26,810780,,BSE,EQ
714AP41A,207559940,714APSD41,810781,,BSE,EQ
675GJ29,207560196,675GUJSDL29,810782,,BSE,EQ
703KA32,207560452,703KARSDL32,810783,,BSE,EQ
708KA34A,207560708,708KARSDL34,810784,,BSE,EQ
702AP37,207560964,702APSDL37,810785,,BSE,EQ
696TN51,207561220,696TANSDL51,810786,,BSE,EQ
693GJ31A,207561476,693GJSDL31,810787,,BSE,EQ
634RJ27,207561732,634RJSDL27,810788,,BSE,EQ
708AP35,207561988,708APSDL35,810789,,BSE,EQ
70AP38A,207562244,7APSDL2038,810790,,BSE,EQ
692RJ31,207562500,692RAJSDL31,810791,,BSE,EQ
69KA31,207562756,69KARSDL31,810792,,BSE,EQ
671TN29,207563012,671TNSDL29,810793,,BSE,EQ
699TS43,207563268,699TELSDL43,810794,,BSE,EQ
687KA31,207563524,687KARSDL31,810795,,BSE,EQ
699TN41,207563780,699TNSDL41,810796,,BSE,EQ
692AP41,207564036,692APSDL41,810797,,BSE,EQ
688KA32,207564292,688KARSDL32,810798,,BSE,EQ
666TN29,207564548,666TAMSDL29,810799,,BSE,EQ
689KA33,207564804,689KARSDL33,810800,,BSE,EQ
683TN31A,207565060,683TAMSDL31,810801,,BSE,EQ
702KA33,207565316,702KARSDL33,810802,,BSE,EQ
707TN38,207565572,707TAMSDL38,810803,,BSE,EQ
712KA34,207565828,712KARSDL34,810804,,BSE,EQ
722KA35,207566084,722KASDL35,810805,,BSE,EQ
718KA33,207566340,718KASDL33,810806,,BSE,EQ
731KA35,207566596,731KARSDL35,810807,,BSE,EQ
704TN30,207566852,704TAMSDL30,810808,,BSE,EQ
733KA37,207567108,733KASDL37,810809,,BSE,EQ
735KA36,207567364,735KASDL36,810810,,BSE,EQ
733KA40,207567620,733KASDL40,810811,,BSE,EQ
737KA38,207567876,737KASDL38,810812,,BSE,EQ
724RJ32,207568132,724RAJSDL32,810813,,BSE,EQ
733MP42,207568388,733MPSDL42,810814,,BSE,EQ
732KA34,207568644,732KARSDL34,810815,,BSE,EQ
721RJ32,207568900,721RAJSDL32,810816,,BSE,EQ
744KA35,207569156,744KARSDL35,810817,,BSE,EQ
730KA32,207569412,73KARSDL32,810818,,BSE,EQ
716KA36,207569668,716KARSDL36,810819,,BSE,EQ
706GJ32,207569924,706GUJSDL32,810820,,BSE,EQ
713KA38,207570180,713KARSDL38,810821,,BSE,EQ
709GJ32,207570436,709GUJSDL32,810822,,BSE,EQ
712GJ32,207570692,712GUJSDL32,810823,,BSE,EQ
725GJ32,207570948,725GUJSDL32,810824,,BSE,EQ
748AP38,207571204,748APSDL38,810825,,BSE,EQ
731AP42,207571460,731APSDL42,810826,,BSE,EQ
719TN32,207571716,719TAMSDL32,810827,,BSE,EQ
719TN42,207571972,719TAMSDL42,810828,,BSE,EQ
739TN52,207572228,739TAMSDL52,810829,,BSE,EQ
742KL34,207572484,742KERSDL34,810830,,BSE,EQ
737RJ34,207572740,737RAJSDL34,810831,,BSE,EQ
74TN42,207572996,74TNSDL42,810832,,BSE,EQ
713TN30,207573252,713TNSDL30,810833,,BSE,EQ
729GJ32,207573508,729GUJSDL32,810834,,BSE,EQ
739TN42,207573764,739TNSDL42,810835,,BSE,EQ
74KL37,207574020,740KERSDL37,810836,,BSE,EQ
734AP40,207574276,734APSDL40,810837,,BSE,EQ
718MH30,207574532,718MAHSDL30,810838,,BSE,EQ
752AP38,207574788,752APSDL38,810839,,BSE,EQ
745AP37,207575044,745APSDL37,810840,,BSE,EQ
776AP32,207575300,776APSDL32,810841,,BSE,EQ
778AP41,207575556,778APSDL41,810842,,BSE,EQ
778AP42,207575812,778APSDL42,810843,,BSE,EQ
763MH30,207576068,763MAHSDL30,810844,,BSE,EQ
763AP30,207576324,763APSDL30,810845,,BSE,EQ
771AP32,207576580,771APSDL32,810846,,BSE,EQ
770MH32,207576836,77MAHSDL32,810847,,BSE,EQ
772MH34,207577092,772MAHSDL34,810848,,BSE,EQ
79AP34,207577348,790APSDL34,810849,,BSE,EQ
78GJ32,207577604,780GJSDL32,810850,,BSE,EQ
803AP35,207577860,803APSDL35,810851,,BSE,EQ
786MH30,207578116,786MAHSDL30,810852,,BSE,EQ
789MH32,207578372,789MAHSDL32,810853,,BSE,EQ
799TN42,207578628,799TNSDL42,810854,,BSE,EQ
794TN32,207578884,794TNSDL32,810855,,BSE,EQ
804AP41,207579140,804APSDL41,810856,,BSE,EQ
804AP42,207579396,804APSDL42,810857,,BSE,EQ
784TN52,207579652,784TNSDL52,810858,,BSE,EQ
785AP37,207579908,785APSDL37,810859,,BSE,EQ
769KSDL27,207580164,769KSDL27,810860,,BSE,EQ
782GJ32,207580420,782GJSDL32,810861,,BSE,EQ
765GJ29,207580676,765GJSDL29,810862,,BSE,EQ
795AP40A,207580932,795APSDL40,810863,,BSE,EQ
787TN33,207581188,787TNSDL33,810864,,BSE,EQ
78GJ32A,207581444,78GUJSDL32,810865,,BSE,EQ
795TS35,207581700,795TELSDL35,810866,,BSE,EQ
78TN32A,207581956,78TAMSDL32,810867,,BSE,EQ
777GJ32,207582212,777GUJSDL32,810868,,BSE,EQ
804AP37,207582468,804APSDL37,810869,,BSE,EQ
761GJ32,207582724,761GUJSDL32,810870,,BSE,EQ
764TN32,207582980,764TMN32,810871,,BSE,EQ
782AP42,207583236,782APSDL42,810872,,BSE,EQ
773GJ32,207583492,773GUJSDL32,810873,,BSE,EQ
76TN32,207583748,760TMN32,810874,,BSE,EQ
774AP38,207584004,774APSDL38,810875,,BSE,EQ
785KL35,207584260,785KERSDL35,810876,,BSE,EQ
776KL38,207584516,776KERSDL38,810877,,BSE,EQ
761TN32,207584772,761TNSDL32,810878,,BSE,EQ
77TN42,207585028,770TMSDL42,810879,,BSE,EQ
758AP40,207585284,758APSDL40,810880,,BSE,EQ
758AP42,207585540,758APSDL42,810881,,BSE,EQ
746MP32,207585796,746MPSDL32,810882,,BSE,EQ
746TS48,207586052,746TELSDL48,810883,,BSE,EQ
756TS40,207586308,756TELSDL40,810884,,BSE,EQ
764TN29,207586564,764TNSDL29,810885,,BSE,EQ
749GJ26,207586820,749GUJSDL26,810886,,BSE,EQ
762MH30A,207587076,762MHSDL30,810887,,BSE,EQ
764MH32,207587332,764MHSDL32,810888,,BSE,EQ
769KL40,207587588,769KERSDL40,810889,,BSE,EQ
776MH30,207587844,776MAHSDL30,810890,,BSE,EQ
775GJ32,207588100,775GUJSDL32,810891,,BSE,EQ
77KL47,207588356,77KERSDL47,810892,,BSE,EQ
781GJ32,207588612,781GUJSDL32,810893,,BSE,EQ
781UP34,207588868,781UPSDL34,810894,,BSE,EQ
77MH30,207589124,77MAHSDL30,810895,,BSE,EQ
741GJ26,207589380,741GUJSDL26,810896,,BSE,EQ
762GJ29,207589636,762GUJSDJ29,810897,,BSE,EQ
778MH30,207589892,778MAHSDL30,810898,,BSE,EQ
783TN42,207590404,783TNSDL42,810900,,BSE,EQ
788MP33,207590660,788MPSDL33,810901,,BSE,EQ
78KL45,207590916,78KERSDL45,810902,,BSE,EQ
782RJ32,207591172,782RAJSDL32,810903,,BSE,EQ
757GJ26,207591428,757GUJSDL26,810904,,BSE,EQ
78TN42,207591684,780TNSDL42,810905,,BSE,EQ
767KA32,207591940,767KARSDL32,810906,,BSE,EQ
763TN47,207592196,763TNSDL47,810907,,BSE,EQ
774KA37,207592452,774KARSDL37,810908,,BSE,EQ
766KA42,207592708,766KARSDL42,810909,,BSE,EQ
763KA37,207592964,763KARSDL37,810910,,BSE,EQ
76GJ32,207593220,76GUJSDL32,810911,,BSE,EQ
759KA38,207593476,759KARSDL38,810912,,BSE,EQ
763KA39,207593732,763KARSDL39,810913,,BSE,EQ
768KA34,207593988,768KARSDL34,810914,,BSE,EQ
76KA32,207594244,760KARSDL32,810915,,BSE,EQ
757GJ31,207594500,757GUJSDL31,810916,,BSE,EQ
76KA33,207594756,76KARSDL33,810917,,BSE,EQ
764KL34,207595012,764KERSDL34,810918,,BSE,EQ
757TN33,207595268,757TAMSDL33,810919,,BSE,EQ
762TN43,207595524,762TAMSDL43,810920,,BSE,EQ
763GJ32,207595780,763GUJSDL32,810921,,BSE,EQ
765GJ33,207596036,765GUJSDL33,810922,,BSE,EQ
76GJ35,207596292,760GUJSDL35,810923,,BSE,EQ
768GJ30,207596548,768GUJSDL30,810924,,BSE,EQ
762MP34,207596804,762MPSDL34,810925,,BSE,EQ
766GJ30,207597060,766GUJSDL30,810926,,BSE,EQ
759MP38,207597316,759MP2038,810927,,BSE,EQ
772MH31,207597572,772MAHSDL31,810928,,BSE,EQ
771GJ33,207597828,771GUJSDL33,810929,,BSE,EQ
774MH33,207598084,774MAHSDL33,810930,,BSE,EQ
771GJ34,207598340,771GUJSDL34,810931,,BSE,EQ
77MH31,207598596,770MAHSDL31,810932,,BSE,EQ
772GJ35,207598852,772GUJSDL35,810933,,BSE,EQ
769MH31,207599108,769MAHSDL31,810934,,BSE,EQ
768GJ33,207599364,768GUJSDL33,810935,,BSE,EQ
774MP43,207599620,774MPSDL43,810936,,BSE,EQ
778TS34,207599876,778TLSDL34,810937,,BSE,EQ
772MH32,207600132,772MAH32,810938,,BSE,EQ
773MH32,207600388,773MAHSDL32,810939,,BSE,EQ
749GJ28,207600644,749GUJSDL28,810940,,BSE,EQ
777MP47,207600900,777MPSDL47,810941,,BSE,EQ
771AP33A,207601156,771APSDL33,810942,,BSE,EQ
736MH28,207601412,736MAHSDL28,810943,,BSE,EQ
761TS44,207601668,761TELSDL44,810944,,BSE,EQ
738GJ30,207601924,738GUJSDL30,810945,,BSE,EQ
747AP37,207602180,747APSDL37,810946,,BSE,EQ
739TN33,207602436,739TNSDL33,810947,,BSE,EQ
727GJ31,207602692,727GUJSDL31,810948,,BSE,EQ
72MH28,207602948,72MAHSDL28,810949,,BSE,EQ
729KL49,207603204,729KELSDL49,810950,,BSE,EQ
718GJ28,207603460,718GUJSDL28,810951,,BSE,EQ
735TN33,207603716,735TNSDL33,810952,,BSE,EQ
74MH32,207603972,740MHSDL32,810953,,BSE,EQ
744HR32,207604228,744HRSDL32,810954,,BSE,EQ
736KL38,207604484,736KERSDL38,810955,,BSE,EQ
733MH31,207604740,733MAHSDL31,810956,,BSE,EQ
839RAJSDL26,207604996,839RAJSDL26,810957,,BSE,EQ
732MH32,207605252,732MHSDL32,810958,,BSE,EQ
739TN33B,207605508,739TNSDL33A,810959,,BSE,EQ
743TN43,207605764,743TNSDL43,810960,,BSE,EQ
744TN33B,207606020,744TNSDL33,810961,,BSE,EQ
743TN33,207606276,743TNSDL33,810962,,BSE,EQ
744AP36,207606532,744APSDL36,810963,,BSE,EQ
745GJ31,207606788,745GUJSDL31,810964,,BSE,EQ
746MH33,207607044,746MHSDL33,810965,,BSE,EQ
747MH34,207607300,747MHSDL34,810966,,BSE,EQ
77KA33,207607556,770KARSDL33,810967,,BSE,EQ
771MH33,207607812,771MHSDL33,810968,,BSE,EQ
77MH34,207608068,770MHSDL34,810969,,BSE,EQ
765TN30,207608324,765TNSDL30,810970,,BSE,EQ
77MH33A,207608580,77MAHSDL33,810971,,BSE,EQ
758GJ26,207608836,758GUJSDL26,810972,,BSE,EQ
765GJ29A,207609092,765GUJSDL29,810973,,BSE,EQ
769KA33A,207609348,769KARSDL33,810974,,BSE,EQ
766GJ30A,207609604,766GJSDL30,810975,,BSE,EQ
755GJ31,207609860,755GUJSDL31,810976,,BSE,EQ
767GA33A,207610116,767GOASDL33,810977,,BSE,EQ
74GJ26,207610372,740GUJSDL26,810978,,BSE,EQ
774KA34,207610628,774KARSDL34,810979,,BSE,EQ
764GJ31,207610884,764GUJSDL31,810980,,BSE,EQ
766GJ32,207611140,766GUJSDL32,810981,,BSE,EQ
773MH36,207611396,773MAHSDL36,810982,,BSE,EQ
763GJ33,207611652,763GUJSDL33,810983,,BSE,EQ
763GJ34,207611908,763GUJSDL34,810984,,BSE,EQ
767KA42,207612164,767KARSDL42,810985,,BSE,EQ
76GJ33,207612420,76GUJSDL33,810986,,BSE,EQ
763MH36,207612676,763MAHSDL36,810987,,BSE,EQ
76TN31,207612932,76TAMSDL31,810988,,BSE,EQ
742GJ31,207613188,742GUJSDL31,810989,,BSE,EQ
748MH35,207613444,748MAHSDL35,810990,,BSE,EQ
749MH36,207613700,749MAHSDL36,810991,,BSE,EQ
744TS46,207613956,744TELSDL46,810992,,BSE,EQ
742GJ33,207614212,742GUJSDL33,810993,,BSE,EQ
743MH35,207614468,743MAHSDL35,810994,,BSE,EQ
736KA34,207614724,736KARSDL34,810995,,BSE,EQ
737KA37,207614980,737KARSDL37,810996,,BSE,EQ
737KA38A,207615236,737KARSDL38,810997,,BSE,EQ
736TN54,207615492,736TNSDL54,810998,,BSE,EQ
742MH37,207615748,742MAHSDL37,810999,,BSE,EQ
749TN34,207616004,749TNSDL34,811000,,BSE,EQ
75TN31,207616260,750TNSDL31,811001,,BSE,EQ
75AP32,207616516,750APSDL32,811002,,BSE,EQ
753AP36,207616772,753APSDL36,811003,,BSE,EQ
752RJ34,207617028,752RAJSDL34,811004,,BSE,EQ
747KL50,207617284,747KERSDL50,811005,,BSE,EQ
749TN44,207617540,749TAMSDL44,811006,,BSE,EQ
743TAMSDL34,207617796,743TAMSDL34,811007,,BSE,EQ
743TGNSDL41,207618052,743TGNSDL41,811008,,BSE,EQ
745APSDL33,207618308,745APSDL33,811009,,BSE,EQ
741RJSDL34,207618564,741RJSDL34,811010,,BSE,EQ
737RJSDL39,207618820,737RJSDL39,811011,,BSE,EQ
739TNSDL32,207619076,739TNSDL32,811012,,BSE,EQ
723GJSDL27,207619332,723GJSDL27,811013,,BSE,EQ
727TNSDL54,207619588,727TNSDL54,811014,,BSE,EQ
737APSDL36,207619844,737APSDL36,811015,,BSE,EQ
732RJSDL34,207620100,732RJSDL34,811016,,BSE,EQ
736RJSDL46,207620356,736RJSDL46,811017,,BSE,EQ
731TMSDL54,207620612,731TMSDL54,811018,,BSE,EQ
733APSDL43,207620868,733APSDL43,811019,,BSE,EQ
736RJSDL34,207621124,736RJSDL34,811020,,BSE,EQ
734TMSDL34,207621380,734TMSDL34,811021,,BSE,EQ
733KRSDL54,207621636,733KRSDL54,811022,,BSE,EQ
730MHSDL38,207621892,730MHSDL38,811023,,BSE,EQ
730MHSDL39,207622148,730MHSDL39,811024,,BSE,EQ
733MHSDL44,207622404,733MHSDL44,811025,,BSE,EQ
727MHSDL34,207622660,727MHSDL34,811026,,BSE,EQ
729TMSDL54,207622916,729TMSDL54,811027,,BSE,EQ
727MHSDL44,207623172,727MHSDL44,811028,,BSE,EQ
726MHSDL49,207623428,726MHSDL49,811029,,BSE,EQ
727MHSDL39,207623684,727MHSDL39,811030,,BSE,EQ
722RJSDL34,207623940,722RJSDL34,811031,,BSE,EQ
726MPSDL38,207624196,726MPSDL38,811032,,BSE,EQ
722MHSDL49,207624452,722MHSDL49,811033,,BSE,EQ
727APSDL36,207624708,727APSDL36,811034,,BSE,EQ
723MHSDL35,207624964,723MHSDL35,811035,,BSE,EQ
725APSDL47,207625220,725APSDL47,811036,,BSE,EQ
726MHSDL50,207625476,726MHSDL50,811037,,BSE,EQ
725TLSDL46,207625732,725TLSDL46,811038,,BSE,EQ
708KASDL34,207625988,708KASDL34,811039,,BSE,EQ
682GJSDL27,207626244,682GJSDL27,811040,,BSE,EQ
709RJSDL35,207626500,709RJSDL35,811041,,BSE,EQ
71KARSDL35,207626756,71KARSDL35,811042,,BSE,EQ
7TNSDL29,207627012,7TNSDL29,811043,,BSE,EQ
715KRSDL36,207627268,715KRSDL36,811044,,BSE,EQ
716TNSDL54,207627524,716TNSDL54,811045,,BSE,EQ
712TNSDL34,207627780,712TNSDL34,811046,,BSE,EQ
708GJSDL33,207628036,708GJSDL33,811047,,BSE,EQ
704GJSDL32,207628292,704GJSDL32,811048,,BSE,EQ
708TNSDL34,207628548,708TNSDL34,811049,,BSE,EQ
712KASDL36,207628804,712KASDL36,811050,,BSE,EQ
711GJSDL33,207629060,711GJSDL33,811051,,BSE,EQ
712GJSDL35,207629316,712GJSDL35,811052,,BSE,EQ
712MHSDL36,207629572,712MHSDL36,811053,,BSE,EQ
719MHSDL40,207629828,719MHSDL40,811054,,BSE,EQ
717MHSDL37,207630084,717MHSDL37,811055,,BSE,EQ
718MHSDL39,207630340,718MHSDL39,811056,,BSE,EQ
722KASDL32,207630596,722KASDL32,811057,,BSE,EQ
713MHSDL37,207630852,713MHSDL37,811058,,BSE,EQ
712MHSDL38,207631108,712MHSDL38,811059,,BSE,EQ
714MHSDL39,207631364,714MHSDL39,811060,,BSE,EQ
676MHSDL37,207631620,676MHSDL37,811061,,BSE,EQ
640TNSDL32,207631876,640TNSDL32,811062,,BSE,EQ
694TNSDL55,207632132,694TNSDL55,811063,,BSE,EQ
709TNSDL55,207632388,709TNSDL55,811064,,BSE,EQ
714MHSDL45,207632644,714MHSDL45,811065,,BSE,EQ
712MHSDL47,207632900,712MHSDL47,811066,,BSE,EQ
716MHSDL50,207633156,716MHSDL50,811067,,BSE,EQ
707TNSDL55,207633412,707TNSDL55,811068,,BSE,EQ
709TLSDL63,207633668,709TLSDL63,811069,,BSE,EQ
716MHSDL55,207633924,716MHSDL55,811070,,BSE,EQ
744TNSDL55,207634180,744TNSDL55,811071,,BSE,EQ
754RJSDL53,207634436,754RJSDL53,811072,,BSE,EQ
757MPSDL45,207634692,757MPSDL45,811073,,BSE,EQ
754TGSDL55,207634948,754TGSDL55,811074,,BSE,EQ
775WBSDL47,207635204,775WBSDL47,811075,,BSE,EQ
708MAHSD39,207635460,708MAHSD39,811076,,BSE,EQ
704MAHSD40,207635716,704MAHSD40,811077,,BSE,EQ
778KLSDL45,207635972,778KLSDL45,811078,,BSE,EQ
774TELSD51,207636228,774TELSD51,811079,,BSE,EQ
731TNSDL34,207636484,731TNSDL34,811080,,BSE,EQ
750MPSDL44,207636740,750MPSDL44,811081,,BSE,EQ
718MAHSD33,207636996,718MAHSD33,811082,,BSE,EQ
707GJSDL32,207637252,707GJSDL32,811083,,BSE,EQ
726TNSDL35,207637508,726TNSDL35,811084,,BSE,EQ
727MAHSD36,207637764,727MAHSD36,811085,,BSE,EQ
750APSDL45,207638020,750APSDL45,811086,,BSE,EQ
706GUJSD33,207638276,706GUJSD33,811087,,BSE,EQ
726MAHSD42,207638532,726MAHSD42,811088,,BSE,EQ
AIRTELPP,227880196,BHARTI AIRTEL ,890157,,BSE,EQ
YARNPP,227890436,YARN SYNDICATE,890197,,BSE,EQ
SOLARAPP1,227891716,SOLARA ACTIVE PHARMA SCIENCES,890202,,BSE,EQ
CALSOFTPP,227894020,CALIFORNIA SOFTWARE CO.,890211,,BSE,EQ
SNLFPP,227894532,SHRI NIWAS LEASING AND FINANCE,890213,,BSE,EQ
FUSIONPP,227894788,FUSION FINANCE,890214,,BSE,EQ
GARMENTPP,227895044,GARMENT MANTRA LIFESTYLE LIMIT,890215,,BSE,EQ
LLOYDSENPP,227895300,LLOYDS ENGINEERING WORKS LIMIT,890216,,BSE,EQ
APLABPP,227895556,APLAB,890217,,BSE,EQ
INFIBPP,227896068,INFIBEAM AVENUES,890219,,BSE,EQ
PATANGPP,227896324,KATI PATANG LIFESTYLE,890220,,BSE,EQ
SSFLPP,227896580,SPANDANA SPHOORTY FINANCIAL LI,890221,,BSE,EQ
JMJFINPP,227896836,JMJ FINTECH ,890222,,BSE,EQ
CYBERPP,227897092,CYBER MEDIA (INDIA),890223,,BSE,EQ
LLOYDPP,227897348,LLOYDS ENTERPRISES,890224,,BSE,EQ
ECOPP,227897604,ECO HOTELS AND RESORTS,890225,,BSE,EQ
ICICM58,233537028,,912254,,BSE,EQ
CHOLACCD,233590532,,912463,,BSE,EQ
SMILCCD,233590788,,912464,,BSE,EQ
759PUNEM27,237824260,,929001,,BSE,EQ
89GHMC28,237824516,,929002,,BSE,EQ
938GHMC28,237824772,,929003,,BSE,EQ
10GVMC28,237825028,,929004,,BSE,EQ
85LMC25,237825796,,929007,,BSE,EQ
85LMC26,237826052,,929008,,BSE,EQ
85LMC27,237826308,,929009,,BSE,EQ
85LMC28,237826564,,929010,,BSE,EQ
85LMC29,237826820,,929011,,BSE,EQ
85LMC30,237827076,,929012,,BSE,EQ
810GNN26,237827588,,929014,,BSE,EQ
810GNN27,237827844,,929015,,BSE,EQ
810GNN28,237828100,,929016,,BSE,EQ
810GNN29,237828356,,929017,,BSE,EQ
810GNN30,237828612,,929018,,BSE,EQ
810GNN31,237828868,,929019,,BSE,EQ
815PCMC28,237829124,,929020,,BSE,EQ
79AMC29,237829380,,929021,,BSE,EQ
79VMC29,237829636,,929022,,BSE,EQ
807PNN29,237829892,,929023,,BSE,EQ
807PNN30,237830148,,929024,,BSE,EQ
807PNN31,237830404,,929025,,BSE,EQ
807PNN32,237830660,,929026,,BSE,EQ
785PCMC29,237830916,,929027,,BSE,EQ
785PCMC30A,237831172,,929028,,BSE,EQ
727PFCL30,239490052,,935508,,BSE,EQ
752PFCL30,239490564,,935510,,BSE,EQ
735PFCL35,239491076,,935512,,BSE,EQ
760PFCL35,239491588,,935514,,BSE,EQ
709REC30,239498756,,935542,,BSE,EQ
734REC30,239499268,,935544,,BSE,EQ
718REC35,239499780,,935546,,BSE,EQ
743REC35,239500292,,935548,,BSE,EQ
707IRFC25,239504900,,935566,,BSE,EQ
728IRFC30,239505412,,935568,,BSE,EQ
725IRFC35,239505924,,935570,,BSE,EQ
732IRFC25,239506436,,935572,,BSE,EQ
753IRFC30,239506948,,935574,,BSE,EQ
750IRFC35,239507460,,935576,,BSE,EQ
714NHAI26,239507972,,935578,,BSE,EQ
739NHAI26,239508484,,935580,,BSE,EQ
735NHAI31,239508996,,935582,,BSE,EQ
76NHAI31,239509508,,935584,,BSE,EQ
728IREDA26,239516164,,935610,,BSE,EQ
749IREDA31,239516676,,935612,,BSE,EQ
743IREDA36,239517188,,935614,,BSE,EQ
753IREDA26,239517700,,935616,,BSE,EQ
774IREDA31,239518212,,935618,,BSE,EQ
768IREDA36,239518724,,935620,,BSE,EQ
702HUDCO26,239522820,,935636,,BSE,EQ
739HUDC31,239523332,,935638,,BSE,EQ
727HUDCO26,239523844,,935640,,BSE,EQ
764HUDCO31,239524356,,935642,,BSE,EQ
704NHAI26,239528964,,935660,,BSE,EQ
729NHAI26,239529476,,935662,,BSE,EQ
739NHAI31A,239529988,,935664,,BSE,EQ
769NHAI31,239530500,,935666,,BSE,EQ
704HUDCO26,239531012,,935668,,BSE,EQ
739HUDCO31,239531524,,935670,,BSE,EQ
729HUDCO26,239532036,,935672,,BSE,EQ
769HUDCO31,239532548,,935674,,BSE,EQ
704IRFC26,239533060,,935676,,BSE,EQ
735IRFC31,239533572,,935678,,BSE,EQ
729IRFC26,239534084,,935680,,BSE,EQ
764IRFC31,239534596,,935682,,BSE,EQ
704NABAR26,239535108,,935684,,BSE,EQ
735NABAR31,239535620,,935686,,BSE,EQ
729NABAR26,239536132,,935688,,BSE,EQ
764NABAR31,239536644,,935690,,BSE,EQ
853MMFSL26,239548932,,935738,,BSE,EQ
872MMFSL26,239549444,,935740,,BSE,EQ
88MMFSL26,239552004,,935750,,BSE,EQ
9MMFSL26,239552516,,935752,,BSE,EQ
MMFSL26,239554052,,935758,,BSE,EQ
MMFSL26A,239554564,,935760,,BSE,EQ
957NIDO26,239561220,,935786,,BSE,EQ
10NIDO26,239561732,,935788,,BSE,EQ
NIDOZC26,239562244,,935790,,BSE,EQ
865SCL26,239579140,,935856,,BSE,EQ
885SCL26,239579652,,935858,,BSE,EQ
9SCL26BA,239580164,,935860,,BSE,EQ
SCLZC26,239580676,,935862,,BSE,EQ
879SCL26,239581188,,935864,,BSE,EQ
9SCL26B,239581700,,935866,,BSE,EQ
915SCL26,239582212,,935868,,BSE,EQ
SCLZC26A,239582724,,935870,,BSE,EQ
790MMFSL27,239626756,,936042,,BSE,EQ
800MMFSL27,239627268,,936044,,BSE,EQ
795MMFSL32,239627780,,936046,,BSE,EQ
805MMFSL32,239628292,,936048,,BSE,EQ
975JMFCS28,239673348,,936224,,BSE,EQ
934JMFCS28,239673860,,936226,,BSE,EQ
903SFL28,239674884,,936230,,BSE,EQ
94SFL28,239676420,,936236,,BSE,EQ
943ECL28,239680516,,936252,,BSE,EQ
985ECL28,239681028,,936254,,BSE,EQ
931SFIL26A,239686660,,936276,,BSE,EQ
96SFIL24A,239687172,,936278,,BSE,EQ
97SFIL26A,239687684,,936280,,BSE,EQ
92SFIL28,239688196,,936282,,BSE,EQ
9TCAP28,239690756,,936292,,BSE,EQ
910TCAP28,239691268,,936294,,BSE,EQ
935AHFL28,239697924,,936320,,BSE,EQ
975AHFL28,239698436,,936322,,BSE,EQ
930SFL28,239699460,,936326,,BSE,EQ
97SFL28,239700996,,936332,,BSE,EQ
MFL25,239711748,,936374,,BSE,EQ
1025JFCS28,239714308,,936384,,BSE,EQ
981JMFCS28,239714820,,936386,,BSE,EQ
1015ECL29,239717892,,936398,,BSE,EQ
1060ECL29,239718404,,936400,,BSE,EQ
92MMFSL27,239720964,,936410,,BSE,EQ
93MMFSL27,239721476,,936412,,BSE,EQ
935MMFSL29,239721988,,936414,,BSE,EQ
95MMFSL29,239722500,,936416,,BSE,EQ
1025KFL26D,239730692,,936448,,BSE,EQ
KFLZC26F,239731204,,936450,,BSE,EQ
957ICCL25,239732228,,936454,,BSE,EQ
97SFL29,239733764,,936460,,BSE,EQ
10IIFL29,239737860,,936476,,BSE,EQ
105IIFL29,239738372,,936478,,BSE,EQ
MFLZC26,239741956,,936492,,BSE,EQ
92LTF29,239750660,,936526,,BSE,EQ
935LTF29,239751172,,936528,,BSE,EQ
884LTF29,239751684,,936530,,BSE,EQ
898LTF29,239752196,,936532,,BSE,EQ
885LTF27,239762436,,936572,,BSE,EQ
905LTF27,239762948,,936574,,BSE,EQ
852LTF27,239763460,,936576,,BSE,EQ
87LTF27,239763972,,936578,,BSE,EQ
1025KFL26,239774724,,936620,,BSE,EQ
KFLZC26A,239775236,,936622,,BSE,EQ
829PFL29,239778308,,936634,,BSE,EQ
85PFL26A,239778820,,936636,,BSE,EQ
MHLZC26,239783940,,936656,,BSE,EQ
995ECL29A,239800836,,936722,,BSE,EQ
104ECL29A,239801348,,936724,,BSE,EQ
MFLZC26A,239806468,,936744,,BSE,EQ
1025KFL26A,239814660,,936776,,BSE,EQ
KFLZC26B,239815172,,936778,,BSE,EQ
931SFL26,239816708,,936784,,BSE,EQ
97SFL26,239818756,,936792,,BSE,EQ
SFLZC26A,239820292,,936798,,BSE,EQ
855TCAPS27,239822852,,936808,,BSE,EQ
865TCAPS27,239823364,,936810,,BSE,EQ
875TCAPS29,239823876,,936812,,BSE,EQ
885TCAPS29,239824388,,936814,,BSE,EQ
JMFPZC26,239834628,,936854,,BSE,EQ
KAFLZC26,239847940,,936906,,BSE,EQ
MFLZC27D,239857668,,936944,,BSE,EQ
MHFLZC26,239861508,,936959,,BSE,EQ
995ECL29,239865604,,936975,,BSE,EQ
104ECL29,239866116,,936977,,BSE,EQ
1025KFL26B,239869700,,936991,,BSE,EQ
1041KFL26,239870212,,936993,,BSE,EQ
85LTF26,239875844,,937015,,BSE,EQ
865LTF26,239876356,,937017,,BSE,EQ
MFLZC27B,239881476,,937037,,BSE,EQ
801TCH28,239885060,,937051,,BSE,EQ
81TCHF28,239885572,,937053,,BSE,EQ
83TCHF28,239886084,,937055,,BSE,EQ
84TCHF28,239886596,,937057,,BSE,EQ
TCHF30,239887108,,937059,,BSE,EQ
875SFL27,239888644,,937065,,BSE,EQ
91SFL27,239890180,,937071,,BSE,EQ
98NWFL30,239895300,,937091,,BSE,EQ
1025NWFL30,239895812,,937093,,BSE,EQ
MMFLZC25C,239904516,,937127,,BSE,EQ
MMFLZC27,239905028,,937129,,BSE,EQ
10JFPL30,239909636,,937147,,BSE,EQ
957JFPL30,239910148,,937149,,BSE,EQ
MVAF27,239915268,,937169,,BSE,EQ
KFL25,239923972,,937203,,BSE,EQ
1025KFL27,239924484,,937205,,BSE,EQ
KFL27,239924996,,937207,,BSE,EQ
MMFLZC27A,239928580,,937221,,BSE,EQ
KAFLZC26A,239933700,,937241,,BSE,EQ
MMFLZC27B,239941892,,937273,,BSE,EQ
1025KFL27A,239945476,,937287,,BSE,EQ
KFLZC27,239945988,,937289,,BSE,EQ
105MMFL25C,239956740,,937331,,BSE,EQ
MMFLZC27C,239957252,,937333,,BSE,EQ
939EFSL26,239958788,,937339,,BSE,EQ
98EFSL26,239959300,,937341,,BSE,EQ
EFSLZC26,239959812,,937343,,BSE,EQ
953EFSL31,239960324,,937345,,BSE,EQ
995EFSL31,239960836,,937347,,BSE,EQ
MFLII26,239961860,,937351,,BSE,EQ
MFLIV26,239962884,,937355,,BSE,EQ
MFLVI26,239963908,,937359,,BSE,EQ
565PFCL26,239964932,,937363,,BSE,EQ
58PFCL26,239965444,,937365,,BSE,EQ
663PFCL31,239965956,,937367,,BSE,EQ
682PFCL31,239966468,,937369,,BSE,EQ
68PFCL31,239966980,,937371,,BSE,EQ
7PFCL31,239967492,,937373,,BSE,EQ
658PFCL31,239968004,,937375,,BSE,EQ
683PFCL31,239968516,,937377,,BSE,EQ
678PFCL36,239969028,,937379,,BSE,EQ
697PFCL36,239969540,,937381,,BSE,EQ
695PFCL36,239970052,,937383,,BSE,EQ
715PFCL36,239970564,,937385,,BSE,EQ
KFLZC26,239973636,,937397,,BSE,EQ
1025KFL28,239974148,,937399,,BSE,EQ
KFLZC28,239974660,,937401,,BSE,EQ
875MFL26,239976196,,937407,,BSE,EQ
9MFL27,239976708,,937409,,BSE,EQ
94MFL27,239977220,,937411,,BSE,EQ
MFLZC26B,239978756,,937417,,BSE,EQ
MFLZC27C,239979268,,937419,,BSE,EQ
MMFLZC26,239981828,,937429,,BSE,EQ
1025MMFL26,239982340,,937431,,BSE,EQ
MMFLZC28,239982852,,937433,,BSE,EQ
875MFL26A,239984388,,937439,,BSE,EQ
9MFL27A,239984900,,937441,,BSE,EQ
94MFL27A,239985412,,937443,,BSE,EQ
MFLZC26C,239986948,,937449,,BSE,EQ
MFLZC27E,239987460,,937451,,BSE,EQ
10IIFL28A,239987972,,937453,,BSE,EQ
96IIFL28A,239988484,,937455,,BSE,EQ
IIFLZC28,239988996,,937457,,BSE,EQ
MFLII26B,239990020,,937461,,BSE,EQ
MFLV26E,239991556,,937467,,BSE,EQ
MFLVI31F,239992068,,937469,,BSE,EQ
MFLVIII26H,239993092,,937473,,BSE,EQ
1025KFL26C,239996676,,937487,,BSE,EQ
KFLZC28A,239997188,,937489,,BSE,EQ
916EFSL26,239998724,,937495,,BSE,EQ
955EFSL26,239999236,,937497,,BSE,EQ
EFSLZC26A,239999748,,937499,,BSE,EQ
930EFSL31,240000260,,937501,,BSE,EQ
970EFSL31,240000772,,937503,,BSE,EQ
1025MMF26A,240003844,,937515,,BSE,EQ
MMFLZC28A,240004356,,937517,,BSE,EQ
745IGT26,240005892,,937523,,BSE,EQ
76IGT26,240006404,,937525,,BSE,EQ
77IGT28,240006916,,937527,,BSE,EQ
79IGT28,240007428,,937529,,BSE,EQ
749IGT28,240007940,,937531,,BSE,EQ
769IGT28,240008452,,937533,,BSE,EQ
795IGT31,240008964,,937535,,BSE,EQ
82IGT31,240009476,,937537,,BSE,EQ
772IGT31,240009988,,937539,,BSE,EQ
797IGT31,240010500,,937541,,BSE,EQ
875MFCL26C,240012036,,937547,,BSE,EQ
950MFCL27D,240012548,,937549,,BSE,EQ
975MFCL28E,240013060,,937551,,BSE,EQ
MFLZC26D,240014596,,937557,,BSE,EQ
MFLZC28E,240015108,,937559,,BSE,EQ
85PFL26,240019204,,937575,,BSE,EQ
875PF26,240019716,,937577,,BSE,EQ
875PFL31,240020228,,937579,,BSE,EQ
9PFL31A,240020740,,937581,,BSE,EQ
1050SFL26,240024324,,937595,,BSE,EQ
SFLZC26,240024836,,937597,,BSE,EQ
1125KLM26,240028932,,937613,,BSE,EQ
1150KLM26,240029444,,937615,,BSE,EQ
KAFL28,240029956,,937617,,BSE,EQ
10IIFL28,240030468,,937619,,BSE,EQ
96IIFL28,240030980,,937621,,BSE,EQ
IIFLZC28C,240031492,,937623,,BSE,EQ
915EFSL26,240033540,,937631,,BSE,EQ
955EFSL26A,240034052,,937633,,BSE,EQ
EFSL26,240034564,,937635,,BSE,EQ
93EFSL31,240035076,,937637,,BSE,EQ
97EFSL31,240035588,,937639,,BSE,EQ
MMFLZC25A,240038148,,937649,,BSE,EQ
10MMFL27,240038660,,937651,,BSE,EQ
MMFLZC28B,240039172,,937653,,BSE,EQ
925SCL26,240045316,,937677,,BSE,EQ
889SCL26,240045828,,937679,,BSE,EQ
975SCL28,240046340,,937681,,BSE,EQ
889SCL28,240046852,,937683,,BSE,EQ
935SCL28,240047364,,937685,,BSE,EQ
850SCL25A,240047876,,937687,,BSE,EQ
KFLZC25C,240050948,,937699,,BSE,EQ
9KSFL27,240051460,,937701,,BSE,EQ
KFLZC28B,240051972,,937703,,BSE,EQ
820JMFPL26,240052996,,937707,,BSE,EQ
791JMFPL26,240053508,,937709,,BSE,EQ
830JMFPL30,240054020,,937711,,BSE,EQ
842IIFL26,240056580,,937721,,BSE,EQ
875IIFL26,240057092,,937723,,BSE,EQ
IIFLZC26,240057604,,937725,,BSE,EQ
11IML26,240061700,,937741,,BSE,EQ
12IML26,240062212,,937743,,BSE,EQ
12IML26A,240062724,,937745,,BSE,EQ
IML27,240063236,,937747,,BSE,EQ
11KAFL26,240067332,,937763,,BSE,EQ
1125KLM26A,240067844,,937765,,BSE,EQ
KAFL28A,240068356,,937767,,BSE,EQ
910MFL26,240069892,,937773,,BSE,EQ
950MFL27,240070404,,937775,,BSE,EQ
975MFL29,240070916,,937777,,BSE,EQ
MFL26B,240072452,,937783,,BSE,EQ
MFL29A,240072964,,937785,,BSE,EQ
915EFSL26A,240076548,,937799,,BSE,EQ
955EFSL26B,240077060,,937801,,BSE,EQ
EFSL26A,240077572,,937803,,BSE,EQ
93EFSL31A,240078084,,937805,,BSE,EQ
97EFSL31A,240078596,,937807,,BSE,EQ
975MMFL26,240081156,,937817,,BSE,EQ
MMFLZC27D,240081668,,937819,,BSE,EQ
820IIFL27,240083204,,937825,,BSE,EQ
850IIFL27,240083716,,937827,,BSE,EQ
IIFLHFZC27,240084228,,937829,,BSE,EQ
843IHFL29,240084740,,937831,,BSE,EQ
875IHFL29,240085252,,937833,,BSE,EQ
IIFLHF29,240085764,,937835,,BSE,EQ
875SCFL27,240091908,,937859,,BSE,EQ
925SCFL27,240092420,,937861,,BSE,EQ
843SCFL27,240092932,,937863,,BSE,EQ
889SCFL27,240093444,,937865,,BSE,EQ
850MFL27,240098564,,937885,,BSE,EQ
875MFL28,240099076,,937887,,BSE,EQ
9MFL30,240099588,,937889,,BSE,EQ
MFLZC27A,240101124,,937895,,BSE,EQ
MFLZC28F,240101636,,937897,,BSE,EQ
MFLZC30,240102148,,937899,,BSE,EQ
11KAFL27,240107780,,937921,,BSE,EQ
1125KAFL27,240108292,,937923,,BSE,EQ
KAFLZC28,240108804,,937925,,BSE,EQ
950KFIL26,240111364,,937935,,BSE,EQ
KFLZC26D,240111876,,937937,,BSE,EQ
10KFIL27,240112388,,937939,,BSE,EQ
KFLZC29,240112900,,937941,,BSE,EQ
875SCL27,240119044,,937965,,BSE,EQ
925SCL27,240119556,,937967,,BSE,EQ
843SCL27,240120068,,937969,,BSE,EQ
889SCL27,240120580,,937971,,BSE,EQ
9SFL26,240123140,,937981,,BSE,EQ
SFL26,240123652,,937983,,BSE,EQ
10SFL27,240124164,,937985,,BSE,EQ
SFL27,240124676,,937987,,BSE,EQ
915NIDO27,240127748,,937999,,BSE,EQ
955NIDO27,240128260,,938001,,BSE,EQ
NIDO27,240128772,,938003,,BSE,EQ
930NIDO32,240129284,,938005,,BSE,EQ
970NIDO32,240129796,,938007,,BSE,EQ
MFLII27B,240130820,,938011,,BSE,EQ
MFLIV27D,240131844,,938015,,BSE,EQ
MFLV29E,240132868,,938019,,BSE,EQ
MFLVI32F,240133380,,938021,,BSE,EQ
MFLVIII27H,240135428,,938029,,BSE,EQ
950MMFL26,240141572,,938053,,BSE,EQ
MMFL27,240142084,,938055,,BSE,EQ
MFLII27,240145156,,938067,,BSE,EQ
MFLIV27,240146180,,938071,,BSE,EQ
MFLV29,240146692,,938073,,BSE,EQ
MFLVII27,240147716,,938077,,BSE,EQ
11IML27,240151300,,938091,,BSE,EQ
IML28C,240151812,,938093,,BSE,EQ
916NWIL27,240154884,,938105,,BSE,EQ
955NWIL27,240155396,,938107,,BSE,EQ
NWIL27,240155908,,938109,,BSE,EQ
953NWIL32,240156420,,938111,,BSE,EQ
995NWIL32,240156932,,938113,,BSE,EQ
9KFL26,240158980,,938121,,BSE,EQ
95KFL26,240159492,,938123,,BSE,EQ
KFL27A,240160004,,938125,,BSE,EQ
925KFL27,240160516,,938127,,BSE,EQ
KFL29,240161028,,938129,,BSE,EQ
835MFL26,240162564,,938135,,BSE,EQ
MFL26E,240164100,,938141,,BSE,EQ
MFL30,240164612,,938143,,BSE,EQ
87SCL27,240172548,,938174,,BSE,EQ
915SCL27,240173060,,938176,,BSE,EQ
865SCL24B,240173572,,938178,,BSE,EQ
905SC24B,240174084,,938180,,BSE,EQ
1050KLM27,240178180,,938196,,BSE,EQ
1075KLM27,240178692,,938198,,BSE,EQ
KAFL29,240179204,,938200,,BSE,EQ
935EFSL27,240182276,,938212,,BSE,EQ
975EFSL27,240182788,,938214,,BSE,EQ
EFSL27,240183300,,938216,,BSE,EQ
965EFSL32,240183812,,938218,,BSE,EQ
1010EFSL32,240184324,,938220,,BSE,EQ
79NHIT35,240184836,,938222,,BSE,EQ
79NHIT40,240185348,,938224,,BSE,EQ
79NHIT47,240185860,,938226,,BSE,EQ
915SCL27A,240192516,,938252,,BSE,EQ
89SCL24A,240193028,,938254,,BSE,EQ
MFLTDII27,240193540,,938256,,BSE,EQ
93SCL24A,240194052,,938258,,BSE,EQ
MFLV27,240195588,,938264,,BSE,EQ
MFLTDVII27,240196612,,938268,,BSE,EQ
960CAGL25,240198148,,938274,,BSE,EQ
CAGL25A,240198660,,938276,,BSE,EQ
10CAGL27,240199172,,938278,,BSE,EQ
CAGL27A,240199684,,938280,,BSE,EQ
735MFL25,240200196,,938282,,BSE,EQ
750MFL27,240200708,,938284,,BSE,EQ
760MFL25,240201732,,938288,,BSE,EQ
775MFL27,240202244,,938290,,BSE,EQ
MFLZC25,240202756,,938292,,BSE,EQ
MFLZC27,240203268,,938294,,BSE,EQ
905SCL25,240206340,,938306,,BSE,EQ
955SCL25,240206852,,938308,,BSE,EQ
87SCL25,240207364,,938310,,BSE,EQ
916SCL25,240207876,,938312,,BSE,EQ
98SCL27,240208388,,938314,,BSE,EQ
894SCL27,240208900,,938316,,BSE,EQ
939SCL27,240209412,,938318,,BSE,EQ
965SCL25C,240209924,,938320,,BSE,EQ
11CCIL26,240211972,,938328,,BSE,EQ
115CCIL28,240212484,,938330,,BSE,EQ
CCILZC26,240213508,,938334,,BSE,EQ
CCILZC29,240214020,,938336,,BSE,EQ
9KFL26A,240216068,,938344,,BSE,EQ
KFL26,240216580,,938346,,BSE,EQ
95KFL27,240217092,,938348,,BSE,EQ
KFL27B,240217604,,938350,,BSE,EQ
KFL30,240218116,,938352,,BSE,EQ
920EFSL26B,240219652,,938358,,BSE,EQ
960EFSL26C,240220164,,938360,,BSE,EQ
EFSLZC26B,240220676,,938362,,BSE,EQ
967EFSL28D,240221188,,938364,,BSE,EQ
1010EFS28A,240221700,,938366,,BSE,EQ
EFSLZC28,240222212,,938368,,BSE,EQ
10EFSL33B,240222724,,938370,,BSE,EQ
1045EFS33A,240223236,,938372,,BSE,EQ
875IIFL26A,240224772,,938378,,BSE,EQ
IIFLZC26A,240225284,,938380,,BSE,EQ
865IIFL28,240225796,,938382,,BSE,EQ
9IIFL28A,240226308,,938384,,BSE,EQ
IIFLZC28A,240226820,,938386,,BSE,EQ
965IFSL26,240228356,,938392,,BSE,EQ
10IFSL26,240228868,,938394,,BSE,EQ
966SFIL25A,240231428,,938404,,BSE,EQ
1030SFIL26,240231940,,938406,,BSE,EQ
984SFIL26A,240232452,,938408,,BSE,EQ
980SFIL28,240232964,,938410,,BSE,EQ
1030SFIL28,240233988,,938414,,BSE,EQ
825MFL26,240234500,,938416,,BSE,EQ
940SFIL28,240235012,,938418,,BSE,EQ
840MFL27,240235524,,938420,,BSE,EQ
985SFIL28,240236036,,938422,,BSE,EQ
850MFL28,240236548,,938424,,BSE,EQ
870MFL27,240237060,,938426,,BSE,EQ
880MFL28,240237572,,938428,,BSE,EQ
MFL26C,240238596,,938432,,BSE,EQ
775MFL26,240239108,,938434,,BSE,EQ
785MFL28,240239620,,938436,,BSE,EQ
8MFL26,240240644,,938440,,BSE,EQ
81MFL28,240241156,,938442,,BSE,EQ
MFL23,240241668,,938444,,BSE,EQ
MFL23A,240242180,,938446,,BSE,EQ
950KLMF26,240245252,,938458,,BSE,EQ
975KLMAF26,240245764,,938460,,BSE,EQ
1050KLMA28,240246276,,938462,,BSE,EQ
1075KLMA28,240246788,,938464,,BSE,EQ
KAFLZC30,240247300,,938466,,BSE,EQ
990SCL26D,240250372,,938478,,BSE,EQ
948SCL26D,240250884,,938480,,BSE,EQ
990SCFL26,240251396,,938482,,BSE,EQ
965SCL28,240251908,,938484,,BSE,EQ
1015SCL28A,240252420,,938486,,BSE,EQ
925SCL28,240252932,,938488,,BSE,EQ
971SCL28,240253444,,938490,,BSE,EQ
1025SFIL26,240256004,,938500,,BSE,EQ
98SFIL26,240256516,,938502,,BSE,EQ
1050SFIL28,240257028,,938504,,BSE,EQ
957SFIL28,240257540,,938506,,BSE,EQ
1003SFIL28,240258052,,938508,,BSE,EQ
866SFIL23A,240258564,,938510,,BSE,EQ
890SFIL23A,240259076,,938512,,BSE,EQ
920EFSL26,240260612,,938518,,BSE,EQ
960EFSL26,240261124,,938520,,BSE,EQ
EFSL26B,240261636,,938522,,BSE,EQ
967EFSL28,240262148,,938524,,BSE,EQ
101EFSL28,240262660,,938526,,BSE,EQ
EFSL28,240263172,,938528,,BSE,EQ
10EFSL33,240263684,,938530,,BSE,EQ
1045EFS33B,240264196,,938532,,BSE,EQ
9KFL26B,240266244,,938540,,BSE,EQ
KFL26A,240266756,,938542,,BSE,EQ
95KFL27A,240267268,,938544,,BSE,EQ
KFL27C,240267780,,938546,,BSE,EQ
KFL30A,240268292,,938548,,BSE,EQ
775MFL2026,240268804,,938550,,BSE,EQ
785MFL2028,240269316,,938552,,BSE,EQ
8MFL2026,240270340,,938556,,BSE,EQ
810MFL2028,240270852,,938558,,BSE,EQ
MFL26,240271364,,938560,,BSE,EQ
MFL28,240271876,,938562,,BSE,EQ
865MFL26A,240272900,,938566,,BSE,EQ
88MFL28,240273412,,938568,,BSE,EQ
9MFL30A,240273924,,938570,,BSE,EQ
915MFL28,240274436,,938572,,BSE,EQ
MFL26Z,240275460,,938576,,BSE,EQ
MFL30A,240275972,,938578,,BSE,EQ
830CIFC26,240277508,,938584,,BSE,EQ
CIFCZC26A,240278020,,938586,,BSE,EQ
840CIFCL28,240278532,,938588,,BSE,EQ
CIFCZC28A,240279044,,938590,,BSE,EQ
925SFL26,240280580,,938596,,BSE,EQ
SFL26A,240281092,,938598,,BSE,EQ
950SFL27,240281604,,938600,,BSE,EQ
SFL27A,240282116,,938602,,BSE,EQ
1025SFL28,240282628,,938604,,BSE,EQ
SFL28,240283140,,938606,,BSE,EQ
SFL30,240283652,,938608,,BSE,EQ
1150IML28,240286212,,938618,,BSE,EQ
IML28,240286724,,938620,,BSE,EQ
IML29,240287236,,938622,,BSE,EQ
85IFL26,240288772,,938628,,BSE,EQ
IIFLZC26B,240289284,,938630,,BSE,EQ
865IFL28,240289796,,938632,,BSE,EQ
9IIFL28,240290308,,938634,,BSE,EQ
IIFLZC28B,240290820,,938636,,BSE,EQ
1050NFL26,240292868,,938644,,BSE,EQ
1102NFL26,240293380,,938646,,BSE,EQ
92EFSL26,240294916,,938652,,BSE,EQ
96EFSL26,240295428,,938654,,BSE,EQ
EFSL26C,240295940,,938656,,BSE,EQ
967EFS28,240296452,,938658,,BSE,EQ
1010EFS28,240296964,,938660,,BSE,EQ
EFSL28A,240297476,,938662,,BSE,EQ
10EFS33,240297988,,938664,,BSE,EQ
1045EFS33,240298500,,938666,,BSE,EQ
940SCL26C,240302084,,938680,,BSE,EQ
990SCL26I,240302596,,938682,,BSE,EQ
902SCL26I,240303108,,938684,,BSE,EQ
948SCL26I,240303620,,938686,,BSE,EQ
SCLZC26B,240304132,,938688,,BSE,EQ
1015SCL28B,240304644,,938690,,BSE,EQ
925SCL28I,240305156,,938692,,BSE,EQ
971SCL28I,240305668,,938694,,BSE,EQ
745PFCL26,240306180,,938696,,BSE,EQ
750PFCL26,240306692,,938698,,BSE,EQ
747PFCL33,240307204,,938700,,BSE,EQ
753PFCL33,240307716,,938702,,BSE,EQ
750PFCL38,240308228,,938704,,BSE,EQ
755PFCL38,240308740,,938706,,BSE,EQ
925IHFL25E,240310276,,938712,,BSE,EQ
CIFC26A,240310788,,938714,,BSE,EQ
84CIFCL28,240311300,,938716,,BSE,EQ
CIFC28,240311812,,938718,,BSE,EQ
925CAGL26,240315908,,938734,,BSE,EQ
CAGL26,240316420,,938736,,BSE,EQ
940CAGL27,240316932,,938738,,BSE,EQ
CAGL27,240317444,,938740,,BSE,EQ
970CAGL28,240317956,,938742,,BSE,EQ
CAGL28,240318468,,938744,,BSE,EQ
975KAFL26,240321540,,938756,,BSE,EQ
10KAFL26,240322052,,938758,,BSE,EQ
1050KAFL28,240322564,,938760,,BSE,EQ
1075KAFL28,240323076,,938762,,BSE,EQ
KAFL30,240323588,,938764,,BSE,EQ
920NIDO26,240325124,,938770,,BSE,EQ
960NIDO26,240325636,,938772,,BSE,EQ
NIDO26,240326148,,938774,,BSE,EQ
967NIDO28,240326660,,938776,,BSE,EQ
1010NIDO28,240327172,,938778,,BSE,EQ
NIDO28,240327684,,938780,,BSE,EQ
10NIDO33,240328196,,938782,,BSE,EQ
1045NIDO33,240328708,,938784,,BSE,EQ
890MFL26A,240329732,,938788,,BSE,EQ
905MFL28A,240330244,,938790,,BSE,EQ
927MFL26A,240331268,,938794,,BSE,EQ
944MFL28A,240331780,,938796,,BSE,EQ
MFL26F,240332804,,938800,,BSE,EQ
MFL28B,240333316,,938802,,BSE,EQ
MFL31,240333828,,938804,,BSE,EQ
990SCL26,240336900,,938816,,BSE,EQ
940SCL26,240337412,,938818,,BSE,EQ
948SCL26,240337924,,938820,,BSE,EQ
902SCL26,240338436,,938822,,BSE,EQ
SCLZC26C,240338948,,938824,,BSE,EQ
SCLZC26H,240339460,,938826,,BSE,EQ
965SCL28C,240339972,,938828,,BSE,EQ
925SCL28C,240340484,,938830,,BSE,EQ
971SCL28C,240340996,,938832,,BSE,EQ
10SCL30A,240341508,,938834,,BSE,EQ
1003SCL30,240342020,,938836,,BSE,EQ
957SCL30,240342532,,938838,,BSE,EQ
980SCL33C,240343044,,938840,,BSE,EQ
888SCL25D,240343556,,938842,,BSE,EQ
1025SCL33A,240344068,,938844,,BSE,EQ
1075SCL33A,240344580,,938846,,BSE,EQ
980SCL33A,240345092,,938848,,BSE,EQ
888SCL25E,240345604,,938850,,BSE,EQ
KFL26B,240347140,,938856,,BSE,EQ
925KFL26,240347652,,938858,,BSE,EQ
KFL26C,240348164,,938860,,BSE,EQ
10KFL27,240348676,,938862,,BSE,EQ
KFL28D,240349188,,938864,,BSE,EQ
KFL31,240349700,,938866,,BSE,EQ
775MFLTD26,240350212,,938868,,BSE,EQ
775MFLTD28,240350724,,938870,,BSE,EQ
8MFLTD26,240351748,,938874,,BSE,EQ
8MFLTD28,240352260,,938876,,BSE,EQ
MFL26A,240352772,,938878,,BSE,EQ
MFL28A,240353284,,938880,,BSE,EQ
8ABCL26,240353796,,938882,,BSE,EQ
ABCL26,240354308,,938884,,BSE,EQ
805ABCL28,240354820,,938886,,BSE,EQ
ABCL28,240355332,,938888,,BSE,EQ
78ABCL33,240355844,,938890,,BSE,EQ
81ABCL33,240356356,,938892,,BSE,EQ
920EFSL26A,240357892,,938898,,BSE,EQ
960EFSLA,240358404,,938900,,BSE,EQ
EFSLZC26C,240358916,,938902,,BSE,EQ
967EFSL28A,240359428,,938904,,BSE,EQ
1010EFSL28,240359940,,938906,,BSE,EQ
EFSLZC28C,240360452,,938908,,BSE,EQ
10EFSL33A,240360964,,938910,,BSE,EQ
1045EFSL33,240361476,,938912,,BSE,EQ
89MFL26,240362500,,938916,,BSE,EQ
905MFL28,240363012,,938918,,BSE,EQ
927MFL26,240364036,,938922,,BSE,EQ
944MFL28,240364548,,938924,,BSE,EQ
MFL26D,240365572,,938928,,BSE,EQ
MFL28D,240366084,,938930,,BSE,EQ
MFL31A,240366596,,938932,,BSE,EQ
11CCL26,240368644,,938940,,BSE,EQ
1150CCIL28,240369156,,938942,,BSE,EQ
CCILZC30,240370692,,938948,,BSE,EQ
940SCL26A,240376836,,938972,,BSE,EQ
990SCL26A,240377348,,938974,,BSE,EQ
902SCL26A,240377860,,938976,,BSE,EQ
948SCL26A,240378372,,938978,,BSE,EQ
SCLZC26D,240378884,,938980,,BSE,EQ
SCLZC26E,240379396,,938982,,BSE,EQ
965SCL28A,240379908,,938984,,BSE,EQ
1015SCL28,240380420,,938986,,BSE,EQ
925SCL28A,240380932,,938988,,BSE,EQ
971SCL28A,240381444,,938990,,BSE,EQ
1050SCL30,240381956,,938992,,BSE,EQ
1003SCL30A,240382468,,938994,,BSE,EQ
1075SCL33B,240382980,,938996,,BSE,EQ
980SCL33,240383492,,938998,,BSE,EQ
925SCL25G,240384004,,939000,,BSE,EQ
965SCL25F,240384516,,939002,,BSE,EQ
1030IFSL26,240386564,,939010,,BSE,EQ
984IFSL26,240387076,,939012,,BSE,EQ
888IHFL25F,240387588,,939014,,BSE,EQ
CIFCZC25,240388100,,939016,,BSE,EQ
850CIFCL26,240388612,,939018,,BSE,EQ
CIFCZC26,240389124,,939020,,BSE,EQ
860CIFCL28,240389636,,939022,,BSE,EQ
CIFCZC28,240390148,,939024,,BSE,EQ
115ICLFL25,240391172,,939028,,BSE,EQ
12ICLFL26,240391684,,939030,,BSE,EQ
125ICLFL28,240392196,,939032,,BSE,EQ
12ICFL25,240393220,,939036,,BSE,EQ
125ICFL26,240393732,,939038,,BSE,EQ
1175ICLF25,240394244,,939040,,BSE,EQ
1225ICLF26,240394756,,939042,,BSE,EQ
ICLFLZC29,240395268,,939044,,BSE,EQ
921ISFL25,240395780,,939046,,BSE,EQ
960ISFL25,240396292,,939048,,BSE,EQ
957ISFL26,240396804,,939050,,BSE,EQ
10ISFL26,240397316,,939052,,BSE,EQ
1003ISFL28,240397828,,939054,,BSE,EQ
1050ISFL28,240398340,,939056,,BSE,EQ
975MML25,240402948,,939074,,BSE,EQ
1025MML25,240403460,,939076,,BSE,EQ
MML25B,240403972,,939078,,BSE,EQ
MML25C,240404484,,939080,,BSE,EQ
1025MML26,240404996,,939082,,BSE,EQ
1075MML26,240405508,,939084,,BSE,EQ
MML26,240406020,,939086,,BSE,EQ
MML26A,240406532,,939088,,BSE,EQ
1050MML28,240407044,,939090,,BSE,EQ
11MML28,240407556,,939092,,BSE,EQ
MML28,240408068,,939094,,BSE,EQ
MML28A,240408580,,939096,,BSE,EQ
MML30,240409092,,939098,,BSE,EQ
925SCL25H,240409604,,939100,,BSE,EQ
965SCL25B,240410116,,939102,,BSE,EQ
888SCL25B,240410628,,939104,,BSE,EQ
925SCL25B,240411140,,939106,,BSE,EQ
SCLZC25E,240411652,,939108,,BSE,EQ
SCLZC25F,240412164,,939110,,BSE,EQ
940SCL26B,240412676,,939112,,BSE,EQ
990SCL26B,240413188,,939114,,BSE,EQ
948SCL26B,240413700,,939116,,BSE,EQ
SCLZC26F,240414212,,939118,,BSE,EQ
SCLZC26G,240414724,,939120,,BSE,EQ
965SCL28B,240415236,,939122,,BSE,EQ
925SCL28B,240415748,,939124,,BSE,EQ
971SCL28B,240416260,,939126,,BSE,EQ
980SCL33D,240416772,,939128,,BSE,EQ
835SCL23A,240417284,,939130,,BSE,EQ
875SCL23A,240417796,,939132,,BSE,EQ
1025SCL33,240418308,,939134,,BSE,EQ
1075SCL33,240418820,,939136,,BSE,EQ
980SCL33B,240419332,,939138,,BSE,EQ
835SCL23B,240419844,,939140,,BSE,EQ
9ARKA25,240420356,,939142,,BSE,EQ
93ARKA25,240420868,,939144,,BSE,EQ
93ARKA26,240421380,,939146,,BSE,EQ
965ARKA26,240421892,,939148,,BSE,EQ
965ARKA28,240422404,,939150,,BSE,EQ
10ARKA28,240422916,,939152,,BSE,EQ
875KFL26,240423940,,939156,,BSE,EQ
KFLZC26E,240424452,,939158,,BSE,EQ
925FL27,240424964,,939160,,BSE,EQ
KFLZC27A,240425476,,939162,,BSE,EQ
10KFL28,240425988,,939164,,BSE,EQ
KFLZC28C,240426500,,939166,,BSE,EQ
KFLZC31,240427012,,939168,,BSE,EQ
903ONE26,240428548,,939174,,BSE,EQ
941ONE26,240429060,,939176,,BSE,EQ
921ONE27,240429572,,939178,,BSE,EQ
961ONE27,240430084,,939180,,BSE,EQ
926ONE29,240430596,,939182,,BSE,EQ
966ONE29,240431108,,939184,,BSE,EQ
895EFSL26,240431620,,939186,,BSE,EQ
EFSL26D,240432132,,939188,,BSE,EQ
920EFSL27,240432644,,939190,,BSE,EQ
960EFSL27,240433156,,939192,,BSE,EQ
EFSL27A,240433668,,939194,,BSE,EQ
967EFSL29,240434180,,939196,,BSE,EQ
1010EFSL29,240434692,,939198,,BSE,EQ
EFSL29,240435204,,939200,,BSE,EQ
10EFSL34,240435716,,939202,,BSE,EQ
1045EFSL34,240436228,,939204,,BSE,EQ
825MFL27,240436740,,939206,,BSE,EQ
825MFL29,240437252,,939208,,BSE,EQ
825MFL2026,240437764,,939210,,BSE,EQ
850MFL27A,240438276,,939212,,BSE,EQ
850MFL29,240438788,,939214,,BSE,EQ
MFL27,240439300,,939216,,BSE,EQ
MFL29,240439812,,939218,,BSE,EQ
875CIFC23B,240440324,,939220,,BSE,EQ
CIFC26,240440836,,939222,,BSE,EQ
85CIFC27,240441348,,939224,,BSE,EQ
CIF27,240441860,,939226,,BSE,EQ
86CIFC29,240442372,,939228,,BSE,EQ
CIF29,240442884,,939230,,BSE,EQ
890MFL26,240443396,,939232,,BSE,EQ
915MFL27,240443908,,939234,,BSE,EQ
935MFL29,240444420,,939236,,BSE,EQ
925MFL26,240444932,,939238,,BSE,EQ
950MFL27A,240445444,,939240,,BSE,EQ
975MFL29A,240445956,,939242,,BSE,EQ
MFLZC26E,240446468,,939244,,BSE,EQ
MFLZC27F,240446980,,939246,,BSE,EQ
MFLZC29A,240447492,,939248,,BSE,EQ
MFLZC32,240448004,,939250,,BSE,EQ
975IML26,240449540,,939256,,BSE,EQ
IML16224,240450052,,939258,,BSE,EQ
1075IML27,240450564,,939260,,BSE,EQ
IML160224,240451076,,939262,,BSE,EQ
1150IML29,240451588,,939264,,BSE,EQ
IML1622024,240452100,,939266,,BSE,EQ
9SFL2026,240452612,,939268,,BSE,EQ
SFL270224,240453124,,939270,,BSE,EQ
925SFL27,240453636,,939272,,BSE,EQ
SFL27224,240454148,,939274,,BSE,EQ
1025SFL29,240454660,,939276,,BSE,EQ
SFL2722024,240455172,,939278,,BSE,EQ
SFL270224A,240455684,,939280,,BSE,EQ
1035UCL26,240457220,,939286,,BSE,EQ
105UCL2026,240457732,,939288,,BSE,EQ
11UCL26,240458244,,939290,,BSE,EQ
NIDO010326,240459012,,939293,,BSE,EQ
95NIDO26,240459524,,939295,,BSE,EQ
958NIDO27,240460036,,939297,,BSE,EQ
10NIDO27,240460548,,939299,,BSE,EQ
NIDO010327,240461060,,939301,,BSE,EQ
1003NIDO29,240461572,,939303,,BSE,EQ
1050NIDO29,240462084,,939305,,BSE,EQ
NIDO010329,240462596,,939307,,BSE,EQ
1026NIDO34,240463108,,939309,,BSE,EQ
1075NIDO34,240463620,,939311,,BSE,EQ
1075CCIL26,240465156,,939317,,BSE,EQ
11CCIL27,240465668,,939319,,BSE,EQ
1150CCIL29,240466180,,939321,,BSE,EQ
CCI110324,240467204,,939325,,BSE,EQ
CCI110324A,240467716,,939327,,BSE,EQ
1040NFL26,240468740,,939331,,BSE,EQ
1090NFL26,240469252,,939333,,BSE,EQ
1065NFL27,240469764,,939335,,BSE,EQ
1119NFL27,240470276,,939337,,BSE,EQ
925SCL26A,240470788,,939339,,BSE,EQ
965SCL26,240471300,,939341,,BSE,EQ
888SCL26,240471812,,939343,,BSE,EQ
925SCL26B,240472324,,939345,,BSE,EQ
0SCL26,240472836,,939347,,BSE,EQ
940SCL27,240473348,,939349,,BSE,EQ
990SCL27,240473860,,939351,,BSE,EQ
902SCL27,240474372,,939353,,BSE,EQ
948SCL27,240474884,,939355,,BSE,EQ
0SCL27,240475396,,939357,,BSE,EQ
965SCL29,240475908,,939359,,BSE,EQ
1015SCFL29,240476420,,939361,,BSE,EQ
925SCL29,240476932,,939363,,BSE,EQ
971SCL29,240477444,,939365,,BSE,EQ
10SCL31,240477956,,939367,,BSE,EQ
1050SCFL31,240478468,,939369,,BSE,EQ
957SCL31,240478980,,939371,,BSE,EQ
1003SCFL31,240479492,,939373,,BSE,EQ
1025SCFL34,240480004,,939375,,BSE,EQ
1075SCFL34,240480516,,939377,,BSE,EQ
980SCL34,240481028,,939379,,BSE,EQ
1025SCL34,240481540,,939381,,BSE,EQ
1150IFL26,240482564,,939385,,BSE,EQ
12IFL27,240483076,,939387,,BSE,EQ
1250IFL29,240483588,,939389,,BSE,EQ
IFL19424,240484612,,939393,,BSE,EQ
IFL1942024,240485124,,939395,,BSE,EQ
1175IFL26,240485636,,939397,,BSE,EQ
1225IFL27,240486148,,939399,,BSE,EQ
IFL19424A,240486660,,939401,,BSE,EQ
9EFSL26,240487172,,939403,,BSE,EQ
EFSL290424,240487684,,939405,,BSE,EQ
920EFSL27A,240488196,,939407,,BSE,EQ
96EFSL27,240488708,,939409,,BSE,EQ
EFS290424,240489220,,939411,,BSE,EQ
875KFL26A,240490244,,939415,,BSE,EQ
0KFL26,240490756,,939417,,BSE,EQ
950KFL27,240491268,,939419,,BSE,EQ
0KFL27,240491780,,939421,,BSE,EQ
967EFSL29A,240492292,,939423,,BSE,EQ
1010EFS29,240492804,,939425,,BSE,EQ
10KFL28A,240493316,,939427,,BSE,EQ
EFS290424A,240493828,,939429,,BSE,EQ
0KFL28,240494340,,939431,,BSE,EQ
0KFL31,240494852,,939433,,BSE,EQ
1010EFS29A,240495364,,939435,,BSE,EQ
10EFSL34A,240495876,,939437,,BSE,EQ
1045EFS34,240496388,,939439,,BSE,EQ
1045EFS34A,240496900,,939441,,BSE,EQ
890MFCL26,240497412,,939443,,BSE,EQ
915MFCL27,240497924,,939445,,BSE,EQ
935MFCL29,240498436,,939447,,BSE,EQ
955MFCL30,240498948,,939449,,BSE,EQ
925MFCL26,240499460,,939451,,BSE,EQ
950MFCL27,240499972,,939453,,BSE,EQ
975MFCL29,240500484,,939455,,BSE,EQ
10MFCL30,240500996,,939457,,BSE,EQ
MFCL30424,240501508,,939459,,BSE,EQ
MFCL30424A,240502020,,939461,,BSE,EQ
MFCL30424B,240502532,,939463,,BSE,EQ
MFCL30424C,240503044,,939465,,BSE,EQ
MFCL30424D,240503556,,939467,,BSE,EQ
885MOFSL26,240504068,,939469,,BSE,EQ
0MOFSL26,240504580,,939471,,BSE,EQ
91MOFSL27,240505092,,939473,,BSE,EQ
0MOFSL27,240505604,,939475,,BSE,EQ
897MOFSL29,240506116,,939477,,BSE,EQ
935MOFSL29,240506628,,939479,,BSE,EQ
93MOFSL34,240507140,,939481,,BSE,EQ
97MOFSL34,240507652,,939483,,BSE,EQ
105MML25,240509188,,939489,,BSE,EQ
MML27524A,240509700,,939491,,BSE,EQ
1060MML26,240510212,,939493,,BSE,EQ
0MML27524,240510724,,939495,,BSE,EQ
1075MML27,240511236,,939497,,BSE,EQ
0MML27,240511748,,939499,,BSE,EQ
1080MML29,240512260,,939501,,BSE,EQ
0MML29,240512772,,939503,,BSE,EQ
0MML29A,240513284,,939505,,BSE,EQ
925SCL26C,240513796,,939507,,BSE,EQ
965SCL26A,240514308,,939509,,BSE,EQ
888SCL26A,240514820,,939511,,BSE,EQ
925SCL26D,240515332,,939513,,BSE,EQ
SCFL310524,240515844,,939515,,BSE,EQ
SCL310524,240516356,,939517,,BSE,EQ
94SCL27,240516868,,939519,,BSE,EQ
99SCL27,240517380,,939521,,BSE,EQ
902SCL27A,240517892,,939523,,BSE,EQ
948SCL27A,240518404,,939525,,BSE,EQ
SCL310524A,240518916,,939527,,BSE,EQ
1015SCL29,240519428,,939529,,BSE,EQ
925SCL29A,240519940,,939531,,BSE,EQ
971SCL29A,240520452,,939533,,BSE,EQ
10SCL31A,240520964,,939535,,BSE,EQ
1050SCL31,240521476,,939537,,BSE,EQ
1003SCL31,240521988,,939539,,BSE,EQ
1075SCL34,240522500,,939541,,BSE,EQ
98SCL34,240523012,,939543,,BSE,EQ
1025SCL34A,240523524,,939545,,BSE,EQ
886ONE25,240524036,,939547,,BSE,EQ
916ONE25,240524548,,939549,,BSE,EQ
898ONE26,240525060,,939551,,BSE,EQ
935ONE26,240525572,,939553,,BSE,EQ
916ONE27,240526084,,939555,,BSE,EQ
955ONE27,240526596,,939557,,BSE,EQ
921ONE29,240527108,,939559,,BSE,EQ
96ONE29,240527620,,939561,,BSE,EQ
944ONE34,240528132,,939563,,BSE,EQ
985ONE34,240528644,,939565,,BSE,EQ
920IIFLS26,240529156,,939567,,BSE,EQ
960IIFLS26,240529668,,939569,,BSE,EQ
957IIFLS27,240530180,,939571,,BSE,EQ
10IIFLSF27,240530692,,939573,,BSE,EQ
1003IIFL29,240531204,,939575,,BSE,EQ
1050IIFL29,240531716,,939577,,BSE,EQ
950NHFL26,240532228,,939579,,BSE,EQ
0NHFL26,240532740,,939581,,BSE,EQ
958NHFL27,240533252,,939583,,BSE,EQ
10NHFL27,240533764,,939585,,BSE,EQ
0NHFL27,240534276,,939587,,BSE,EQ
1003NHFL29,240534788,,939589,,BSE,EQ
1050NHFL29,240535300,,939591,,BSE,EQ
0NHFL29,240535812,,939593,,BSE,EQ
1026NHFL34,240536324,,939595,,BSE,EQ
1075NHFL34,240536836,,939597,,BSE,EQ
9SFL26A,240537348,,939599,,BSE,EQ
0SFL26,240537860,,939601,,BSE,EQ
925SFL27A,240538372,,939603,,BSE,EQ
0SFL27A,240538884,,939605,,BSE,EQ
1025SF29,240539396,,939607,,BSE,EQ
0SFL29A,240539908,,939609,,BSE,EQ
0SFL31,240540420,,939611,,BSE,EQ
950EFSL26,240540932,,939613,,BSE,EQ
EFSL26724,240541444,,939615,,BSE,EQ
957EFSL27,240541956,,939617,,BSE,EQ
10EFSL27,240542468,,939619,,BSE,EQ
EFSL260724,240542980,,939621,,BSE,EQ
1004EFSL29,240543492,,939623,,BSE,EQ
1050EFSL29,240544004,,939625,,BSE,EQ
EFSL26724A,240544516,,939627,,BSE,EQ
105EFSL29,240545028,,939629,,BSE,EQ
1049EFSL34,240545540,,939631,,BSE,EQ
11EFSL34,240546052,,939633,,BSE,EQ
11EFSL34A,240546564,,939635,,BSE,EQ
KFL070824,240547076,,939637,,BSE,EQ
10SMCGSL26,240547588,,939639,,BSE,EQ
925KFL26A,240548100,,939641,,BSE,EQ
0SMCGSL26,240548612,,939643,,BSE,EQ
KFL070824A,240549124,,939645,,BSE,EQ
102SMCGS27,240549636,,939647,,BSE,EQ
10KFL27A,240550148,,939649,,BSE,EQ
0SMCGSL27,240550660,,939651,,BSE,EQ
KFL070824B,240551172,,939653,,BSE,EQ
994SMCGS29,240551684,,939655,,BSE,EQ
104SMCGS29,240552196,,939657,,BSE,EQ
1025KFL29,240552708,,939659,,BSE,EQ
KFL070824C,240553220,,939661,,BSE,EQ
KFL070824D,240553732,,939663,,BSE,EQ
KAFL080824,240554756,,939667,,BSE,EQ
985KAFL26,240555268,,939669,,BSE,EQ
10KAFL26A,240555780,,939671,,BSE,EQ
10KAFL26B,240556292,,939673,,BSE,EQ
1025KAFL27,240556804,,939675,,BSE,EQ
1050KAFL27,240557316,,939677,,BSE,EQ
1075KAFL29,240557828,,939679,,BSE,EQ
11KAFL29,240558340,,939681,,BSE,EQ
KAF080824,240558852,,939683,,BSE,EQ
1075CCI26,240559876,,939687,,BSE,EQ
11CCI26,240560388,,939689,,BSE,EQ
1125CCI27,240560900,,939691,,BSE,EQ
12CCI29,240561412,,939693,,BSE,EQ
CCIL14824A,240562436,,939697,,BSE,EQ
CCIL14824B,240562948,,939699,,BSE,EQ
CCIL14824C,240563460,,939701,,BSE,EQ
1080MML26,240564996,,939707,,BSE,EQ
MML110924,240565508,,939709,,BSE,EQ
1125MML27,240566020,,939711,,BSE,EQ
MML11924A,240566532,,939713,,BSE,EQ
1150MML29,240567044,,939715,,BSE,EQ
MML11924B,240567556,,939717,,BSE,EQ
MML11924C,240568068,,939719,,BSE,EQ
925AEL26,240568580,,939721,,BSE,EQ
AEL120924,240569092,,939723,,BSE,EQ
932AEL27,240569604,,939725,,BSE,EQ
965AEL27,240570116,,939727,,BSE,EQ
AEL120924A,240570628,,939729,,BSE,EQ
956AEL29,240571140,,939731,,BSE,EQ
99AEL29,240571652,,939733,,BSE,EQ
AEL120924B,240572164,,939735,,BSE,EQ
9MFCL26,240572676,,939737,,BSE,EQ
925MFCL27,240573188,,939739,,BSE,EQ
945MFCL29,240573700,,939741,,BSE,EQ
965MFCL30,240574212,,939743,,BSE,EQ
940MFCL26,240574724,,939745,,BSE,EQ
965MFCL27,240575236,,939747,,BSE,EQ
990MFCL29,240575748,,939749,,BSE,EQ
1010MFCL30,240576260,,939751,,BSE,EQ
MFCL160924,240576772,,939753,,BSE,EQ
MFCL16924,240577284,,939755,,BSE,EQ
MFCL16924A,240577796,,939757,,BSE,EQ
MFCL16924B,240578308,,939759,,BSE,EQ
MFCL16924C,240578820,,939761,,BSE,EQ
925SCL26E,240579332,,939763,,BSE,EQ
965SCL26F,240579844,,939765,,BSE,EQ
925SCL26F,240580356,,939767,,BSE,EQ
SCL25924,240580868,,939769,,BSE,EQ
SCL25924A,240581380,,939771,,BSE,EQ
940SCL27A,240581892,,939773,,BSE,EQ
990SCL27B,240582404,,939775,,BSE,EQ
902SCL27C,240582916,,939777,,BSE,EQ
948SCL27D,240583428,,939779,,BSE,EQ
SCL25924C,240583940,,939781,,BSE,EQ
SCL25924D,240584452,,939783,,BSE,EQ
1015SCL29B,240584964,,939785,,BSE,EQ
925SCL29C,240585476,,939787,,BSE,EQ
971SCL29B,240585988,,939789,,BSE,EQ
1050SCL31A,240586500,,939791,,BSE,EQ
1003SCL31A,240587012,,939793,,BSE,EQ
1075SCL34A,240587524,,939795,,BSE,EQ
1075SCL34C,240588036,,939797,,BSE,EQ
980SCL34B,240588548,,939799,,BSE,EQ
1025SCL34B,240589060,,939801,,BSE,EQ
1050ICFL26,240589572,,939803,,BSE,EQ
ICFL250924,240590084,,939805,,BSE,EQ
1030ICFL27,240590596,,939807,,BSE,EQ
1070ICFL27,240591108,,939809,,BSE,EQ
1050ICFL29,240591620,,939811,,BSE,EQ
95NHFL26,240592132,,939813,,BSE,EQ
NHFL081024,240592644,,939815,,BSE,EQ
958NHFL27A,240593156,,939817,,BSE,EQ
10NHFL27A,240593668,,939819,,BSE,EQ
NHF081024,240594180,,939821,,BSE,EQ
1003NHF29,240594692,,939823,,BSE,EQ
1050NHF29,240595204,,939825,,BSE,EQ
NHF081024A,240595716,,939827,,BSE,EQ
1049NHFL34,240596228,,939829,,BSE,EQ
11NHFL34,240596740,,939831,,BSE,EQ
1015UCL26,240597252,,939833,,BSE,EQ
1025UCL26A,240597764,,939835,,BSE,EQ
1040UCL27B,240598276,,939837,,BSE,EQ
950EFSL26A,240598788,,939839,,BSE,EQ
EFSL241024,240599300,,939841,,BSE,EQ
957EFSL27A,240599812,,939843,,BSE,EQ
10EFSL27A,240600324,,939845,,BSE,EQ
EFS241024A,240600836,,939847,,BSE,EQ
1004EFS29B,240601348,,939849,,BSE,EQ
1050EFS29C,240601860,,939851,,BSE,EQ
EFS241024C,240602372,,939853,,BSE,EQ
1050EFS29A,240602884,,939855,,BSE,EQ
1049EFS34A,240603396,,939857,,BSE,EQ
11EFSL34B,240603908,,939859,,BSE,EQ
11EFSL34C,240604420,,939861,,BSE,EQ
9MFCL2026,240604932,,939863,,BSE,EQ
925MFCL27A,240605444,,939865,,BSE,EQ
945MFCL29A,240605956,,939867,,BSE,EQ
965MFCL30A,240606468,,939869,,BSE,EQ
94MFCL26,240606980,,939871,,BSE,EQ
965MFCL27A,240607492,,939873,,BSE,EQ
99MFCL29,240608004,,939875,,BSE,EQ
101MFCL30,240608516,,939877,,BSE,EQ
MFCL301024,240609028,,939879,,BSE,EQ
MFL301024A,240609540,,939881,,BSE,EQ
MFL301024B,240610052,,939883,,BSE,EQ
MFL301024C,240610564,,939885,,BSE,EQ
MFL301024D,240611076,,939887,,BSE,EQ
105IML26,240612612,,939893,,BSE,EQ
11IML2027,240613124,,939895,,BSE,EQ
IML081124,240613636,,939897,,BSE,EQ
12IML29,240614148,,939899,,BSE,EQ
IML8112024,240614660,,939901,,BSE,EQ
850MMFL26,240615172,,939903,,BSE,EQ
9MMFL27,240615684,,939905,,BSE,EQ
MMFL191124,240616196,,939907,,BSE,EQ
950MMFL27,240616708,,939909,,BSE,EQ
MMF191124A,240617220,,939911,,BSE,EQ
10MMFL28,240617732,,939913,,BSE,EQ
MMF191124B,240618244,,939915,,BSE,EQ
11ICLFL26,240618756,,939917,,BSE,EQ
1150ICLF26,240619268,,939919,,BSE,EQ
12ICLFL27B,240619780,,939921,,BSE,EQ
1250ICLF29,240620292,,939923,,BSE,EQ
ICLFL21224,240620804,,939925,,BSE,EQ
ICLF21224A,240621316,,939927,,BSE,EQ
ICLF021224,240621828,,939929,,BSE,EQ
1175ICLF26,240622340,,939931,,BSE,EQ
1225ICLF27,240622852,,939933,,BSE,EQ
ICLF21224,240623364,,939935,,BSE,EQ
950KLMAF26,240623876,,939937,,BSE,EQ
KLMAF41224,240624388,,939939,,BSE,EQ
985KLMAF26,240624900,,939941,,BSE,EQ
10KLMAFL26,240625412,,939943,,BSE,EQ
1025KLMA26,240625924,,939945,,BSE,EQ
1025KLMA27,240626436,,939947,,BSE,EQ
1050KLMA27,240626948,,939949,,BSE,EQ
1075KLMA29,240627460,,939951,,BSE,EQ
11KLMAFL29,240627972,,939953,,BSE,EQ
KLMA041224,240628484,,939955,,BSE,EQ
KFL121224,240628996,,939957,,BSE,EQ
925KFL26B,240629508,,939959,,BSE,EQ
KSL121224A,240630020,,939961,,BSE,EQ
10KFL27C,240630532,,939963,,BSE,EQ
KFL121224D,240631044,,939965,,BSE,EQ
1025KFL29A,240631556,,939967,,BSE,EQ
KFL121224E,240632068,,939969,,BSE,EQ
KFL121224F,240632580,,939971,,BSE,EQ
885IHL26,240633092,,939973,,BSE,EQ
IHFL261224,240633604,,939975,,BSE,EQ
865IHFL27,240634116,,939977,,BSE,EQ
9IHFL27,240634628,,939979,,BSE,EQ
IHF261224,240635140,,939981,,BSE,EQ
89IHFL29,240635652,,939983,,BSE,EQ
925IHFL29,240636164,,939985,,BSE,EQ
IHF261224A,240636676,,939987,,BSE,EQ
925IHFL31,240637188,,939989,,BSE,EQ
925SCL26Z,240637700,,939991,,BSE,EQ
965SCL26Y,240638212,,939993,,BSE,EQ
888SCL26X,240638724,,939995,,BSE,EQ
925SCL26W,240639236,,939997,,BSE,EQ
SCL271224,240639748,,939999,,BSE,EQ
SCL271224A,240640260,,940001,,BSE,EQ
94SCL27U,240640772,,940003,,BSE,EQ
99SCL27V,240641284,,940005,,BSE,EQ
902SCL27Q,240641796,,940007,,BSE,EQ
948SCL27R,240642308,,940009,,BSE,EQ
SCL271224B,240642820,,940011,,BSE,EQ
965SCL29S,240643332,,940013,,BSE,EQ
1015SCL29T,240643844,,940015,,BSE,EQ
925SCL29S,240644356,,940017,,BSE,EQ
971SCL29T,240644868,,940019,,BSE,EQ
1050SCL31T,240645380,,940021,,BSE,EQ
1003SCL31P,240645892,,940023,,BSE,EQ
1025SCL34U,240646404,,940025,,BSE,EQ
1075SCL34T,240646916,,940027,,BSE,EQ
98SCL34Z,240647428,,940029,,BSE,EQ
1025SCL34Z,240647940,,940031,,BSE,EQ
95NHFL27,240648452,,940033,,BSE,EQ
NHFL060125,240648964,,940035,,BSE,EQ
958NHFL28,240649476,,940037,,BSE,EQ
10NHFL28,240649988,,940039,,BSE,EQ
NHF060124,240650500,,940041,,BSE,EQ
1003NHFL30,240651012,,940043,,BSE,EQ
1050NHFL30,240651524,,940045,,BSE,EQ
NHF060125,240652036,,940047,,BSE,EQ
1049NHFL35,240652548,,940049,,BSE,EQ
11NHFL35,240653060,,940051,,BSE,EQ
9MFLIII27,240653572,,940053,,BSE,EQ
925MFL28,240654084,,940055,,BSE,EQ
945MFL30,240654596,,940057,,BSE,EQ
965MFL31,240655108,,940059,,BSE,EQ
940MFL27,240655620,,940061,,BSE,EQ
965MFL28,240656132,,940063,,BSE,EQ
990MFL30,240656644,,940065,,BSE,EQ
1010MFL31,240657156,,940067,,BSE,EQ
MFL100125,240657668,,940069,,BSE,EQ
MFL10125,240658180,,940071,,BSE,EQ
MFL10125A,240658692,,940073,,BSE,EQ
MFL10125B,240659204,,940075,,BSE,EQ
MFL10125C,240659716,,940077,,BSE,EQ
95CCIL26,240660228,,940079,,BSE,EQ
1075CCI26A,240660740,,940081,,BSE,EQ
11CCIL27B,240661252,,940083,,BSE,EQ
12CCIL30C,240661764,,940085,,BSE,EQ
1115CCI28D,240662276,,940087,,BSE,EQ
121CCIL30E,240662788,,940089,,BSE,EQ
CCIL170125,240663300,,940091,,BSE,EQ
CCI170125A,240663812,,940093,,BSE,EQ
CCI170125B,240664324,,940095,,BSE,EQ
950EFSL27,240664836,,940097,,BSE,EQ
EFSL240125,240665348,,940099,,BSE,EQ
957EFSL28,240665860,,940101,,BSE,EQ
10EFSL28,240666372,,940103,,BSE,EQ
EFSL24125,240666884,,940105,,BSE,EQ
1004EFSL30,240667396,,940107,,BSE,EQ
1050EFSL30,240667908,,940109,,BSE,EQ
EFSL24125A,240668420,,940111,,BSE,EQ
105EFSL30,240668932,,940113,,BSE,EQ
1049EFSL35,240669444,,940115,,BSE,EQ
11EFSL35,240669956,,940117,,BSE,EQ
11EFSL35A,240670468,,940119,,BSE,EQ
11ICLFL26A,240670980,,940121,,BSE,EQ
1150ICLF27,240671492,,940123,,BSE,EQ
12ICLFL28,240672004,,940125,,BSE,EQ
1250ICLF30,240672516,,940127,,BSE,EQ
ICLFL27125,240673028,,940129,,BSE,EQ
ICLF27125,240673540,,940131,,BSE,EQ
ICLF27125A,240674052,,940133,,BSE,EQ
1175ICLF27,240674564,,940135,,BSE,EQ
1225ICLF28,240675076,,940137,,BSE,EQ
ICLF27125B,240675588,,940139,,BSE,EQ
10MML26,240676100,,940141,,BSE,EQ
MML290125,240676612,,940143,,BSE,EQ
1015MML26,240677124,,940145,,BSE,EQ
MML290125A,240677636,,940147,,BSE,EQ
1075MML28,240678148,,940149,,BSE,EQ
MML290125B,240678660,,940151,,BSE,EQ
11MML30,240679172,,940153,,BSE,EQ
MML290125C,240679684,,940155,,BSE,EQ
MML290125D,240680196,,940157,,BSE,EQ
9MFLIV27,240680708,,940159,,BSE,EQ
925MFLIV28,240681220,,940161,,BSE,EQ
945MFLIV30,240681732,,940163,,BSE,EQ
965MFLIV31,240682244,,940165,,BSE,EQ
930MFLIV26,240682756,,940167,,BSE,EQ
940MFLIV27,240683268,,940169,,BSE,EQ
965MFLIV28,240683780,,940171,,BSE,EQ
990MFLIV30,240684292,,940173,,BSE,EQ
101MFLIV31,240684804,,940175,,BSE,EQ
MFLIV24225,240685316,,940177,,BSE,EQ
MFL24225A,240685828,,940179,,BSE,EQ
MFL24225B,240686340,,940181,,BSE,EQ
MFL24225C,240686852,,940183,,BSE,EQ
MFL24225D,240687364,,940185,,BSE,EQ
925SCL27A,240687876,,940187,,BSE,EQ
965SCL27,240688388,,940189,,BSE,EQ
925SCL27B,240688900,,940191,,BSE,EQ
SCL19325,240689412,,940193,,BSE,EQ
SCL19325A,240689924,,940195,,BSE,EQ
940SCL28,240690436,,940197,,BSE,EQ
990SCL28,240690948,,940199,,BSE,EQ
902SCL28,240691460,,940201,,BSE,EQ
948SCL28,240691972,,940203,,BSE,EQ
SCL190325,240692484,,940205,,BSE,EQ
SCL190325A,240692996,,940207,,BSE,EQ
1015SCL30,240693508,,940209,,BSE,EQ
971SCL30,240694020,,940211,,BSE,EQ
1050SCL32,240694532,,940213,,BSE,EQ
1003SCL32,240695044,,940215,,BSE,EQ
1025SCL35,240695556,,940217,,BSE,EQ
1075SCL35,240696068,,940219,,BSE,EQ
980SCL35,240696580,,940221,,BSE,EQ
1025SCL35A,240697092,,940223,,BSE,EQ
971SCL30A,240697604,,940225,,BSE,EQ
13PCL30,240698116,,940227,,BSE,EQ
95NHFL27A,240698628,,940229,,BSE,EQ
9SFL27A,240699140,,940231,,BSE,EQ
NHFL030425,240699652,,940233,,BSE,EQ
958NHFL28B,240700164,,940235,,BSE,EQ
SFL040425B,240700676,,940237,,BSE,EQ
10NHFL28A,240701188,,940239,,BSE,EQ
925SFL28C,240701700,,940241,,BSE,EQ
NHF030425,240702212,,940243,,BSE,EQ
1003NHF30,240702724,,940245,,BSE,EQ
1050NHF30,240703236,,940247,,BSE,EQ
SFL040425D,240703748,,940249,,BSE,EQ
1025SFL30E,240704260,,940251,,BSE,EQ
NHF030425A,240704772,,940253,,BSE,EQ
1049NHF35,240705284,,940255,,BSE,EQ
SFL040425F,240705796,,940257,,BSE,EQ
SFL040425G,240706308,,940259,,BSE,EQ
11NHFL35A,240706820,,940261,,BSE,EQ
KFL150425,240707332,,940263,,BSE,EQ
95KFL27B,240707844,,940265,,BSE,EQ
KFL150425A,240708356,,940267,,BSE,EQ
10KFL28B,240708868,,940269,,BSE,EQ
KFL150425B,240709380,,940271,,BSE,EQ
1025KFL30,240709892,,940273,,BSE,EQ
KFL150425C,240710404,,940275,,BSE,EQ
KFL150425D,240710916,,940277,,BSE,EQ
10MML26A,240711428,,940279,,BSE,EQ
MML21425,240711940,,940281,,BSE,EQ
1075MML28A,240712452,,940283,,BSE,EQ
MML210425,240712964,,940285,,BSE,EQ
MML21425A,240713476,,940287,,BSE,EQ
9IIFL26,240713988,,940289,,BSE,EQ
IIFL210425,240714500,,940291,,BSE,EQ
930IIFL27,240715012,,940293,,BSE,EQ
IIFL21425,240715524,,940295,,BSE,EQ
935IIFL28,240716036,,940297,,BSE,EQ
975IIFL28,240716548,,940299,,BSE,EQ
IIFL21425A,240717060,,940301,,BSE,EQ
960IIFL30,240717572,,940303,,BSE,EQ
1025IIFL30,240718084,,940305,,BSE,EQ
10UCL26,240718596,,940307,,BSE,EQ
1039UCL26,240719108,,940309,,BSE,EQ
1015UCL27,240719620,,940311,,BSE,EQ
1025UCL27A,240720132,,940313,,BSE,EQ
1050UCL28,240720644,,940315,,BSE,EQ
10SMCGSL27,240721156,,940317,,BSE,EQ
SMCG240425,240721668,,940319,,BSE,EQ
1025SMCGS28,240722180,,940321,,BSE,EQ
SMCGS24425,240722692,,940323,,BSE,EQ
1003SMCG30,240723204,,940325,,BSE,EQ
1050SMCG30,240723716,,940327,,BSE,EQ
950EFSL27A,240724228,,940329,,BSE,EQ
EFSL30425,240724740,,940331,,BSE,EQ
957EFSL28B,240725252,,940333,,BSE,EQ
10EFSL28C,240725764,,940335,,BSE,EQ
EFSL300425,240726276,,940337,,BSE,EQ
1004EFS30D,240726788,,940339,,BSE,EQ
1050EFS30E,240727300,,940341,,BSE,EQ
EFSL30425A,240727812,,940343,,BSE,EQ
1050EFS30F,240728324,,940345,,BSE,EQ
1049EFS35F,240728836,,940347,,BSE,EQ
11EFSL35G,240729348,,940349,,BSE,EQ
11EFSL35H,240729860,,940351,,BSE,EQ
MMFL130525,240730372,,940353,,BSE,EQ
95MMFL27,240730884,,940355,,BSE,EQ
10MMFL28A,240731396,,940357,,BSE,EQ
1025MMFL29,240731908,,940359,,BSE,EQ
1050MMFL30,240732420,,940361,,BSE,EQ
1075MMFL30,240732932,,940363,,BSE,EQ
11ICLFL26B,240733444,,940365,,BSE,EQ
1150ICL27C,240733956,,940367,,BSE,EQ
12ICLFL28D,240734468,,940369,,BSE,EQ
1250ICL30E,240734980,,940371,,BSE,EQ
ICLFL16525,240735492,,940373,,BSE,EQ
ICLF16525,240736004,,940375,,BSE,EQ
ICLF16525A,240736516,,940377,,BSE,EQ
1175ICL27F,240737028,,940379,,BSE,EQ
1225ICL28G,240737540,,940381,,BSE,EQ
ICLF160525,240738052,,940383,,BSE,EQ
9MFL27B,240738564,,940385,,BSE,EQ
925MFL28A,240739076,,940387,,BSE,EQ
945MFL30A,240739588,,940389,,BSE,EQ
955MFL31,240740100,,940391,,BSE,EQ
94MFL27B,240740612,,940393,,BSE,EQ
965MFL28A,240741124,,940395,,BSE,EQ
99MFL30,240741636,,940397,,BSE,EQ
10MFL31,240742148,,940399,,BSE,EQ
MFL190525,240742660,,940401,,BSE,EQ
MFL190525A,240743172,,940403,,BSE,EQ
MFL190525B,240743684,,940405,,BSE,EQ
MFL190525C,240744196,,940407,,BSE,EQ
105CCIL26A,240744708,,940409,,BSE,EQ
109CCIL27B,240745220,,940411,,BSE,EQ
113CCIL28C,240745732,,940413,,BSE,EQ
12CCIL30D,240746244,,940415,,BSE,EQ
CCIL20625E,240746756,,940417,,BSE,EQ
CCIL20625F,240747268,,940419,,BSE,EQ
CCIL20625G,240747780,,940421,,BSE,EQ
925NHFL27,240748292,,940423,,BSE,EQ
NHFL2725,240748804,,940425,,BSE,EQ
957NHFL28,240749316,,940427,,BSE,EQ
10NHFL28B,240749828,,940429,,BSE,EQ
NHFL02725,240750340,,940431,,BSE,EQ
985NHFL30,240750852,,940433,,BSE,EQ
1030NHFL30,240751364,,940435,,BSE,EQ
NHFL20725,240751876,,940437,,BSE,EQ
1025NHFL35,240752388,,940439,,BSE,EQ
1075MHFL35,240752900,,940441,,BSE,EQ
885MFCL27,240753412,,940443,,BSE,EQ
905MFCL28,240753924,,940445,,BSE,EQ
930MFCL30,240754436,,940447,,BSE,EQ
940MFCL31,240754948,,940449,,BSE,EQ
920MFCL27,240755460,,940451,,BSE,EQ
945MFCL28,240755972,,940453,,BSE,EQ
970MFCL30,240756484,,940455,,BSE,EQ
980MFCL31,240756996,,940457,,BSE,EQ
MFCL16725,240757508,,940459,,BSE,EQ
MFCL16725A,240758020,,940461,,BSE,EQ
MFCL16725B,240758532,,940463,,BSE,EQ
MFCL16725C,240759044,,940465,,BSE,EQ
895AEL27,240759556,,940467,,BSE,EQ
AEL17725,240760068,,940469,,BSE,EQ
885AEL28,240760580,,940471,,BSE,EQ
915AEL28,240761092,,940473,,BSE,EQ
AEL170725,240761604,,940475,,BSE,EQ
9AEL30,240762116,,940477,,BSE,EQ
930AEL30,240762628,,940479,,BSE,EQ
AEL170725A,240763140,,940481,,BSE,EQ
KFL240725,240763652,,940483,,BSE,EQ
10KFL28C,240764164,,940485,,BSE,EQ
KFL240725A,240764676,,940487,,BSE,EQ
9EFSL27,240765188,,940489,,BSE,EQ
EFSL240725,240765700,,940491,,BSE,EQ
10KFL29,240766212,,940493,,BSE,EQ
KFL240725C,240766724,,940495,,BSE,EQ
10KFL30,240767236,,940497,,BSE,EQ
KFL240725D,240767748,,940499,,BSE,EQ
935EFSL28,240768260,,940501,,BSE,EQ
KFL240725E,240768772,,940503,,BSE,EQ
975EFSL28,240769284,,940505,,BSE,EQ
EFSL24725,240769796,,940507,,BSE,EQ
980EFSL30,240770308,,940509,,BSE,EQ
1025EFSL30,240770820,,940511,,BSE,EQ
EFSL24725A,240771332,,940513,,BSE,EQ
1025EFS30A,240771844,,940515,,BSE,EQ
1003EFSL35,240772356,,940517,,BSE,EQ
1050EFSL35,240772868,,940519,,BSE,EQ
105EFSL35,240773380,,940521,,BSE,EQ
95KAFL26,240773892,,940523,,BSE,EQ
KAFL280725,240774404,,940525,,BSE,EQ
985KAFL27,240774916,,940527,,BSE,EQ
10KAFL27,240775428,,940529,,BSE,EQ
1025KAF27A,240775940,,940531,,BSE,EQ
1025KAFL28,240776452,,940533,,BSE,EQ
1050KAF28B,240776964,,940535,,BSE,EQ
1075KAFL30,240777476,,940537,,BSE,EQ
11KAFL30,240777988,,940539,,BSE,EQ
KAFL28725,240778500,,940541,,BSE,EQ
950MML26,240779012,,940543,,BSE,EQ
MML310725,240779524,,940545,,BSE,EQ
1025MML28,240780036,,940547,,BSE,EQ
MML31725A,240780548,,940549,,BSE,EQ
MML31725B,240781060,,940551,,BSE,EQ
875SCL27A,240781572,,940553,,BSE,EQ
9SCL27,240782084,,940555,,BSE,EQ
842SCL27,240782596,,940557,,BSE,EQ
865SCL27,240783108,,940559,,BSE,EQ
SCL1825,240783620,,940561,,BSE,EQ
SCL01825,240784132,,940563,,BSE,EQ
9SCL28,240784644,,940565,,BSE,EQ
925SCL2028,240785156,,940567,,BSE,EQ
865SCL28,240785668,,940569,,BSE,EQ
888SCL28,240786180,,940571,,BSE,EQ
SCL010825,240786692,,940573,,BSE,EQ
SCL0182025,240787204,,940575,,BSE,EQ
965SCL30,240787716,,940577,,BSE,EQ
902SCL30,240788228,,940579,,BSE,EQ
925SCL30,240788740,,940581,,BSE,EQ
902SCL2030,240789252,,940583,,BSE,EQ
925SCL30A,240789764,,940585,,BSE,EQ
960SCL32,240790276,,940587,,BSE,EQ
985SCL32,240790788,,940589,,BSE,EQ
920SCL32,240791300,,940591,,BSE,EQ
945SCL32,240791812,,940593,,BSE,EQ
995SCL2035,240792324,,940595,,BSE,EQ
930SCL35,240792836,,940597,,BSE,EQ
955SCL35,240793348,,940599,,BSE,EQ
1102IFL26,240793860,,940601,,BSE,EQ
11IFL27,240794372,,940603,,BSE,EQ
1150IFL28,240794884,,940605,,BSE,EQ
12IFL30,240795396,,940607,,BSE,EQ
IFL200825,240795908,,940609,,BSE,EQ
IFL200825A,240796420,,940611,,BSE,EQ
IFL200825B,240796932,,940613,,BSE,EQ
1125IFL27,240797444,,940615,,BSE,EQ
1175IFL28,240797956,,940617,,BSE,EQ
IFL200828C,240798468,,940619,,BSE,EQ
9SFL027A,240798980,,940621,,BSE,EQ
SFL290825B,240799492,,940623,,BSE,EQ
9SFL028C,240800004,,940625,,BSE,EQ
SFL290825D,240800516,,940627,,BSE,EQ
1025SFL30,240801028,,940629,,BSE,EQ
SFL290825E,240801540,,940631,,BSE,EQ
SFL290825F,240802052,,940633,,BSE,EQ
9MMFL27A,240802564,,940635,,BSE,EQ
925MMFL27,240803076,,940637,,BSE,EQ
975MMFL28,240803588,,940639,,BSE,EQ
1025MMFL30,240804100,,940641,,BSE,EQ
105MMFL30,240804612,,940643,,BSE,EQ
9NHFL27,240805124,,940645,,BSE,EQ
NHFL10925,240805636,,940647,,BSE,EQ
935NHFL28,240806148,,940649,,BSE,EQ
975NHFL28,240806660,,940651,,BSE,EQ
NHFL100925,240807172,,940653,,BSE,EQ
980NHFL30,240807684,,940655,,BSE,EQ
1025NHFL30,240808196,,940657,,BSE,EQ
NHFL10925A,240808708,,940659,,BSE,EQ
1003NHFL35,240809220,,940661,,BSE,EQ
1050NHFL35,240809732,,940663,,BSE,EQ
9EFSL27A,240810244,,940665,,BSE,EQ
EFSL71025,240810756,,940667,,BSE,EQ
912EFSL28,240811268,,940669,,BSE,EQ
950EFSL28,240811780,,940671,,BSE,EQ
EFSL071025,240812292,,940673,,BSE,EQ
958EFSL30,240812804,,940675,,BSE,EQ
10EFSL30,240813316,,940677,,BSE,EQ
EFSL71025A,240813828,,940679,,BSE,EQ
980EFSL35,240814340,,940681,,BSE,EQ
1025EFSL35,240814852,,940683,,BSE,EQ
8SMC29,240815364,,940685,,BSE,EQ
8SMC30,240815876,,940687,,BSE,EQ
855CGCL27,240816388,,940689,,BSE,EQ
89CGCL27,240816900,,940691,,BSE,EQ
89CGCL28,240817412,,940693,,BSE,EQ
925CGCL28A,240817924,,940695,,BSE,EQ
945CGCL30,240818436,,940697,,BSE,EQ
97CGCL35,240818948,,940699,,BSE,EQ
935ILFS35,242388740,,946831,,BSE,EQ
1105SFL28,242432260,,947001,,BSE,EQ
875IFCI26,242647300,,947841,,BSE,EQ
1170SRSL24,242714372,,948103,,BSE,EQ
930ILFS38,242893316,,948802,,BSE,EQ
1130SRSL24,242983940,,949156,,BSE,EQ
10SFL28B,243008004,,949250,,BSE,EQ
955MML2063,243031556,,949342,,BSE,EQ
205NLBD25,243045124,,949395,,BSE,EQ
819IIFC33B,243056388,,949439,,BSE,EQ
846IIFC28B,243059204,,949450,,BSE,EQ
837IIFC33C,243059460,,949451,,BSE,EQ
848IIFC28B,243064324,,949470,,BSE,EQ
854REC2028,243088132,,949563,,BSE,EQ
872CSL2029,243215876,,950062,,BSE,EQ
1063IOT28A,243250948,,950199,,BSE,EQ
1063IOT28B,243251460,,950201,,BSE,EQ
1063IOT28C,243251972,,950203,,BSE,EQ
1063IOT28D,243252484,,950205,,BSE,EQ
1063IOT28E,243252996,,950207,,BSE,EQ
1063IOT28F,243253252,,950208,,BSE,EQ
1008IOT26A,243253764,,950210,,BSE,EQ
1008IOT26B,243254020,,950211,,BSE,EQ
1008IOT26C,243254276,,950212,,BSE,EQ
1008IOT27A,243254532,,950213,,BSE,EQ
1008IOT27B,243254788,,950214,,BSE,EQ
1008IOT27C,243255044,,950215,,BSE,EQ
1008IOT28A,243255300,,950216,,BSE,EQ
1008IOT28B,243255556,,950217,,BSE,EQ
1008IOT28C,243255812,,950218,,BSE,EQ
1008IOT28D,243256068,,950219,,BSE,EQ
1008IOT28E,243256324,,950220,,BSE,EQ
1008IOT28F,243256580,,950221,,BSE,EQ
905PFCL25,243318788,,950464,,BSE,EQ
946PFCL26,243319044,,950465,,BSE,EQ
945PFCL26,243319556,,950467,,BSE,EQ
900PFCL28,243319812,,950468,,BSE,EQ
890PFCL28,243320068,,950469,,BSE,EQ
894PFCL28,243320580,,950471,,BSE,EQ
885PFCL30,243321092,,950473,,BSE,EQ
905PFCL30,243321604,,950475,,BSE,EQ
775PFCL26,243324164,,950485,,BSE,EQ
738PFCL27,243324420,,950486,,BSE,EQ
738PFCL27A,243324676,,950487,,BSE,EQ
846PFCL28,243325956,,950492,,BSE,EQ
816PFCL26,243326468,,950494,,BSE,EQ
872PFCL22A,243327236,,950497,,BSE,EQ
872PFCL22,243327492,,950498,,BSE,EQ
793PGCIL26,243388420,,950736,,BSE,EQ
793PGCIL27,243388676,,950737,,BSE,EQ
793PGCIL28,243388932,,950738,,BSE,EQ
870PGCIL28,243389956,,950742,,BSE,EQ
965PGCIL26,243392260,,950751,,BSE,EQ
965PGCIL27,243392516,,950752,,BSE,EQ
965PGCIL28,243392772,,950753,,BSE,EQ
965PGCIL29,243393028,,950754,,BSE,EQ
939PFCL29,243395332,,950763,,BSE,EQ
9RRVPN2026,243566340,,951431,,BSE,EQ
93PGCIL29,243587076,,951512,,BSE,EQ
893PGCIL26,243589636,,951522,,BSE,EQ
893PGCIL27,243589892,,951523,,BSE,EQ
893PGCIL28,243590148,,951524,,BSE,EQ
893PGCIL29,243590404,,951525,,BSE,EQ
865RRVPN27,243606788,,951589,,BSE,EQ
851LTF30,243623172,,951653,,BSE,EQ
12VRDP35,243623428,,951654,,BSE,EQ
820PGCIL30,243629572,,951678,,BSE,EQ
874RRVPN27,243686148,,951899,,BSE,EQ
879IRFC30,243698948,,951949,,BSE,EQ
1175CSFB30,243710724,,951995,,BSE,EQ
999JPL26,243714820,,952011,,BSE,EQ
12MFLS1,243804164,,952360,,BSE,EQ
12 MFLS2,243804420,,952361,,BSE,EQ
12 MFLS3,243804676,,952362,,BSE,EQ
12MFLS4,243805188,,952364,,BSE,EQ
902IOT2028,243885060,,952676,,BSE,EQ
728NHAI30,243915012,,952793,,BSE,EQ
868NEEPC30,243929860,,952851,,BSE,EQ
ARPZC27,243966212,,952993,,BSE,EQ
85IIL25,243970564,,953010,,BSE,EQ
93ELR26U,243983876,,953062,,BSE,EQ
93ELR26V,243984132,,953063,,BSE,EQ
93ELR27W,243984388,,953064,,BSE,EQ
93ELR27X,243984644,,953065,,BSE,EQ
93ELR28Y,243984900,,953066,,BSE,EQ
93ELR28Z,243985156,,953067,,BSE,EQ
1945MGMR20,243987716,,953077,,BSE,EQ
855LTF25,243994116,,953102,,BSE,EQ
835HDFCB25,243995396,,953107,,BSE,EQ
819NTPC25,243996932,,953113,,BSE,EQ
960ECL25,244003588,,953139,,BSE,EQ
890YES25,244004868,,953144,,BSE,EQ
138JSFBL27,244005892,,953148,,BSE,EQ
840SBOI25,244007172,,953153,,BSE,EQ
981ECL25,244007428,,953154,,BSE,EQ
9KMIL25,244013060,,953176,,BSE,EQ
96AHFL26,244013316,,953177,,BSE,EQ
862IDBI30,244013828,,953179,,BSE,EQ
862IDBI26,244014084,,953180,,BSE,EQ
840SBI25,244018436,,953197,,BSE,EQ
9YES26,244024324,,953220,,BSE,EQ
863LTF26,244025092,,953223,,BSE,EQ
863LTF31,244025348,,953224,,BSE,EQ
863LTF36,244025604,,953225,,BSE,EQ
905YES26,244028164,,953235,,BSE,EQ
86IIL26,244028676,,953237,,BSE,EQ
960AHFL26,244032004,,953250,,BSE,EQ
960AHFL26A,244035076,,953262,,BSE,EQ
960AHFL26B,244036100,,953266,,BSE,EQ
891NSEPL27,244037380,,953271,,BSE,EQ
891NSEPL26,244037636,,953272,,BSE,EQ
845SBI26,244038660,,953276,,BSE,EQ
960ECL26,244040964,,953285,,BSE,EQ
955AHFL26,244041988,,953289,,BSE,EQ
865PNB26,244066052,,953383,,BSE,EQ
880IDBI26,244066564,,953385,,BSE,EQ
870IIL26II,244070660,,953401,,BSE,EQ
875LTF26,244071172,,953403,,BSE,EQ
815PGCIL30,244073988,,953414,,BSE,EQ
832PGCIL25,244074756,,953417,,BSE,EQ
832PGCIL30,244075524,,953420,,BSE,EQ
840PGCI26A,244077572,,953428,,BSE,EQ
840PGCIL27,244078340,,953431,,BSE,EQ
840PGCIL28,244078596,,953432,,BSE,EQ
840PGCIL29,244079108,,953434,,BSE,EQ
840PGCIL30,244079620,,953436,,BSE,EQ
840PGCI26B,244079876,,953437,,BSE,EQ
840PGCI29A,244080132,,953438,,BSE,EQ
840PGCI27A,244080388,,953439,,BSE,EQ
84PGCIL30,244080644,,953440,,BSE,EQ
840PGCI28A,244080900,,953441,,BSE,EQ
845SBI26A,244082948,,953449,,BSE,EQ
890ILFSF26,244085764,,953460,,BSE,EQ
702NHAI26,244093188,,953489,,BSE,EQ
739NHAI31,244093444,,953490,,BSE,EQ
873LTF36,244095236,,953497,,BSE,EQ
873LTF26,244095492,,953498,,BSE,EQ
973LTF31,244095748,,953499,,BSE,EQ
955AHFL26A,244096260,,953501,,BSE,EQ
707NABAR26,244098820,,953511,,BSE,EQ
10BUDPL36,244100612,,953518,,BSE,EQ
10BUDPL36A,244100868,,953519,,BSE,EQ
10BUDPL36B,244101124,,953520,,BSE,EQ
10BUDPL36C,244101380,,953521,,BSE,EQ
10BUDPL36D,244101636,,953522,,BSE,EQ
862IIL26,244108804,,953550,,BSE,EQ
9SCFL26,244117764,,953585,,BSE,EQ
880ILFS26,244118788,,953589,,BSE,EQ
950LTF16,244126212,,953618,,BSE,EQ
955AHFL26B,244126980,,953621,,BSE,EQ
704IRFC26A,244134148,,953649,,BSE,EQ
890BFL26A,244136708,,953659,,BSE,EQ
8750LTF26,244139524,,953670,,BSE,EQ
950ECL26,244140548,,953674,,BSE,EQ
865IIL26,244140804,,953675,,BSE,EQ
965ECL26,244141316,,953677,,BSE,EQ
865IIL26A,244142596,,953682,,BSE,EQ
930SFL26,244143364,,953685,,BSE,EQ
1039HPSE26,244143876,,953687,,BSE,EQ
9YES26A,244144132,,953688,,BSE,EQ
890BFL26,244147204,,953700,,BSE,EQ
930SFL26A,244150020,,953711,,BSE,EQ
880BFL26,244153860,,953726,,BSE,EQ
1175CSFB31,244157188,,953739,,BSE,EQ
880BFL26Y,244157444,,953740,,BSE,EQ
903ILFS26,244160260,,953751,,BSE,EQ
872LTF26,244161284,,953755,,BSE,EQ
LTH300316,244161540,,953756,,BSE,EQ
955AHFL26C,244163588,,953764,,BSE,EQ
885ILFS26,244170756,,953792,,BSE,EQ
885ILFSF26,244174340,,953806,,BSE,EQ
9SCL26R,244181252,,953833,,BSE,EQ
920SFL26,244192260,,953876,,BSE,EQ
922SFL26,244192516,,953877,,BSE,EQ
803PFCL26,244194564,,953885,,BSE,EQ
9SCL2026,244195332,,953888,,BSE,EQ
87ISEC26,244196868,,953894,,BSE,EQ
832HDFCB26,244197380,,953896,,BSE,EQ
805NTPC26,244198148,,953899,,BSE,EQ
910MRHFL26,244199428,,953904,,BSE,EQ
890MRHFL26,244199940,,953906,,BSE,EQ
910MRHF26B,244200196,,953907,,BSE,EQ
851IIL26,244209412,,953943,,BSE,EQ
940AHFL26,244210692,,953948,,BSE,EQ
867LTF26,244211204,,953950,,BSE,EQ
835HDFCB26,244212996,,953957,,BSE,EQ
9SCL26,244215044,,953965,,BSE,EQ
ECLNIFT26,244220420,,953986,,BSE,EQ
845HDFCB26,244220932,,953988,,BSE,EQ
960ECL26A,244224004,,954000,,BSE,EQ
962NIDO26,244225284,,954005,,BSE,EQ
910MRHF26A,244231172,,954028,,BSE,EQ
910MRHF26P,244231428,,954029,,BSE,EQ
810NTPC26,244234244,,954040,,BSE,EQ
810NTPC31,244234500,,954041,,BSE,EQ
85ABL26,244236292,,954048,,BSE,EQ
961ECL26,244237316,,954052,,BSE,EQ
9SCL26C,244238340,,954056,,BSE,EQ
844HDFCB26,244238852,,954058,,BSE,EQ
910MRHF26C,244243460,,954076,,BSE,EQ
935APSEZ26,244252932,,954113,,BSE,EQ
9SCFL26A,244257540,,954131,,BSE,EQ
960ECL26C,244260356,,954142,,BSE,EQ
1210PFLA,244267780,,954171,,BSE,EQ
875LTF26A,244269060,,954176,,BSE,EQ
1015ECL26,244270852,,954183,,BSE,EQ
846HDFCB26,244271364,,954185,,BSE,EQ
88LTF26,244281860,,954226,,BSE,EQ
846HDFC26A,244283140,,954231,,BSE,EQ
88LTF26A,244283396,,954232,,BSE,EQ
920BOM26,244291588,,954264,,BSE,EQ
857IIL26,244297476,,954287,,BSE,EQ
EARCNIFT26,244300548,,954299,,BSE,EQ
1210PFLB,244302596,,954307,,BSE,EQ
930SCL26,244303364,,954310,,BSE,EQ
9SCL26A,244303620,,954311,,BSE,EQ
865BFL26,244305412,,954318,,BSE,EQ
10EARC26,244316676,,954362,,BSE,EQ
10EARC26A,244317188,,954364,,BSE,EQ
935APSE26A,244320004,,954375,,BSE,EQ
EARCNIF26B,244320772,,954378,,BSE,EQ
EARCNIF26C,244321796,,954382,,BSE,EQ
EARCNIF26D,244324868,,954394,,BSE,EQ
877LTF26,244328452,,954408,,BSE,EQ
878LTF26,244333316,,954427,,BSE,EQ
EARCNIF26,244335364,,954435,,BSE,EQ
IVEPLZC28,244337156,,954442,,BSE,EQ
885BFL26,244338692,,954448,,BSE,EQ
885BFL26A,244342020,,954461,,BSE,EQ
890SCL26,244342788,,954464,,BSE,EQ
EARCNIF26E,244347140,,954481,,BSE,EQ
1210PFLC,244354052,,954508,,BSE,EQ
EARCNIFE26,244358916,,954527,,BSE,EQ
879HDBFS26,244360452,,954533,,BSE,EQ
899MRHF26,244360708,,954534,,BSE,EQ
803NHAI41,244364548,,954549,,BSE,EQ
890ILFSL26,244371460,,954576,,BSE,EQ
865LTF31,244374532,,954588,,BSE,EQ
880AFL26,244386308,,954634,,BSE,EQ
887SFL26,244389892,,954648,,BSE,EQ
763PFCL26,244394244,,954665,,BSE,EQ
863LTF831,244397572,,954678,,BSE,EQ
790HDFCB26,244402180,,954696,,BSE,EQ
ECLNIFT26A,244404228,,954704,,BSE,EQ
10BUDPL37,244405252,,954708,,BSE,EQ
10BUDPL37A,244405508,,954709,,BSE,EQ
10BUDPL37B,244406020,,954711,,BSE,EQ
910RGICL26,244406276,,954712,,BSE,EQ
813PGCIL26,244408580,,954721,,BSE,EQ
813PGCIL27,244408836,,954722,,BSE,EQ
813PGCIL28,244409092,,954723,,BSE,EQ
813PGCIL29,244409348,,954724,,BSE,EQ
813PGCIL30,244409604,,954725,,BSE,EQ
813PGCIL31,244409860,,954726,,BSE,EQ
797PGCIL26,244410884,,954730,,BSE,EQ
797PGCIL31,244411140,,954731,,BSE,EQ
875BFL26B,244411908,,954734,,BSE,EQ
875ILFSF26,244412932,,954738,,BSE,EQ
758NTPC26,244413700,,954741,,BSE,EQ
925BCL26,244414468,,954744,,BSE,EQ
768NHAI41,244423940,,954781,,BSE,EQ
840ICICI26,244427780,,954796,,BSE,EQ
855LTF31,244432644,,954815,,BSE,EQ
824IIL26,244439300,,954841,,BSE,EQ
851ILFS26,244441604,,954850,,BSE,EQ
121PFLPER,244447236,,954872,,BSE,EQ
747NTPC26,244448004,,954875,,BSE,EQ
795HDFC26,244459780,,954921,,BSE,EQ
756PFCL26,244460036,,954922,,BSE,EQ
925BCL26A,244460804,,954925,,BSE,EQ
10AHFL26,244463108,,954934,,BSE,EQ
805BFL26,244463364,,954935,,BSE,EQ
8YES26,244473604,,954975,,BSE,EQ
757MML26,244474116,,954977,,BSE,EQ
815TSL26,244474628,,954979,,BSE,EQ
84300LTF,244475908,,954984,,BSE,EQ
755PFCL26A,244477188,,954989,,BSE,EQ
PREPLZC28,244477700,,954991,,BSE,EQ
845BFL26,244480004,,955000,,BSE,EQ
869ILFSL26,244486916,,955027,,BSE,EQ
806BFL29,244487940,,955031,,BSE,EQ
850ILFSL26,244488196,,955032,,BSE,EQ
843LTF26,244493316,,955052,,BSE,EQ
843LTF31,244493828,,955054,,BSE,EQ
8300LTH26,244502276,,955087,,BSE,EQ
759THDC26,244502788,,955089,,BSE,EQ
975AHFL26,244503300,,955091,,BSE,EQ
10AHFL26A,244503556,,955092,,BSE,EQ
975AHF26A,244504068,,955094,,BSE,EQ
830LTF26,244508932,,955113,,BSE,EQ
738NABAR31,244512260,,955126,,BSE,EQ
720NABAR31,244517124,,955145,,BSE,EQ
975AHFL26A,244517636,,955147,,BSE,EQ
795SPTL26,244524548,,955174,,BSE,EQ
749NTPC31,244526852,,955183,,BSE,EQ
752REC26,244538628,,955229,,BSE,EQ
815LTF26,244543492,,955248,,BSE,EQ
772HDFCB26,244544260,,955251,,BSE,EQ
9AHFL26,244545540,,955256,,BSE,EQ
795LTF26,244545796,,955257,,BSE,EQ
784ABL26,244552196,,955282,,BSE,EQ
790SPTL26,244555268,,955294,,BSE,EQ
84MRHFL26,244559364,,955310,,BSE,EQ
824APSEZ26,244559620,,955311,,BSE,EQ
10SIDC26,244561668,,955319,,BSE,EQ
805BFL26A,244564228,,955329,,BSE,EQ
850SFL26,244564740,,955331,,BSE,EQ
868ILFSL26,244571908,,955359,,BSE,EQ
824IIL26A,244579588,,955389,,BSE,EQ
104PFL26,244581892,,955398,,BSE,EQ
737NTPC31,244590340,,955431,,BSE,EQ
755PGCIL31,244593156,,955442,,BSE,EQ
736PGCIL26,244593412,,955443,,BSE,EQ
805HDBFS26,244593924,,955445,,BSE,EQ
835KMIL26,244598276,,955462,,BSE,EQ
754REC26,244603908,,955484,,BSE,EQ
748NABAR31,244604932,,955488,,BSE,EQ
73NABARD31,244607492,,955498,,BSE,EQ
85SFL26,244611076,,955512,,BSE,EQ
805LTF27,244611332,,955513,,BSE,EQ
810IIL26,244613636,,955522,,BSE,EQ
104PFL27,244618756,,955542,,BSE,EQ
723PFCL27,244623620,,955561,,BSE,EQ
71PFCL27,244629508,,955584,,BSE,EQ
716NABAR32,244630532,,955588,,BSE,EQ
EFCLNIFT27,244631044,,955590,,BSE,EQ
722NHAI47,244633604,,955600,,BSE,EQ
734NABAR32,244634372,,955603,,BSE,EQ
718PFCL27,244636164,,955610,,BSE,EQ
1040PFL27,244640004,,955625,,BSE,EQ
805LTF27A,244644100,,955641,,BSE,EQ
115PFLPER,244657412,,955693,,BSE,EQ
722IREDA27,244658436,,955697,,BSE,EQ
897UPPCL26,244677380,,955771,,BSE,EQ
897UPPCL27,244677636,,955772,,BSE,EQ
85ILFSFS27,244680196,,955782,,BSE,EQ
76PFCL27,244680708,,955784,,BSE,EQ
76IREDA27,244686084,,955805,,BSE,EQ
9ECL27,244688644,,955815,,BSE,EQ
1025PFL27,244689156,,955817,,BSE,EQ
115PFLPERP,244695044,,955840,,BSE,EQ
822APSEZ27,244696324,,955845,,BSE,EQ
790IWAI27,244698116,,955852,,BSE,EQ
785IREDA27,244699652,,955858,,BSE,EQ
789PGCIL27,244705796,,955882,,BSE,EQ
795REC27,244710916,,955902,,BSE,EQ
804NABAR32,244713476,,955912,,BSE,EQ
771NABAR32,244721156,,955942,,BSE,EQ
FFSPLZC27,244727812,,955968,,BSE,EQ
775PFCL27,244732420,,955986,,BSE,EQ
1108HDFC27,244733956,,955992,,BSE,EQ
783IRFC27,244735748,,955999,,BSE,EQ
2EARC27,244746500,,956041,,BSE,EQ
830MRHFL27,244747780,,956046,,BSE,EQ
85500KMI27,244748292,,956048,,BSE,EQ
88KTL26,244752388,,956064,,BSE,EQ
88KTL27,244752644,,956065,,BSE,EQ
914KTL28,244752900,,956066,,BSE,EQ
914KTL29,244753156,,956067,,BSE,EQ
914KTL30,244753412,,956068,,BSE,EQ
914KTL31,244753668,,956069,,BSE,EQ
914KTL32,244753924,,956070,,BSE,EQ
95KTL33,244754180,,956071,,BSE,EQ
95KTL34,244754436,,956072,,BSE,EQ
95KTL35,244754692,,956073,,BSE,EQ
95KTL36,244754948,,956074,,BSE,EQ
95KTL37,244755204,,956075,,BSE,EQ
95KTL38,244755460,,956076,,BSE,EQ
95KTL39,244755716,,956077,,BSE,EQ
95KTL40,244755972,,956078,,BSE,EQ
835NICL27,244759556,,956092,,BSE,EQ
2EARC7A,244761604,,956100,,BSE,EQ
812IREDA27,244770820,,956136,,BSE,EQ
754NABAR32,244772100,,956141,,BSE,EQ
805IREDA27,244772612,,956143,,BSE,EQ
848UPPCL26,244774148,,956149,,BSE,EQ
848UPPCL27,244774404,,956150,,BSE,EQ
150HDFCB27,244781316,,956177,,BSE,EQ
823ILFSL27,244784388,,956189,,BSE,EQ
150HDFC27A,244789252,,956208,,BSE,EQ
2EARC27B,244795652,,956233,,BSE,EQ
2EARC27C,244796164,,956235,,BSE,EQ
825ISEC27,244802564,,956260,,BSE,EQ
975ECL27,244806660,,956276,,BSE,EQ
85AFL27,244817412,,956318,,BSE,EQ
1025ECL99,244818180,,956321,,BSE,EQ
1025ECL99A,244818436,,956322,,BSE,EQ
850MRHFL27,244822276,,956337,,BSE,EQ
1010PFL27,244822532,,956338,,BSE,EQ
82LTF32,244845316,,956427,,BSE,EQ
850MRHF27A,244856324,,956470,,BSE,EQ
749IRFC27,244871172,,956528,,BSE,EQ
744PFCL27,244871684,,956530,,BSE,EQ
752NHPC26,244872964,,956535,,BSE,EQ
752NHPC27,244873220,,956536,,BSE,EQ
810BFL32,244877316,,956552,,BSE,EQ
724NHAI47,244883716,,956577,,BSE,EQ
ATCPLZC27,244888068,,956594,,BSE,EQ
850MRHF27B,244888836,,956597,,BSE,EQ
766ABL27,244891396,,956607,,BSE,EQ
815BFL27,244893956,,956617,,BSE,EQ
965ECL27,244894724,,956620,,BSE,EQ
727IRFC27,244897540,,956631,,BSE,EQ
950AFSL27,244906500,,956666,,BSE,EQ
8RPL35,244907524,,956670,,BSE,EQ
756HBL27,244910852,,956683,,BSE,EQ
AHREPZC27,244913156,,956692,,BSE,EQ
99ERCL27,244915204,,956700,,BSE,EQ
714NHAI47,244916996,,956707,,BSE,EQ
99ERCL27A,244917764,,956710,,BSE,EQ
78LTF29,244918788,,956714,,BSE,EQ
747ICICI27,244919812,,956718,,BSE,EQ
82CFSL27,244928516,,956752,,BSE,EQ
730PGCIL27,244930564,,956760,,BSE,EQ
770ILFS27,244934404,,956775,,BSE,EQ
11PFLPER,244937476,,956787,,BSE,EQ
720PGCIL27,244940036,,956797,,BSE,EQ
73PFCL27,244940548,,956799,,BSE,EQ
738NHAI32,244946180,,956821,,BSE,EQ
2EARC27D,244949764,,956835,,BSE,EQ
2EARC27E,244950020,,956836,,BSE,EQ
733IRFC27,244952068,,956844,,BSE,EQ
925ECL27,244956932,,956863,,BSE,EQ
835SCL27,244961796,,956882,,BSE,EQ
803SCL27,244962052,,956883,,BSE,EQ
770ILFSL27,244963588,,956889,,BSE,EQ
735NHPC26,244967428,,956904,,BSE,EQ
735NHPC27,244967684,,956905,,BSE,EQ
850ECL27,244968708,,956909,,BSE,EQ
727NABAR32,244972036,,956922,,BSE,EQ
808AFL27,244973316,,956927,,BSE,EQ
785ILFS27,244973828,,956929,,BSE,EQ
13WHREPL37,244974084,,956930,,BSE,EQ
796PFL27,244975620,,956936,,BSE,EQ
748NABAR32,244976388,,956939,,BSE,EQ
780YES27,244978692,,956948,,BSE,EQ
780YES27A,245001988,,957039,,BSE,EQ
925ECL27A,245004804,,957050,,BSE,EQ
747IWAI27,245009156,,957067,,BSE,EQ
16SSRHPL26,245009924,,957070,,BSE,EQ
820SFL27,245010692,,957073,,BSE,EQ
16SBIPL26,245011460,,957076,,BSE,EQ
923OEDL27,245015044,,957090,,BSE,EQ
EIPPZC27,245015812,,957093,,BSE,EQ
765APSEZ27,245019908,,957109,,BSE,EQ
84MBEL26,245025540,,957131,,BSE,EQ
84MBEL27,245025796,,957132,,BSE,EQ
84MBEL28,245026052,,957133,,BSE,EQ
84MBEL29,245026308,,957134,,BSE,EQ
84MBEL30,245026564,,957135,,BSE,EQ
754IRFC27,245028868,,957144,,BSE,EQ
768NEEPC25,245035524,,957170,,BSE,EQ
81CFSL27,245036036,,957172,,BSE,EQ
845SFIL27,245036292,,957173,,BSE,EQ
2EARCL27F,245037828,,957179,,BSE,EQ
764NHAI32,245038084,,957180,,BSE,EQ
765PFCL27,245039620,,957186,,BSE,EQ
12MFLPER,245039876,,957187,,BSE,EQ
12MFLPERA,245041156,,957192,,BSE,EQ
845SFIL27A,245042180,,957196,,BSE,EQ
78NABARD32,245042436,,957197,,BSE,EQ
975UPPCL26,245045252,,957208,,BSE,EQ
975UPPCL27,245045508,,957209,,BSE,EQ
77REC27,245048836,,957222,,BSE,EQ
825KMPL27,245049092,,957223,,BSE,EQ
762PFCL27,245049604,,957225,,BSE,EQ
875CFSER,245050372,,957228,,BSE,EQ
925ERCS27,245051396,,957232,,BSE,EQ
774PGCIL28,245051652,,957233,,BSE,EQ
774PGCIL29,245051908,,957234,,BSE,EQ
774PGCIL30,245052164,,957235,,BSE,EQ
774PGCIL31,245052420,,957236,,BSE,EQ
774PGCIL32,245052676,,957237,,BSE,EQ
935AFS27,245056772,,957253,,BSE,EQ
88IFSLPER,245063684,,957280,,BSE,EQ
845SFIL28,245089540,,957381,,BSE,EQ
925EFCL28,245090564,,957385,,BSE,EQ
775NABAR33,245092612,,957393,,BSE,EQ
794NABAR33,245094916,,957402,,BSE,EQ
845IIL28,245096708,,957409,,BSE,EQ
91ABHF26,245104900,,957441,,BSE,EQ
91ABHF26A,245105156,,957442,,BSE,EQ
91ABHF26B,245105412,,957443,,BSE,EQ
899ABHF26,245105668,,957444,,BSE,EQ
85ABHF27,245105924,,957445,,BSE,EQ
85ABHF27A,245106180,,957446,,BSE,EQ
842HDB28,245111812,,957468,,BSE,EQ
885ABCL26,245130756,,957542,,BSE,EQ
89ABCL26,245131012,,957543,,BSE,EQ
89ABCL26A,245132548,,957549,,BSE,EQ
8ABCL27,245149444,,957615,,BSE,EQ
910ABCL26,245155332,,957638,,BSE,EQ
910ABCL26A,245155588,,957639,,BSE,EQ
910ABCL26B,245155844,,957640,,BSE,EQ
910ABCL26C,245156100,,957641,,BSE,EQ
897ABCL26,245156356,,957642,,BSE,EQ
895ABCL26,245156612,,957643,,BSE,EQ
890ABCL26,245156868,,957644,,BSE,EQ
890ABCL26A,245157124,,957645,,BSE,EQ
825ABCL27,245157380,,957646,,BSE,EQ
850ABCL27,245157636,,957647,,BSE,EQ
87ABCLPERP,245158148,,957649,,BSE,EQ
873YES28,245159940,,957656,,BSE,EQ
843SCL28,245163524,,957670,,BSE,EQ
12MFL99,245163780,,957671,,BSE,EQ
845HDB28,245166084,,957680,,BSE,EQ
843SCL28A,245166852,,957683,,BSE,EQ
822NABAR28,245168644,,957690,,BSE,EQ
828NABAR33,245168900,,957691,,BSE,EQ
865ILFS28,245178116,,957727,,BSE,EQ
82NABARD28,245182468,,957744,,BSE,EQ
9ILFSPER,245182980,,957746,,BSE,EQ
865ILFS28A,245187588,,957764,,BSE,EQ
865ILFS28B,245187844,,957765,,BSE,EQ
9SFL28,245189124,,957770,,BSE,EQ
809REC28,245193732,,957788,,BSE,EQ
785PFCL28,245194244,,957790,,BSE,EQ
801REC28,245196548,,957799,,BSE,EQ
806REC28,245197060,,957801,,BSE,EQ
1015UPPC26,245198852,,957808,,BSE,EQ
1015UPPC27,245199108,,957809,,BSE,EQ
1015UPPC28,245199364,,957810,,BSE,EQ
10PFL28,245202948,,957824,,BSE,EQ
9SFL28A,245205764,,957835,,BSE,EQ
885SFIL28,245206276,,957837,,BSE,EQ
88SCL28,245208068,,957844,,BSE,EQ
853MMFSL33,245216516,,957877,,BSE,EQ
10FEL26,245219588,,957889,,BSE,EQ
890IFSL28,245223684,,957905,,BSE,EQ
880SFIL28,245227780,,957921,,BSE,EQ
95TLOPL26,245228548,,957924,,BSE,EQ
9ILFSL28,245230596,,957932,,BSE,EQ
875ISPDL28,245235460,,957951,,BSE,EQ
910ILFSL28,245238276,,957962,,BSE,EQ
953IEDCL26,245240068,,957969,,BSE,EQ
918MRHFL28,245242116,,957977,,BSE,EQ
935CFSER,245244932,,957988,,BSE,EQ
105JKBLPER,245252100,,958016,,BSE,EQ
871WTGL34,245252356,,958017,,BSE,EQ
855NHAI48,245253124,,958020,,BSE,EQ
JFCZC28,245254404,,958025,,BSE,EQ
915ILFSL28,245260036,,958047,,BSE,EQ
905HFSL28,245283332,,958138,,BSE,EQ
855REC28,245287940,,958156,,BSE,EQ
940MRHFL28,245290244,,958165,,BSE,EQ
980SCL28,245290500,,958166,,BSE,EQ
940HDB99,245292036,,958172,,BSE,EQ
1032APCR26,245293572,,958178,,BSE,EQ
1032APCR27,245293828,,958179,,BSE,EQ
1032APCR28,245294084,,958180,,BSE,EQ
863REC28,245296900,,958191,,BSE,EQ
9507JFHL28,245302532,,958213,,BSE,EQ
775IGT28,245304068,,958219,,BSE,EQ
847NABAR33,245307396,,958232,,BSE,EQ
985ECL28A,245310724,,958245,,BSE,EQ
91164YES28,245310980,,958246,,BSE,EQ
915HFSLPER,245313796,,958257,,BSE,EQ
1270SML26,245314052,,958258,,BSE,EQ
EELNIFT28,245318404,,958275,,BSE,EQ
87RECL28,245319172,,958278,,BSE,EQ
1015FEL26,245325828,,958304,,BSE,EQ
2EARCL28,245326340,,958306,,BSE,EQ
895PFC28,245326596,,958307,,BSE,EQ
905RIL28,245327620,,958311,,BSE,EQ
905HDFCB28,245327876,,958312,,BSE,EQ
892NABAR33,245332996,,958332,,BSE,EQ
91LTF28,245334532,,958338,,BSE,EQ
911BFL33,245337348,,958349,,BSE,EQ
9HDFCB28,245338372,,958353,,BSE,EQ
895RIL28,245338628,,958354,,BSE,EQ
860HUDCL28,245339140,,958356,,BSE,EQ
854REC28,245341188,,958364,,BSE,EQ
97HFSL28,245346564,,958385,,BSE,EQ
867PFCL28,245348612,,958393,,BSE,EQ
864PFCL33,245348868,,958394,,BSE,EQ
856REC28,245349636,,958397,,BSE,EQ
852HUDCO28,245350148,,958399,,BSE,EQ
9HDFCB28A,245351940,,958406,,BSE,EQ
93SCL28,245352964,,958410,,BSE,EQ
1075ECL25,245353220,,958411,,BSE,EQ
845IRFC28,245355012,,958418,,BSE,EQ
837REC28,245355268,,958419,,BSE,EQ
976ABCL28,245358852,,958433,,BSE,EQ
865RIL28,245360132,,958438,,BSE,EQ
99EARCL28,245361924,,958445,,BSE,EQ
1051SFL28,245362436,,958447,,BSE,EQ
927PFL28,245366532,,958463,,BSE,EQ
851NABAR33,245366788,,958464,,BSE,EQ
866HDFCB28,245367300,,958466,,BSE,EQ
1250AFPL25,245367556,,958467,,BSE,EQ
818NABAR28,245367812,,958468,,BSE,EQ
860ABL28,245368068,,958469,,BSE,EQ
915ABCL28,245372676,,958487,,BSE,EQ
844HBL28,245373188,,958489,,BSE,EQ
106FEL26,245376516,,958502,,BSE,EQ
895BFL26,245379588,,958514,,BSE,EQ
84IRFC29,245380612,,958518,,BSE,EQ
83NTPCL29,245381636,,958522,,BSE,EQ
851IREDA29,245381892,,958523,,BSE,EQ
837NHAI29,245383940,,958531,,BSE,EQ
2EARCL29,245385732,,958538,,BSE,EQ
836PGCIL29,245385988,,958539,,BSE,EQ
88REC29,245386244,,958540,,BSE,EQ
91SCL29,245386756,,958542,,BSE,EQ
847IREDA29,245389060,,958551,,BSE,EQ
829NABAR29,245389572,,958553,,BSE,EQ
849NHAI29,245392644,,958565,,BSE,EQ
854NABAR34,245393412,,958568,,BSE,EQ
838HUDCO29,245393668,,958569,,BSE,EQ
955SCPSL29,245395204,,958575,,BSE,EQ
824PGCIL29,245398276,,958587,,BSE,EQ
858HUDC29A,245398532,,958588,,BSE,EQ
875PFCL34,245400580,,958596,,BSE,EQ
89922IGT29,245401348,,958599,,BSE,EQ
98359TSL34,245403396,,958607,,BSE,EQ
9855IRT3A2,245403908,,958609,,BSE,EQ
9855IRT3A3,245404164,,958610,,BSE,EQ
9855IRT4A2,245404676,,958612,,BSE,EQ
855IRFC29,245404932,,958613,,BSE,EQ
92171LTH34,245405188,,958614,,BSE,EQ
923IREDA29,245405700,,958616,,BSE,EQ
85NABARD29,245406212,,958618,,BSE,EQ
10025IRTA2,245408004,,958625,,BSE,EQ
86REC29,245409028,,958629,,BSE,EQ
841HUDCO29,245412100,,958641,,BSE,EQ
862NABAR34,245413380,,958646,,BSE,EQ
95109PFL29,245413636,,958647,,BSE,EQ
837HUDCO29,245415684,,958655,,BSE,EQ
835IRFC29,245416708,,958659,,BSE,EQ
83REC29,245417220,,958661,,BSE,EQ
91PFCL29,245417988,,958664,,BSE,EQ
1028NIDO29,245419012,,958668,,BSE,EQ
827NHAI29,245420292,,958673,,BSE,EQ
855HDFCB29,245420548,,958674,,BSE,EQ
897REC29,245420804,,958675,,BSE,EQ
8179NHAI49,245422084,,958680,,BSE,EQ
1083CIFPER,245423364,,958685,,BSE,EQ
825KMBL26,245423876,,958687,,BSE,EQ
830IRFC29,245425156,,958692,,BSE,EQ
898PFCL29,245426180,,958696,,BSE,EQ
823IRFC29,245436932,,958738,,BSE,EQ
885REC29,245439236,,958747,,BSE,EQ
87929PFC34,245442308,,958759,,BSE,EQ
1287AFPL26,245443588,,958764,,BSE,EQ
88RECL29,245445636,,958772,,BSE,EQ
836NHAI29,245447428,,958779,,BSE,EQ
1088CIFPER,245449732,,958788,,BSE,EQ
9ABCL29,245449988,,958789,,BSE,EQ
885PFCL29,245451524,,958795,,BSE,EQ
809NLCIL29,245454340,,958806,,BSE,EQ
792NHAI29,245454596,,958807,,BSE,EQ
894ABHF29,245455620,,958811,,BSE,EQ
895ABCL29,245456388,,958814,,BSE,EQ
912CFSL29,245458180,,958821,,BSE,EQ
1164MECL29,245460740,,958831,,BSE,EQ
885HFSL29,245461508,,958834,,BSE,EQ
795IRFC29,245462532,,958838,,BSE,EQ
899SCPSL29,245463044,,958840,,BSE,EQ
FELXXVIB27,245463556,,958842,,BSE,EQ
830REC29,245464580,,958846,,BSE,EQ
780NHAI29,245465860,,958851,,BSE,EQ
865ABCL29,245469700,,958866,,BSE,EQ
785IRFC34,245472004,,958875,,BSE,EQ
1427SML26,245472772,,958878,,BSE,EQ
732NTPC29,245473028,,958879,,BSE,EQ
885CFS29,245474308,,958884,,BSE,EQ
975JFCSL29,245475076,,958887,,BSE,EQ
2EARC29,245475588,,958889,,BSE,EQ
899KFC26,245476612,,958893,,BSE,EQ
734PGCIL29,245477380,,958896,,BSE,EQ
734PGCIL34,245477636,,958897,,BSE,EQ
754IRFC34,245480708,,958909,,BSE,EQ
1427SML26A,245481220,,958911,,BSE,EQ
848MMFSL29,245481476,,958912,,BSE,EQ
87CFSL29,245481732,,958913,,BSE,EQ
1023CGCL29,245482500,,958916,,BSE,EQ
815PFCL34,245484036,,958922,,BSE,EQ
791HDFCB29,245485572,,958928,,BSE,EQ
748IRFC29,245488132,,958938,,BSE,EQ
818REC34,245489668,,958944,,BSE,EQ
87HDBPERP,245489924,,958945,,BSE,EQ
748IRFC34,245492228,,958954,,BSE,EQ
1023GHMC29,245494532,,958963,,BSE,EQ
1145MECL29,245495812,,958968,,BSE,EQ
75IRFC29,245496836,,958972,,BSE,EQ
775BOB24,245498372,,958978,,BSE,EQ
825PFCL34,245498884,,958980,,BSE,EQ
77NHAI29,245499140,,958981,,BSE,EQ
829REC34,245499396,,958982,,BSE,EQ
875THDC29,245501188,,958989,,BSE,EQ
842LTF29,245502724,,958995,,BSE,EQ
825REC29,245504004,,959000,,BSE,EQ
90802IOB19,245506052,,959008,,BSE,EQ
8IREDA29,245507076,,959012,,BSE,EQ
FFSPLZC29,245508868,,959019,,BSE,EQ
739AIAH29,245511940,,959031,,BSE,EQ
783NABAR34,245512452,,959033,,BSE,EQ
879JSL29,245512708,,959034,,BSE,EQ
741IOCL29,245513220,,959036,,BSE,EQ
805HDFCB29,245514500,,959041,,BSE,EQ
88LTF29,245514756,,959042,,BSE,EQ
1285AFSL26,245515012,,959043,,BSE,EQ
739AIAH29A,245515524,,959045,,BSE,EQ
755IRFC29,245517316,,959052,,BSE,EQ
749PGCIL29,245519108,,959059,,BSE,EQ
749PGCIL34,245519364,,959060,,BSE,EQ
75NABARD34,245523972,,959078,,BSE,EQ
87HFSLPERP,245526276,,959087,,BSE,EQ
13VRKPL44,245528580,,959096,,BSE,EQ
78NHAI2034,245530372,,959103,,BSE,EQ
10CIFPERP,245532676,,959112,,BSE,EQ
778NABAR34,245534468,,959119,,BSE,EQ
14SHFL2026,245535236,,959122,,BSE,EQ
155SCNL26,245536260,,959126,,BSE,EQ
NWFLNIFT26,245538308,,959134,,BSE,EQ
815PNB29,245539332,,959138,,BSE,EQ
793PFCL29,245542148,,959149,,BSE,EQ
757NABAR35,245543172,,959153,,BSE,EQ
789REC30,245543684,,959155,,BSE,EQ
755IRFC30,245544708,,959159,,BSE,EQ
738PGCIL30,245544964,,959160,,BSE,EQ
7MRP130120,245545476,,959162,,BSE,EQ
FBRT126,245551876,,959187,,BSE,EQ
738NHPC26,245552644,,959190,,BSE,EQ
738NHPC27,245552900,,959191,,BSE,EQ
738NHPC28,245553156,,959192,,BSE,EQ
738NHPC29,245553412,,959193,,BSE,EQ
73NHPCL20,245553668,,959194,,BSE,EQ
8LTF0820,245554180,,959196,,BSE,EQ
784BOB35,245554692,,959198,,BSE,EQ
8.9JSWSL30,245556484,,959205,,BSE,EQ
786PFCL30,245556740,,959206,,BSE,EQ
815ABCL30,245557252,,959208,,BSE,EQ
754NHAI30,245557764,,959210,,BSE,EQ
9MRHFL30,245558020,,959211,,BSE,EQ
7REC30,245558532,,959213,,BSE,EQ
8LTF20,245559300,,959216,,BSE,EQ
790BFL30,245561604,,959225,,BSE,EQ
765ABL27,245562116,,959227,,BSE,EQ
7NABARD30,245562372,,959228,,BSE,EQ
8BHFL35,245562628,,959229,,BSE,EQ
EARCL31120,245562884,,959230,,BSE,EQ
736NLCIL30,245564676,,959237,,BSE,EQ
775MRPL30,245568004,,959250,,BSE,EQ
727NABAR30,245574404,,959275,,BSE,EQ
713NHPCL26,245576708,,959284,,BSE,EQ
713NHPCL27,245576964,,959285,,BSE,EQ
713NHPCL28,245577220,,959286,,BSE,EQ
713NHPCL29,245577476,,959287,,BSE,EQ
713NHPCL30,245577732,,959288,,BSE,EQ
727NHAI35,245579780,,959296,,BSE,EQ
741PFCL30,245580292,,959298,,BSE,EQ
76BFL30,245582596,,959307,,BSE,EQ
74HDFCB30,245582852,,959308,,BSE,EQ
92VL30,245583620,,959311,,BSE,EQ
714REC30,245584132,,959313,,BSE,EQ
11MECL30,245585924,,959320,,BSE,EQ
708IRFC30,245586180,,959321,,BSE,EQ
775MMFS30,245587204,,959325,,BSE,EQ
741PFCL30A,245590532,,959338,,BSE,EQ
75REC30,245590788,,959339,,BSE,EQ
74IREDA30,245594116,,959352,,BSE,EQ
77BHFL35,245594372,,959353,,BSE,EQ
703HPCL30,245594628,,959354,,BSE,EQ
6NABARD30,245594884,,959355,,BSE,EQ
752NHAI36,245598468,,959369,,BSE,EQ
689NHPCL26,245600772,,959378,,BSE,EQ
689NHPCL27,245601028,,959379,,BSE,EQ
689NHPCL28,245601284,,959380,,BSE,EQ
689NHPCL29,245601540,,959381,,BSE,EQ
689NHPCL30,245601796,,959382,,BSE,EQ
825REC30,245602820,,959386,,BSE,EQ
782NHAI35,245605892,,959398,,BSE,EQ
1425EPDP30,245609220,,959411,,BSE,EQ
15EPDPL30,245609476,,959412,,BSE,EQ
735NHAI30,245614340,,959431,,BSE,EQ
85APSEZ30,245614596,,959432,,BSE,EQ
68NHPC26,245620740,,959456,,BSE,EQ
68NHPCL27,245620996,,959457,,BSE,EQ
68NHPCL28,245621252,,959458,,BSE,EQ
68NHPCL29,245621508,,959459,,BSE,EQ
68NHPCL30,245621764,,959460,,BSE,EQ
755REC30,245622020,,959461,,BSE,EQ
74PFCL30,245625092,,959473,,BSE,EQ
768PFCL30,245626372,,959478,,BSE,EQ
774IREDA30,245627908,,959484,,BSE,EQ
779REC30,245629188,,959489,,BSE,EQ
1275FSBF26,245630212,,959493,,BSE,EQ
8IHFCL30,245630980,,959496,,BSE,EQ
779PFCL30,245632516,,959502,,BSE,EQ
665NABAR35,245633796,,959507,,BSE,EQ
8IIL25,245634052,,959508,,BSE,EQ
675HUDCO30,245636100,,959516,,BSE,EQ
796REC30,245641476,,959537,,BSE,EQ
802IHFCL30,245644804,,959550,,BSE,EQ
755NEEPC28,245645316,,959552,,BSE,EQ
69IRFC35,245648900,,959566,,BSE,EQ
83LTF30,245649924,,959570,,BSE,EQ
775PFCL30,245650436,,959572,,BSE,EQ
725HDFCB30,245652740,,959581,,BSE,EQ
679NABAR35,245667076,,959637,,BSE,EQ
125USFB27,245668868,,959644,,BSE,EQ
81LTF30,245674500,,959666,,BSE,EQ
698NHAI35,245678340,,959681,,BSE,EQ
17PED27,245683460,,959701,,BSE,EQ
673IRFC35,245686276,,959712,,BSE,EQ
18NREPL27,245690372,,959728,,BSE,EQ
95MFL30,245692164,,959735,,BSE,EQ
857IIL30,245697028,,959754,,BSE,EQ
815LTF30,245703684,,959780,,BSE,EQ
641IRFC31,245706244,,959790,,BSE,EQ
69REC31,245707524,,959795,,BSE,EQ
629NTPC31,245708548,,959799,,BSE,EQ
688PFCL31,245713924,,959820,,BSE,EQ
628PGCIL31,245715204,,959825,,BSE,EQ
719THDC30,245715716,,959827,,BSE,EQ
65NHAI31,245716740,,959831,,BSE,EQ
645NABAR31,245718788,,959839,,BSE,EQ
757ABC35,245724932,,959863,,BSE,EQ
64ONGC31,245729540,,959881,,BSE,EQ
1225AFI26A,245732100,,959891,,BSE,EQ
705PFC30,245732868,,959894,,BSE,EQ
720PFC35,245733124,,959895,,BSE,EQ
680SBI35,245738500,,959916,,BSE,EQ
725BFL30,245745156,,959942,,BSE,EQ
725REC30,245746436,,959947,,BSE,EQ
714NHAI40,245754372,,959978,,BSE,EQ
766LTF30,245758212,,959993,,BSE,EQ
704PFCL30,245761028,,960004,,BSE,EQ
1250SSFB27,245768452,,960033,,BSE,EQ
679BSNL30,245769988,,960039,,BSE,EQ
734PFCL35,245776644,,960065,,BSE,EQ
77KFC26,245777924,,960070,,BSE,EQ
77KFC27,245778436,,960072,,BSE,EQ
77KFC28,245778692,,960073,,BSE,EQ
77KFC29,245779204,,960075,,BSE,EQ
77KFC30,245779460,,960076,,BSE,EQ
145BML27,245780996,,960082,,BSE,EQ
990FFSL27,245789700,,960116,,BSE,EQ
705MTNL30,245790980,,960121,,BSE,EQ
81LTF31,245798148,,960149,,BSE,EQ
81LTF32,245798404,,960150,,BSE,EQ
81LTF33,245798660,,960151,,BSE,EQ
81LTF34,245798916,,960152,,BSE,EQ
81LTF35,245799172,,960153,,BSE,EQ
680REC30,245800708,,960159,,BSE,EQ
585REC25,245800964,,960160,,BSE,EQ
932PFL30,245802756,,960167,,BSE,EQ
93CIFC30,245803012,,960168,,BSE,EQ
920JMCSL30,245803268,,960169,,BSE,EQ
9SFL30,245804548,,960174,,BSE,EQ
735HDBFS30,245804804,,960175,,BSE,EQ
685IRFC40,245805316,,960177,,BSE,EQ
75IHFCL30,245806852,,960183,,BSE,EQ
710PNB35,245807364,,960185,,BSE,EQ
7IIL25,245811972,,960203,,BSE,EQ
85BOBPERPA,245812996,,960207,,BSE,EQ
7LKCPL26,245814276,,960212,,BSE,EQ
7CFSL27,245816580,,960221,,BSE,EQ
707IHF30,245817860,,960226,,BSE,EQ
659NABAR35,245819396,,960232,,BSE,EQ
773SBIPERP,245820932,,960238,,BSE,EQ
578HDFCB25,245821188,,960239,,BSE,EQ
795LTF31,245821444,,960240,,BSE,EQ
795LTF32,245821700,,960241,,BSE,EQ
795LTF33,245821956,,960242,,BSE,EQ
795LTF34,245822212,,960243,,BSE,EQ
795LTF35,245822468,,960244,,BSE,EQ
642NABAR30,245823492,,960248,,BSE,EQ
694NHAI37,245825284,,960255,,BSE,EQ
685IRFCL40,245825540,,960256,,BSE,EQ
975TCAPPER,245827844,,960265,,BSE,EQ
865JMFPL30,245828356,,960267,,BSE,EQ
7LKCP26B,245831940,,960281,,BSE,EQ
765IHFCL35,245832196,,960282,,BSE,EQ
960THFL30,245837060,,960301,,BSE,EQ
775BOM30,245839108,,960309,,BSE,EQ
69REC31A,245839876,,960312,,BSE,EQ
581REC25,245840132,,960313,,BSE,EQ
79MRHFL30,245842692,,960323,,BSE,EQ
685MTNL30,245846276,,960337,,BSE,EQ
96TCAPPERP,245846532,,960338,,BSE,EQ
6SCPSL25,245848580,,960346,,BSE,EQ
1101MECL30,245849348,,960349,,BSE,EQ
692BFL30,245850372,,960353,,BSE,EQ
6BFL25,245850628,,960354,,BSE,EQ
625ABCL25,245850884,,960355,,BSE,EQ
EELGSEC25,245852420,,960361,,BSE,EQ
618MRPL25,245852676,,960362,,BSE,EQ
743ABCL30,245853188,,960364,,BSE,EQ
694NHAI36,245853700,,960366,,BSE,EQ
649NABAR30,245854980,,960371,,BSE,EQ
665NABA35A,245855236,,960372,,BSE,EQ
762LTF30,245857028,,960379,,BSE,EQ
740IGT25,245857796,,960382,,BSE,EQ
663AFL25,245859844,,960390,,BSE,EQ
TFSRIRR27,245862148,,960399,,BSE,EQ
645REC31,245863172,,960403,,BSE,EQ
683HDFCB31,245863684,,960405,,BSE,EQ
594RECL26,245864708,,960409,,BSE,EQ
1101MECL31,245864964,,960410,,BSE,EQ
1175AFI25A,245865476,,960412,,BSE,EQ
815BOBPERA,245865732,,960413,,BSE,EQ
743ABHF31,245866500,,960416,,BSE,EQ
EFSLGSEC26,245867012,,960418,,BSE,EQ
EFSLGSE26,245867268,,960419,,BSE,EQ
1101MEC31A,245867524,,960420,,BSE,EQ
942THFL31,245868036,,960422,,BSE,EQ
955TCAPPER,245868548,,960424,,BSE,EQ
745THDC31,245869060,,960426,,BSE,EQ
797RECPER,245869572,,960428,,BSE,EQ
560IOCL26,245869828,,960429,,BSE,EQ
860PNBPERP,245870084,,960430,,BSE,EQ
643NTPC31,245870340,,960431,,BSE,EQ
815BOBPERB,245871364,,960435,,BSE,EQ
857MFL28,245871620,,960436,,BSE,EQ
702REC36,245871876,,960437,,BSE,EQ
663REC31,245872132,,960438,,BSE,EQ
1875SEIL28,245872900,,960441,,BSE,EQ
1522RSOT61,245874692,,960448,,BSE,EQ
81RSOTB61,245874948,,960449,,BSE,EQ
AFINIF24A,245876228,,960454,,BSE,EQ
12VITPPL31,245878020,,960461,,BSE,EQ
925SFL30,245878276,,960462,,BSE,EQ
95SFL31,245878532,,960463,,BSE,EQ
8BOM31,245879556,,960467,,BSE,EQ
875JFP31,245880068,,960469,,BSE,EQ
1225DCCL26,245880836,,960472,,BSE,EQ
DCCLNIFT26,245881092,,960473,,BSE,EQ
605NLC26,245881860,,960476,,BSE,EQ
745AFL31,245882116,,960477,,BSE,EQ
686NHPC27,245882372,,960478,,BSE,EQ
686NHPC28,245882628,,960479,,BSE,EQ
686NHPC29,245882884,,960480,,BSE,EQ
686NHPC30,245883140,,960481,,BSE,EQ
686NHPC31,245883396,,960482,,BSE,EQ
686NHPC32,245883652,,960483,,BSE,EQ
686NHPC33,245883908,,960484,,BSE,EQ
686NHPC34,245884164,,960485,,BSE,EQ
686NHPC35,245884420,,960486,,BSE,EQ
686NHPC36,245884676,,960487,,BSE,EQ
975HLFL26,245885188,,960489,,BSE,EQ
725WCL26,245885700,,960491,,BSE,EQ
724ABCL30,245885956,,960492,,BSE,EQ
1096MECL31,245886724,,960495,,BSE,EQ
IIFCLBDIS3,246196996,,961707,,BSE,EQ
IIFCLBDIS4,246197252,,961708,,BSE,EQ
PFCBS3,246198532,,961713,,BSE,EQ
PFCBS4,246198788,,961714,,BSE,EQ
PFCBT1S3,246199556,,961717,,BSE,EQ
PFCBT1S4,246199812,,961718,,BSE,EQ
830NHAI27,246202372,,961728,,BSE,EQ
830PFCL27,246202884,,961730,,BSE,EQ
810IRFC27,246203396,,961732,,BSE,EQ
82HUDCO27,246203908,,961734,,BSE,EQ
812REC27,246206468,,961744,,BSE,EQ
738REC27TF,246207748,,961749,,BSE,EQ
736PFCL28,246208260,,961751,,BSE,EQ
736IIFCL28,246208772,,961753,,BSE,EQ
740IIFCL33,246209028,,961754,,BSE,EQ
734IRFC28,246209540,,961756,,BSE,EQ
704IRFC28,246210052,,961758,,BSE,EQ
704REC28,246210564,,961760,,BSE,EQ
717KPL28,246211332,,961763,,BSE,EQ
751HUDCO28,246211844,,961765,,BSE,EQ
719HUDCO28,246212356,,961767,,BSE,EQ
702IIFCL28,246213124,,961770,,BSE,EQ
708IIFCL33,246213380,,961771,,BSE,EQ
704PFCL28,246213892,,961773,,BSE,EQ
846REC28,246214660,,961776,,BSE,EQ
837REC33,246214916,,961777,,BSE,EQ
871REC28,246215428,,961779,,BSE,EQ
862REC33,246215684,,961780,,BSE,EQ
851HUDCO28,246216196,,961782,,BSE,EQ
849HUDCO33,246216452,,961783,,BSE,EQ
876HUDCO28,246216964,,961785,,BSE,EQ
874HUDCO33,246217220,,961786,,BSE,EQ
854NHPC28,246217732,,961788,,BSE,EQ
867NHPC33,246217988,,961789,,BSE,EQ
879NHPC28,246218500,,961791,,BSE,EQ
892NHPC33,246218756,,961792,,BSE,EQ
838IIFCL28,246219524,,961795,,BSE,EQ
863IIFCL28,246219780,,961796,,BSE,EQ
850IIFCL33,246220036,,961797,,BSE,EQ
875IIFCL33,246220292,,961798,,BSE,EQ
854PFCL28,246220804,,961800,,BSE,EQ
867PFCL33,246221060,,961801,,BSE,EQ
879PFCL28,246221572,,961803,,BSE,EQ
892PFCL33,246221828,,961804,,BSE,EQ
848NTPC28,246222340,,961806,,BSE,EQ
866NTPC33,246222596,,961807,,BSE,EQ
873NTPC28,246223108,,961809,,BSE,EQ
891NTPC33,246223364,,961810,,BSE,EQ
858HUDCO29,246223876,,961812,,BSE,EQ
876HUDCO34,246224132,,961813,,BSE,EQ
883HUDCO29,246224644,,961815,,BSE,EQ
901HUDCO34,246224900,,961816,,BSE,EQ
848IIFC29A,246225412,,961818,,BSE,EQ
866IIFC34B,246225668,,961819,,BSE,EQ
873IIFC29D,246226180,,961821,,BSE,EQ
891IIFCL34,246226436,,961822,,BSE,EQ
850NHAI29,246227204,,961825,,BSE,EQ
875NHAI29,246227460,,961826,,BSE,EQ
840IRFC29,246227972,,961828,,BSE,EQ
865IRFC29,246228484,,961830,,BSE,EQ
855IREDA29,246229252,,961833,,BSE,EQ
855IREDA34,246229764,,961835,,BSE,EQ
880IREDA29,246230788,,961839,,BSE,EQ
880IREDA34,246231300,,961841,,BSE,EQ
875KPL29,246232324,,961845,,BSE,EQ
875KPL34,246232836,,961847,,BSE,EQ
900KPL29,246233860,,961851,,BSE,EQ
900KPL34,246234372,,961853,,BSE,EQ
873HUDCO29,246235396,,961857,,BSE,EQ
871HUDCO34,246235908,,961859,,BSE,EQ
898HUDCO29,246236932,,961863,,BSE,EQ
896HUDCO34,246237444,,961865,,BSE,EQ
863REC29,246238468,,961869,,BSE,EQ
861REC34,246238980,,961871,,BSE,EQ
888REC29,246240004,,961875,,BSE,EQ
886REC34,246240516,,961877,,BSE,EQ
863IRFC29,246241540,,961881,,BSE,EQ
888IRFC29,246242564,,961885,,BSE,EQ
855IIFCL29,246243588,,961889,,BSE,EQ
855IIFCL34,246244100,,961891,,BSE,EQ
880IIFCL29,246245124,,961895,,BSE,EQ
880IIFCL34,246245636,,961897,,BSE,EQ
728NTPC30B,246246916,,961902,,BSE,EQ
737NTPC35C,246247428,,961904,,BSE,EQ
753NTPC30E,246248452,,961908,,BSE,EQ
762NTPC35F,246248964,,961910,,BSE,EQ
ANURASW1,246251268,ANUPAM RASAYAN INDIA ,961919,,BSE,EQ
PIDBSTRP25,248925700,,972366,,BSE,EQ
PIDBSTRP26,248925956,,972367,,BSE,EQ
PIDBSTRP27,248926212,,972368,,BSE,EQ
1125IDBI29,248949508,,972459,,BSE,EQ
956IDBI29,248953604,,972475,,BSE,EQ
967IDBI29,248961796,,972507,,BSE,EQ
97IFCI30,248975876,,972562,,BSE,EQ
97IFCI30A,248976132,,972563,,BSE,EQ
975IFCI30,248978948,,972574,,BSE,EQ
975IFCI30A,248979204,,972575,,BSE,EQ
IFCI40,248979460,,972576,,BSE,EQ
IFCI39,248979716,,972577,,BSE,EQ
IFCI38,248979972,,972578,,BSE,EQ
IFCI37,248980228,,972579,,BSE,EQ
IFCI36,248980484,,972580,,BSE,EQ
IFCI35,248980740,,972581,,BSE,EQ
IFCI34,248980996,,972582,,BSE,EQ
IFCI33,248981252,,972583,,BSE,EQ
IFCI32,248981508,,972584,,BSE,EQ
IFCI31,248981764,,972585,,BSE,EQ
998IFCI30,248987396,,972607,,BSE,EQ
933IRFC26,248998148,,972649,,BSE,EQ
947IRFC31,248998404,,972650,,BSE,EQ
1075IFCI26,248999684,,972655,,BSE,EQ
1075IFC26A,249000196,,972657,,BSE,EQ
1085WBSE26,249007876,,972687,,BSE,EQ
1075IFC26,249008900,,972691,,BSE,EQ
777IRFC26,249009412,,972693,,BSE,EQ
875IFCI26A,249012740,,972706,,BSE,EQ
1070IFCI27,249014020,,972711,,BSE,EQ
916IFCI27,249015044,,972715,,BSE,EQ
916IFCI27A,249015300,,972716,,BSE,EQ
872IFCI27,249016580,,972721,,BSE,EQ
872IFCI27D,249016836,,972722,,BSE,EQ
93DVC27,249018884,,972730,,BSE,EQ
93DVC27A,249019140,,972731,,BSE,EQ
941IIFC37,249022724,,972745,,BSE,EQ
936IIFC42,249022980,,972746,,BSE,EQ
998IFCI37,249027332,,972763,,BSE,EQ
1010IFCI27,249028612,,972768,,BSE,EQ
990IFCI27B,249029380,,972771,,BSE,EQ
990IFCI32C,249029636,,972772,,BSE,EQ
990IFCI37D,249029892,,972773,,BSE,EQ
738REC27,249031172,,972778,,BSE,EQ
945RFC2022,249031428,,972779,,BSE,EQ
741IIFC32,249031940,,972781,,BSE,EQ
738IRFC27A,249033732,,972788,,BSE,EQ
738IRFC27,249034244,,972790,,BSE,EQ
739IRFC27B,249034500,,972791,,BSE,EQ
738IRFC27B,249037060,,972801,,BSE,EQ
739IRFC27C,249038084,,972805,,BSE,EQ
1012IFCI27,249042180,,972821,,BSE,EQ
869DVC28,249043460,,972826,,BSE,EQ
975IFCI28,249044996,,972832,,BSE,EQ
826IIFC28A,249049092,,972848,,BSE,EQ
848NHAI28,249051396,,972857,,BSE,EQ
848IRFC28B,249051908,,972859,,BSE,EQ
848IRFC29A,249052676,,972862,,BSE,EQ
855IRFC29A,249053956,,972867,,BSE,EQ
855IRFC29B,249054212,,972868,,BSE,EQ
863NTPC29,249055492,,972873,,BSE,EQ
861NTPC34,249055748,,972874,,BSE,EQ
876IFCI29,249056772,,972878,,BSE,EQ
915PIFS27,249059588,,972889,,BSE,EQ
74IHFCL31,249088260,,973001,,BSE,EQ
75IHFCL33,249088772,,973003,,BSE,EQ
925SFL30A,249089796,,973007,,BSE,EQ
95SFL30,249090052,,973008,,BSE,EQ
721IRFC41,249091588,,973014,,BSE,EQ
705TPCL26,249092612,,973018,,BSE,EQ
955TCAPERA,249094916,,973027,,BSE,EQ
728NHAI39,249097220,,973036,,BSE,EQ
975HLFL026,249097476,,973037,,BSE,EQ
925CIFPER,249097732,,973038,,BSE,EQ
881JFP31,249099524,,973045,,BSE,EQ
765BOB31,249100036,,973047,,BSE,EQ
74REC36,249100292,,973048,,BSE,EQ
RERTZC28,249101060,,973051,,BSE,EQ
925PF26,249101572,,973053,,BSE,EQ
925PFL26,249106692,,973073,,BSE,EQ
975HLFL26A,249107972,,973078,,BSE,EQ
8BOM31A,249108228,,973079,,BSE,EQ
777TPCL29,249109764,,973085,,BSE,EQ
777TPCL30,249110020,,973086,,BSE,EQ
777TPCL31,249110276,,973087,,BSE,EQ
65REC31,249113092,,973098,,BSE,EQ
825STL31,249114372,,973103,,BSE,EQ
975HLF26,249116420,,973111,,BSE,EQ
725IIL26,249117700,,973116,,BSE,EQ
119AML26,249118212,,973118,,BSE,EQ
8SFL31,249119748,,973124,,BSE,EQ
129SMP26,249120004,,973125,,BSE,EQ
680IRFC41,249120260,,973126,,BSE,EQ
9PFL31,249120516,,973127,,BSE,EQ
699GIL31,249124612,,973143,,BSE,EQ
702BFL31,249126404,,973150,,BSE,EQ
975HLFL28,249127172,,973153,,BSE,EQ
675SPTL26,249127428,,973154,,BSE,EQ
932THFL31,249129732,,973163,,BSE,EQ
876JSL31,249131780,,973171,,BSE,EQ
663HPCL31,249133060,,973176,,BSE,EQ
1247AIHF26,249134340,,973181,,BSE,EQ
1175AFI26,249135364,,973185,,BSE,EQ
1225AFI26,249136132,,973188,,BSE,EQ
AFINIF24B,249136644,,973190,,BSE,EQ
920CIFCL31,249139460,,973201,,BSE,EQ
726ABCL31,249142532,,973213,,BSE,EQ
6HDFCB26,249143044,,973215,,BSE,EQ
79MFL31,249144068,,973219,,BSE,EQ
8AHL41,249144324,,973220,,BSE,EQ
699IRFC41,249145092,,973223,,BSE,EQ
740AFL31,249146372,,973228,,BSE,EQ
734ABCL31,249146628,,973229,,BSE,EQ
91TCAPPERP,249147396,,973232,,BSE,EQ
688HDFCB31,249148420,,973236,,BSE,EQ
9SFL31,249155076,,973262,,BSE,EQ
635MMFSL26,249155844,,973265,,BSE,EQ
732IGT31,249156868,,973269,,BSE,EQ
727AFL31,249157380,,973271,,BSE,EQ
885PFL31,249157636,,973272,,BSE,EQ
905CIFCL31,249157892,,973273,,BSE,EQ
635PFCL26,249158148,,973274,,BSE,EQ
635PFCL27,249158660,,973276,,BSE,EQ
711PFCL36,249158916,,973277,,BSE,EQ
715IIL26,249160196,,973282,,BSE,EQ
1125IRP59,249160708,,973284,,BSE,EQ
1667RSOT69,249160964,,973285,,BSE,EQ
947RSOT69,249161220,,973286,,BSE,EQ
735MMFSL31,249163268,,973294,,BSE,EQ
79WCL36,249167108,,973309,,BSE,EQ
85JMFPL31,249169924,,973320,,BSE,EQ
689IRFC31,249170180,,973321,,BSE,EQ
85JMFCSL31,249170948,,973324,,BSE,EQ
970HLFL27,249171716,,973327,,BSE,EQ
695TMPV26,249172484,,973330,,BSE,EQ
655ABCL26,249173764,,973335,,BSE,EQ
745ABSLI31,249174788,,973339,,BSE,EQ
875SFL31,249175044,,973340,,BSE,EQ
697NABAR36,249176324,,973345,,BSE,EQ
1095IFSL27,249177092,,973348,,BSE,EQ
703IRFC36,249177604,,973350,,BSE,EQ
723CFSL31,249180932,,973363,,BSE,EQ
679NABAR31,249181444,,973365,,BSE,EQ
737IIL31,249182468,,973369,,BSE,EQ
726NHAI38,249183748,,973374,,BSE,EQ
725ICICI31,249185284,,973380,,BSE,EQ
1170SML27,249186052,,973383,,BSE,EQ
739THDC31,249188100,,973391,,BSE,EQ
79AFLPERP,249189380,,973396,,BSE,EQ
13DBLIRP26,249191684,,973405,,BSE,EQ
606PFCL26,249192196,,973407,,BSE,EQ
715PFC36,249192452,,973408,,BSE,EQ
692IRFC31,249193476,,973412,,BSE,EQ
772SBI31,249195268,,973419,,BSE,EQ
12MFLPERB,249196036,,973422,,BSE,EQ
752ICICI32,249196548,,973424,,BSE,EQ
68EOPRE26,249199108,,973434,,BSE,EQ
669NTPC31,249200132,,973438,,BSE,EQ
635HDB26,249201668,,973444,,BSE,EQ
HDBZC26,249201924,,973445,,BSE,EQ
672IGT26,249203204,,973450,,BSE,EQ
865SFL31,249205764,,973460,,BSE,EQ
9SFIL26,249208580,,973471,,BSE,EQ
655AFL26,249209860,,973476,,BSE,EQ
688HDFC31,249212420,,973486,,BSE,EQ
644HDFC28,249213188,,973489,,BSE,EQ
675PFL31,249213700,,973491,,BSE,EQ
627ICICI26,249215492,,973498,,BSE,EQ
610SJVN26,249216260,,973501,,BSE,EQ
640JUPPL29,249218052,,973508,,BSE,EQ
692NABAR29,249218308,,973509,,BSE,EQ
695PFCL31,249220868,,973519,,BSE,EQ
71ABCL31,249221124,,973520,,BSE,EQ
645ABCL26,249221380,,973521,,BSE,EQ
675IIL27,249222148,,973524,,BSE,EQ
772SBIPER,249226244,,973540,,BSE,EQ
705EOP26,249227780,,973546,,BSE,EQ
1075MFSL21,249228036,,973547,,BSE,EQ
623REC31,249228804,,973550,,BSE,EQ
786BOM31,249229572,,973553,,BSE,EQ
627BPCL26,249229828,,973554,,BSE,EQ
725BHFL31,249231364,,973560,,BSE,EQ
768HDB31,249231876,,973562,,BSE,EQ
710HEGI31,249233156,,973567,,BSE,EQ
710HDFCB31,249234436,,973572,,BSE,EQ
8JMFHL26,249234948,,973574,,BSE,EQ
837SFL31,249235204,,973575,,BSE,EQ
745MMFSL31,249236228,,973579,,BSE,EQ
710PNB31,249237252,,973583,,BSE,EQ
68AFL26,249237508,,973584,,BSE,EQ
695IRFC36,249238020,,973586,,BSE,EQ
775SUDLI31,249238276,,973587,,BSE,EQ
609SMIL26,249240324,,973595,,BSE,EQ
795BOBPER,249240580,,973596,,BSE,EQ
65AFL26,249242116,,973602,,BSE,EQ
763ABSLI31,249242372,,973603,,BSE,EQ
705HDFCB31,249244164,,973610,,BSE,EQ
715BFL31,249246212,,973618,,BSE,EQ
TCAPPERP,249247492,,973623,,BSE,EQ
743ABCL31,249248516,,973627,,BSE,EQ
742AFL31,249249284,,973630,,BSE,EQ
840PNBPER,249251332,,973638,,BSE,EQ
755SBIPERP,249253124,,973645,,BSE,EQ
675IIDL27,249253380,,973646,,BSE,EQ
692REC32,249253636,,973647,,BSE,EQ
113UCL27,249256708,,973659,,BSE,EQ
685NLC32,249257732,,973663,,BSE,EQ
687IRFC32,249257988,,973664,,BSE,EQ
692PFCL32,249258500,,973666,,BSE,EQ
699ABL31,249258756,,973667,,BSE,EQ
687NHAI32,249259012,,973668,,BSE,EQ
655ICHCL26,249260036,,973672,,BSE,EQ
905SFL31,249260548,,973674,,BSE,EQ
08SFL31,249264132,,973688,,BSE,EQ
748MRPL32,249265156,,973692,,BSE,EQ
1130UCL27,249265924,,973695,,BSE,EQ
658LTMRH26,249266436,,973697,,BSE,EQ
668LTMRH27,249266692,,973698,,BSE,EQ
776AFLPERP,249268228,,973704,,BSE,EQ
1130UCL28,249271044,,973715,,BSE,EQ
790MHFL32,249271300,,973716,,BSE,EQ
1176SML26,249271556,,973717,,BSE,EQ
850PNBPER,249272324,,973720,,BSE,EQ
770GRIL32,249274628,,973729,,BSE,EQ
899JMFCS32,249276164,,973735,,BSE,EQ
67ABHF27,249276420,,973736,,BSE,EQ
8BOBPERP,249278212,,973743,,BSE,EQ
750CFSL32,249279492,,973748,,BSE,EQ
73AGEUP26,249280004,,973750,,BSE,EQ
765AGEUP29,249280260,,973751,,BSE,EQ
775AGEUP31,249280516,,973752,,BSE,EQ
785AGEUP34,249280772,,973753,,BSE,EQ
730PDPL26,249281540,,973756,,BSE,EQ
765PDPL29,249281796,,973757,,BSE,EQ
775PDPL31,249282052,,973758,,BSE,EQ
785PDPL34,249282308,,973759,,BSE,EQ
73PSEPL26,249282820,,973761,,BSE,EQ
765PSEPL29,249283076,,973762,,BSE,EQ
775PSEPL31,249283332,,973763,,BSE,EQ
785PSEPL34,249283588,,973764,,BSE,EQ
1216SFPL26,249290244,,973790,,BSE,EQ
614IOCL27,249290756,,973792,,BSE,EQ
BFLZC26,249291268,,973794,,BSE,EQ
89TCBIL35,249291780,,973796,,BSE,EQ
9SFL32,249294084,,973805,,BSE,EQ
715IIL27,249295620,,973811,,BSE,EQ
730CFSL29,249297412,,973818,,BSE,EQ
705AHFL26,249297924,,973820,,BSE,EQ
609HPCL27,249298436,,973822,,BSE,EQ
856SFL32,249298692,,973823,,BSE,EQ
11772SCN26,249300996,,973832,,BSE,EQ
740NL27,249301508,,973834,,BSE,EQ
718HDFCB32,249302276,,973837,,BSE,EQ
712NHAI37,249303300,,973841,,BSE,EQ
717IIFCL32,249304068,,973844,,BSE,EQ
690TRCL26,249308164,,973860,,BSE,EQ
690TRCL27,249308420,,973861,,BSE,EQ
1374KCPL26,249308676,,973862,,BSE,EQ
625AFL27,249308932,,973863,,BSE,EQ
714NEEPC30,249309188,,973864,,BSE,EQ
715VMC27,249310212,,973868,,BSE,EQ
875BOMPERP,249310724,,973870,,BSE,EQ
605PGCIL27,249310980,,973871,,BSE,EQ
97UPPCL29,249312260,,973876,,BSE,EQ
970UPPC30,249312772,,973878,,BSE,EQ
97UPPCL26,249313028,,973879,,BSE,EQ
97UPPCL27,249313284,,973880,,BSE,EQ
97UPPCL31,249313540,,973881,,BSE,EQ
97UPPCL28,249313796,,973882,,BSE,EQ
97UPPCL32,249314052,,973883,,BSE,EQ
680AFL26,249315332,,973888,,BSE,EQ
VFSPL30322,249316356,,973892,,BSE,EQ
1245SML26,249316612,,973893,,BSE,EQ
1177SCNL26,249317636,,973897,,BSE,EQ
950JKBL32,249317892,,973898,,BSE,EQ
1365AFSL27,249318660,,973901,,BSE,EQ
860IOB32,249318916,,973902,,BSE,EQ
1177MML27,249319428,,973904,,BSE,EQ
7RMIL26,249320196,,973907,,BSE,EQ
735EOPR27,249320964,,973910,,BSE,EQ
790JMFH27,249321220,,973911,,BSE,EQ
15PPPL29,249323524,,973920,,BSE,EQ
7LKCP26,249323780,,973921,,BSE,EQ
825SFL29,249324292,,973923,,BSE,EQ
ONEGSEC31,249324548,,973924,,BSE,EQ
136259MM26,249329668,,973944,,BSE,EQ
770BHFL27,249329924,,973945,,BSE,EQ
786HDFCB32,249330948,,973949,,BSE,EQ
865JMFCS32,249331716,,973952,,BSE,EQ
885SFL32,249334532,,973963,,BSE,EQ
799BFL35,249335044,,973965,,BSE,EQ
775JMFHL26,249335300,,973966,,BSE,EQ
1177SML26,249336580,,973971,,BSE,EQ
770BFL27,249337604,,973975,,BSE,EQ
125CES27,249338628,,973979,,BSE,EQ
750GIL27,249339396,,973982,,BSE,EQ
962APSB27,249340164,,973985,,BSE,EQ
962APSB26,249340420,,973986,,BSE,EQ
962APSB32,249340676,,973987,,BSE,EQ
962APSB28,249341444,,973990,,BSE,EQ
962APSB29,249341700,,973991,,BSE,EQ
962APSB30,249342212,,973993,,BSE,EQ
962APSB31,249342468,,973994,,BSE,EQ
779IOCL32,249344004,,974000,,BSE,EQ
781HPCL32,249344516,,974002,,BSE,EQ
952DIAL27,249345028,,974004,,BSE,EQ
1035VFL28,249346052,,974008,,BSE,EQ
ABANNIF25A,249346820,,974011,,BSE,EQ
1018EFCL27,249348356,,974017,,BSE,EQ
8IIL27,249348612,,974018,,BSE,EQ
825SCPSL32,249348868,,974019,,BSE,EQ
14VPIPL27,249349380,,974021,,BSE,EQ
874VL32,249349636,,974022,,BSE,EQ
875HPL29,249350660,,974026,,BSE,EQ
895HPL27,249351172,,974028,,BSE,EQ
840CFSL32,249352452,,974033,,BSE,EQ
875PNBPER,249353476,,974037,,BSE,EQ
10IPL37,249354756,,974042,,BSE,EQ
815CFSL32,249355012,,974043,,BSE,EQ
NWFLNIF26C,249355268,,974044,,BSE,EQ
865JMFPL32,249357060,,974051,,BSE,EQ
970SFIL32,249357316,,974052,,BSE,EQ
779KMPL27,249358340,,974056,,BSE,EQ
777HDFCB27,249358596,,974057,,BSE,EQ
820MMFSL32,249359364,,974060,,BSE,EQ
8AHL2042,249360132,,974063,,BSE,EQ
825CFSL32,249361156,,974067,,BSE,EQ
IFSL250722,249361924,,974070,,BSE,EQ
8HDFCB32,249362436,,974072,,BSE,EQ
870TIAPL26,249362948,,974074,,BSE,EQ
795MBPR27,249363204,,974075,,BSE,EQ
1283CIFC26,249364228,,974079,,BSE,EQ
NWFLNIF26B,249364740,,974081,,BSE,EQ
1050HFL27,249366532,,974088,,BSE,EQ
11HFL27,249366788,,974089,,BSE,EQ
93AUFL32,249367812,,974093,,BSE,EQ
93AUFL32A,249368068,,974094,,BSE,EQ
93AUFL32B,249368324,,974095,,BSE,EQ
1229AIHF26,249370116,,974102,,BSE,EQ
THFLMCLR26,249370372,,974103,,BSE,EQ
739BOB29,249371396,,974107,,BSE,EQ
1224AIHF27,249371908,,974109,,BSE,EQ
872SFL32,249372420,,974111,,BSE,EQ
EELGSEC26B,249372676,,974112,,BSE,EQ
1125ISFL28,249373188,,974114,,BSE,EQ
713PFCL26,249374468,,974119,,BSE,EQ
76BFL27,249375236,,974122,,BSE,EQ
1025ARKA28,249375748,,974124,,BSE,EQ
777IIL27,249376516,,974127,,BSE,EQ
7475KMPL26,249377540,,974131,,BSE,EQ
836CFSPER,249378308,,974134,,BSE,EQ
8GRIL29,249378820,,974136,,BSE,EQ
79MMFSL27,249379076,,974137,,BSE,EQ
865YATL27,249379332,,974138,,BSE,EQ
788BOBPERP,249379588,,974139,,BSE,EQ
834AFLPER,249380612,,974143,,BSE,EQ
165SPPL26,249382404,,974150,,BSE,EQ
714IOCL27,249382660,,974151,,BSE,EQ
780HDFCB32,249382916,,974152,,BSE,EQ
784HDFCB27,249384964,,974160,,BSE,EQ
782BFL32,249385476,,974162,,BSE,EQ
789BHFL32,249385988,,974164,,BSE,EQ
775SBIPER,249386244,,974165,,BSE,EQ
874BOMPERP,249386500,,974166,,BSE,EQ
742PFCL32,249386756,,974167,,BSE,EQ
77AFL27,249387268,,974169,,BSE,EQ
715PFCL26,249387524,,974170,,BSE,EQ
715PFCL27,249387780,,974171,,BSE,EQ
855SFL32,249388292,,974173,,BSE,EQ
875YATL29,249389572,,974178,,BSE,EQ
765HFSL27,249389828,,974179,,BSE,EQ
760THDC32,249390852,,974183,,BSE,EQ
785VHFCL26,249391364,,974185,,BSE,EQ
750TSL27,249394436,,974197,,BSE,EQ
776TSL32,249394692,,974198,,BSE,EQ
772HEGIC32,249395716,,974202,,BSE,EQ
830PNBPERP,249396740,,974206,,BSE,EQ
830MHIL32,249396996,,974207,,BSE,EQ
95EFRL26,249398532,,974213,,BSE,EQ
865SYTL27,249399044,,974215,,BSE,EQ
1PRPL30,249399556,,974217,,BSE,EQ
1PRPL30A,249399812,,974218,,BSE,EQ
757SBI37,249400324,,974220,,BSE,EQ
732REC26,249400580,,974221,,BSE,EQ
750REC33,249400836,,974222,,BSE,EQ
825VIT29,249402116,,974227,,BSE,EQ
771VIT25,249402372,,974228,,BSE,EQ
784BHFL32,249403140,,974231,,BSE,EQ
8MMFSL32,249404164,,974235,,BSE,EQ
807AFL32,249404932,,974238,,BSE,EQ
835MRHFL32,249405444,,974240,,BSE,EQ
785IREDA32,249406468,,974244,,BSE,EQ
001HCCL29,249406980,,974246,,BSE,EQ
001HCCL29A,249407236,,974247,,BSE,EQ
001HCCL26,249407492,,974248,,BSE,EQ
001HCCL31,249407748,,974249,,BSE,EQ
001HCCL29B,249408004,,974250,,BSE,EQ
1379LMPL26,249409284,,974255,,BSE,EQ
862JSL22,249409796,,974257,,BSE,EQ
86THFL37,249411844,,974265,,BSE,EQ
1125AML28,249414404,,974275,,BSE,EQ
10P92226,249415684,,974280,,BSE,EQ
995UPPCL26,249416196,,974282,,BSE,EQ
995UPPCL27,249416452,,974283,,BSE,EQ
995UPPCL28,249416708,,974284,,BSE,EQ
995UPPCL29,249416964,,974285,,BSE,EQ
995UPPCL30,249417220,,974286,,BSE,EQ
995UPPCL31,249417476,,974287,,BSE,EQ
995UPPCL32,249417732,,974288,,BSE,EQ
875SYTL29,249417988,,974289,,BSE,EQ
10MDPL27,249418244,,974290,,BSE,EQ
807HDFCB32,249420036,,974297,,BSE,EQ
769IRFC32,249420292,,974298,,BSE,EQ
1206FCL27,249421572,,974303,,BSE,EQ
817CFSL32,249422596,,974307,,BSE,EQ
850SFL32,249422852,,974308,,BSE,EQ
PMPLZC28,249423108,,974309,,BSE,EQ
PCPL28,249423620,,974311,,BSE,EQ
795BFL27,249424644,,974315,,BSE,EQ
815ABHF32,249424900,,974316,,BSE,EQ
11HFL28,249425668,,974319,,BSE,EQ
1050HFL27A,249425924,,974320,,BSE,EQ
875SFL32,249426180,,974321,,BSE,EQ
79240KMP26,249426436,,974322,,BSE,EQ
HDBZC26A,249426948,,974324,,BSE,EQ
804HDB26,249427204,,974325,,BSE,EQ
950MFSPL26,249427460,,974326,,BSE,EQ
1360IKFF28,249427716,,974327,,BSE,EQ
807IIL32,249429508,,974334,,BSE,EQ
91TIAPL30,249429764,,974335,,BSE,EQ
137VRKPL47,249430532,,974338,,BSE,EQ
764HPCL27,249431300,,974341,,BSE,EQ
79866KMP27,249432324,,974345,,BSE,EQ
858OPAL29,249432836,,974347,,BSE,EQ
792BHFL26,249433092,,974348,,BSE,EQ
ABANNIF26,249433348,,974349,,BSE,EQ
754HUDCO26,249433604,,974350,,BSE,EQ
MRHFGSE25,249434116,,974352,,BSE,EQ
79SCPSLP25,249434372,,974353,,BSE,EQ
8MTNL32,249434628,,974354,,BSE,EQ
NWFLNIF26,249434884,,974355,,BSE,EQ
765PFCL37,249435140,,974356,,BSE,EQ
79BFL25,249436676,,974362,,BSE,EQ
796HDBFS25,249437700,,974366,,BSE,EQ
1120AFL27A,249437956,,974367,,BSE,EQ
798BHFL27,249438212,,974368,,BSE,EQ
770HDFCB25,249438468,,974369,,BSE,EQ
812ABCL32A,249438724,,974370,,BSE,EQ
795ABCL26,249439236,,974372,,BSE,EQ
810MMFSL25,249439492,,974373,,BSE,EQ
SFLGSEC25,249440260,,974376,,BSE,EQ
SFLGSEC26,249441028,,974379,,BSE,EQ
7LKCP26A,249441284,,974380,,BSE,EQ
795CFSL32,249441540,,974381,,BSE,EQ
779HDFCB32,249441796,,974382,,BSE,EQ
795ISECH25,249442308,,974384,,BSE,EQ
765REC37,249442564,,974385,,BSE,EQ
1125AML28A,249442820,,974386,,BSE,EQ
744IOCL27,249443076,,974387,,BSE,EQ
806AFL32,249443332,,974388,,BSE,EQ
764IRFC37,249443844,,974390,,BSE,EQ
795ABHF25,249444100,,974391,,BSE,EQ
793ABCL26,249444612,,974393,,BSE,EQ
787MTNL32,249444868,,974394,,BSE,EQ
789PNB37,249445124,,974395,,BSE,EQ
763KMBL29,249445380,,974396,,BSE,EQ
763GIL27,249445636,,974397,,BSE,EQ
797KIDF27,249445892,,974398,,BSE,EQ
801AIEYP25,249446148,,974399,,BSE,EQ
834AIEYP27,249446404,,974400,,BSE,EQ
755REC28,249446916,,974402,,BSE,EQ
767REC37,249447172,,974403,,BSE,EQ
786HDFC32,249447940,,974406,,BSE,EQ
795ABCL27,249448196,,974407,,BSE,EQ
751SBI32,249448452,,974408,,BSE,EQ
NWFINDEX26,249448964,,974410,,BSE,EQ
779IREDA32,249449220,,974411,,BSE,EQ
910TIAL30,249449476,,974412,,BSE,EQ
8BOM32,249449732,,974413,,BSE,EQ
750NABAR25,249450244,,974415,,BSE,EQ
1215SCNL27,249450756,,974417,,BSE,EQ
880GMRHI32,249451268,,974419,,BSE,EQ
788ABL32,249451524,,974420,,BSE,EQ
783BHFL25,249452036,,974422,,BSE,EQ
EPDL91222,249452292,,974423,,BSE,EQ
758PFCL33,249452548,,974424,,BSE,EQ
78KMPL25,249453060,,974426,,BSE,EQ
744NTPC33,249453316,,974427,,BSE,EQ
753REC33,249453572,,974428,,BSE,EQ
754HPCL33,249453828,,974429,,BSE,EQ
747IRFC33,249454084,,974430,,BSE,EQ
784HDFC32,249454340,,974431,,BSE,EQ
752HUDCL33,249454852,,974433,,BSE,EQ
759PFCL28,249455108,,974434,,BSE,EQ
772PFCL37,249455364,,974435,,BSE,EQ
734GIL27,249456388,,974439,,BSE,EQ
UCLGSEC26,249456900,,974441,,BSE,EQ
784HDBFS26,249457156,,974442,,BSE,EQ
962APSB25A,249458180,,974446,,BSE,EQ
962APSB26A,249458436,,974447,,BSE,EQ
962APSB28A,249458692,,974448,,BSE,EQ
962APSB29A,249458948,,974449,,BSE,EQ
962APSB30A,249459204,,974450,,BSE,EQ
962APSB31A,249459460,,974451,,BSE,EQ
962APSB32A,249459716,,974452,,BSE,EQ
962APSB27A,249459972,,974453,,BSE,EQ
ABANNIF26A,249460228,,974454,,BSE,EQ
787IIL27,249460484,,974455,,BSE,EQ
M240826,249460996,,974457,,BSE,EQ
BSNLIRR32,249461252,,974458,,BSE,EQ
840PNBPERP,249461508,,974459,,BSE,EQ
96JMFAR25A,249462532,,974463,,BSE,EQ
874BOMPER,249462788,,974464,,BSE,EQ
815AFLPER,249463044,,974465,,BSE,EQ
825JSL27,249463300,,974466,,BSE,EQ
788THDC32,249463556,,974467,,BSE,EQ
820SIIL25,249463812,,974468,,BSE,EQ
758PFCL26,249464580,,974471,,BSE,EQ
792ABCL27,249464836,,974472,,BSE,EQ
EELINDEX26,249465348,,974474,,BSE,EQ
1370AIP32A,249465860,,974476,,BSE,EQ
775TPCL30,249467396,,974482,,BSE,EQ
775TPCL32,249467652,,974483,,BSE,EQ
797KIDF28,249468164,,974485,,BSE,EQ
KMILZC26,249470724,,974495,,BSE,EQ
765IRFC32,249471236,,974497,,BSE,EQ
788ABCL26,249471748,,974499,,BSE,EQ
975JKBL32,249472772,,974503,,BSE,EQ
9INDIGM25,249475076,,974512,,BSE,EQ
FFSLGSEC26,249476100,,974516,,BSE,EQ
756REC26,249478660,,974526,,BSE,EQ
769REC33,249478916,,974527,,BSE,EQ
790KMPL26,249480196,,974532,,BSE,EQ
762NABAR28,249480708,,974534,,BSE,EQ
799HDB26,249480964,,974535,,BSE,EQ
1230SCNL27,249481220,,974536,,BSE,EQ
6IKATEPL33,249481476,,974537,,BSE,EQ
74IRFC26,249481732,,974538,,BSE,EQ
765IRFC33,249481988,,974539,,BSE,EQ
810ATL28,249482500,,974541,,BSE,EQ
815ATL31,249482756,,974542,,BSE,EQ
827ATL40,249483012,,974543,,BSE,EQ
827ATL41,249483268,,974544,,BSE,EQ
827ATLS37,249483524,,974545,,BSE,EQ
MMFSGSEC26,249483780,,974546,,BSE,EQ
770SBI38,249484036,,974547,,BSE,EQ
NWFNIFT26A,249484292,,974548,,BSE,EQ
MSCLGSE24A,249484804,,974550,,BSE,EQ
788BFL28,249485572,,974553,,BSE,EQ
757NABAR26,249485828,,974554,,BSE,EQ
815SMIL26,249486084,,974555,,BSE,EQ
794IREDA33,249487108,,974559,,BSE,EQ
769HDFCB33,249487364,,974560,,BSE,EQ
11MML26,249487620,,974561,,BSE,EQ
KMILZC26A,249487876,,974562,,BSE,EQ
79915KMI26,249488388,,974564,,BSE,EQ
PFLGSEC26,249488900,,974566,,BSE,EQ
788IHFCL28,249489156,,974567,,BSE,EQ
HLFLGSEC26,249489412,,974568,,BSE,EQ
820MRHFL26,249489668,,974569,,BSE,EQ
780ABLBL26,249489924,,974570,,BSE,EQ
797ABREL26,249490180,,974571,,BSE,EQ
815CFSPER,249490692,,974573,,BSE,EQ
890TIAL30,249490948,,974574,,BSE,EQ
925AFS26A,249491460,,974576,,BSE,EQ
JFCL020326,249491716,,974577,,BSE,EQ
760REC26,249491972,,974578,,BSE,EQ
1125ISFL29,249492484,,974580,,BSE,EQ
83AHFL28,249493252,,974583,,BSE,EQ
778MTNL33,249494020,,974586,,BSE,EQ
804BHFL33,249494276,,974587,,BSE,EQ
909THFL33,249494532,,974588,,BSE,EQ
15PSSPL26,249494788,,974589,,BSE,EQ
792KMPL25,249495300,,974591,,BSE,EQ
768HUDCO26,249495556,,974592,,BSE,EQ
740PGCL33,249495812,,974593,,BSE,EQ
770NABAR38,249496068,,974594,,BSE,EQ
797HDFCB33,249496324,,974595,,BSE,EQ
759NHPCL38,249496580,,974596,,BSE,EQ
759NHPCL37,249496836,,974597,,BSE,EQ
759NHPCL36,249497092,,974598,,BSE,EQ
759NHPCL35,249497348,,974599,,BSE,EQ
759NHPCL34,249497604,,974600,,BSE,EQ
759NHPCL33,249497860,,974601,,BSE,EQ
759NHPCL32,249498116,,974602,,BSE,EQ
759NHPCL31,249498372,,974603,,BSE,EQ
759NHPCL30,249498628,,974604,,BSE,EQ
759NHPCL29,249498884,,974605,,BSE,EQ
759NHPCL28,249499140,,974606,,BSE,EQ
759NHPCL27,249499396,,974607,,BSE,EQ
815HEGI33A,249499908,,974609,,BSE,EQ
820SBIPERP,249500164,,974610,,BSE,EQ
764PFCL33,249500420,,974611,,BSE,EQ
910STL26,249500676,,974612,,BSE,EQ
1240CIFC23,249500932,,974613,,BSE,EQ
80736HFS26,249501700,,974616,,BSE,EQ
78MTNL33,249501956,,974617,,BSE,EQ
807AFL28,249502212,,974618,,BSE,EQ
81577KMI26,249502468,,974619,,BSE,EQ
81379KMI26,249502724,,974620,,BSE,EQ
779NHB26,249503236,,974622,,BSE,EQ
803TSL28,249503748,,974624,,BSE,EQ
18PAIPL28,249504004,,974625,,BSE,EQ
PFLREPO26,249504516,,974627,,BSE,EQ
920FSBFL26,249504772,,974628,,BSE,EQ
775IRFC33,249505028,,974629,,BSE,EQ
785IGT28,249505284,,974630,,BSE,EQ
7917IGT31,249505540,,974631,,BSE,EQ
805KMPL28,249506052,,974633,,BSE,EQ
EELZC27,249506308,,974634,,BSE,EQ
EELZC26,249506564,,974635,,BSE,EQ
91THFL33,249506820,,974636,,BSE,EQ
EAAAL01926,249507076,,974637,,BSE,EQ
11HFL28A,249507332,,974638,,BSE,EQ
1050HFL28,249507588,,974639,,BSE,EQ
1370AIPP32,249507844,,974640,,BSE,EQ
774HPCL28,249508100,,974641,,BSE,EQ
782PFCL38,249508356,,974642,,BSE,EQ
1050UCL26,249508612,,974643,,BSE,EQ
812ABCL28,249508868,,974644,,BSE,EQ
EFCLGSEC26,249509124,,974645,,BSE,EQ
825SBIPER,249509380,,974646,,BSE,EQ
938JMFCS26,249510916,,974652,,BSE,EQ
1075MFSL28,249511428,,974654,,BSE,EQ
782PFCL30,249511684,,974655,,BSE,EQ
782PFCL31,249511940,,974656,,BSE,EQ
871GMRHI33,249512196,,974657,,BSE,EQ
782PFCL32,249512452,,974658,,BSE,EQ
782PFCL33,249512708,,974659,,BSE,EQ
777PFCL26,249512964,,974660,,BSE,EQ
922MFL33,249513220,,974661,,BSE,EQ
98BTPL26,249513988,,974664,,BSE,EQ
895THFL26,249514244,,974665,,BSE,EQ
777REC28,249514500,,974666,,BSE,EQ
769REC33A,249514756,,974667,,BSE,EQ
802MBPR26,249515012,,974668,,BSE,EQ
825KMPL26,249515524,,974670,,BSE,EQ
865MFL25,249516036,,974672,,BSE,EQ
865MFL27,249516292,,974673,,BSE,EQ
845JEL26,249516548,,974674,,BSE,EQ
875SFL26,249517060,,974676,,BSE,EQ
758BPCL26,249517316,,974677,,BSE,EQ
751IRFC26,249517572,,974678,,BSE,EQ
774IRFC38,249517828,,974679,,BSE,EQ
785KMBL30,249518596,,974682,,BSE,EQ
83774HDB26,249518852,,974683,,BSE,EQ
HDBZC28,249519108,,974684,,BSE,EQ
835AFL26,249519364,,974685,,BSE,EQ
852GFL26,249519876,,974687,,BSE,EQ
790JKCL28,249520388,,974689,,BSE,EQ
83KIDFL28,249520644,,974690,,BSE,EQ
808BFL33,249520900,,974691,,BSE,EQ
830ABCL26,249521412,,974693,,BSE,EQ
865MFL26,249521668,,974694,,BSE,EQ
865MFL27A,249522180,,974696,,BSE,EQ
752PGCIL33,249522692,,974698,,BSE,EQ
830MMFSL26,249523204,,974700,,BSE,EQ
775MTNL33,249523972,,974703,,BSE,EQ
9SVPL33,249524228,,974704,,BSE,EQ
1075IRSL26,249524484,,974705,,BSE,EQ
974KFIL25,249524740,,974706,,BSE,EQ
890KFC29,249525508,,974709,,BSE,EQ
890KFC30,249525764,,974710,,BSE,EQ
890KFC31,249526020,,974711,,BSE,EQ
890KFC32,249526276,,974712,,BSE,EQ
890KFC33,249526532,,974713,,BSE,EQ
766PFCL33,249527044,,974715,,BSE,EQ
770PFCL33,249527300,,974716,,BSE,EQ
9IOB33,249527812,,974718,,BSE,EQ
875PNBPERP,249528068,,974719,,BSE,EQ
1075MSFS28,249528324,,974720,,BSE,EQ
875JFHLL26,249528580,,974721,,BSE,EQ
825BOB33,249528836,,974722,,BSE,EQ
825MMFSL28,249529604,,974725,,BSE,EQ
825MMFSL26,249529860,,974726,,BSE,EQ
825MMFS28A,249530116,,974727,,BSE,EQ
778NABAR38,249530628,,974729,,BSE,EQ
825CFSL28,249530884,,974730,,BSE,EQ
930ARKA26A,249531140,,974731,,BSE,EQ
1310AFPL28,249531396,,974732,,BSE,EQ
790TRCL27,249532164,,974735,,BSE,EQ
790TRCL27A,249532420,,974736,,BSE,EQ
756PGCIL33,249532676,,974737,,BSE,EQ
790TRCL28,249532932,,974738,,BSE,EQ
935DBL33,249533444,,974740,,BSE,EQ
950AFPL26,249533700,,974741,,BSE,EQ
890TIAPL28,249533956,,974742,,BSE,EQ
965AFS26,249534212,,974743,,BSE,EQ
770PFCL26,249534468,,974744,,BSE,EQ
777PFCL28,249534724,,974745,,BSE,EQ
829KIDFL28,249534980,,974746,,BSE,EQ
1125AML29,249535236,,974747,,BSE,EQ
1055MECL33,249535748,,974749,,BSE,EQ
960QN0326,249536516,,974752,,BSE,EQ
10QN0326,249536772,,974753,,BSE,EQ
751REC26,249537796,,974757,,BSE,EQ
1015VCL26,249538052,,974758,,BSE,EQ
9JMFARCL26,249538564,,974760,,BSE,EQ
8BFL26,249538820,,974761,,BSE,EQ
790BFL28,249539076,,974762,,BSE,EQ
960DIAL30,249539332,,974763,,BSE,EQ
797KMPL26,249540612,,974768,,BSE,EQ
KPDLZC33,249541380,,974771,,BSE,EQ
VDPTBIL35,249541636,,974772,,BSE,EQ
1070VDP35,249541892,,974773,,BSE,EQ
VDPMLD35,249542148,,974774,,BSE,EQ
811KMIL26,249542404,,974775,,BSE,EQ
955NHFPL28,249542916,,974777,,BSE,EQ
748HUDCL26,249543172,,974778,,BSE,EQ
755PFCL26,249543428,,974779,,BSE,EQ
762PFCL33,249543684,,974780,,BSE,EQ
770TGT41,249543940,,974781,,BSE,EQ
875PFL26,249544964,,974785,,BSE,EQ
81MMFSL26,249545220,,974786,,BSE,EQ
805IIL28,249545988,,974789,,BSE,EQ
804IIL33,249546244,,974790,,BSE,EQ
742NHB26,249546500,,974791,,BSE,EQ
810ABHF28,249547268,,974794,,BSE,EQ
8MMFS27,249548292,,974798,,BSE,EQ
798RECPER,249549316,,974802,,BSE,EQ
790BHF28,249549572,,974803,,BSE,EQ
875SFL28,249549828,,974804,,BSE,EQ
855SFL28,249550084,,974805,,BSE,EQ
801ABCL28,249550340,,974806,,BSE,EQ
863KFC30,249550596,,974807,,BSE,EQ
799AFL26,249550852,,974808,,BSE,EQ
863KFL31,249551108,,974809,,BSE,EQ
863KFL32,249551364,,974810,,BSE,EQ
863KFL29,249551620,,974811,,BSE,EQ
863KFL33,249551876,,974812,,BSE,EQ
78HDFCB33,249552388,,974814,,BSE,EQ
955VFIPL26,249552644,,974815,,BSE,EQ
875SF26,249553412,,974818,,BSE,EQ
HMTTBIL26A,249553924,,974820,,BSE,EQ
1024RSGP26,249554180,,974821,,BSE,EQ
960GDPL25C,249556484,,974830,,BSE,EQ
960GDPL26,249556740,,974831,,BSE,EQ
750NABAR26,249556996,,974832,,BSE,EQ
8315MRHF25,249557252,,974833,,BSE,EQ
8315MRHF27,249557508,,974834,,BSE,EQ
IHFC120523,249557764,,974835,,BSE,EQ
825CIFCL26,249558020,,974836,,BSE,EQ
880JMFHL27,249558276,,974837,,BSE,EQ
775BFL33,249558532,,974838,,BSE,EQ
995ICFL26,249559044,,974840,,BSE,EQ
77HDFCB28,249559300,,974841,,BSE,EQ
785SCPSL28,249559812,,974843,,BSE,EQ
950AFL26,249560068,,974844,,BSE,EQ
910THFL33,249560324,,974845,,BSE,EQ
737PFCL26,249560580,,974846,,BSE,EQ
7835KMPL26,249560836,,974847,,BSE,EQ
VPDPLZC28,249561092,,974848,,BSE,EQ
9JMFCSL26,249561604,,974850,,BSE,EQ
772BFL33,249562116,,974852,,BSE,EQ
85AHFL26,249562372,,974853,,BSE,EQ
1370AIP32B,249562628,,974854,,BSE,EQ
1020JMFA26,249563396,,974857,,BSE,EQ
765HDFCB33,249563652,,974858,,BSE,EQ
NWFL25,249563908,,974859,,BSE,EQ
723IRFC26,249564676,,974862,,BSE,EQ
9FFSL30,249564932,,974863,,BSE,EQ
795AFL28,249565444,,974865,,BSE,EQ
778BHFL26,249565700,,974866,,BSE,EQ
3JHL26,249565956,,974867,,BSE,EQ
3JCL26,249566212,,974868,,BSE,EQ
881JMFSL26,249566468,,974869,,BSE,EQ
891JMCSL26,249566724,,974870,,BSE,EQ
952AFS26,249566980,,974871,,BSE,EQ
9522AFS26,249567236,,974872,,BSE,EQ
840MHL33,249567492,,974873,,BSE,EQ
746IIFCL33,249567748,,974874,,BSE,EQ
810ABREL26,249568516,,974877,,BSE,EQ
880THFL26,249568772,,974878,,BSE,EQ
11MML26A,249569540,,974881,,BSE,EQ
775MBPR26,249569796,,974882,,BSE,EQ
955VFPL26,249570052,,974883,,BSE,EQ
9JMFCSL26A,249571588,,974889,,BSE,EQ
9JMFCSL27,249571844,,974890,,BSE,EQ
773BFL28,249572100,,974891,,BSE,EQ
79ABCL28,249572356,,974892,,BSE,EQ
1135ATIP28,249573124,,974895,,BSE,EQ
744REC26,249573892,,974898,,BSE,EQ
746REC28,249574148,,974899,,BSE,EQ
775HDFCB33,249574404,,974900,,BSE,EQ
975HHFL30,249575172,,974903,,BSE,EQ
785INT40,249575428,,974904,,BSE,EQ
91FSBFL26,249575684,,974905,,BSE,EQ
743NBFID33,249575940,,974906,,BSE,EQ
786NST26,249576452,,974908,,BSE,EQ
8NST28,249576708,,974909,,BSE,EQ
837OPAL26,249576964,,974910,,BSE,EQ
NWFL26,249577220,,974911,,BSE,EQ
1075AUSF28,249577988,,974914,,BSE,EQ
748PFCL38,249578500,,974916,,BSE,EQ
880JMFCS25,249579012,,974918,,BSE,EQ
950HLFL33,249579524,,974920,,BSE,EQ
88JMFPL25,249580036,,974922,,BSE,EQ
755KMBL30,249580548,,974924,,BSE,EQ
FFSL27,249581316,,974927,,BSE,EQ
803ABCL33,249581572,,974928,,BSE,EQ
795IIL28A,249582852,,974933,,BSE,EQ
890JFPL26,249583108,,974934,,BSE,EQ
890JFPL25,249583364,,974935,,BSE,EQ
749CHT41,249583620,,974936,,BSE,EQ
1050HFL28A,249583876,,974937,,BSE,EQ
HFL280623,249584132,,974938,,BSE,EQ
741IRFC26,249584388,,974939,,BSE,EQ
745IRFC28,249584644,,974940,,BSE,EQ
807KPIL26,249584900,,974941,,BSE,EQ
795AFL26,249585412,,974943,,BSE,EQ
774PNB38,249585668,,974944,,BSE,EQ
805KIDFL28,249585924,,974945,,BSE,EQ
GIPLZC26,249586180,,974946,,BSE,EQ
HDBFSLRE26,249586436,,974947,,BSE,EQ
815GPL26,249587204,,974950,,BSE,EQ
825GPL28,249587460,,974951,,BSE,EQ
849KIIFB27,249587972,,974953,,BSE,EQ
849KIIFB28,249588228,,974954,,BSE,EQ
849KIIFB29,249588740,,974956,,BSE,EQ
849KIIFB30,249588996,,974957,,BSE,EQ
849KIIFB31,249589252,,974958,,BSE,EQ
849KIIFB32,249589508,,974959,,BSE,EQ
849KIIFB33,249589764,,974960,,BSE,EQ
1075AUSF29,249590532,,974963,,BSE,EQ
795IIL28,249590788,,974964,,BSE,EQ
89THFL33,249591044,,974965,,BSE,EQ
1125AML30,249591812,,974968,,BSE,EQ
757PFCL33,249592324,,974970,,BSE,EQ
EAAAL10723,249593092,,974973,,BSE,EQ
783KMPL28,249593348,,974974,,BSE,EQ
797ABCL28,249593860,,974976,,BSE,EQ
802ABHF28,249594116,,974977,,BSE,EQ
803ABHF27,249594372,,974978,,BSE,EQ
810SBIPERP,249594884,,974980,,BSE,EQ
908AKCFL26,249595140,,974981,,BSE,EQ
759MTNL33,249595396,,974982,,BSE,EQ
835AFL28,249596164,,974985,,BSE,EQ
930AML26,249596676,,974987,,BSE,EQ
94AFS26,249597188,,974989,,BSE,EQ
7988HFSL26,249597444,,974990,,BSE,EQ
807KIDFL28,249598724,,974995,,BSE,EQ
940AFS28,249598980,,974996,,BSE,EQ
1240AFPL29,249599492,,974998,,BSE,EQ
EFCL280723,249599748,,974999,,BSE,EQ
EFCL28723A,249600004,,975000,,BSE,EQ
1075MML26A,249601028,,975004,,BSE,EQ
754SBI38,249601284,,975005,,BSE,EQ
1005MFL29,249602564,,975010,,BSE,EQ
TRILMLD26,249602820,,975011,,BSE,EQ
985ICFL26,249603076,,975012,,BSE,EQ
940AFS26,249603588,,975014,,BSE,EQ
1075AUSB29,249604356,,975017,,BSE,EQ
875STJII28,249604612,,975018,,BSE,EQ
82HEPL39,249604868,,975019,,BSE,EQ
790JUPPL28,249605380,,975021,,BSE,EQ
910MFL2026,249605636,,975022,,BSE,EQ
17ENGDPL29,249605892,,975023,,BSE,EQ
763IREDA33,249606148,,975024,,BSE,EQ
85AHFL26A,249607428,,975029,,BSE,EQ
764REC26,249607684,,975030,,BSE,EQ
1075OPGP26,249608196,,975032,,BSE,EQ
1005MFL29A,249608452,,975033,,BSE,EQ
735IGT38,249609220,,975036,,BSE,EQ
960DIAL30A,249609476,,975037,,BSE,EQ
1070AUSF29,249609732,,975038,,BSE,EQ
75PGCIL33,249609988,,975039,,BSE,EQ
761MTNL33,249610244,,975040,,BSE,EQ
945HLFL33,249610500,,975041,,BSE,EQ
784IGT30,249611268,,975044,,BSE,EQ
PFCLZC26,249611780,,975046,,BSE,EQ
764PFCL26,249612036,,975047,,BSE,EQ
760PFCL33,249612292,,975048,,BSE,EQ
1195NFL26,249612804,,975050,,BSE,EQ
81EOP28,249613060,,975051,,BSE,EQ
935AFS25,249613316,,975052,,BSE,EQ
88CBI33,249613828,,975054,,BSE,EQ
785BHFL28,249614084,,975055,,BSE,EQ
1125ESFB29,249614596,,975057,,BSE,EQ
1075SSFL26,249615108,,975059,,BSE,EQ
1048EFL26,249615620,,975061,,BSE,EQ
860VEL28,249615876,,975062,,BSE,EQ
785BFL28,249616644,,975065,,BSE,EQ
9096JMFS26,249616900,,975066,,BSE,EQ
1085IHFL26,249617156,,975067,,BSE,EQ
803MBPR26,249617412,,975068,,BSE,EQ
757ABFRL30,249617668,,975069,,BSE,EQ
776THDC33,249617924,,975070,,BSE,EQ
9MSFL28,249618692,,975073,,BSE,EQ
8AFL26,249618948,,975074,,BSE,EQ
799MMFSL26,249619460,,975076,,BSE,EQ
798BOM33,249619972,,975078,,BSE,EQ
753IIFCL38,249620484,,975080,,BSE,EQ
950IFSL25,249620740,,975081,,BSE,EQ
DLF20923,249621252,,975083,,BSE,EQ
930MOFL33,249621508,,975084,,BSE,EQ
1025HFL26,249622276,,975087,,BSE,EQ
105HFL27,249622532,,975088,,BSE,EQ
779BFL33,249622788,,975089,,BSE,EQ
830GPL27,249623044,,975090,,BSE,EQ
850GPL28,249623300,,975091,,BSE,EQ
11VAMPL27,249624068,,975094,,BSE,EQ
975INDIG28,249624580,,975096,,BSE,EQ
8AFL2026,249625092,,975098,,BSE,EQ
HMTRESET26,249625860,,975101,,BSE,EQ
749SBI38,249626116,,975102,,BSE,EQ
78SCL30,249626628,,975104,,BSE,EQ
763NABAR28,249626884,,975105,,BSE,EQ
859PNBPERP,249627140,,975106,,BSE,EQ
995PDL26,249627396,,975107,,BSE,EQ
803RECPER,249627652,,975108,,BSE,EQ
141PST27,249627908,,975109,,BSE,EQ
804KMIL26,249628420,,975111,,BSE,EQ
815HEGIC33,249628676,,975112,,BSE,EQ
945WL29,249628932,,975113,,BSE,EQ
815TAGIC33,249629188,,975114,,BSE,EQ
GHFRESET28,249629700,,975116,,BSE,EQ
1045EFL26,249629956,,975117,,BSE,EQ
1055CIFC26,249630212,,975118,,BSE,EQ
975MFSL26,249630724,,975120,,BSE,EQ
JMFHL28923,249631236,,975122,,BSE,EQ
772TPCL32,249631748,,975124,,BSE,EQ
875SHFL26,249632772,,975128,,BSE,EQ
875SFLTD26,249633028,,975129,,BSE,EQ
810SMIL28,249633284,,975130,,BSE,EQ
1021JMFA25,249633796,,975132,,BSE,EQ
910DXX29,249634308,,975134,,BSE,EQ
962DXX29A,249634564,,975135,,BSE,EQ
875STSIX28,249634820,,975136,,BSE,EQ
845SFL26,249637124,,975145,,BSE,EQ
845SFL26A,249637636,,975147,,BSE,EQ
PSLPLZC29,249638148,,975149,,BSE,EQ
1010CIFC26,249638404,,975150,,BSE,EQ
770PGCIL33,249638916,,975152,,BSE,EQ
775IREDA33,249639172,,975153,,BSE,EQ
11SCNL26,249639428,,975154,,BSE,EQ
810KMPL26,249639684,,975155,,BSE,EQ
8BFL28,249640452,,975158,,BSE,EQ
1310SHFL27,249641220,,975161,,BSE,EQ
769IIFC38,249641988,,975164,,BSE,EQ
82134KMI25,249642756,,975167,,BSE,EQ
82185KMI26,249643012,,975168,,BSE,EQ
PCPLZC28,249643268,,975169,,BSE,EQ
825AFL33,249643780,,975171,,BSE,EQ
1195LFL26,249644036,,975172,,BSE,EQ
810IIL35,249644804,,975175,,BSE,EQ
813ABHF28,249645060,,975176,,BSE,EQ
88ST28,249645316,,975177,,BSE,EQ
911ST28,249645572,,975178,,BSE,EQ
13SCNL26,249645828,,975179,,BSE,EQ
781SBI38,249646084,,975180,,BSE,EQ
1295NMS28,249646340,,975181,,BSE,EQ
8860JFHL26,249646596,,975182,,BSE,EQ
78MTNL33A,249647108,,975184,,BSE,EQ
965TCPL26,249647620,,975186,,BSE,EQ
1330PFSP26,249647876,,975187,,BSE,EQ
8995JMFP26,249648132,,975188,,BSE,EQ
925SKFL26,249648388,,975189,,BSE,EQ
777REC26,249648644,,975190,,BSE,EQ
771REC33,249648900,,975191,,BSE,EQ
779RIL33,249649412,,975193,,BSE,EQ
809KMPL26,249649924,,975195,,BSE,EQ
875ST28,249650180,,975196,,BSE,EQ
81929KMI27,249650948,,975199,,BSE,EQ
892JMFPL26,249651204,,975200,,BSE,EQ
10GGIAL43,249651460,,975201,,BSE,EQ
995PDLL26,249651716,,975202,,BSE,EQ
81293HDB28,249651972,,975203,,BSE,EQ
1075ARKA29,249652740,,975206,,BSE,EQ
875JMFSL25,249652996,,975207,,BSE,EQ
810AFL28,249653252,,975208,,BSE,EQ
880SFL33,249654276,,975212,,BSE,EQ
890SFL28,249654532,,975213,,BSE,EQ
768IRFC26,249654788,,975214,,BSE,EQ
96GDPL26,249655300,,975216,,BSE,EQ
960GDL26,249655556,,975217,,BSE,EQ
780REC26,249655812,,975218,,BSE,EQ
771REC33A,249656068,,975219,,BSE,EQ
1315MFL25,249656324,,975220,,BSE,EQ
1160KFL25,249656836,,975222,,BSE,EQ
990AUXI26,249657092,,975223,,BSE,EQ
1250AYO27,249657604,,975225,,BSE,EQ
77PFCL33,249657860,,975226,,BSE,EQ
1420SML29,249658628,,975229,,BSE,EQ
JCL301123,249658884,,975230,,BSE,EQ
940HLFL31,249659140,,975231,,BSE,EQ
768BOB33,249659396,,975232,,BSE,EQ
774DDL38,249659908,,975234,,BSE,EQ
1225AFPL29,249660164,,975235,,BSE,EQ
1075MFSL29,249660420,,975236,,BSE,EQ
767IIFCL38,249660932,,975238,,BSE,EQ
1025NFL26,249661188,,975239,,BSE,EQ
975VAJRA29,249661444,,975240,,BSE,EQ
779REC25,249661700,,975241,,BSE,EQ
767REC38,249661956,,975242,,BSE,EQ
880STNIV29,249662468,,975244,,BSE,EQ
799BOM33,249662724,,975245,,BSE,EQ
950FSBFL26,249662980,,975246,,BSE,EQ
769PFCL38,249663236,,975247,,BSE,EQ
767IRFC33,249663492,,975248,,BSE,EQ
820KMPL28,249663748,,975249,,BSE,EQ
85HFSLPER,249664004,,975250,,BSE,EQ
995PDL33,249664260,,975251,,BSE,EQ
1011SSFL25,249664516,,975252,,BSE,EQ
880HLFL26,249664772,,975253,,BSE,EQ
DSRPLZC26,249665028,,975254,,BSE,EQ
771HDFCB33,249665284,,975255,,BSE,EQ
990AUXI26A,249665796,,975257,,BSE,EQ
925SFL25,249666052,,975258,,BSE,EQ
923SFL27,249666308,,975259,,BSE,EQ
765NABAR34,249666564,,975260,,BSE,EQ
775BOB33,249666820,,975261,,BSE,EQ
765NBFID38,249667076,,975262,,BSE,EQ
840HDBFS33,249667332,,975263,,BSE,EQ
975MFL28,249667588,,975264,,BSE,EQ
768IREDA33,249667844,,975265,,BSE,EQ
1750WEPL28,249668100,,975266,,BSE,EQ
895KIIFB27,249668356,,975267,,BSE,EQ
895KIIFB28,249668612,,975268,,BSE,EQ
895KIIFB29,249668868,,975269,,BSE,EQ
895KIIFB30,249669124,,975270,,BSE,EQ
895KIIFB32,249669380,,975271,,BSE,EQ
895KIIFB33,249669636,,975272,,BSE,EQ
895KIIFB31,249669892,,975273,,BSE,EQ
975VFL27,249670404,,975275,,BSE,EQ
KPDL221223,249670660,,975276,,BSE,EQ
1175ESP25A,249670916,,975277,,BSE,EQ
81BFL27,249671428,,975279,,BSE,EQ
13EFL29,249671684,,975280,,BSE,EQ
855PNBPER,249671940,,975281,,BSE,EQ
10MCSL26,249672196,,975282,,BSE,EQ
824KMIL27,249672452,,975283,,BSE,EQ
145LMPF29,249672964,,975285,,BSE,EQ
970MGIC33,249673220,,975286,,BSE,EQ
RSGPLMLD27,249673476,,975287,,BSE,EQ
845HFSLPER,249673988,,975289,,BSE,EQ
126MFL25,249674244,,975290,,BSE,EQ
83AFL25,249674500,,975291,,BSE,EQ
960CFSL29,249674756,,975292,,BSE,EQ
829AFL27,249675012,,975293,,BSE,EQ
JMFHRESE27,249675268,,975294,,BSE,EQ
SFLTBIL26,249675524,,975295,,BSE,EQ
955VT29,249675780,,975296,,BSE,EQ
995VT29,249676036,,975297,,BSE,EQ
965HHFL38,249676292,,975298,,BSE,EQ
1425TULI26,249676548,,975299,,BSE,EQ
920PLUM27,249677060,,975301,,BSE,EQ
19HWBPL25,249677316,,975302,,BSE,EQ
91JMFPL27,249677828,,975304,,BSE,EQ
945SRSL29,249678084,,975305,,BSE,EQ
1050HFL27B,249678340,,975306,,BSE,EQ
1025HF26,249678596,,975307,,BSE,EQ
875SFL34,249679108,,975309,,BSE,EQ
840ATIT26,249679364,,975310,,BSE,EQ
777IREDA27,249679876,,975312,,BSE,EQ
870APSEZ29,249680132,,975313,,BSE,EQ
880APSEZ34,249680388,,975314,,BSE,EQ
765PGCIL34,249680644,,975315,,BSE,EQ
820KIDF30,249680900,,975316,,BSE,EQ
820KMPL27,249681156,,975317,,BSE,EQ
1085SCNL26,249681412,,975318,,BSE,EQ
838AFL34,249681668,,975319,,BSE,EQ
10MMFL25A,249681924,,975320,,BSE,EQ
840DLFL27,249682180,,975321,,BSE,EQ
82BFL26,249682436,,975322,,BSE,EQ
793THDC34,249682692,,975323,,BSE,EQ
1150SFPL25,249682948,,975324,,BSE,EQ
771REC27,249683204,,975325,,BSE,EQ
764REC34,249683460,,975326,,BSE,EQ
835MMFSL34,249683972,,975328,,BSE,EQ
995PDL34,249684228,,975329,,BSE,EQ
757IRFC29,249684484,,975330,,BSE,EQ
1350TCL27,249684740,,975331,,BSE,EQ
15SIPPL27,249684996,,975332,,BSE,EQ
834VIT27,249685252,,975333,,BSE,EQ
804BHFL27,249685508,,975334,,BSE,EQ
1275SCNL29,249685764,,975335,,BSE,EQ
NWILZC27,249686020,,975336,,BSE,EQ
834SBIPERP,249686276,,975337,,BSE,EQ
915SFL29,249686788,,975339,,BSE,EQ
810BFL29,249687044,,975340,,BSE,EQ
845MRHF27,249687300,,975341,,BSE,EQ
829OPAL27,249687556,,975342,,BSE,EQ
833SBICS34,249687812,,975343,,BSE,EQ
980DFPL26,249688068,,975344,,BSE,EQ
757BOB24,249688324,,975345,,BSE,EQ
1340TCFL27,249688580,,975346,,BSE,EQ
1160AFL26,249689092,,975348,,BSE,EQ
1025UCL26,249689348,,975349,,BSE,EQ
825MMFS27,249689604,,975350,,BSE,EQ
819AFL29,249689860,,975351,,BSE,EQ
8061IHFL26,249690116,,975352,,BSE,EQ
879PCBL29,249690372,,975353,,BSE,EQ
890ACL29,249690628,,975354,,BSE,EQ
8ABHF34,249690884,,975355,,BSE,EQ
LENKAMLD26,249691140,,975356,,BSE,EQ
768NABAR29,249691652,,975358,,BSE,EQ
903ONE26A,249692164,,975360,,BSE,EQ
1175AIHF27,249692420,,975361,,BSE,EQ
NUVWEMCX27,249692676,,975362,,BSE,EQ
93PLUM26,249692932,,975363,,BSE,EQ
885HHFL27,249693188,,975364,,BSE,EQ
885HHFL27A,249693444,,975365,,BSE,EQ
1250SML26,249693956,,975367,,BSE,EQ
835GRIL29,249694212,,975368,,BSE,EQ
IFSLNIFT26,249694468,,975369,,BSE,EQ
832KPIL27,249694724,,975370,,BSE,EQ
838PWFL26,249694980,,975371,,BSE,EQ
838PWFL26A,249695236,,975372,,BSE,EQ
787BFL34,249695492,,975373,,BSE,EQ
782BFL34,249695748,,975374,,BSE,EQ
1385SML29,249696004,,975375,,BSE,EQ
780BHFL34,249696260,,975376,,BSE,EQ
806IIL29,249696772,,975378,,BSE,EQ
816ABCL29,249697540,,975381,,BSE,EQ
788PFCPERP,249697796,,975382,,BSE,EQ
920MOFL34,249698052,,975383,,BSE,EQ
930JFCL27,249698308,,975384,,BSE,EQ
930JFCL26,249698564,,975385,,BSE,EQ
930JFC26,249698820,,975386,,BSE,EQ
76KMBL31,249699076,,975387,,BSE,EQ
804IHFCL29,249699332,,975388,,BSE,EQ
809IHFCL26,249699588,,975389,,BSE,EQ
961360OPL27,249699844,,975390,,BSE,EQ
8BHFL26,249700100,,975391,,BSE,EQ
EEL16224,249700356,,975392,,BSE,EQ
748IRFC34A,249700612,,975393,,BSE,EQ
115KFL26,249701124,,975395,,BSE,EQ
792BFL34,249701380,,975396,,BSE,EQ
127SFPL27,249701892,,975398,,BSE,EQ
788IGT29,249702148,,975399,,BSE,EQ
788IGT2029,249702404,,975400,,BSE,EQ
82378HDB27,249702660,,975401,,BSE,EQ
11034BB26,249702916,,975402,,BSE,EQ
8225KMPL27,249703172,,975403,,BSE,EQ
823KMPL26,249703428,,975404,,BSE,EQ
760PFC29,249703940,,975406,,BSE,EQ
749PFC34,249704196,,975407,,BSE,EQ
835SBIGI34,249704452,,975408,,BSE,EQ
757BOB34,249704708,,975409,,BSE,EQ
814AFL29,249704964,,975410,,BSE,EQ
865AHFL27,249705220,,975411,,BSE,EQ
1325AFIP27,249705476,,975412,,BSE,EQ
990AFPL27,249705732,,975413,,BSE,EQ
1315MFL26,249706244,,975415,,BSE,EQ
759IREDA34,249706756,,975417,,BSE,EQ
NWIL22224,249707268,,975419,,BSE,EQ
0PMPL29,249707524,,975420,,BSE,EQ
764RL27,249708036,,975422,,BSE,EQ
747RL34,249708292,,975423,,BSE,EQ
1360DKGF27,249708548,,975424,,BSE,EQ
1325MFL26,249708804,,975425,,BSE,EQ
960CFSL34,249709060,,975426,,BSE,EQ
1133LFL26,249709572,,975428,,BSE,EQ
AHL22244,249709828,,975429,,BSE,EQ
AIPLREST29,249710084,,975430,,BSE,EQ
1175NCPL26,249710340,,975431,,BSE,EQ
841MRHFL29,249710596,,975432,,BSE,EQ
744IRFC34,249710852,,975433,,BSE,EQ
833HFSL27,249711108,,975434,,BSE,EQ
995PDL34A,249711876,,975437,,BSE,EQ
0ADPL27,249712132,,975438,,BSE,EQ
10MMFL26,249712388,,975439,,BSE,EQ
12SML26,249712644,,975440,,BSE,EQ
829SBICP34,249713156,,975442,,BSE,EQ
ABCRESET27,249713412,,975443,,BSE,EQ
995ICFL26A,249713668,,975444,,BSE,EQ
995ICFL26B,249713924,,975445,,BSE,EQ
995ICFL26C,249714436,,975447,,BSE,EQ
835AFL2026,249714692,,975448,,BSE,EQ
1110ESAF34,249714948,,975449,,BSE,EQ
93OPL26,249715204,,975450,,BSE,EQ
937V6T27,249715460,,975451,,BSE,EQ
993V6T29,249715716,,975452,,BSE,EQ
1005MFL29B,249715972,,975453,,BSE,EQ
0MSFL26,249716228,,975454,,BSE,EQ
820ABHF27,249716484,,975455,,BSE,EQ
755DDL39,249716740,,975456,,BSE,EQ
805ABREL27,249716996,,975457,,BSE,EQ
98024PLD28,249717508,,975459,,BSE,EQ
SBFCRESE27,249717764,,975460,,BSE,EQ
MFLRESET26,249718020,,975461,,BSE,EQ
751MTNL34,249718276,,975462,,BSE,EQ
975KFIL26,249718532,,975463,,BSE,EQ
753IRED34,249718788,,975464,,BSE,EQ
1260MFL26,249719044,,975465,,BSE,EQ
1075AFL26,249719300,,975466,,BSE,EQ
91SFL27A,249719556,,975467,,BSE,EQ
810IHFC27,249720324,,975470,,BSE,EQ
AFLZC26,249720580,,975471,,BSE,EQ
13KCPL27,249720836,,975472,,BSE,EQ
835AFL27,249721092,,975473,,BSE,EQ
975VFSPL27,249721348,,975474,,BSE,EQ
1075SSF26A,249721604,,975475,,BSE,EQ
764ABL34,249721860,,975476,,BSE,EQ
735PGCIL34,249722116,,975477,,BSE,EQ
825SCCL29,249722628,,975479,,BSE,EQ
990VCL26,249722884,,975480,,BSE,EQ
ICFSL7324,249723140,,975481,,BSE,EQ
796PIL27,249723396,,975482,,BSE,EQ
796PIL28,249723652,,975483,,BSE,EQ
796PIL29,249723908,,975484,,BSE,EQ
755PFC27,249724164,,975485,,BSE,EQ
980DFPL27,249724420,,975486,,BSE,EQ
889KFC30,249724676,,975487,,BSE,EQ
889KFC31,249724932,,975488,,BSE,EQ
889KFC32,249725188,,975489,,BSE,EQ
889KFC33,249725444,,975490,,BSE,EQ
889KFC34,249725700,,975491,,BSE,EQ
18MVL27,249726212,,975493,,BSE,EQ
839JSWSL27,249726468,,975494,,BSE,EQ
780TRCL28,249726724,,975495,,BSE,EQ
780TRC28,249726980,,975496,,BSE,EQ
780TRCL29,249727236,,975497,,BSE,EQ
990AKFL26,249727492,,975498,,BSE,EQ
734IIFCL39,249727748,,975499,,BSE,EQ
EELGSEC27,249728004,,975500,,BSE,EQ
995AAHL27,249728260,,975501,,BSE,EQ
10AAHL29,249728516,,975502,,BSE,EQ
1335SHFL27,249728772,,975503,,BSE,EQ
805KMPL29,249729284,,975505,,BSE,EQ
1250UCL29,249729540,,975506,,BSE,EQ
757IREDL29,249729796,,975507,,BSE,EQ
833ABCL27,249730052,,975508,,BSE,EQ
746IRFC29,249730308,,975509,,BSE,EQ
975TCPL27,249730564,,975510,,BSE,EQ
975TCP27,249730820,,975511,,BSE,EQ
11HFL26,249731076,,975512,,BSE,EQ
10MCSL27,249731332,,975513,,BSE,EQ
990OFSL027,249731844,,975515,,BSE,EQ
825NHL29,249732100,,975516,,BSE,EQ
14PFSPL26,249732356,,975517,,BSE,EQ
765HDFC34,249732612,,975518,,BSE,EQ
11ESFB30,249732868,,975519,,BSE,EQ
1110ESFB31,249733124,,975520,,BSE,EQ
748NTPC26,249733380,,975521,,BSE,EQ
755BSNL34,249733636,,975522,,BSE,EQ
751BSNL34,249733892,,975523,,BSE,EQ
940NHFP26,249734148,,975524,,BSE,EQ
820ABHFL27,249734404,,975525,,BSE,EQ
975MGICL34,249734660,,975526,,BSE,EQ
970MGICL34,249734916,,975527,,BSE,EQ
MFSLMCLR28,249735172,,975528,,BSE,EQ
838KMIL27,249735684,,975530,,BSE,EQ
837KMIL27,249735940,,975531,,BSE,EQ
DIALRESE34,249736452,,975533,,BSE,EQ
812BFL27,249736708,,975534,,BSE,EQ
847PNBPERP,249736964,,975535,,BSE,EQ
SIILRESE27,249737220,,975536,,BSE,EQ
793MBPR27,249737476,,975537,,BSE,EQ
759IRDA34,249738244,,975540,,BSE,EQ
873AFLPERP,249738500,,975541,,BSE,EQ
845MRHFL27,249738756,,975542,,BSE,EQ
751BSNLD34,249739012,,975543,,BSE,EQ
975VFSL26,249739268,,975544,,BSE,EQ
129EFL29,249739780,,975546,,BSE,EQ
779TSL27,249740292,,975548,,BSE,EQ
910KIIFB28,249740548,,975549,,BSE,EQ
910KIIFB29,249740804,,975550,,BSE,EQ
910KIIFB30,249741060,,975551,,BSE,EQ
910KIIFB31,249741316,,975552,,BSE,EQ
910KIIFB32,249741572,,975553,,BSE,EQ
910KIIFB33,249742084,,975555,,BSE,EQ
910KIIFB34,249742340,,975556,,BSE,EQ
1135NAMI26,249742596,,975557,,BSE,EQ
9TCPL30,249742852,,975558,,BSE,EQ
975OFSL27,249743620,,975561,,BSE,EQ
981SSFL26,249743876,,975562,,BSE,EQ
910TIAPL31,249744644,,975565,,BSE,EQ
975VFL28,249745156,,975567,,BSE,EQ
975VFL26,249745412,,975568,,BSE,EQ
995IFL27,249745668,,975569,,BSE,EQ
965NACL27,249745924,,975570,,BSE,EQ
EEL280324,249746180,,975571,,BSE,EQ
EEL280324A,249746436,,975572,,BSE,EQ
86MFL34,249746692,,975573,,BSE,EQ
1950PRPL27,249746948,,975574,,BSE,EQ
858GMRHI34,249747204,,975575,,BSE,EQ
825AHFL29,249747460,,975576,,BSE,EQ
975V07T30,249747716,,975577,,BSE,EQ
975V08T27,249747972,,975578,,BSE,EQ
925SKF26,249748228,,975579,,BSE,EQ
1430DKGF29,249748484,,975580,,BSE,EQ
1020RST27,249748740,,975581,,BSE,EQ
102SBLD26,249748996,,975582,,BSE,EQ
92PM241127,249749252,,975583,,BSE,EQ
990NVL0334,249749508,,975584,,BSE,EQ
975SCL27,249749764,,975585,,BSE,EQ
925THFL27,249750020,,975586,,BSE,EQ
814KMPL27,249750276,,975587,,BSE,EQ
832PFL26,249750532,,975588,,BSE,EQ
759RL27,249750788,,975589,,BSE,EQ
745RL34,249751044,,975590,,BSE,EQ
1140KFL26,249751300,,975591,,BSE,EQ
854CIFC29,249751812,,975593,,BSE,EQ
NWFL12424,249752068,,975594,,BSE,EQ
965VFSPL27,249752836,,975597,,BSE,EQ
940FSBFL28,249753092,,975598,,BSE,EQ
829AXFL27,249753348,,975599,,BSE,EQ
802IHFC29,249753860,,975601,,BSE,EQ
831ABCL34,249754116,,975602,,BSE,EQ
755PGCI34,249754372,,975603,,BSE,EQ
1060SCNL26,249754628,,975604,,BSE,EQ
12AFPL30,249754884,,975605,,BSE,EQ
935AKCFL27,249755396,,975607,,BSE,EQ
805KMPL29A,249755652,,975608,,BSE,EQ
99024PLD28,249755908,,975609,,BSE,EQ
1175AFI27,249756164,,975610,,BSE,EQ
125AFI29,249756420,,975611,,BSE,EQ
AFIL260324,249756676,,975612,,BSE,EQ
AFI260324,249756932,,975613,,BSE,EQ
AFI260324A,249757188,,975614,,BSE,EQ
12AFI29,249757444,,975615,,BSE,EQ
12AFI26,249757700,,975616,,BSE,EQ
1225AFI27,249757956,,975617,,BSE,EQ
1165BRFL26,249758212,,975618,,BSE,EQ
751IIFCL39,249758724,,975620,,BSE,EQ
1353TECP29,249758980,,975621,,BSE,EQ
1353TECPL26,249759236,,975622,,BSE,EQ
10MMFL27A,249760004,,975625,,BSE,EQ
1020AFSL26,249760260,,975626,,BSE,EQ
785UML27,249760516,,975627,,BSE,EQ
1450DKGF27,249760772,,975628,,BSE,EQ
1425CSAI26,249761028,,975629,,BSE,EQ
1050AFL27,249761284,,975630,,BSE,EQ
1225KDM33,249761540,,975631,,BSE,EQ
1040SCNL27,249761796,,975632,,BSE,EQ
807IHFC27,249762052,,975633,,BSE,EQ
813KMPL27,249762308,,975634,,BSE,EQ
793BFL34,249762564,,975635,,BSE,EQ
1135GTA26,249763332,,975638,,BSE,EQ
1280MML26,249763588,,975639,,BSE,EQ
995PDL29,249763844,,975640,,BSE,EQ
14PFSPL26A,249764356,,975642,,BSE,EQ
NWFL3524,249764612,,975643,,BSE,EQ
805BHFL29,249765380,,975646,,BSE,EQ
810BHFL27,249765636,,975647,,BSE,EQ
771NEEPC34,249765892,,975648,,BSE,EQ
925SKFL27,249766148,,975649,,BSE,EQ
834HDB27,249766404,,975650,,BSE,EQ
807IHFCL26,249766660,,975651,,BSE,EQ
1076LFL26,249766916,,975652,,BSE,EQ
1140KFP26,249767172,,975653,,BSE,EQ
796MBP29,249767428,,975654,,BSE,EQ
753RECL34,249767684,,975655,,BSE,EQ
9SFL27,249767940,,975656,,BSE,EQ
8245IIL26,249768196,,975657,,BSE,EQ
995AHL29,249768708,,975659,,BSE,EQ
1005MFL28,249768964,,975660,,BSE,EQ
806BFL29A,249769220,,975661,,BSE,EQ
10MCSL27A,249769476,,975662,,BSE,EQ
1050AFL26,249769732,,975663,,BSE,EQ
748HUD29,249769988,,975664,,BSE,EQ
940NHFPL26,249770500,,975666,,BSE,EQ
8ERCSL26,249770756,,975667,,BSE,EQ
1320KCPL27,249771012,,975668,,BSE,EQ
11ESPL25,249771268,,975669,,BSE,EQ
81BFL26,249771524,,975670,,BSE,EQ
1150MFL26,249771780,,975671,,BSE,EQ
12PFSP27,249772036,,975672,,BSE,EQ
NAOMI29,249772292,,975673,,BSE,EQ
890NMI0529,249772548,,975674,,BSE,EQ
920SFL26A,249772804,,975675,,BSE,EQ
920SFL29,249773060,,975676,,BSE,EQ
11NFL26,249773316,,975677,,BSE,EQ
950IFSL26,249773828,,975679,,BSE,EQ
815AFL29,249774084,,975680,,BSE,EQ
1053SCNL29,249774340,,975681,,BSE,EQ
11HFL29,249775108,,975684,,BSE,EQ
1050HFL26,249775364,,975685,,BSE,EQ
12NCPL26,249775620,,975686,,BSE,EQ
1275DKGF27,249775876,,975687,,BSE,EQ
DKGF240527,249776132,,975688,,BSE,EQ
DKGF240524,249776388,,975689,,BSE,EQ
950HLFL29,249776644,,975690,,BSE,EQ
770RECL26,249776900,,975691,,BSE,EQ
758RECL29,249777156,,975692,,BSE,EQ
965HLFL39,249777412,,975693,,BSE,EQ
0MSFL26A,249777668,,975694,,BSE,EQ
776TIL34,249777924,,975695,,BSE,EQ
1306LMP27,249778180,,975696,,BSE,EQ
744PFCL34,249778436,,975697,,BSE,EQ
1130AFL29,249778692,,975698,,BSE,EQ
945STM28,249778948,,975699,,BSE,EQ
SFL30524,249779204,,975700,,BSE,EQ
818MMFSL29,249779460,,975701,,BSE,EQ
ECE310524,249779716,,975702,,BSE,EQ
EEL310524,249779972,,975703,,BSE,EQ
12ICLFL27,249780228,,975704,,BSE,EQ
0ICLFL26,249780740,,975706,,BSE,EQ
0ICLFL27,249780996,,975707,,BSE,EQ
0ICLFL30,249781252,,975708,,BSE,EQ
925SKFL26A,249781508,,975709,,BSE,EQ
819IIL26,249781764,,975710,,BSE,EQ
1150CTM26,249782276,,975712,,BSE,EQ
119ACAP26,249782532,,975713,,BSE,EQ
12ACAP29,249782788,,975714,,BSE,EQ
75IREDA34,249783044,,975715,,BSE,EQ
867AFLPER,249783300,,975716,,BSE,EQ
980DMIFP27,249783556,,975717,,BSE,EQ
16LFL26,249783812,,975718,,BSE,EQ
855MFSL25,249784068,,975719,,BSE,EQ
IFSL060624,249784580,,975721,,BSE,EQ
1175NCP26,249784836,,975722,,BSE,EQ
950SFL27A,249785348,,975724,,BSE,EQ
0SFL27,249785604,,975725,,BSE,EQ
1050NBSP25,249785860,,975726,,BSE,EQ
1025SFL29A,249786116,,975727,,BSE,EQ
0SFL29,249786372,,975728,,BSE,EQ
833HDBFS27,249786628,,975729,,BSE,EQ
16LEPL27,249786884,,975730,,BSE,EQ
873ELL26,249787140,,975731,,BSE,EQ
873ELL27,249787396,,975732,,BSE,EQ
995AAHL28,249787652,,975733,,BSE,EQ
TRILRE27,249787908,,975734,,BSE,EQ
835KPIL27,249788164,,975735,,BSE,EQ
125KSL25A,249788420,,975736,,BSE,EQ
855HDBFPRP,249788676,,975737,,BSE,EQ
744IRFCL34,249788932,,975738,,BSE,EQ
990MCSL26,249789188,,975739,,BSE,EQ
735RECL34,249789444,,975740,,BSE,EQ
114KFL27,249789700,,975741,,BSE,EQ
764NBRD29,249789956,,975742,,BSE,EQ
918NACL29,249790212,,975743,,BSE,EQ
845SEIL29,249790468,,975744,,BSE,EQ
965VFSL26,249790724,,975745,,BSE,EQ
1050NFL27,249790980,,975746,,BSE,EQ
925SKFLD27,249791236,,975747,,BSE,EQ
86IPL39,249791492,,975748,,BSE,EQ
1020KSL25,249792004,,975750,,BSE,EQ
950OPL26,249792260,,975751,,BSE,EQ
12CVL25,249792516,,975752,,BSE,EQ
957MASFL27,249793028,,975754,,BSE,EQ
1025AFL26,249793284,,975755,,BSE,EQ
91SFL34,249793540,,975756,,BSE,EQ
942PLM2527,249793796,,975757,,BSE,EQ
812KMPL27,249794052,,975758,,BSE,EQ
835AFL34,249794308,,975759,,BSE,EQ
835MRHF29,249794564,,975760,,BSE,EQ
9JMFHL28,249795076,,975762,,BSE,EQ
794MBPR31,249795332,,975763,,BSE,EQ
744IRED34,249795588,,975764,,BSE,EQ
787IGT27,249795844,,975765,,BSE,EQ
1001ACAP25,249796100,,975766,,BSE,EQ
741IIFCL39,249796868,,975769,,BSE,EQ
795CHT44,249797124,,975770,,BSE,EQ
1025UCL27,249797380,,975771,,BSE,EQ
12ICLFL27A,249797636,,975772,,BSE,EQ
0ICLFL27A,249797892,,975773,,BSE,EQ
0ICLFL30A,249798148,,975774,,BSE,EQ
1175MFL26,249798404,,975775,,BSE,EQ
736SBOI39,249798660,,975776,,BSE,EQ
839OPAL27,249798916,,975777,,BSE,EQ
965VFSP26,249799172,,975778,,BSE,EQ
980VFL28,249799428,,975779,,BSE,EQ
1170GHPL26,249799684,,975780,,BSE,EQ
1215NGPL29,249799940,,975781,,BSE,EQ
81004KIF30,249800196,,975782,,BSE,EQ
81006KIF31,249800452,,975783,,BSE,EQ
825SFPL25,249800708,,975784,,BSE,EQ
950VAJR28,249800964,,975785,,BSE,EQ
925VJRA926,249801220,,975786,,BSE,EQ
975VJ09T28,249801476,,975787,,BSE,EQ
1005MFL30,249801732,,975788,,BSE,EQ
799IFL36,249801988,,975789,,BSE,EQ
11USFBL31,249802244,,975790,,BSE,EQ
915SFL29A,249802500,,975791,,BSE,EQ
984SSFL26,249802756,,975792,,BSE,EQ
807IHFCL27,249803012,,975793,,BSE,EQ
1182KSL26,249803268,,975794,,BSE,EQ
1085SFL26,249803780,,975796,,BSE,EQ
1148LIFL27,249804036,,975797,,BSE,EQ
910PM25326,249804292,,975798,,BSE,EQ
1075MML026,249804548,,975799,,BSE,EQ
743NBFID34,249804804,,975800,,BSE,EQ
789BOM34,249805060,,975801,,BSE,EQ
1050SCNL27,249805316,,975802,,BSE,EQ
1746CSAI28,249805572,,975803,,BSE,EQ
930UCL26,249806084,,975805,,BSE,EQ
12MFIL26,249806340,,975806,,BSE,EQ
SJT2024,249806596,,975807,,BSE,EQ
1180NFPL27,249806852,,975808,,BSE,EQ
850PJL28,249807108,,975809,,BSE,EQ
860PJL29,249807364,,975810,,BSE,EQ
820ABSLI34,249808132,,975813,,BSE,EQ
798BHFL26,249808388,,975814,,BSE,EQ
736SBI39,249808644,,975815,,BSE,EQ
869MML26,249808900,,975816,,BSE,EQ
81BFL26A,249809156,,975817,,BSE,EQ
812BFL27A,249809412,,975818,,BSE,EQ
950HLFL39,249809668,,975819,,BSE,EQ
812ABHF29,249809924,,975820,,BSE,EQ
817ABHF27,249810180,,975821,,BSE,EQ
RRUCL11724,249810436,,975822,,BSE,EQ
739IRFC34,249811460,,975826,,BSE,EQ
871HDBFPER,249811716,,975827,,BSE,EQ
808KMPL27,249811972,,975828,,BSE,EQ
736IOCL29,249812228,,975829,,BSE,EQ
789BHFL34,249812484,,975830,,BSE,EQ
8KMTL27,249812740,,975831,,BSE,EQ
1150LAT26,249812996,,975832,,BSE,EQ
9CIFCL31,249813252,,975833,,BSE,EQ
1004DCAL26,249813508,,975834,,BSE,EQ
756RECL27,249813764,,975835,,BSE,EQ
745RECL35,249814020,,975836,,BSE,EQ
728HUDC29,249814276,,975837,,BSE,EQ
955SFIL26,249814532,,975838,,BSE,EQ
1250POPL26,249815044,,975840,,BSE,EQ
965AXFPL27,249815300,,975841,,BSE,EQ
738PGCIL34,249815556,,975842,,BSE,EQ
923CFSL27,249816068,,975844,,BSE,EQ
925NFL26,249816324,,975845,,BSE,EQ
NWFL22724A,249816580,,975846,,BSE,EQ
739IREDA39,249816836,,975847,,BSE,EQ
975SCL29,249817092,,975848,,BSE,EQ
12IFL27A,249817348,,975849,,BSE,EQ
ICLF230724,249817604,,975850,,BSE,EQ
ICL230724,249817860,,975851,,BSE,EQ
1060AFL26,249818116,,975852,,BSE,EQ
995IKFL26,249818372,,975853,,BSE,EQ
950DIA34RR,249818628,,975854,,BSE,EQ
1022WE27RR,249818884,,975855,,BSE,EQ
840GPL28,249819140,,975856,,BSE,EQ
855GPL29,249819396,,975857,,BSE,EQ
985USGIC34,249819652,,975858,,BSE,EQ
830ABHFL34,249820164,,975860,,BSE,EQ
1097SML29,249820420,,975861,,BSE,EQ
737IRFC29,249820676,,975862,,BSE,EQ
1140KFP27,249820932,,975863,,BSE,EQ
1050PFSP27,249821188,,975864,,BSE,EQ
995PDL27,249821444,,975865,,BSE,EQ
798BFL29,249821700,,975866,,BSE,EQ
ZCNWF27,249821956,,975867,,BSE,EQ
11KSL26,249822468,,975869,,BSE,EQ
739IIFCL39,249822724,,975870,,BSE,EQ
870SFL34,249822980,,975871,,BSE,EQ
EEL010824,249823236,,975872,,BSE,EQ
1030IKF27,249823492,,975873,,BSE,EQ
1175MFL26A,249823748,,975874,,BSE,EQ
990AXFPL27,249824004,,975875,,BSE,EQ
985STEL26,249824260,,975876,,BSE,EQ
14AIHF26,249824516,,975877,,BSE,EQ
990PLD29,249824772,,975878,,BSE,EQ
1175NFP27,249825028,,975879,,BSE,EQ
99TCPL27,249825284,,975880,,BSE,EQ
99TCPL27A,249825540,,975881,,BSE,EQ
78BOM34,249825796,,975882,,BSE,EQ
OPML20824,249826052,,975883,,BSE,EQ
798IIL34,249826308,,975884,,BSE,EQ
897MML28,249826564,,975885,,BSE,EQ
825MRHF29,249826820,,975886,,BSE,EQ
1310KCPL27,249827076,,975887,,BSE,EQ
788UML27,249827332,,975888,,BSE,EQ
785UML27A,249827588,,975889,,BSE,EQ
799RCFL27,249827844,,975890,,BSE,EQ
80956ABH26,249828100,,975891,,BSE,EQ
755RECL26,249828612,,975893,,BSE,EQ
825SCPSL34,249828868,,975894,,BSE,EQ
8034ABCL34,249829124,,975895,,BSE,EQ
0OPL26,249829380,,975896,,BSE,EQ
975SCL28A,249829636,,975897,,BSE,EQ
849ABSLI34,249829892,,975898,,BSE,EQ
805AFL28,249830148,,975899,,BSE,EQ
736NBFID44,249830404,,975900,,BSE,EQ
925VJRT27,249830660,,975901,,BSE,EQ
8IIDL29,249830916,,975902,,BSE,EQ
EEL130826,249831172,,975903,,BSE,EQ
795IIL39,249831428,,975904,,BSE,EQ
EEL130827,249831684,,975905,,BSE,EQ
925VAJRA27,249831940,,975906,,BSE,EQ
925VAJRA31,249832196,,975907,,BSE,EQ
12CSAIPL26,249832452,,975908,,BSE,EQ
827THDCL27,249832708,,975909,,BSE,EQ
965OPML27,249832964,,975910,,BSE,EQ
917NACL25,249833220,,975911,,BSE,EQ
1040NFL26A,249833732,,975913,,BSE,EQ
1040NFL26B,249833988,,975914,,BSE,EQ
925SKF26A,249834244,,975915,,BSE,EQ
99TCP27,249834500,,975916,,BSE,EQ
VCL140824,249834756,,975917,,BSE,EQ
850FFSL28,249835012,,975918,,BSE,EQ
910MFL26A,249835268,,975919,,BSE,EQ
795IHFCL27,249835524,,975920,,BSE,EQ
975THFPL27,249835780,,975921,,BSE,EQ
9JMFHL27,249836036,,975922,,BSE,EQ
9JMFHL27A,249836292,,975923,,BSE,EQ
9JMFHL28A,249836548,,975924,,BSE,EQ
9JMFHL28B,249836804,,975925,,BSE,EQ
125ACAPL26,249837060,,975926,,BSE,EQ
894THFL25,249837316,,975927,,BSE,EQ
1175AFIL27,249837572,,975928,,BSE,EQ
12AFIL29,249837828,,975929,,BSE,EQ
12IFL27B,249838084,,975930,,BSE,EQ
12AFIL26,249838340,,975931,,BSE,EQ
12AFIL026,249838596,,975932,,BSE,EQ
IFL190824,249838852,,975933,,BSE,EQ
IFL190824A,249839108,,975934,,BSE,EQ
1225AFIL27,249839364,,975935,,BSE,EQ
125AFIL30,249839620,,975936,,BSE,EQ
94AFL27,249839876,,975937,,BSE,EQ
95IFSL26,249840132,,975938,,BSE,EQ
1170NGCP27,249840388,,975939,,BSE,EQ
732PFCL39,249840644,,975940,,BSE,EQ
1025SCNL26,249840900,,975941,,BSE,EQ
11KFL25,249841156,,975942,,BSE,EQ
1001ACA26,249841412,,975943,,BSE,EQ
21DASPL27,249841668,,975944,,BSE,EQ
99IFSL26,249841924,,975945,,BSE,EQ
1040SML26,249842180,,975946,,BSE,EQ
20ARRIL26,249842436,,975947,,BSE,EQ
88ABDFV27,249842692,,975948,,BSE,EQ
731RECL39,249842948,,975949,,BSE,EQ
73BOB34,249843204,,975950,,BSE,EQ
1075MML26B,249843460,,975951,,BSE,EQ
95AFL34,249843716,,975952,,BSE,EQ
87AESL34,249843972,,975953,,BSE,EQ
10278KCP27,249844228,,975954,,BSE,EQ
1050NFL27A,249844484,,975955,,BSE,EQ
722HPCL29,249844740,,975956,,BSE,EQ
83ISPDL35,249844996,,975957,,BSE,EQ
85AHFL27,249845252,,975958,,BSE,EQ
742SBI39,249845508,,975959,,BSE,EQ
725IRFC34,249845764,,975960,,BSE,EQ
105AFL26,249846020,,975961,,BSE,EQ
835MFSL26,249846276,,975962,,BSE,EQ
NWFL290824,249846532,,975963,,BSE,EQ
NWF290824,249846788,,975964,,BSE,EQ
1048EFL31,249847044,,975965,,BSE,EQ
1175MFL026,249847300,,975966,,BSE,EQ
835ABREL27,249847556,,975967,,BSE,EQ
855ABREL29,249847812,,975968,,BSE,EQ
8ATIT34,249848068,,975969,,BSE,EQ
1090SHFL26,249848324,,975970,,BSE,EQ
OPML290824,249848580,,975971,,BSE,EQ
1206FCL29,249848836,,975972,,BSE,EQ
1206FCL27A,249849092,,975973,,BSE,EQ
835JSL29,249849348,,975974,,BSE,EQ
843JSL31,249849860,,975976,,BSE,EQ
108SFL26,249850116,,975977,,BSE,EQ
737IIFCL34,249850372,,975978,,BSE,EQ
1137SFPL25,249850628,,975979,,BSE,EQ
95DHRUVA29,249850884,,975980,,BSE,EQ
772TIL34,249851140,,975981,,BSE,EQ
925MCSL26,249851396,,975982,,BSE,EQ
910PLM28,249851652,,975983,,BSE,EQ
8857SFL27,249851908,,975984,,BSE,EQ
730PFCL34,249852164,,975985,,BSE,EQ
925MOFSL32,249852420,,975986,,BSE,EQ
1150NFPL30,249852676,,975987,,BSE,EQ
745ABL34,249852932,,975988,,BSE,EQ
8049ABHF27,249853188,,975989,,BSE,EQ
1075SSFL27,249853444,,975990,,BSE,EQ
903CFSL26,249853700,,975991,,BSE,EQ
980SFIL29,249853956,,975992,,BSE,EQ
820PFL29,249854212,,975993,,BSE,EQ
726BOB34,249854468,,975994,,BSE,EQ
81ABCL29,249854724,,975995,,BSE,EQ
999ATIT29,249854980,,975996,,BSE,EQ
999ATIT29A,249855236,,975997,,BSE,EQ
990CTRST26,249855492,,975998,,BSE,EQ
736IRED39,249855748,,975999,,BSE,EQ
85GPL29,249856004,,976000,,BSE,EQ
875AVHFI29,249856260,,976001,,BSE,EQ
885SA24T,249856516,,976002,,BSE,EQ
844RSEPL29,249856772,,976003,,BSE,EQ
803ABHFL29,249857028,,976004,,BSE,EQ
910SFL34,249857284,,976005,,BSE,EQ
925MCSL26A,249857540,,976006,,BSE,EQ
786ABFRL26,249857796,,976007,,BSE,EQ
79JDFI26,249858052,,976008,,BSE,EQ
0APL26,249858308,,976009,,BSE,EQ
975MMF26,249858564,,976010,,BSE,EQ
925DHRU30,249858820,,976011,,BSE,EQ
950DHRU30,249859076,,976012,,BSE,EQ
82175THD27,249859332,,976013,,BSE,EQ
12KCPL29,249859588,,976014,,BSE,EQ
925OFSL26,249859844,,976015,,BSE,EQ
1165VFPL26,249860100,,976016,,BSE,EQ
AFSL17924,249860356,,976017,,BSE,EQ
12MFLAPER,249860612,,976018,,BSE,EQ
1104AFL26,249860868,,976019,,BSE,EQ
0CIPL28,249861124,,976020,,BSE,EQ
18RHRPL27,249861380,,976021,,BSE,EQ
875AVHF029,249861636,,976022,,BSE,EQ
950IFSL26A,249861892,,976023,,BSE,EQ
1225MML26,249862148,,976024,,BSE,EQ
810DCCDL34,249862404,,976025,,BSE,EQ
115SFPLP29,249862660,,976026,,BSE,EQ
733SBI39,249862916,,976027,,BSE,EQ
795IHFC27,249863172,,976028,,BSE,EQ
794IHFC29,249863428,,976029,,BSE,EQ
0KPDL34,249863684,,976030,,BSE,EQ
10DKGFS27,249863940,,976031,,BSE,EQ
10DKGFSP27,249864196,,976032,,BSE,EQ
727PFCL31,249864452,,976033,,BSE,EQ
722PFCL31,249864708,,976034,,BSE,EQ
1080SFL26,249864964,,976035,,BSE,EQ
1045MFL32,249865220,,976036,,BSE,EQ
NWFL23924,249865476,,976037,,BSE,EQ
86ABRL27,249865732,,976038,,BSE,EQ
715HUDCO34,249865988,,976039,,BSE,EQ
1025HFSP27,249866244,,976040,,BSE,EQ
80232KDF30,249866500,,976041,,BSE,EQ
796EOPRT27,249866756,,976042,,BSE,EQ
812DLFCD27,249867012,,976043,,BSE,EQ
1083EIAL26,249867268,,976044,,BSE,EQ
893SHFL27,249867524,,976045,,BSE,EQ
801MMFSL27,249867780,,976046,,BSE,EQ
0ECAPEL28,249868036,,976047,,BSE,EQ
11DKGF26,249868292,,976048,,BSE,EQ
1250SFPL26,249868548,,976049,,BSE,EQ
802IUTA126,249868804,,976050,,BSE,EQ
812IUTA127,249869060,,976051,,BSE,EQ
820IUTA130,249869316,,976052,,BSE,EQ
106632VC26,249869572,,976053,,BSE,EQ
OPL260924,249869828,,976054,,BSE,EQ
109ESPL26,249870084,,976055,,BSE,EQ
940AFSL27,249870340,,976056,,BSE,EQ
95SHDF27,249870596,,976057,,BSE,EQ
135NFPL27,249870852,,976058,,BSE,EQ
115VFPL26,249871108,,976059,,BSE,EQ
895SISL39,249871620,,976061,,BSE,EQ
1090AFPL26,249871876,,976062,,BSE,EQ
205SRPL28,249872132,,976063,,BSE,EQ
847BOBPER,249872388,,976064,,BSE,EQ
935AAHL28,249872644,,976065,,BSE,EQ
0RL34,249872900,,976066,,BSE,EQ
10SGHPL28,249873156,,976067,,BSE,EQ
915AFPL027,249873412,,976068,,BSE,EQ
940AKCFL27,249873668,,976069,,BSE,EQ
940PL25728,249874180,,976071,,BSE,EQ
945PLKIG27,249874436,,976072,,BSE,EQ
885SAT29,249874692,,976073,,BSE,EQ
11IFSPL27,249874948,,976074,,BSE,EQ
756BHFL34,249875204,,976075,,BSE,EQ
770BF41034,249875460,,976076,,BSE,EQ
7781KMPL29,249875716,,976077,,BSE,EQ
825CIFCL29,249875972,,976078,,BSE,EQ
1225ICL28,249876228,,976079,,BSE,EQ
ICL041024,249876484,,976080,,BSE,EQ
ICLF041024,249876740,,976081,,BSE,EQ
940AVFSL27,249876996,,976082,,BSE,EQ
824MMFSL34,249877252,,976083,,BSE,EQ
949KIIFB28,249877508,,976084,,BSE,EQ
949KIIFB29,249877764,,976085,,BSE,EQ
949KIIFB30,249878020,,976086,,BSE,EQ
949KIIFB31,249878276,,976087,,BSE,EQ
949KIIFB32,249878532,,976088,,BSE,EQ
949KIIFB33,249878788,,976089,,BSE,EQ
949KIIFB34,249879044,,976090,,BSE,EQ
78BFL27,249879300,,976091,,BSE,EQ
791ABCL34,249879556,,976092,,BSE,EQ
1050AF27,249879812,,976093,,BSE,EQ
925SFL027,249880068,,976094,,BSE,EQ
1025HFL27,249880324,,976095,,BSE,EQ
1050HFL30,249880580,,976096,,BSE,EQ
1050IML26,249880836,,976097,,BSE,EQ
95HHFL39,249881092,,976098,,BSE,EQ
79611HDB28,249881604,,976100,,BSE,EQ
1340KCPL30,249881860,,976101,,BSE,EQ
799MPL26,249882116,,976102,,BSE,EQ
799MPL26A,249882372,,976103,,BSE,EQ
797MPL27,249882628,,976104,,BSE,EQ
9564AFSL28,249882884,,976105,,BSE,EQ
94AFSL27,249883140,,976106,,BSE,EQ
RRBHFL29,249883396,,976107,,BSE,EQ
0360OPL27,249883652,,976108,,BSE,EQ
1045EFL30,249883908,,976109,,BSE,EQ
9IKFFL27,249884164,,976110,,BSE,EQ
835MFSL026,249884420,,976111,,BSE,EQ
985ACAPL26,249884676,,976112,,BSE,EQ
1325LFL26,249884932,,976113,,BSE,EQ
1210KSL26,249885188,,976114,,BSE,EQ
975DMIFP27,249885444,,976115,,BSE,EQ
975SCL29A,249885700,,976116,,BSE,EQ
925SCL26G,249885956,,976117,,BSE,EQ
76937NST27,249886212,,976118,,BSE,EQ
77165NST28,249886468,,976119,,BSE,EQ
929AKCF26,249886724,,976120,,BSE,EQ
94AFSL27A,249886980,,976121,,BSE,EQ
1140KFL27,249887236,,976122,,BSE,EQ
798SBIPERP,249887492,,976123,,BSE,EQ
808MRRPL35,249887748,,976124,,BSE,EQ
828MRRPL31,249888004,,976125,,BSE,EQ
795ORL26,249888260,,976126,,BSE,EQ
8ORL27,249888516,,976127,,BSE,EQ
805ORL28,249888772,,976128,,BSE,EQ
708PGC34,249889028,,976129,,BSE,EQ
743JUPPL34,249889284,,976130,,BSE,EQ
808SKRPL35,249889540,,976131,,BSE,EQ
828SKRPL31,249889796,,976132,,BSE,EQ
13PFSP31,249890052,,976133,,BSE,EQ
772IHFCL29,249890308,,976134,,BSE,EQ
11SMIOL31,249890564,,976135,,BSE,EQ
896SFL27,249890820,,976136,,BSE,EQ
1182ESPL26,249891076,,976137,,BSE,EQ
805THDCL27,249891332,,976138,,BSE,EQ
102EFSL27,249891588,,976139,,BSE,EQ
961NWFL26,249891844,,976140,,BSE,EQ
961NWFL26A,249892100,,976141,,BSE,EQ
827HFSL34,249892356,,976142,,BSE,EQ
114BFL26,249892612,,976143,,BSE,EQ
809AFL29,249892868,,976144,,BSE,EQ
950IFSLD26,249893124,,976145,,BSE,EQ
99MCSL26,249893380,,976146,,BSE,EQ
1090ESPL26,249893636,,976147,,BSE,EQ
95HLFL30,249893892,,976148,,BSE,EQ
945DXXIV29,249894148,,976149,,BSE,EQ
799MRHFL28,249894404,,976150,,BSE,EQ
960AVFSL27,249894660,,976151,,BSE,EQ
94AVFSL27,249894916,,976152,,BSE,EQ
732IREDA29,249895172,,976153,,BSE,EQ
78241ABH29,249895940,,976156,,BSE,EQ
997MCSL25,249896196,,976157,,BSE,EQ
726IIFCL34,249896452,,976158,,BSE,EQ
747IIFCL27,249896708,,976159,,BSE,EQ
11IML26A,249896964,,976160,,BSE,EQ
709RL39,249897220,,976161,,BSE,EQ
734RL30,249897476,,976162,,BSE,EQ
88ISIPL29,249897732,,976163,,BSE,EQ
95NWFL26,249897988,,976164,,BSE,EQ
803PFL29,249898244,,976165,,BSE,EQ
89267SFL27,249898500,,976166,,BSE,EQ
945OFSL26,249898756,,976167,,BSE,EQ
832KPIL27A,249899012,,976168,,BSE,EQ
715IRFC39,249899268,,976169,,BSE,EQ
975VFL28A,249899524,,976170,,BSE,EQ
965VFL27,249899780,,976171,,BSE,EQ
865AESL34,249900036,,976172,,BSE,EQ
990IKFFL27,249900292,,976173,,BSE,EQ
12MFL26,249900548,,976174,,BSE,EQ
RRIHFCL27,249900804,,976175,,BSE,EQ
9HLFL27,249901060,,976176,,BSE,EQ
723SBI39,249901316,,976177,,BSE,EQ
920DCBBL34,249901572,,976178,,BSE,EQ
NWFL181124,249901828,,976179,,BSE,EQ
942360OP27,249902084,,976180,,BSE,EQ
825GHFL26,249902340,,976181,,BSE,EQ
828GHFL26,249902596,,976182,,BSE,EQ
10MCSLD26,249902852,,976183,,BSE,EQ
1350NFPL27,249903108,,976184,,BSE,EQ
0AFL26,249903364,,976185,,BSE,EQ
10CIPL30,249903620,,976186,,BSE,EQ
114KFL27A,249903876,,976187,,BSE,EQ
960ARFL34,249904388,,976189,,BSE,EQ
875ABL26,249904644,,976190,,BSE,EQ
875ABL26A,249904900,,976191,,BSE,EQ
875ABL26B,249905156,,976192,,BSE,EQ
775IHFCL34,249905412,,976193,,BSE,EQ
IHFC261124,249905668,,976194,,BSE,EQ
737IREDA31,249905924,,976195,,BSE,EQ
10CJDPL28,249906180,,976196,,BSE,EQ
1126SFPL25,249906436,,976197,,BSE,EQ
754MBP28,249906692,,976198,,BSE,EQ
1010ICFL27,249906948,,976199,,BSE,EQ
1015ICFL27,249907204,,976200,,BSE,EQ
97THFPL27,249907460,,976201,,BSE,EQ
741BOB39,249907716,,976202,,BSE,EQ
1090USFB31,249907972,,976203,,BSE,EQ
1015EIAP29,249908228,,976204,,BSE,EQ
AXFL291124,249908484,,976205,,BSE,EQ
803IUTL226,249908740,,976206,,BSE,EQ
809IUTL227,249908996,,976207,,BSE,EQ
817IUTL230,249909252,,976208,,BSE,EQ
990IFSL27,249909508,,976209,,BSE,EQ
845MFSL26,249909764,,976210,,BSE,EQ
117NCPL26,249910020,,976211,,BSE,EQ
125NFPL31,249910276,,976212,,BSE,EQ
1040MCSL26,249910532,,976213,,BSE,EQ
950HLFLPERA,249910788,,976214,,BSE,EQ
1331PA11T28,249911044,,976215,,BSE,EQ
1125SFPL26,249911300,,976216,,BSE,EQ
1125IML26,249911556,,976217,,BSE,EQ
96ESFBL30,249911812,,976218,,BSE,EQ
117VFPL27,249912068,,976219,,BSE,EQ
792IIL30,249912324,,976220,,BSE,EQ
793IIL34,249912580,,976221,,BSE,EQ
775KMPL27,249912836,,976222,,BSE,EQ
711PFCL40,249913092,,976223,,BSE,EQ
710PFCL35,249913348,,976224,,BSE,EQ
1050AFL25A,249913604,,976225,,BSE,EQ
77215BFL27,249913860,,976226,,BSE,EQ
723DMEDL34,249914116,,976227,,BSE,EQ
1045MFL33,249914372,,976228,,BSE,EQ
785ABHFL28,249914628,,976229,,BSE,EQ
950IFSL26B,249914884,,976230,,BSE,EQ
1030KSL26,249915140,,976231,,BSE,EQ
740NBARD30,249915396,,976232,,BSE,EQ
95MCSL26,249915652,,976233,,BSE,EQ
91CFSL29,249915908,,976234,,BSE,EQ
962NWFL27,249916164,,976235,,BSE,EQ
965SFL27,249916420,,976236,,BSE,EQ
709IRFC34,249916676,,976237,,BSE,EQ
837AHFL28,249916932,,976238,,BSE,EQ
11KFL26,249917188,,976239,,BSE,EQ
773EOPR29,249917444,,976240,,BSE,EQ
MUML161224,249917700,,976241,,BSE,EQ
FHL191224,249917956,,976242,,BSE,EQ
FHL191224A,249918212,,976243,,BSE,EQ
FHL191224B,249918468,,976244,,BSE,EQ
880HLFL29,249918724,,976245,,BSE,EQ
10EFCL27,249918980,,976246,,BSE,EQ
911360OP27,249919236,,976247,,BSE,EQ
0MSFL026,249919492,,976248,,BSE,EQ
1025SFL029,249919748,,976249,,BSE,EQ
95SFL027,249920004,,976250,,BSE,EQ
SFL24,249920260,,976251,,BSE,EQ
710RECL35,249920516,,976252,,BSE,EQ
721GIL34,249920772,,976253,,BSE,EQ
789AXFL29,249921028,,976254,,BSE,EQ
7882AXFL27,249921284,,976255,,BSE,EQ
7845AXFL34,249921540,,976256,,BSE,EQ
766BHFL28,249921796,,976257,,BSE,EQ
735IIFCL34,249922052,,976258,,BSE,EQ
747IIFCL28,249922308,,976259,,BSE,EQ
94MFSL26,249922564,,976260,,BSE,EQ
96MFSL26,249922820,,976261,,BSE,EQ
860LDL27,249923076,,976262,,BSE,EQ
985NWFL26,249923332,,976263,,BSE,EQ
823IIL34,249923588,,976264,,BSE,EQ
712PGCIL34,249923844,,976265,,BSE,EQ
743PNB39,249924100,,976266,,BSE,EQ
835MCFPL29,249924356,,976267,,BSE,EQ
88912SFL28,249924612,,976268,,BSE,EQ
1125AFPL29,249924868,,976269,,BSE,EQ
716PFCL40,249925124,,976270,,BSE,EQ
74PFCL30A,249925380,,976271,,BSE,EQ
835MRHF34,249925636,,976272,,BSE,EQ
712HUDCO34,249925892,,976273,,BSE,EQ
974VCL26,249926148,,976274,,BSE,EQ
1011VCL26,249926404,,976275,,BSE,EQ
925VT26,249926660,,976276,,BSE,EQ
925VT28,249926916,,976277,,BSE,EQ
980IKFHF28,249927172,,976278,,BSE,EQ
12FFSL27,249927428,,976279,,BSE,EQ
109AFPL26,249927684,,976280,,BSE,EQ
715IRFC34,249927940,,976281,,BSE,EQ
10MCSL026,249928196,,976282,,BSE,EQ
94AKCFL27,249928452,,976283,,BSE,EQ
10ICFL26,249928708,,976284,,BSE,EQ
841AFLPER,249928964,,976285,,BSE,EQ
835MCFPL27,249929220,,976286,,BSE,EQ
11ESPL26,249929476,,976287,,BSE,EQ
942KIIF28A,249929732,,976288,,BSE,EQ
942KIIFB29,249929988,,976289,,BSE,EQ
942KIIFB30,249930244,,976290,,BSE,EQ
942KIIFB31,249930500,,976291,,BSE,EQ
942KIIFB33,249930756,,976292,,BSE,EQ
942KIIFB34,249931012,,976293,,BSE,EQ
942KIIFB32,249931268,,976294,,BSE,EQ
875AVHF29,249931524,,976295,,BSE,EQ
975MAS26,249931780,,976296,,BSE,EQ
968THFP27,249932036,,976297,,BSE,EQ
84HHFL28,249932292,,976298,,BSE,EQ
NWFL311224,249932548,,976299,,BSE,EQ
950IFSL26C,249932804,,976300,,BSE,EQ
99IKFF27,249933060,,976301,,BSE,EQ
9AFIP28,249933316,,976302,,BSE,EQ
10KFL26,249933572,,976303,,BSE,EQ
1010AFL27,249933828,,976304,,BSE,EQ
995AFL26,249934084,,976305,,BSE,EQ
14ACAP26,249934340,,976306,,BSE,EQ
108EAAAL27,249934596,,976307,,BSE,EQ
925SKFL28,249934852,,976308,,BSE,EQ
96ROG0826,249935108,,976309,,BSE,EQ
12ROG0826,249935364,,976310,,BSE,EQ
725IOCL30,249935620,,976311,,BSE,EQ
775UNOML26,249935876,,976312,,BSE,EQ
775UNOML27,249936132,,976313,,BSE,EQ
1350SPL28,249936388,,976314,,BSE,EQ
89043SFL30,249936644,,976315,,BSE,EQ
930PFL27,249936900,,976316,,BSE,EQ
938ARFL29,249937156,,976317,,BSE,EQ
1095AFL26,249937412,,976318,,BSE,EQ
1125IML26A,249937668,,976319,,BSE,EQ
855MOHFL27,249937924,,976320,,BSE,EQ
753NABRD28,249938180,,976321,,BSE,EQ
13IML27,249938436,,976322,,BSE,EQ
995SCL35,249938692,,976323,,BSE,EQ
94AKCF28,249938948,,976324,,BSE,EQ
1075NFL27,249939204,,976325,,BSE,EQ
720RECL35,249939460,,976326,,BSE,EQ
777KMPL30,249939716,,976327,,BSE,EQ
RRCIPL30,249939972,,976328,,BSE,EQ
925SKFL27A,249940228,,976329,,BSE,EQ
842AFL30,249940484,,976330,,BSE,EQ
846AFL30,249940740,,976331,,BSE,EQ
723BOB35,249940996,,976332,,BSE,EQ
968THFPL28,249941252,,976333,,BSE,EQ
725IRFC35A,249941508,,976334,,BSE,EQ
ZCECAPEL27,249941764,,976335,,BSE,EQ
101ICFL27,249942020,,976336,,BSE,EQ
950OPL35,249942276,,976337,,BSE,EQ
777IHFCL30,249942532,,976338,,BSE,EQ
115MFL26,249942788,,976339,,BSE,EQ
78537ABH30,249943044,,976340,,BSE,EQ
975NWFL28,249943300,,976341,,BSE,EQ
728IREDA35,249943556,,976342,,BSE,EQ
1065MFPL27,249943812,,976343,,BSE,EQ
95IFSL27,249944068,,976344,,BSE,EQ
1095KSL26,249944324,,976345,,BSE,EQ
1130KFL27,249944580,,976346,,BSE,EQ
PFL230125A,249944836,,976347,,BSE,EQ
PFL23125,249945092,,976348,,BSE,EQ
1030HFL26,249945348,,976349,,BSE,EQ
11HFL30,249945604,,976350,,BSE,EQ
18SRPL28,249945860,,976351,,BSE,EQ
952NWFL27,249946116,,976352,,BSE,EQ
720NHPC35,249946372,,976353,,BSE,EQ
1175AFIL28,249946628,,976354,,BSE,EQ
12AFIL30,249946884,,976355,,BSE,EQ
12AFIL27,249947140,,976356,,BSE,EQ
12AFIL2027,249947396,,976357,,BSE,EQ
1225AFIL28,249947652,,976358,,BSE,EQ
1250AFIL30,249947908,,976359,,BSE,EQ
945JESNP28,249948164,,976360,,BSE,EQ
IFSL24125,249948420,,976361,,BSE,EQ
1468LVJ26,249948676,,976362,,BSE,EQ
10MCSL27B,249948932,,976363,,BSE,EQ
990IKF27,249949188,,976364,,BSE,EQ
940UTD2430,249949444,,976365,,BSE,EQ
940UTD30,249949700,,976366,,BSE,EQ
TFL29125,249949956,,976367,,BSE,EQ
104NFL27,249950212,,976368,,BSE,EQ
98AFPL28,249950468,,976369,,BSE,EQ
10UCL29,249950724,,976370,,BSE,EQ
97AFPL27,249950980,,976371,,BSE,EQ
1350LLDL29,249951236,,976372,,BSE,EQ
0NHIT34,249951492,,976373,,BSE,EQ
0NHIT35,249951748,,976374,,BSE,EQ
115VFPL27,249952004,,976375,,BSE,EQ
1115MHFC30,249952260,,976376,,BSE,EQ
EEL310125,249952516,,976377,,BSE,EQ
1081BHGC28,249952772,,976378,,BSE,EQ
7886MMFS28,249953028,,976379,,BSE,EQ
87HHFL30,249953284,,976380,,BSE,EQ
75855SEI35,249953540,,976381,,BSE,EQ
9SFL30A,249954052,,976383,,BSE,EQ
PLDAN31125,249954308,,976384,,BSE,EQ
725NBFI40,249954564,,976385,,BSE,EQ
823JDFI28,249954820,,976386,,BSE,EQ
724PFCL35,249955076,,976387,,BSE,EQ
725PFCL45,249955332,,976388,,BSE,EQ
975MMFL27,249955588,,976389,,BSE,EQ
93HLFL35,249955844,,976390,,BSE,EQ
760RMIL28,249956100,,976391,,BSE,EQ
1002UCL26,249956356,,976392,,BSE,EQ
786ABHFL28,249956612,,976393,,BSE,EQ
790ABHFL27,249956868,,976394,,BSE,EQ
9CFSL35,249957124,,976395,,BSE,EQ
873ABCLPRP,249957380,,976396,,BSE,EQ
767CHT42,249957636,,976397,,BSE,EQ
729HUDCO35,249957892,,976398,,BSE,EQ
985SGFL28,249958148,,976399,,BSE,EQ
950HLFLPRP,249958404,,976400,,BSE,EQ
960MFSL27,249958660,,976401,,BSE,EQ
13KDFL27,249958916,,976402,,BSE,EQ
728RECL40,249959172,,976403,,BSE,EQ
1150BRFL27,249959428,,976404,,BSE,EQ
776IHFCL30,249959684,,976405,,BSE,EQ
781IHFCL28,249959940,,976406,,BSE,EQ
728IRFC40,249960196,,976407,,BSE,EQ
1075NBSP26,249960452,,976408,,BSE,EQ
11SHFL27,249960708,,976409,,BSE,EQ
95HHFLPER,249960964,,976410,,BSE,EQ
12ACAPL28,249961220,,976411,,BSE,EQ
975NWFL27,249961476,,976412,,BSE,EQ
734PNB35,249961732,,976413,,BSE,EQ
1081BHG28,249961988,,976414,,BSE,EQ
980CM2526,249962244,,976415,,BSE,EQ
773TIL35,249962500,,976416,,BSE,EQ
19KTPL28,249962756,,976417,,BSE,EQ
840NHL30,249963012,,976418,,BSE,EQ
960IFSL27,249963268,,976419,,BSE,EQ
9OPL28,249963524,,976420,,BSE,EQ
975OFS27,249963780,,976421,,BSE,EQ
77BOM35,249964036,,976422,,BSE,EQ
11IML026,249964292,,976423,,BSE,EQ
742PFC28,249964548,,976424,,BSE,EQ
738PFC32,249964804,,976425,,BSE,EQ
818MCFPL28,249965060,,976426,,BSE,EQ
1115MHF30,249965316,,976427,,BSE,EQ
116MFIL27,249965572,,976428,,BSE,EQ
1028UCL29,249965828,,976429,,BSE,EQ
94VL27,249966084,,976430,,BSE,EQ
95VL27,249966340,,976431,,BSE,EQ
765TSL30,249966596,,976432,,BSE,EQ
8VPPL45,249966852,,976433,,BSE,EQ
759CHT44,249967108,,976434,,BSE,EQ
975VFL29,249967364,,976435,,BSE,EQ
965VFL28,249967620,,976436,,BSE,EQ
1060NFL27,249967876,,976437,,BSE,EQ
1250MFL28,249968388,,976439,,BSE,EQ
1250MFL26A,249968644,,976440,,BSE,EQ
1110RST626,249968900,,976441,,BSE,EQ
1288RST626,249969156,,976442,,BSE,EQ
986VCL27,249969412,,976443,,BSE,EQ
10NHFL29,249969668,,976444,,BSE,EQ
EFCL250225,249969924,,976445,,BSE,EQ
960SHANK27,249970180,,976446,,BSE,EQ
12SHANK27,249970436,,976447,,BSE,EQ
1090ESP26A,249970692,,976448,,BSE,EQ
5GMRAL28,249970948,,976449,,BSE,EQ
1325LFL26A,249971204,,976450,,BSE,EQ
995HFSPL28,249971460,,976451,,BSE,EQ
740IREDA36,249971716,,976452,,BSE,EQ
799RECPERP,249971972,,976453,,BSE,EQ
830MMFSL35,249972228,,976454,,BSE,EQ
115MFL26A,249972484,,976455,,BSE,EQ
86TFL27,249972740,,976456,,BSE,EQ
925HLFL30,249972996,,976457,,BSE,EQ
10MCSL28,249973252,,976458,,BSE,EQ
12LVAF27,249973508,,976459,,BSE,EQ
995ISCFL26,249973764,,976460,,BSE,EQ
995ICFL626,249974020,,976461,,BSE,EQ
744PFCL30,249974276,,976462,,BSE,EQ
74PFCL35,249974532,,976463,,BSE,EQ
895AFIPL29,249974788,,976464,,BSE,EQ
12MFL27,249975044,,976465,,BSE,EQ
1255MFL27,249975300,,976466,,BSE,EQ
115AFL27,249975556,,976467,,BSE,EQ
875JEL28,249975812,,976468,,BSE,EQ
88JEL30,249976068,,976469,,BSE,EQ
95MFIC26,249976324,,976470,,BSE,EQ
1135STF27,249976580,,976471,,BSE,EQ
930IG04128,249976836,,976472,,BSE,EQ
990IN04128,249977092,,976473,,BSE,EQ
940OPL27,249977348,,976474,,BSE,EQ
777AIEY28,249977604,,976475,,BSE,EQ
1225ICLF29,249977860,,976476,,BSE,EQ
0ICLFL29,249978116,,976477,,BSE,EQ
0ICLFL30B,249978372,,976478,,BSE,EQ
11IML2026,249978628,,976479,,BSE,EQ
79413ABC28,249978884,,976480,,BSE,EQ
895AFIP29,249979140,,976481,,BSE,EQ
1015EIAI29,249979396,,976482,,BSE,EQ
113KFL27,249979652,,976483,,BSE,EQ
960SFL35,249979908,,976484,,BSE,EQ
1125MHFC30,249980164,,976485,,BSE,EQ
1035EFCL28,249980420,,976486,,BSE,EQ
875AVHFI30,249980676,,976487,,BSE,EQ
790ABHFL28,249980932,,976488,,BSE,EQ
1060NFL26,249981188,,976489,,BSE,EQ
737HUDCO35,249981444,,976490,,BSE,EQ
1320IML30,249981700,,976491,,BSE,EQ
1175MBFL27,249981956,,976492,,BSE,EQ
10KFL027,249982212,,976493,,BSE,EQ
6HHPL28,249982468,,976494,,BSE,EQ
775PFCL26A,249982724,,976495,,BSE,EQ
745PFCL28,249982980,,976496,,BSE,EQ
11RDCCL28,249983236,,976497,,BSE,EQ
805SCCL26,249983492,,976498,,BSE,EQ
925ARFL35,249983748,,976499,,BSE,EQ
820HEGIC35,249984004,,976500,,BSE,EQ
8016ABCL29,249984260,,976501,,BSE,EQ
80208ABC30,249984516,,976502,,BSE,EQ
1350SPL28A,249984772,,976503,,BSE,EQ
744RL28,249985028,,976504,,BSE,EQ
732RL35,249985284,,976505,,BSE,EQ
12MFLPERPE,249985540,,976506,,BSE,EQ
9MCHICL35,249985796,,976507,,BSE,EQ
875JEL028,249986052,,976508,,BSE,EQ
880JEL030,249986308,,976509,,BSE,EQ
1365AFFI26,249986564,,976510,,BSE,EQ
975OFSL27A,249986820,,976511,,BSE,EQ
6HHPL28A,249987076,,976512,,BSE,EQ
1250MFL29,249987332,,976513,,BSE,EQ
775HZL26,249987588,,976514,,BSE,EQ
775HZL27,249987844,,976515,,BSE,EQ
775HZL28,249988100,,976516,,BSE,EQ
840IRDAPRP,249988356,,976517,,BSE,EQ
950HLFLPER,249988612,,976518,,BSE,EQ
1035AFL27,249988868,,976519,,BSE,EQ
995AFL27,249989124,,976520,,BSE,EQ
794IIL30,249989380,,976521,,BSE,EQ
1225BRFL27,249989636,,976522,,BSE,EQ
9TCPIPL31,249989892,,976523,,BSE,EQ
830MCFPL30,249990148,,976524,,BSE,EQ
MFSL210325,249990404,,976525,,BSE,EQ
10MMFLD28,249990660,,976526,,BSE,EQ
10CJDPL28A,249990916,,976527,,BSE,EQ
12EGFSL27,249991172,,976528,,BSE,EQ
835CHL28,249991428,,976529,,BSE,EQ
1026MFCL30,249991684,,976530,,BSE,EQ
855MOHFL28,249991940,,976531,,BSE,EQ
874VCL31,249992196,,976532,,BSE,EQ
109ESPL27,249992452,,976533,,BSE,EQ
1JCL28,249992708,,976534,,BSE,EQ
EFCL25325,249992964,,976535,,BSE,EQ
EFCL250325,249993220,,976536,,BSE,EQ
12AFIL27A,249993476,,976537,,BSE,EQ
EFCL25325A,249993732,,976538,,BSE,EQ
1175AFI28,249993988,,976539,,BSE,EQ
12AFI30,249994244,,976540,,BSE,EQ
125AFIL31,249994500,,976541,,BSE,EQ
12AFIL27B,249994756,,976542,,BSE,EQ
1225AFI28,249995012,,976543,,BSE,EQ
94PLUM28,249995268,,976544,,BSE,EQ
1235DKGF28,249995524,,976545,,BSE,EQ
865RRISF29,249995780,,976546,,BSE,EQ
1135MFL26,249996036,,976547,,BSE,EQ
980IKFFL27,249996292,,976548,,BSE,EQ
949KIIF29,249996548,,976549,,BSE,EQ
949KIIF30,249996804,,976550,,BSE,EQ
949KIIF31,249997060,,976551,,BSE,EQ
949KIIF32,249997316,,976552,,BSE,EQ
949KIIF33,249997572,,976553,,BSE,EQ
949KIIF34,249997828,,976554,,BSE,EQ
949KIIF35,249998084,,976555,,BSE,EQ
749IIT28,249998340,,976556,,BSE,EQ
780IIT47,249998596,,976557,,BSE,EQ
758IIT47,249998852,,976558,,BSE,EQ
1025GROT29,249999108,,976559,,BSE,EQ
10DCAL27,249999364,,976560,,BSE,EQ
1002EIAL28,249999620,,976561,,BSE,EQ
774IREDA35,249999876,,976562,,BSE,EQ
797AFL30,250000132,,976563,,BSE,EQ
95AKCFL28,250000388,,976564,,BSE,EQ
717IRFC35,250000644,,976565,,BSE,EQ
728IIFCL32,250000900,,976566,,BSE,EQ
719HUDCO35,250001156,,976567,,BSE,EQ
1135VFPL27,250001412,,976568,,BSE,EQ
11AGAM2526,250001668,,976569,,BSE,EQ
975KFIL27,250001924,,976570,,BSE,EQ
940S132428,250002180,,976571,,BSE,EQ
940S1328,250002436,,976572,,BSE,EQ
850SISL28,250002692,,976573,,BSE,EQ
960MFSL27A,250002948,,976574,,BSE,EQ
975OFSL28,250003204,,976575,,BSE,EQ
975OFSL27B,250003460,,976576,,BSE,EQ
975OFSL27C,250003716,,976577,,BSE,EQ
975OFSL28A,250003972,,976578,,BSE,EQ
715NBFID35,250004228,,976579,,BSE,EQ
920AUSFB35,250004484,,976580,,BSE,EQ
0ICLFL29A,250004740,,976581,,BSE,EQ
1225ICL29,250004996,,976582,,BSE,EQ
0ICLFL29B,250005252,,976583,,BSE,EQ
1116NFL27,250005508,,976584,,BSE,EQ
145ACAPL26,250005764,,976585,,BSE,EQ
20PRIPL29,250006020,,976586,,BSE,EQ
835HHFL29,250006276,,976587,,BSE,EQ
1010V32526,250006532,,976588,,BSE,EQ
10LGS8D27,250006788,,976589,,BSE,EQ
950RAVEN26,250007044,,976590,,BSE,EQ
875AVHFIRR,250007300,,976591,,BSE,EQ
10PLRPL35,250007556,,976592,,BSE,EQ
940CGCL35,250007812,,976593,,BSE,EQ
1050IFSP28,250008068,,976594,,BSE,EQ
95STELLA27,250008324,,976595,,BSE,EQ
1185LOSI26,250008580,,976596,,BSE,EQ
1290MCFL27,250008836,,976597,,BSE,EQ
755BFL35,250009092,,976598,,BSE,EQ
757BFL30,250009348,,976599,,BSE,EQ
11RDCCIL28,250009604,,976600,,BSE,EQ
5GMRALD28,250009860,,976601,,BSE,EQ
78618ABH28,250010116,,976602,,BSE,EQ
10PLRPL35A,250010372,,976603,,BSE,EQ
76KMPL28,250010628,,976604,,BSE,EQ
703NBFID30,250010884,,976605,,BSE,EQ
6TL30,250011140,,976606,,BSE,EQ
704NBFID35,250011396,,976607,,BSE,EQ
8MMFSL27A,250011908,,976609,,BSE,EQ
75BHFL35,250012164,,976610,,BSE,EQ
702RECL40,250012420,,976611,,BSE,EQ
1150AFL27,250012676,,976612,,BSE,EQ
7732AFL28,250012932,,976613,,BSE,EQ
694PGCIL35,250013188,,976614,,BSE,EQ
765HDBFS28,250013444,,976615,,BSE,EQ
869SFL30,250013700,,976616,,BSE,EQ
87SFL28,250013956,,976617,,BSE,EQ
11IML26B,250014212,,976618,,BSE,EQ
8SBVPL29,250014468,,976619,,BSE,EQ
88HLFL30,250014724,,976620,,BSE,EQ
116SFPL28,250014980,,976621,,BSE,EQ
737BFL28,250015236,,976622,,BSE,EQ
1048NFL26,250015492,,976623,,BSE,EQ
745ATIT35,250015748,,976624,,BSE,EQ
12KPAT2526,250016004,,976625,,BSE,EQ
765PFL27,250016260,,976626,,BSE,EQ
770PFL28,250016516,,976627,,BSE,EQ
803ABHFL35,250016772,,976628,,BSE,EQ
690HUDCO32,250017028,,976629,,BSE,EQ
731IHFCL27,250017284,,976630,,BSE,EQ
734IHFCL28,250017540,,976631,,BSE,EQ
925SKF027,250017796,,976632,,BSE,EQ
761HFSL30,250018052,,976633,,BSE,EQ
755HFSL29,250018308,,976634,,BSE,EQ
810AHFL28,250018564,,976635,,BSE,EQ
72503CHT28,250018820,,976636,,BSE,EQ
73006CHT32,250019076,,976637,,BSE,EQ
678IRFC30,250019332,,976638,,BSE,EQ
RRAVFL30A,250019588,,976639,,BSE,EQ
RRAVFL30B,250019844,,976640,,BSE,EQ
1126SFPL26,250020100,,976641,,BSE,EQ
860SANJA31,250020356,,976642,,BSE,EQ
738BFL30,250020612,,976643,,BSE,EQ
673HPCL30,250020868,,976644,,BSE,EQ
755LTMRH35,250021124,,976645,,BSE,EQ
723BFL27,250021380,,976646,,BSE,EQ
640IIT34,250021636,,976647,,BSE,EQ
1310POPL27,250021892,,976648,,BSE,EQ
1310POP27A,250022148,,976649,,BSE,EQ
1310POP27B,250022404,,976650,,BSE,EQ
687REC30,250022660,,976651,,BSE,EQ
686REC35,250022916,,976652,,BSE,EQ
1130KFL27A,250023172,,976653,,BSE,EQ
1120ESPL27,250023428,,976654,,BSE,EQ
9CGCL28,250023684,,976655,,BSE,EQ
736IHFCL30,250023940,,976656,,BSE,EQ
RRNST32,250024196,,976657,,BSE,EQ
1020PLF29,250024452,,976658,,BSE,EQ
714BHFL27,250024708,,976659,,BSE,EQ
985ACAP26,250024964,,976660,,BSE,EQ
123VFPL27,250025220,,976661,,BSE,EQ
1135STA27,250025476,,976662,,BSE,EQ
990RGPL28,250025732,,976663,,BSE,EQ
7IREDAL30,250025988,,976664,,BSE,EQ
686NHPCL38,250026244,,976665,,BSE,EQ
686NHPCL39,250026500,,976666,,BSE,EQ
686NHPCL40,250026756,,976667,,BSE,EQ
686NHPCL31,250027012,,976668,,BSE,EQ
686NHPCL32,250027268,,976669,,BSE,EQ
686NHPCL33,250027524,,976670,,BSE,EQ
686NHPCL34,250027780,,976671,,BSE,EQ
686NHPCL35,250028036,,976672,,BSE,EQ
686NHPCL36,250028292,,976673,,BSE,EQ
686NHPCL37,250028548,,976674,,BSE,EQ
1065KSL26,250028804,,976675,,BSE,EQ
803ABCL35,250029060,,976676,,BSE,EQ
69HUDC30,250029316,,976677,,BSE,EQ
850HLFL30,250029572,,976678,,BSE,EQ
840HLFL27,250029828,,976679,,BSE,EQ
930PFL27A,250030084,,976680,,BSE,EQ
1005MFL28A,250030852,,976683,,BSE,EQ
684NTPC35,250031108,,976684,,BSE,EQ
1125MFL27,250031364,,976685,,BSE,EQ
911LGS927,250031620,,976686,,BSE,EQ
145DKGF35,250031876,,976687,,BSE,EQ
114QSSP30,250032132,,976688,,BSE,EQ
704IIT28,250032388,,976689,,BSE,EQ
1125IML26B,250032644,,976690,,BSE,EQ
720MBPR30,250032900,,976691,,BSE,EQ
1175AFPL31,250033156,,976692,,BSE,EQ
12MML26,250033412,,976693,,BSE,EQ
719JCL28,250033668,,976694,,BSE,EQ
835MASFS26,250033924,,976695,,BSE,EQ
925MASFS27,250034180,,976696,,BSE,EQ
EFCL150525,250034436,,976697,,BSE,EQ
OPL16525,250034692,,976698,,BSE,EQ
721EOPR28,250034948,,976699,,BSE,EQ
722EOPR28,250035204,,976700,,BSE,EQ
12MFILD26,250035460,,976701,,BSE,EQ
1125IML26C,250035716,,976702,,BSE,EQ
665IRFC30,250035972,,976703,,BSE,EQ
765PFL28,250036228,,976704,,BSE,EQ
965KFIL28,250036484,,976705,,BSE,EQ
1075AMFL26,250036740,,976706,,BSE,EQ
EFCL21525,250036996,,976707,,BSE,EQ
EFCL210525,250037252,,976708,,BSE,EQ
661PFCL28,250037508,,976709,,BSE,EQ
664PFCL30,250037764,,976710,,BSE,EQ
73064ABH28,250038020,,976711,,BSE,EQ
1040MFL33,250038276,,976712,,BSE,EQ
652RL28,250038532,,976713,,BSE,EQ
681RL36,250038788,,976714,,BSE,EQ
737AFL28,250039044,,976715,,BSE,EQ
719IHFCL28,250039556,,976717,,BSE,EQ
875AVHF30,250039812,,976718,,BSE,EQ
925VJ16T34,250040068,,976719,,BSE,EQ
747ABCL29,250040324,,976720,,BSE,EQ
738ABCL28,250040580,,976721,,BSE,EQ
702BHFL28,250040836,,976722,,BSE,EQ
741HDBFS30,250041092,,976723,,BSE,EQ
741HDBFS28,250041348,,976724,,BSE,EQ
950NWIL27,250041604,,976725,,BSE,EQ
960ICFL27,250041860,,976726,,BSE,EQ
1075MML027,250042116,,976727,,BSE,EQ
75168KID31,250042372,,976728,,BSE,EQ
915AFPL27,250042628,,976729,,BSE,EQ
125IML28,250042884,,976730,,BSE,EQ
EFCL280525,250043140,,976731,,BSE,EQ
1110SFPL26,250043396,,976732,,BSE,EQ
95IFSL027,250043652,,976733,,BSE,EQ
708JCL28,250043908,,976734,,BSE,EQ
76PFL27,250044164,,976735,,BSE,EQ
1275KFL27,250044420,,976736,,BSE,EQ
12LVAM25,250044676,,976737,,BSE,EQ
647IRFC28,250044932,,976738,,BSE,EQ
658IRFC30,250045188,,976739,,BSE,EQ
1675ARPL30,250045444,,976740,,BSE,EQ
911LGS1027,250045700,,976741,,BSE,EQ
775APSE40,250045956,,976742,,BSE,EQ
925VT26A,250046212,,976743,,BSE,EQ
925VT27,250046468,,976744,,BSE,EQ
925VT29A,250046724,,976745,,BSE,EQ
925VT31,250046980,,976746,,BSE,EQ
667NBFID30,250047236,,976747,,BSE,EQ
1190LMPL28,250047492,,976748,,BSE,EQ
12AFL27,250047748,,976749,,BSE,EQ
745IIL30,250048004,,976750,,BSE,EQ
1125IML27,250048260,,976751,,BSE,EQ
10PDL27,250048516,,976752,,BSE,EQ
9HLFL35,250048772,,976753,,BSE,EQ
931VL27,250049028,,976754,,BSE,EQ
945VL28,250049284,,976755,,BSE,EQ
VL050625,250049540,,976756,,BSE,EQ
1130MBFL27,250049796,,976757,,BSE,EQ
1135MBFL27,250050052,,976758,,BSE,EQ
818PFL35,250050308,,976759,,BSE,EQ
703RTL30,250050564,,976760,,BSE,EQ
776AHFL28,250050820,,976761,,BSE,EQ
JBL050625,250051076,,976762,,BSE,EQ
JBVL50625,250051332,,976763,,BSE,EQ
814LDL28,250051588,,976764,,BSE,EQ
656GIL30,250051844,,976765,,BSE,EQ
652HUDCL28,250052100,,976766,,BSE,EQ
986VCL27A,250052356,,976767,,BSE,EQ
895OPL27,250052612,,976768,,BSE,EQ
114AFSL28,250052868,,976769,,BSE,EQ
1150NCPL26,250053124,,976770,,BSE,EQ
740VIT41,250053380,,976771,,BSE,EQ
627PFCL27,250053636,,976772,,BSE,EQ
778ABSL35,250053892,,976773,,BSE,EQ
659PFCL30,250054148,,976774,,BSE,EQ
10SPPL28,250054404,,976775,,BSE,EQ
112KFL26,250054660,,976776,,BSE,EQ
CFSL110625,250054916,,976777,,BSE,EQ
1025NBSP26,250055172,,976778,,BSE,EQ
637RECL27,250055428,,976779,,BSE,EQ
670RECL29,250055684,,976780,,BSE,EQ
690BHFL27,250055940,,976781,,BSE,EQ
708BHFL30,250056196,,976782,,BSE,EQ
12MML026,250056452,,976783,,BSE,EQ
742DCBL32,250056708,,976784,,BSE,EQ
749DCBL35,250056964,,976785,,BSE,EQ
JSWEL12625,250057220,,976786,,BSE,EQ
12MFLPERC,250057476,,976787,,BSE,EQ
975MMFL27A,250057732,,976788,,BSE,EQ
970AXFPL28,250057988,,976789,,BSE,EQ
758PFL28,250058244,,976790,,BSE,EQ
950OFSL26,250058500,,976791,,BSE,EQ
960OFSL27,250058756,,976792,,BSE,EQ
85JMFC28,250059012,,976793,,BSE,EQ
905ONEP28,250059268,,976794,,BSE,EQ
915BML27,250059524,,976795,,BSE,EQ
AAHS130625,250059780,,976796,,BSE,EQ
AAHS13625,250060036,,976797,,BSE,EQ
AAHS13625A,250060292,,976798,,BSE,EQ
1125IML027,250060548,,976799,,BSE,EQ
114KFL26,250060804,,976800,,BSE,EQ
95PICAS27,250061060,,976801,,BSE,EQ
1150MBFL27,250061316,,976802,,BSE,EQ
915PFL27,250061572,,976803,,BSE,EQ
925PFL30,250061828,,976804,,BSE,EQ
91PFL27,250062084,,976805,,BSE,EQ
10MCSLD27,250062340,,976806,,BSE,EQ
725JDFI27,250062596,,976807,,BSE,EQ
1075NFL28,250062852,,976808,,BSE,EQ
728IGIT35,250063108,,976809,,BSE,EQ
707IGIT30,250063364,,976810,,BSE,EQ
701IGIT29,250063620,,976811,,BSE,EQ
1230VFPL29,250063876,,976812,,BSE,EQ
940ISCFL27,250064132,,976813,,BSE,EQ
94ISCFL27,250064388,,976814,,BSE,EQ
820HLFL28,250064644,,976815,,BSE,EQ
716KMPL28,250064900,,976816,,BSE,EQ
795HDBFS35,250065156,,976817,,BSE,EQ
950SCL30,250065412,,976818,,BSE,EQ
975SCL35,250065668,,976819,,BSE,EQ
945SCL28,250065924,,976820,,BSE,EQ
945SCL29,250066180,,976821,,BSE,EQ
11AFL29,250066436,,976822,,BSE,EQ
114KFL28,250066692,,976823,,BSE,EQ
1070SISL27,250066948,,976824,,BSE,EQ
1075SISL27,250067204,,976825,,BSE,EQ
660RECL27,250067460,,976826,,BSE,EQ
706RECL35,250067716,,976827,,BSE,EQ
1142BFL27,250067972,,976828,,BSE,EQ
915HLFLPER,250068228,,976829,,BSE,EQ
93VCL28,250068484,,976830,,BSE,EQ
1140KFL28,250068740,,976831,,BSE,EQ
965VCL27,250068996,,976832,,BSE,EQ
15PCL29,250069252,,976833,,BSE,EQ
14PCL29,250069508,,976834,,BSE,EQ
13PCL29,250069764,,976835,,BSE,EQ
14PCLD29,250070020,,976836,,BSE,EQ
1475PCL29,250070276,,976837,,BSE,EQ
15PCLD29,250070532,,976838,,BSE,EQ
15PCL2029,250070788,,976839,,BSE,EQ
13PCLD29,250071044,,976840,,BSE,EQ
13PCL2029,250071300,,976841,,BSE,EQ
15PCL2029A,250071812,,976843,,BSE,EQ
1475PCLD29,250072068,,976844,,BSE,EQ
13PCL2029A,250072324,,976845,,BSE,EQ
15PCL2029B,250072580,,976846,,BSE,EQ
14PCL2029,250072836,,976847,,BSE,EQ
14PCL2029A,250073092,,976848,,BSE,EQ
1175MFL27,250073860,,976851,,BSE,EQ
965MFL028,250074116,,976852,,BSE,EQ
ABHF26625,250074372,,976853,,BSE,EQ
695VIT28,250074628,,976854,,BSE,EQ
10NFL27,250074884,,976855,,BSE,EQ
740AVFL30,250075140,,976856,,BSE,EQ
1025HFL30,250075396,,976857,,BSE,EQ
770PFL30,250075652,,976858,,BSE,EQ
10HFL29,250075908,,976859,,BSE,EQ
770PFL2035,250076164,,976860,,BSE,EQ
680SMIL30,250076420,,976861,,BSE,EQ
1180VFPL29,250076676,,976862,,BSE,EQ
1225LXAA28,250076932,,976863,,BSE,EQ
697EOPRE27,250077188,,976864,,BSE,EQ
1125MBFL27,250077444,,976865,,BSE,EQ
865AKCFL28,250077700,,976866,,BSE,EQ
749RCFL28,250077956,,976867,,BSE,EQ
125ACAP28,250078212,,976868,,BSE,EQ
875OPL27,250078468,,976869,,BSE,EQ
10MMFL2028,250078724,,976870,,BSE,EQ
1125BFL27,250078980,,976871,,BSE,EQ
1025AFL27,250079236,,976872,,BSE,EQ
1040AFL28,250079492,,976873,,BSE,EQ
1010VCL26,250079748,,976874,,BSE,EQ
10KFL2027,250080004,,976875,,BSE,EQ
99FRIEZA26,250080260,,976876,,BSE,EQ
8HLFL27,250080516,,976877,,BSE,EQ
729KMIL27,250080772,,976878,,BSE,EQ
733KMIL28,250081028,,976879,,BSE,EQ
865LGS1227,250081284,,976880,,BSE,EQ
14DONN2527,250081540,,976881,,BSE,EQ
1110AFSL30,250081796,,976882,,BSE,EQ
784LBTL44,250082052,,976883,,BSE,EQ
77LBTL43,250082308,,976884,,BSE,EQ
LGS300625,250082564,,976885,,BSE,EQ
8EPPL45,250082820,,976886,,BSE,EQ
8VPPL45A,250083076,,976887,,BSE,EQ
11RSL26,250083332,,976888,,BSE,EQ
1275RST26,250083588,,976889,,BSE,EQ
1195ESCP29,250083844,,976890,,BSE,EQ
85JMF28,250084100,,976891,,BSE,EQ
85JMF28A,250084356,,976892,,BSE,EQ
10VCL28,250084612,,976893,,BSE,EQ
915AKCF28,250084868,,976894,,BSE,EQ
796LDL28,250085124,,976895,,BSE,EQ
1062KFL27,250085380,,976896,,BSE,EQ
1062KFL27A,250085636,,976897,,BSE,EQ
1035MCSL27,250085892,,976898,,BSE,EQ
770WXTL43,250086148,,976899,,BSE,EQ
784WXTL44,250086404,,976900,,BSE,EQ
925CGCL28,250086660,,976901,,BSE,EQ
711BFL28,250086916,,976902,,BSE,EQ
842LGS1327,250087172,,976903,,BSE,EQ
12ICLFL28A,250087428,,976904,,BSE,EQ
985ACAPL27,250087684,,976905,,BSE,EQ
7AHL45,250087940,,976906,,BSE,EQ
ICLFL10725,250088196,,976907,,BSE,EQ
ICLF10725,250088452,,976908,,BSE,EQ
71ABHFL27,250088708,,976909,,BSE,EQ
113KFL027,250088964,,976910,,BSE,EQ
920NWIL27,250089220,,976911,,BSE,EQ
705KMPL28,250089476,,976912,,BSE,EQ
1162LVJ025,250089732,,976913,,BSE,EQ
705MMFSL27,250089988,,976914,,BSE,EQ
114KF27,250090244,,976915,,BSE,EQ
753PFL27,250090500,,976916,,BSE,EQ
664HUDCO28,250090756,,976917,,BSE,EQ
697BHFL28,250091012,,976918,,BSE,EQ
1075SCNL30,250091268,,976919,,BSE,EQ
128NFL26,250091524,,976920,,BSE,EQ
743PFCLPER,250091780,,976921,,BSE,EQ
1210NFPL29,250092036,,976922,,BSE,EQ
LDL210725,250092292,,976923,,BSE,EQ
11DKGFS27,250092548,,976924,,BSE,EQ
745TIL35,250092804,,976925,,BSE,EQ
ICFSL18725,250093060,,976926,,BSE,EQ
1095AFP27,250093316,,976927,,BSE,EQ
1125IMLD27,250093572,,976928,,BSE,EQ
12IML28,250093828,,976929,,BSE,EQ
1040KSL27,250094084,,976930,,BSE,EQ
76ABCL35,250094340,,976931,,BSE,EQ
1025MFL31,250094596,,976932,,BSE,EQ
95MCSL27,250094852,,976933,,BSE,EQ
858KFC31,250095108,,976934,,BSE,EQ
1120ESP27A,250095364,,976935,,BSE,EQ
858KFC32,250095620,,976936,,BSE,EQ
858KFC33,250095876,,976937,,BSE,EQ
858KFC34,250096132,,976938,,BSE,EQ
858KFC35,250096388,,976939,,BSE,EQ
1150SCNL31,250096644,,976940,,BSE,EQ
IFSL220725,250096900,,976941,,BSE,EQ
715MRHFL28,250097156,,976942,,BSE,EQ
1120KFPL27,250097412,,976943,,BSE,EQ
759GHFL27,250097668,,976944,,BSE,EQ
749GHFL27,250097924,,976945,,BSE,EQ
RREOPR35,250098180,,976946,,BSE,EQ
825AFPL28,250098436,,976947,,BSE,EQ
990OFSL28,250098692,,976948,,BSE,EQ
9AFSL28,250098948,,976949,,BSE,EQ
89AFSL27,250099204,,976950,,BSE,EQ
91USGI35,250099460,,976951,,BSE,EQ
715SEIT30,250099716,,976952,,BSE,EQ
72728SEI32,250099972,,976953,,BSE,EQ
NWFL24725,250100228,,976954,,BSE,EQ
9PFL27,250100484,,976955,,BSE,EQ
91PFL30,250100740,,976956,,BSE,EQ
8424ABCPRP,250100996,,976957,,BSE,EQ
692DCCD28,250101252,,976958,,BSE,EQ
925VFIP28,250101508,,976959,,BSE,EQ
925VFIP27,250101764,,976960,,BSE,EQ
925VFIP28A,250102020,,976961,,BSE,EQ
1090AFP26A,250102276,,976962,,BSE,EQ
955CIFL28,250102532,,976963,,BSE,EQ
1125NFPL31,250102788,,976964,,BSE,EQ
10MCSL2027,250103044,,976965,,BSE,EQ
705SCPSL28,250103300,,976966,,BSE,EQ
EFCL30725,250103556,,976967,,BSE,EQ
EFCL300725,250103812,,976968,,BSE,EQ
975MFSL27,250104068,,976969,,BSE,EQ
1025NBSP27,250104324,,976970,,BSE,EQ
707BFL28,250104580,,976971,,BSE,EQ
7345IGIT47,250104836,,976972,,BSE,EQ
699IIFCL30,250105092,,976973,,BSE,EQ
72959ABC28,250105348,,976974,,BSE,EQ
74242ABC30,250105604,,976975,,BSE,EQ
1070ESPL27,250105860,,976976,,BSE,EQ
865UTJ29,250106116,,976977,,BSE,EQ
980NJCPL28,250106372,,976978,,BSE,EQ
960ESFBL30,250106628,,976979,,BSE,EQ
940MFL28,250106884,,976980,,BSE,EQ
699IHFC28,250107140,,976981,,BSE,EQ
758ABHFL35,250107396,,976982,,BSE,EQ
920SCL28,250107652,,976983,,BSE,EQ
1250I04432,250107908,,976984,,BSE,EQ
0MCIBPL27,250108164,,976985,,BSE,EQ
20KFMSPL29,250108420,,976986,,BSE,EQ
11VITPPL55,250108676,,976987,,BSE,EQ
12AFIL30A,250108932,,976988,,BSE,EQ
1175AFI28B,250109188,,976989,,BSE,EQ
1225AFI28C,250109444,,976990,,BSE,EQ
12AFIL27D,250109700,,976991,,BSE,EQ
1116AMFL26,250109956,,976992,,BSE,EQ
12AFIL27E,250110212,,976993,,BSE,EQ
125AFIL31F,250110468,,976994,,BSE,EQ
1225LB2532,250110724,,976995,,BSE,EQ
908IND4329,250110980,,976996,,BSE,EQ
990IND4329,250111236,,976997,,BSE,EQ
741JDFIP29,250111492,,976998,,BSE,EQ
1020NFL27,250111748,,976999,,BSE,EQ
1062KFL28,250112004,,977000,,BSE,EQ
1062KFLD28,250112260,,977001,,BSE,EQ
10EFL31,250112516,,977002,,BSE,EQ
850MOFSL27,250112772,,977003,,BSE,EQ
975PDL28,250113028,,977004,,BSE,EQ
804AFL35,250113284,,977005,,BSE,EQ
967KIIFB29,250113540,,977006,,BSE,EQ
967KIIFB30,250113796,,977007,,BSE,EQ
967KIIFB31,250114052,,977008,,BSE,EQ
967KIIFB32,250114308,,977009,,BSE,EQ
967KIIFB33,250114564,,977010,,BSE,EQ
967KIIFB34,250114820,,977011,,BSE,EQ
967KIIFB35,250115076,,977012,,BSE,EQ
85ABDFVL27,250115332,,977013,,BSE,EQ
790TFL28,250115588,,977014,,BSE,EQ
698PGCIL35,250115844,,977015,,BSE,EQ
920BML28,250116100,,977016,,BSE,EQ
1030NFL27,250116356,,977017,,BSE,EQ
870AML28,250116612,,977018,,BSE,EQ
910BML27,250116868,,977019,,BSE,EQ
91BML27,250117124,,977020,,BSE,EQ
640NHPCL27,250117380,,977021,,BSE,EQ
1065KSL27,250117636,,977022,,BSE,EQ
11CFPL27,250117892,,977023,,BSE,EQ
9NWFL27,250118148,,977024,,BSE,EQ
91HLFL31,250118404,,977025,,BSE,EQ
5GMRAL27,250118660,,977026,,BSE,EQ
5GMRAL28A,250118916,,977027,,BSE,EQ
1050NCL28,250119172,,977028,,BSE,EQ
1140KFL27A,250119428,,977029,,BSE,EQ
960SCL35,250119684,,977030,,BSE,EQ
718HDBFS28,250119940,,977031,,BSE,EQ
1225PFSP28,250120196,,977032,,BSE,EQ
1175FFSL28,250120452,,977033,,BSE,EQ
842ABCLPER,250120708,,977034,,BSE,EQ
360OP19825,250120964,,977035,,BSE,EQ
693CHT29,250121220,,977036,,BSE,EQ
73015CHT35,250121476,,977037,,BSE,EQ
10KFL2027A,250121732,,977038,,BSE,EQ
10KFL2028,250121988,,977039,,BSE,EQ
1095MBFL27,250122244,,977040,,BSE,EQ
725KMPL30,250122500,,977041,,BSE,EQ
1010VCL27,250122756,,977042,,BSE,EQ
741MBPR33,250123012,,977043,,BSE,EQ
111KFL27,250123268,,977044,,BSE,EQ
712UML26,250123524,,977045,,BSE,EQ
711UML26,250123780,,977046,,BSE,EQ
12MML2026,250124036,,977047,,BSE,EQ
115SCNL32,250124292,,977048,,BSE,EQ
SFL200825,250124548,,977049,,BSE,EQ
734KMIL28,250124804,,977050,,BSE,EQ
1225AX25,250125060,,977051,,BSE,EQ
1330ACAP27,250125316,,977052,,BSE,EQ
9NWIL27,250125572,,977053,,BSE,EQ
9NWIL27A,250125828,,977054,,BSE,EQ
9NWFL027,250126084,,977055,,BSE,EQ
8HLFL28,250126340,,977056,,BSE,EQ
752PFL28,250126596,,977057,,BSE,EQ
1290DKGF29,250126852,,977058,,BSE,EQ
725MRHF27,250127108,,977059,,BSE,EQ
760IIL37,250127364,,977060,,BSE,EQ
10NFL26,250127620,,977061,,BSE,EQ
1170AX2526,250127876,,977062,,BSE,EQ
855HGIEL28,250128132,,977063,,BSE,EQ
91MFSL27,250128388,,977064,,BSE,EQ
10KFLD27,250128644,,977065,,BSE,EQ
87AML28,250128900,,977066,,BSE,EQ
169BFPL29,250129156,,977067,,BSE,EQ
1095BRFL27,250129412,,977068,,BSE,EQ
785MUML38,250129668,,977069,,BSE,EQ
789HLFL27,250129924,,977070,,BSE,EQ
ZCHDBFS28,250130180,,977071,,BSE,EQ
1353TERP28,250130436,,977072,,BSE,EQ
1070ESP27,250130692,,977073,,BSE,EQ
123LVJ29,250130948,,977074,,BSE,EQ
1025NBFS27,250131204,,977075,,BSE,EQ
1152SRGH31,250131460,,977076,,BSE,EQ
1290AFPL27,250131716,,977077,,BSE,EQ
1150MA2528,250131972,,977078,,BSE,EQ
115MA2528,250132228,,977079,,BSE,EQ
10PLRPLD35,250132484,,977080,,BSE,EQ
ABCL020925,250132740,,977081,,BSE,EQ
875SPHIR26,250132996,,977082,,BSE,EQ
990SPHIR28,250133252,,977083,,BSE,EQ
1125SPHR28,250133508,,977084,,BSE,EQ
RRDIAL40,250133764,,977085,,BSE,EQ
1155KFL26,250134020,,977086,,BSE,EQ
1850PCKR29,250134276,,977087,,BSE,EQ
9VCL26,250134532,,977088,,BSE,EQ
915VCL27,250134788,,977089,,BSE,EQ
925VCL28,250135044,,977090,,BSE,EQ
1325SRFC30,250135300,,977091,,BSE,EQ
1116AFL26,250135556,,977092,,BSE,EQ
0MSFL27,250135812,,977093,,BSE,EQ
1120KSL27,250136068,,977094,,BSE,EQ
1095SFL27,250136324,,977095,,BSE,EQ
1475ACAP27,250136580,,977096,,BSE,EQ
10PDL28,250136836,,977097,,BSE,EQ
1125UFL27,250137092,,977098,,BSE,EQ
875OPLD27,250137348,,977099,,BSE,EQ
895NACL27,250137604,,977100,,BSE,EQ
758PFL28A,250137860,,977101,,BSE,EQ
11MGFL26,250138116,,977102,,BSE,EQ
761ABCL35,250138372,,977103,,BSE,EQ
880PFL28,250138628,,977104,,BSE,EQ
73274HDB28,250138884,,977105,,BSE,EQ
19SHTPL28,250139140,,977106,,BSE,EQ
1140KFLD28,250139396,,977107,,BSE,EQ
940IKFFL27,250139652,,977108,,BSE,EQ
12AFIL28,250139908,,977109,,BSE,EQ
AFIL110925,250140164,,977110,,BSE,EQ
1010AFL28,250140420,,977111,,BSE,EQ
903MHPL27,250140676,,977112,,BSE,EQ
1005AFL27,250140932,,977113,,BSE,EQ
724BFL28,250141188,,977114,,BSE,EQ
770IREDPRP,250141444,,977115,,BSE,EQ
98MML27,250141700,,977116,,BSE,EQ
1165UCL31,250141956,,977117,,BSE,EQ
7299KMPL28,250142212,,977118,,BSE,EQ
7288KMPL28,250142468,,977119,,BSE,EQ
7MBPR27,250142724,,977120,,BSE,EQ
773SST29,250142980,,977121,,BSE,EQ
71BHFL28,250143236,,977122,,BSE,EQ
1045KSL27,250143492,,977123,,BSE,EQ
766RKST28,250143748,,977124,,BSE,EQ
780SST30,250144004,,977125,,BSE,EQ
12ACAPL27,250144260,,977126,,BSE,EQ
12ACAPL027,250144516,,977127,,BSE,EQ
1026MFL31,250144772,,977128,,BSE,EQ
10JSHP28A,250145028,,977129,,BSE,EQ
10JSHPL28C,250145284,,977130,,BSE,EQ
9087NWIL27,250145540,,977131,,BSE,EQ
925MMFLD27,250145796,,977132,,BSE,EQ
885VFL29,250146052,,977133,,BSE,EQ
885VFL29A,250146308,,977134,,BSE,EQ
86AML27,250146564,,977135,,BSE,EQ
87AML028,250146820,,977136,,BSE,EQ
849CFSL30,250147076,,977137,,BSE,EQ
875OPL27A,250147332,,977138,,BSE,EQ
1375KFL28,250147588,,977139,,BSE,EQ
11PPL26,250147844,,977140,,BSE,EQ
0ACAPL26,250148100,,977141,,BSE,EQ
980MML28,250148356,,977142,,BSE,EQ
119NFL30,250148612,,977143,,BSE,EQ
1025NBS27,250148868,,977144,,BSE,EQ
11SFPL27,250149124,,977145,,BSE,EQ
ABCRESET28,250149380,,977146,,BSE,EQ
752ABCL30,250149636,,977147,,BSE,EQ
744GSFP28,250149892,,977148,,BSE,EQ
673PFCL27,250150148,,977149,,BSE,EQ
76RCFL29,250150404,,977150,,BSE,EQ
1165UCL031,250150660,,977151,,BSE,EQ
11BRFL28,250150916,,977152,,BSE,EQ
745AREP30,250151172,,977153,,BSE,EQ
735MCFPL28,250151428,,977154,,BSE,EQ
1275FCPL27,250151684,,977155,,BSE,EQ
1099RGIC35,250151940,,977156,,BSE,EQ
737BFL30,250152196,,977157,,BSE,EQ
72KRT28,250152452,,977158,,BSE,EQ
99SRFCPL27,250152708,,977159,,BSE,EQ
11PPL27,250152964,,977160,,BSE,EQ
970OFSL28,250153220,,977161,,BSE,EQ
1050GFL27,250153476,,977162,,BSE,EQ
810LDL30,250153732,,977163,,BSE,EQ
1075MCSL31,250153988,,977164,,BSE,EQ
910HLFL32,250154244,,977165,,BSE,EQ
1175TT2527,250154500,,977166,,BSE,EQ
722AFL27,250154756,,977167,,BSE,EQ
1350IIL30,250155012,,977168,,BSE,EQ
1095SFLD27,250155268,,977169,,BSE,EQ
1125CWCP27,250155524,,977170,,BSE,EQ
0JMTL30,250155780,,977171,,BSE,EQ
1075MML27A,250156036,,977172,,BSE,EQ
11MBF28,250156292,,977173,,BSE,EQ
95KRL28,250156548,,977174,,BSE,EQ
691DLFCC28,250156804,,977175,,BSE,EQ
1435ACAP26,250157060,,977176,,BSE,EQ
1130NFPL28,250157316,,977177,,BSE,EQ
1475ATPL26,250157572,,977178,,BSE,EQ
1735ATPL29,250157828,,977179,,BSE,EQ
91LGS28,250158084,,977180,,BSE,EQ
1050LGS28,250158340,,977181,,BSE,EQ
115MFIL28,250158596,,977182,,BSE,EQ
1175NCPL27,250158852,,977183,,BSE,EQ
98OFSL28,250159108,,977184,,BSE,EQ
963CHL30,250159364,,977185,,BSE,EQ
99SFCPL27,250159620,,977186,,BSE,EQ
1025SRFC28,250159876,,977187,,BSE,EQ
IFSL300925,250160132,,977188,,BSE,EQ
NWFL300925,250160388,,977189,,BSE,EQ
SFL29928,250160644,,977190,,BSE,EQ
1425CSAI27,250160900,,977191,,BSE,EQ
1725CPPL30,250161156,,977192,,BSE,EQ
875360OP27,250161412,,977193,,BSE,EQ
870AEL28,250161668,,977194,,BSE,EQ
910SKFL28,250161924,,977195,,BSE,EQ
908NWFL27,250162180,,977196,,BSE,EQ
1150IFL28A,250162436,,977197,,BSE,EQ
1225IFL29,250162692,,977198,,BSE,EQ
1262IFL31,250162948,,977199,,BSE,EQ
925HLFL31,250163204,,977200,,BSE,EQ
916INDIG29,250163460,,977201,,BSE,EQ
IFSL81025,250163716,,977202,,BSE,EQ
875PFL27,250163972,,977203,,BSE,EQ
695BHFL28,250164228,,977204,,BSE,EQ
12ACAPL27A,250164484,,977205,,BSE,EQ
705JCL27,250164740,,977206,,BSE,EQ
1125VFPL26,250164996,,977207,,BSE,EQ
1140VFPL30,250165252,,977208,,BSE,EQ
7264KMPL30,250165508,,977209,,BSE,EQ
11PPL027,250165764,,977210,,BSE,EQ
855AML27,250166020,,977211,,BSE,EQ
723KMIL28,250166276,,977212,,BSE,EQ
719KMIL28,250166532,,977213,,BSE,EQ
20ISPL28,250166788,,977214,,BSE,EQ
NWFL131025,250167044,,977215,,BSE,EQ
775BPRPL35,250167300,,977216,,BSE,EQ
785BPRPL30,250167556,,977217,,BSE,EQ
11SGIL29,250167812,,977218,,BSE,EQ
745BFL35,250168068,,977219,,BSE,EQ
930SCL2035,250168324,,977220,,BSE,EQ
915SCL30,250168580,,977221,,BSE,EQ
696IT45,250168836,,977222,,BSE,EQ
73IT2045,250169092,,977223,,BSE,EQ
755PFL27,250169348,,977224,,BSE,EQ
1050GFL027,250169604,,977225,,BSE,EQ
1350LLD29,250169860,,977226,,BSE,EQ
1025MBFL27,250170116,,977227,,BSE,EQ
975UCL27,250170372,,977228,,BSE,EQ
1055JSFB35,250170628,,977229,,BSE,EQ
IFSL151025,250170884,,977230,,BSE,EQ
KPDL161025,250171140,,977231,,BSE,EQ
770ATSTL26,250171396,,977232,,BSE,EQ
770ATSTL27,250171652,,977233,,BSE,EQ
693SBI35,250171908,,977234,,BSE,EQ
770ATSTL28,250172164,,977235,,BSE,EQ
775ATSTL29,250172420,,977236,,BSE,EQ
775ATSTL30,250172676,,977237,,BSE,EQ
780ATSTL40,250172932,,977238,,BSE,EQ
799ATSTL42,250173188,,977239,,BSE,EQ
12MFL35,250173444,,977240,,BSE,EQ
SENSEX,265,SENSEX,1,,INDICES,EQ
BANKEX,274441,BSE INDEX BANKEX,1072,,INDICES,EQ
ALLCAP,273929,BSE INDEX ALLCAP,1070,,INDICES,EQ
AUTO,274185,BSE INDEX AUTO,1071,,INDICES,EQ
BASMTR,274697,BSE INDEX BASMTR,1073,,INDICES,EQ
BHRT22,274953,BSE INDEX BHRT22,1074,,INDICES,EQ
BSE CD,275209,BSE INDEX BSE CD,1075,,INDICES,EQ
BSE CG,275465,BSE INDEX BSE CG,1076,,INDICES,EQ
BSE HC,275721,BSE INDEX BSE HC,1077,,INDICES,EQ
BSE IT,275977,BSE INDEX BSE IT,1078,,INDICES,EQ
BSE100,276233,BSE INDEX BSE100,1079,,INDICES,EQ
BSE200,276489,BSE INDEX BSE200,1080,,INDICES,EQ
BSE500,276745,BSE INDEX BSE500,1081,,INDICES,EQ
BSEDSI,277001,BSE INDEX BSEDSI,1082,,INDICES,EQ
BSEEVI,277257,BSE INDEX BSEEVI,1083,,INDICES,EQ
BSEFMC,277513,BSE INDEX BSEFMC,1084,,INDICES,EQ
BSEIPO,277769,BSE INDEX BSEIPO,1085,,INDICES,EQ
BSELVI,278025,BSE INDEX BSELVI,1086,,INDICES,EQ
BSEMOI,278281,BSE INDEX BSEMOI,1087,,INDICES,EQ
BSEPBI,278537,BSE INDEX BSEPBI,1088,,INDICES,EQ
BSEPSU,278793,BSE INDEX BSEPSU,1089,,INDICES,EQ
BSEQUI,279049,BSE INDEX BSEQUI,1090,,INDICES,EQ
CARBON,279305,BSE INDEX CARBON,1091,,INDICES,EQ
CDGS,279561,BSE INDEX CDGS,1092,,INDICES,EQ
CPSE,279817,BSE INDEX CPSE,1093,,INDICES,EQ
DFRGRI,280073,BSE INDEX DFRGRI,1094,,INDICES,EQ
DOL100,280329,BSE INDEX DOL100,1095,,INDICES,EQ
DOL200,280585,BSE INDEX DOL200,1096,,INDICES,EQ
DOL30,280841,BSE INDEX DOL30,1097,,INDICES,EQ
ENERGY,281097,BSE INDEX ENERGY,1098,,INDICES,EQ
ESG100,281353,BSE INDEX ESG100,1099,,INDICES,EQ
GREENX,281865,BSE INDEX GREENX,1101,,INDICES,EQ
INDSTR,282121,BSE INDEX INDSTR,1102,,INDICES,EQ
INFRA,282377,BSE INDEX INFRA,1103,,INDICES,EQ
LCTMCI,282633,BSE INDEX LCTMCI,1104,,INDICES,EQ
LMI250,282889,BSE INDEX LMI250,1105,,INDICES,EQ
LRGCAP,283145,BSE INDEX LRGCAP,1106,,INDICES,EQ
METALINDEX,283401,BSE INDEX METAL,1107,,INDICES,EQ
MFG,283657,BSE INDEX MFG,1108,,INDICES,EQ
MIDSEL,284425,BSE INDEX MIDSEL,1111,,INDICES,EQ
MSL400,284681,BSE INDEX MSL400,1112,,INDICES,EQ
OILGAS,284937,BSE INDEX OILGAS,1113,,INDICES,EQ
POWER,285193,BSE INDEX POWER,1114,,INDICES,EQ
REALTY,285449,BSE INDEX REALTY,1115,,INDICES,EQ
SML250,285961,BSE INDEX SML250,1117,,INDICES,EQ
SMLCAP,286217,BSE INDEX SMLCAP,1118,,INDICES,EQ
SMLSEL,286473,BSE INDEX SMLSEL,1119,,INDICES,EQ
SNSX50,286729,BSE INDEX SNSX50,1120,,INDICES,EQ
SNXT50,286985,BSE INDEX SNXT50,1121,,INDICES,EQ
TECK,287241,BSE INDEX TECK,1122,,INDICES,EQ
TELCOM,287497,BSE INDEX TELCOM,1123,,INDICES,EQ
UTILS,287753,BSE INDEX UTILS,1124,,INDICES,EQ
SENSEX NEXT 30,401929,SENSEX NEXT 30,1570,,INDICES,EQ
BSE SME IPO,402185,BSE SME IPO,1571,,INDICES,EQ
BSE SERVICES,402441,BSE SERVICES,1572,,INDICES,EQ
FINANCIAL SERVICES,402697,FINANCIAL SERVICES,1573,,INDICES,EQ
BSE SENSEX SIXTY,402953,BSE SENSEX SIXTY,1574,,INDICES,EQ
BSE SENSEX SIXTY 65:35,403209,BSE SENSEX SIXTY 65:35,1575,,INDICES,EQ
BSE POWER & ENERGY,403465,BSE POWER & ENERGY,1576,,INDICES,EQ
BSE 200 EQUAL WEIGHT,403721,BSE 200 EQUAL WEIGHT,1577,,INDICES,EQ
BSE INTERNET ECONOMY,403977,BSE INTERNET ECONOMY,1578,,INDICES,EQ
BSE CAPITAL MKTS & INSURANCE,404233,BSE CAPITAL MKTS & INSURANCE,1579,,INDICES,EQ
BSE SELECT BUSINESS GROUPS,404489,BSE SELECT BUSINESS GROUPS,1580,,INDICES,EQ
BSE 1000,414729,BSE 1000,1620,,INDICES,EQ
BSE PSU BANK,414985,BSE PSU BANK,1621,,INDICES,EQ
BSE India 150,415241,BSE INDEX BSE INDIA 150,1622,,INDICES,EQ
BSE 500 QUALITY 50,415497,BSE INDEX BSE 500 QUALITY 50,1623,,INDICES,EQ
BSE INDIA SECT LEADER,415753,BSE INDEX BSE INDIA SECT LEADER,1624,,INDICES,EQ
BSE 500 MOMENTUM 50,416009,BSE INDEX BSE 500 MOMENTUM 50,1625,,INDICES,EQ
