symbol,isin,trade_date,exchange,segment,series,trade_type,auction,quantity,price,trade_id,order_id,order_execution_time
SBICARD,INE018E01016,2023-11-06,NSE,EQ,EQ,buy,false,49.000000,753.350000,64916466,1300000026453032,2023-11-06T14:20:53
SBICARD,INE018E01016,2023-11-06,NSE,EQ,EQ,buy,false,65.000000,753.400000,64916467,1300000026453032,2023-11-06T14:20:53
SBICARD,INE018E01016,2023-11-06,NSE,EQ,EQ,buy,false,16.000000,753.400000,64916468,1300000026453032,2023-11-06T14:20:53
WIPRO,INE075A01022,2023-11-15,NSE,EQ,EQ,buy,false,150.000000,388.750000,64181244,1300000018938866,2023-11-15T12:26:41
WIPRO,INE075A01022,2023-11-15,NSE,EQ,EQ,buy,false,15.000000,388.750000,64181245,1300000018938866,2023-11-15T12:26:41
WIPRO,INE075A01022,2023-11-15,NSE,EQ,EQ,buy,false,2.000000,388.750000,64181246,1300000018938866,2023-11-15T12:26:41
WIPRO,INE075A01022,2023-11-15,NSE,EQ,EQ,buy,false,83.000000,388.800000,64181247,1300000018938866,2023-11-15T12:26:41
CROMPTON,INE299U01018,2023-11-20,NSE,EQ,EQ,sell,false,357.000000,286.650000,4478104,1000000030413609,2023-11-20T14:58:53
CROMPTON,INE299U01018,2023-11-20,NSE,EQ,EQ,sell,false,43.000000,286.600000,4478105,1000000030413609,2023-11-20T14:58:53
KOTAKBANK,INE237A01028,2023-11-20,NSE,EQ,EQ,buy,false,16.000000,1773.500000,46035562,1200000036306720,2023-11-20T14:59:25
KOTAKBANK,INE237A01028,2023-11-20,NSE,EQ,EQ,buy,false,1.000000,1773.500000,46035563,1200000036306720,2023-11-20T14:59:25
KOTAKBANK,INE237A01028,2023-11-20,NSE,EQ,EQ,buy,false,4.000000,1773.500000,46035564,1200000036306720,2023-11-20T14:59:25
KOTAKBANK,INE237A01028,2023-11-20,NSE,EQ,EQ,buy,false,13.000000,1773.500000,46035565,1200000036306720,2023-11-20T14:59:25
KOTAKBANK,INE237A01028,2023-11-20,NSE,EQ,EQ,buy,false,26.000000,1773.500000,46035566,1200000036306720,2023-11-20T14:59:25
ASTRAL,INE006I01046,2023-11-21,NSE,EQ,EQ,buy,false,8.000000,1918.450000,1726884,1000000011752975,2023-11-21T10:52:48
ASTRAL,INE006I01046,2023-11-21,NSE,EQ,EQ,buy,false,1.000000,1918.500000,1726885,1000000011752975,2023-11-21T10:52:48
ASTRAL,INE006I01046,2023-11-21,NSE,EQ,EQ,buy,false,13.000000,1918.850000,1726886,1000000011752975,2023-11-21T10:52:48
ASTRAL,INE006I01046,2023-11-21,NSE,EQ,EQ,buy,false,13.000000,1918.950000,1726887,1000000011752975,2023-11-21T10:52:48
ASTRAL,INE006I01046,2023-11-21,NSE,EQ,EQ,buy,false,20.000000,1918.950000,1726888,1000000011752975,2023-11-21T10:52:48
TATAELXSI,INE670A01012,2023-11-21,NSE,EQ,EQ,buy,false,5.000000,8433.200000,67211432,1300000033392192,2023-11-21T15:19:00
TATAELXSI,INE670A01012,2023-11-21,NSE,EQ,EQ,buy,false,1.000000,8433.200000,67211433,1300000033392192,2023-11-21T15:19:00
TATAELXSI,INE670A01012,2023-11-21,NSE,EQ,EQ,buy,false,1.000000,8433.000000,67211430,1300000033392192,2023-11-21T15:19:00
TATAELXSI,INE670A01012,2023-11-21,NSE,EQ,EQ,buy,false,5.000000,8433.200000,67211431,1300000033392192,2023-11-21T15:19:00
CONCOR,INE111A01025,2023-11-21,NSE,EQ,EQ,buy,false,1.000000,749.250000,4685650,1000000030908233,2023-11-21T15:19:26
CONCOR,INE111A01025,2023-11-21,NSE,EQ,EQ,buy,false,129.000000,749.250000,4685651,1000000030908233,2023-11-21T15:19:26
ASTRAL,INE006I01046,2023-12-15,BSE,EQ,A,sell,false,4.000000,1963.450000,1787500,1702611000012948636,2023-12-15T10:39:22
ASTRAL,INE006I01046,2023-12-15,BSE,EQ,A,sell,false,13.000000,1963.400000,1787700,1702611000012948636,2023-12-15T10:39:22
ASTRAL,INE006I01046,2023-12-15,BSE,EQ,A,sell,false,3.000000,1963.100000,1787900,1702611000012948636,2023-12-15T10:39:22
ASTRAL,INE006I01046,2023-12-15,BSE,EQ,A,sell,false,35.000000,1963.500000,1787300,1702611000012948636,2023-12-15T10:39:22
CONCOR,INE111A01025,2023-12-15,BSE,EQ,A,sell,false,34.000000,864.300000,1542500,1702611000020830994,2023-12-15T10:39:34
CONCOR,INE111A01025,2023-12-15,BSE,EQ,A,sell,false,54.000000,864.100000,1543300,1702611000020830994,2023-12-15T10:39:34
CONCOR,INE111A01025,2023-12-15,BSE,EQ,A,sell,false,2.000000,864.150000,1542900,1702611000020830994,2023-12-15T10:39:34
CONCOR,INE111A01025,2023-12-15,BSE,EQ,A,sell,false,36.000000,864.200000,1542700,1702611000020830994,2023-12-15T10:39:34
CONCOR,INE111A01025,2023-12-15,BSE,EQ,A,sell,false,4.000000,864.350000,1542200,1702611000020830994,2023-12-15T10:39:34
HDFCBANK,INE040A01034,2023-12-15,NSE,EQ,EQ,sell,false,70.000000,1650.100000,23450773,1100000014351122,2023-12-15T10:39:39
ICICIBANK,INE090A01021,2023-12-15,BSE,EQ,A,sell,false,60.000000,1035.450000,2145500,1702611000010998046,2023-12-15T10:39:44
KOTAKBANK,INE237A01028,2023-12-15,NSE,EQ,EQ,sell,false,7.000000,1856.000000,42841022,1200000014224983,2023-12-15T10:39:48
KOTAKBANK,INE237A01028,2023-12-15,NSE,EQ,EQ,sell,false,1.000000,1855.950000,42841024,1200000014224983,2023-12-15T10:39:48
KOTAKBANK,INE237A01028,2023-12-15,NSE,EQ,EQ,sell,false,10.000000,1856.000000,42841019,1200000014224983,2023-12-15T10:39:48
KOTAKBANK,INE237A01028,2023-12-15,NSE,EQ,EQ,sell,false,13.000000,1856.000000,42841020,1200000014224983,2023-12-15T10:39:48
KOTAKBANK,INE237A01028,2023-12-15,NSE,EQ,EQ,sell,false,1.000000,1856.000000,42841021,1200000014224983,2023-12-15T10:39:48
KOTAKBANK,INE237A01028,2023-12-15,NSE,EQ,EQ,sell,false,25.000000,1855.900000,42841025,1200000014224983,2023-12-15T10:39:48
KOTAKBANK,INE237A01028,2023-12-15,NSE,EQ,EQ,sell,false,1.000000,1856.000000,42841023,1200000014224983,2023-12-15T10:39:48
KOTAKBANK,INE237A01028,2023-12-15,NSE,EQ,EQ,sell,false,2.000000,1856.000000,42841018,1200000014224983,2023-12-15T10:39:48
NAM-INDIA,INE298J01013,2023-12-15,BSE,EQ,A,sell,false,50.000000,445.650000,4585700,1702615161183409447,2023-12-15T10:39:56
NAM-INDIA,INE298J01013,2023-12-15,BSE,EQ,A,sell,false,14.000000,445.600000,4585900,1702615161183409447,2023-12-15T10:39:56
NAM-INDIA,INE298J01013,2023-12-15,BSE,EQ,A,sell,false,71.000000,445.550000,4586500,1702615161183409447,2023-12-15T10:39:56
NAM-INDIA,INE298J01013,2023-12-15,BSE,EQ,A,sell,false,99.000000,445.450000,4586800,1702615161183409447,2023-12-15T10:39:56
NAM-INDIA,INE298J01013,2023-12-15,BSE,EQ,A,sell,false,46.000000,445.750000,4585500,1702615161183409447,2023-12-15T10:39:56
NAM-INDIA,INE298J01013,2023-12-15,BSE,EQ,A,sell,false,29.000000,445.350000,4587200,1702615161183409447,2023-12-15T10:39:56
NOVARTIND,INE234A01025,2023-12-15,BSE,EQ,B,sell,false,4.000000,717.100000,8559000,1702611000000068535,2023-12-15T10:40:15
NOVARTIND,INE234A01025,2023-12-15,BSE,EQ,B,sell,false,106.000000,717.000000,8559800,1702611000000068535,2023-12-15T10:40:15
NOVARTIND,INE234A01025,2023-12-15,BSE,EQ,B,sell,false,40.000000,717.050000,8559400,1702611000000068535,2023-12-15T10:40:15
POWERGRID,INE752E01010,2023-12-15,BSE,EQ,A,sell,false,150.000000,232.050000,62834900,1702616573336734035,2023-12-15T10:40:20
POWERGRID,INE752E01010,2023-12-15,BSE,EQ,A,sell,false,396.000000,232.000000,62836200,1702616573336734035,2023-12-15T10:40:20
SULA,INE142Q01026,2023-12-15,BSE,EQ,B,sell,false,52.000000,469.400000,14661400,1702614712216456593,2023-12-15T10:40:40
SULA,INE142Q01026,2023-12-15,BSE,EQ,B,sell,false,111.000000,469.300000,14661800,1702614712216456593,2023-12-15T10:40:40
SULA,INE142Q01026,2023-12-15,BSE,EQ,B,sell,false,48.000000,469.450000,14661200,1702614712216456593,2023-12-15T10:40:40
WIPRO,INE075A01022,2023-12-15,NSE,EQ,EQ,sell,false,1.000000,445.350000,63070989,1300000012849710,2023-12-15T10:40:58
WIPRO,INE075A01022,2023-12-15,NSE,EQ,EQ,sell,false,50.000000,445.350000,63070991,1300000012849710,2023-12-15T10:40:58
WIPRO,INE075A01022,2023-12-15,NSE,EQ,EQ,sell,false,35.000000,445.350000,63070992,1300000012849710,2023-12-15T10:40:58
WIPRO,INE075A01022,2023-12-15,NSE,EQ,EQ,sell,false,50.000000,445.300000,63070993,1300000012849710,2023-12-15T10:40:58
WIPRO,INE075A01022,2023-12-15,NSE,EQ,EQ,sell,false,14.000000,445.300000,63070994,1300000012849710,2023-12-15T10:40:58
WIPRO,INE075A01022,2023-12-15,NSE,EQ,EQ,sell,false,100.000000,445.350000,63070990,1300000012849710,2023-12-15T10:40:58
TATAMOTORS,INE155A01022,2023-12-15,NSE,EQ,EQ,sell,false,40.000000,727.050000,63072948,1300000012860640,2023-12-15T10:41:05
TATAMOTORS,INE155A01022,2023-12-15,NSE,EQ,EQ,sell,false,60.000000,727.050000,63072949,1300000012860640,2023-12-15T10:41:05
TATAMOTORS,INE155A01022,2023-12-15,NSE,EQ,EQ,sell,false,65.000000,727.050000,63072947,1300000012860640,2023-12-15T10:41:05
TATAELXSI,INE670A01012,2023-12-15,NSE,EQ,EQ,sell,false,1.000000,9133.200000,63087375,1300000012925671,2023-12-15T10:41:45
TATAELXSI,INE670A01012,2023-12-15,NSE,EQ,EQ,sell,false,1.000000,9134.500000,63087373,1300000012925671,2023-12-15T10:41:45
TATAELXSI,INE670A01012,2023-12-15,NSE,EQ,EQ,sell,false,9.000000,9134.550000,63087372,1300000012925671,2023-12-15T10:41:45
TATAELXSI,INE670A01012,2023-12-15,NSE,EQ,EQ,sell,false,1.000000,9134.000000,63087374,1300000012925671,2023-12-15T10:41:45
SBICARD,INE018E01016,2023-12-15,NSE,EQ,EQ,sell,false,93.000000,772.250000,63160361,1300000013293998,2023-12-15T10:45:03
SBICARD,INE018E01016,2023-12-15,NSE,EQ,EQ,sell,false,37.000000,772.250000,63160362,1300000013293998,2023-12-15T10:45:03
IOC,INE242A01010,2023-12-18,NSE,EQ,EQ,buy,false,3052.000000,124.950000,22305921,1100000009149473,2023-12-18T10:00:01
IOC,INE242A01010,2023-12-18,NSE,EQ,EQ,buy,false,100.000000,124.950000,22305920,1100000009149473,2023-12-18T10:00:01
IOC,INE242A01010,2023-12-18,NSE,EQ,EQ,buy,false,250.000000,124.950000,22305919,1100000009149473,2023-12-18T10:00:01
IOC,INE242A01010,2023-12-18,NSE,EQ,EQ,buy,false,20.000000,124.950000,22305918,1100000009149473,2023-12-18T10:00:01
IOC,INE242A01010,2023-12-18,NSE,EQ,EQ,buy,false,25.000000,124.950000,22305917,1100000009149473,2023-12-18T10:00:01
IOC,INE242A01010,2023-12-18,NSE,EQ,EQ,buy,false,553.000000,124.950000,22305916,1100000009149473,2023-12-18T10:00:01
TDPOWERSYS,INE419M01027,2023-12-19,NSE,EQ,EQ,buy,false,285.000000,294.000000,63183074,1300000013595603,2023-12-19T10:45:06
TDPOWERSYS,INE419M01027,2023-12-19,NSE,EQ,EQ,buy,false,10.000000,294.000000,63183075,1300000013595603,2023-12-19T10:45:06
TDPOWERSYS,INE419M01027,2023-12-19,NSE,EQ,EQ,buy,false,2.000000,294.000000,63183076,1300000013595603,2023-12-19T10:45:06
TDPOWERSYS,INE419M01027,2023-12-19,NSE,EQ,EQ,buy,false,200.000000,294.000000,63183077,1300000013595603,2023-12-19T10:45:06
TDPOWERSYS,INE419M01027,2023-12-19,NSE,EQ,EQ,buy,false,100.000000,294.000000,63183078,1300000013595603,2023-12-19T10:45:06
TDPOWERSYS,INE419M01027,2023-12-19,NSE,EQ,EQ,buy,false,403.000000,294.000000,63183079,1300000013595603,2023-12-19T10:45:06
SHANKARA,INE274V01019,2023-12-27,NSE,EQ,EQ,buy,false,1.000000,724.300000,60206358,1300000000905180,2023-12-27T09:17:07
SHANKARA,INE274V01019,2023-12-27,NSE,EQ,EQ,buy,false,5.000000,724.300000,60206357,1300000000905180,2023-12-27T09:17:07
SHANKARA,INE274V01019,2023-12-27,NSE,EQ,EQ,buy,false,3.000000,724.300000,60206356,1300000000905180,2023-12-27T09:17:07
SHANKARA,INE274V01019,2023-12-27,NSE,EQ,EQ,buy,false,1.000000,724.300000,60206355,1300000000905180,2023-12-27T09:17:07
SHANKARA,INE274V01019,2023-12-27,NSE,EQ,EQ,buy,false,3.000000,724.300000,60206354,1300000000905180,2023-12-27T09:17:07
SHANKARA,INE274V01019,2023-12-27,NSE,EQ,EQ,buy,false,6.000000,724.250000,60206353,1300000000905180,2023-12-27T09:17:07
SHANKARA,INE274V01019,2023-12-27,NSE,EQ,EQ,buy,false,3.000000,724.300000,60206362,1300000000905180,2023-12-27T09:17:07
SHANKARA,INE274V01019,2023-12-27,NSE,EQ,EQ,buy,false,2.000000,725.400000,60206376,1300000000905180,2023-12-27T09:17:07
SHANKARA,INE274V01019,2023-12-27,NSE,EQ,EQ,buy,false,3.000000,725.350000,60206375,1300000000905180,2023-12-27T09:17:07
SHANKARA,INE274V01019,2023-12-27,NSE,EQ,EQ,buy,false,1.000000,725.350000,60206374,1300000000905180,2023-12-27T09:17:07
SHANKARA,INE274V01019,2023-12-27,NSE,EQ,EQ,buy,false,2.000000,725.050000,60206373,1300000000905180,2023-12-27T09:17:07
SHANKARA,INE274V01019,2023-12-27,NSE,EQ,EQ,buy,false,48.000000,724.900000,60206372,1300000000905180,2023-12-27T09:17:07
SHANKARA,INE274V01019,2023-12-27,NSE,EQ,EQ,buy,false,1.000000,724.850000,60206371,1300000000905180,2023-12-27T09:17:07
SHANKARA,INE274V01019,2023-12-27,NSE,EQ,EQ,buy,false,16.000000,724.550000,60206370,1300000000905180,2023-12-27T09:17:07
SHANKARA,INE274V01019,2023-12-27,NSE,EQ,EQ,buy,false,4.000000,724.300000,60206369,1300000000905180,2023-12-27T09:17:07
SHANKARA,INE274V01019,2023-12-27,NSE,EQ,EQ,buy,false,1.000000,724.300000,60206368,1300000000905180,2023-12-27T09:17:07
SHANKARA,INE274V01019,2023-12-27,NSE,EQ,EQ,buy,false,1.000000,724.300000,60206367,1300000000905180,2023-12-27T09:17:07
SHANKARA,INE274V01019,2023-12-27,NSE,EQ,EQ,buy,false,3.000000,724.300000,60206366,1300000000905180,2023-12-27T09:17:07
SHANKARA,INE274V01019,2023-12-27,NSE,EQ,EQ,buy,false,1.000000,724.300000,60206365,1300000000905180,2023-12-27T09:17:07
SHANKARA,INE274V01019,2023-12-27,NSE,EQ,EQ,buy,false,3.000000,724.300000,60206364,1300000000905180,2023-12-27T09:17:07
SHANKARA,INE274V01019,2023-12-27,NSE,EQ,EQ,buy,false,1.000000,724.300000,60206363,1300000000905180,2023-12-27T09:17:07
SHANKARA,INE274V01019,2023-12-27,NSE,EQ,EQ,buy,false,1.000000,725.650000,60206377,1300000000905180,2023-12-27T09:17:07
SHANKARA,INE274V01019,2023-12-27,NSE,EQ,EQ,buy,false,1.000000,724.300000,60206361,1300000000905180,2023-12-27T09:17:07
SHANKARA,INE274V01019,2023-12-27,NSE,EQ,EQ,buy,false,3.000000,724.300000,60206360,1300000000905180,2023-12-27T09:17:07
SHANKARA,INE274V01019,2023-12-27,NSE,EQ,EQ,buy,false,3.000000,724.300000,60206359,1300000000905180,2023-12-27T09:17:07
SHANKARA,INE274V01019,2023-12-27,NSE,EQ,EQ,buy,false,4.000000,726.250000,60206395,1300000000905180,2023-12-27T09:17:07
SHANKARA,INE274V01019,2023-12-27,NSE,EQ,EQ,buy,false,1.000000,726.200000,60206394,1300000000905180,2023-12-27T09:17:07
SHANKARA,INE274V01019,2023-12-27,NSE,EQ,EQ,buy,false,1.000000,726.150000,60206393,1300000000905180,2023-12-27T09:17:07
SHANKARA,INE274V01019,2023-12-27,NSE,EQ,EQ,buy,false,2.000000,726.100000,60206392,1300000000905180,2023-12-27T09:17:07
SHANKARA,INE274V01019,2023-12-27,NSE,EQ,EQ,buy,false,4.000000,726.050000,60206391,1300000000905180,2023-12-27T09:17:07
SHANKARA,INE274V01019,2023-12-27,NSE,EQ,EQ,buy,false,3.000000,726.050000,60206390,1300000000905180,2023-12-27T09:17:07
SHANKARA,INE274V01019,2023-12-27,NSE,EQ,EQ,buy,false,10.000000,726.000000,60206389,1300000000905180,2023-12-27T09:17:07
SHANKARA,INE274V01019,2023-12-27,NSE,EQ,EQ,buy,false,1.000000,726.000000,60206388,1300000000905180,2023-12-27T09:17:07
SHANKARA,INE274V01019,2023-12-27,NSE,EQ,EQ,buy,false,3.000000,726.000000,60206387,1300000000905180,2023-12-27T09:17:07
SHANKARA,INE274V01019,2023-12-27,NSE,EQ,EQ,buy,false,1.000000,726.000000,60206386,1300000000905180,2023-12-27T09:17:07
SHANKARA,INE274V01019,2023-12-27,NSE,EQ,EQ,buy,false,3.000000,726.000000,60206385,1300000000905180,2023-12-27T09:17:07
SHANKARA,INE274V01019,2023-12-27,NSE,EQ,EQ,buy,false,1.000000,725.950000,60206384,1300000000905180,2023-12-27T09:17:07
SHANKARA,INE274V01019,2023-12-27,NSE,EQ,EQ,buy,false,4.000000,725.950000,60206383,1300000000905180,2023-12-27T09:17:07
SHANKARA,INE274V01019,2023-12-27,NSE,EQ,EQ,buy,false,3.000000,725.900000,60206382,1300000000905180,2023-12-27T09:17:07
SHANKARA,INE274V01019,2023-12-27,NSE,EQ,EQ,buy,false,25.000000,725.750000,60206381,1300000000905180,2023-12-27T09:17:07
SHANKARA,INE274V01019,2023-12-27,NSE,EQ,EQ,buy,false,13.000000,725.650000,60206380,1300000000905180,2023-12-27T09:17:07
SHANKARA,INE274V01019,2023-12-27,NSE,EQ,EQ,buy,false,1.000000,725.650000,60206379,1300000000905180,2023-12-27T09:17:07
SHANKARA,INE274V01019,2023-12-27,NSE,EQ,EQ,buy,false,3.000000,725.650000,60206378,1300000000905180,2023-12-27T09:17:07
TITAN,INE280A01028,2023-12-27,NSE,EQ,EQ,buy,false,22.000000,3656.600000,60242163,1300000001049504,2023-12-27T09:17:41
TITAN,INE280A01028,2023-12-27,NSE,EQ,EQ,buy,false,3.000000,3656.600000,60242161,1300000001049504,2023-12-27T09:17:41
TITAN,INE280A01028,2023-12-27,NSE,EQ,EQ,buy,false,5.000000,3656.600000,60242162,1300000001049504,2023-12-27T09:17:41
SBICARD,INE018E01016,2023-12-28,NSE,EQ,EQ,buy,false,39.000000,765.600000,60329767,1300000001449392,2023-12-28T09:19:27
SBICARD,INE018E01016,2023-12-28,NSE,EQ,EQ,buy,false,35.000000,765.650000,60329769,1300000001449392,2023-12-28T09:19:27
SBICARD,INE018E01016,2023-12-28,NSE,EQ,EQ,buy,false,1.000000,765.550000,60329766,1300000001449392,2023-12-28T09:19:27
SBICARD,INE018E01016,2023-12-28,NSE,EQ,EQ,buy,false,1.000000,765.500000,60329765,1300000001449392,2023-12-28T09:19:27
SBICARD,INE018E01016,2023-12-28,NSE,EQ,EQ,buy,false,44.000000,765.650000,60329768,1300000001449392,2023-12-28T09:19:27
KTKBANK,INE614B01018,2023-12-28,NSE,EQ,EQ,buy,false,91.000000,238.900000,40325712,1200000001522621,2023-12-28T09:19:53
KTKBANK,INE614B01018,2023-12-28,NSE,EQ,EQ,buy,false,29.000000,238.800000,40325709,1200000001522621,2023-12-28T09:19:53
KTKBANK,INE614B01018,2023-12-28,NSE,EQ,EQ,buy,false,200.000000,238.850000,40325710,1200000001522621,2023-12-28T09:19:53
KTKBANK,INE614B01018,2023-12-28,NSE,EQ,EQ,buy,false,80.000000,238.850000,40325711,1200000001522621,2023-12-28T09:19:53
TDPOWERSYS,INE419M01027,2023-12-28,NSE,EQ,EQ,sell,false,60.000000,259.600000,66984743,1300000036124617,2023-12-28T14:52:18
TDPOWERSYS,INE419M01027,2023-12-28,NSE,EQ,EQ,sell,false,4.000000,259.600000,66984742,1300000036124617,2023-12-28T14:52:18
TDPOWERSYS,INE419M01027,2023-12-28,NSE,EQ,EQ,sell,false,60.000000,259.600000,66984741,1300000036124617,2023-12-28T14:52:18
TDPOWERSYS,INE419M01027,2023-12-28,NSE,EQ,EQ,sell,false,60.000000,259.600000,66984740,1300000036124617,2023-12-28T14:52:18
TDPOWERSYS,INE419M01027,2023-12-28,NSE,EQ,EQ,sell,false,9.000000,259.600000,66984739,1300000036124617,2023-12-28T14:52:18
TDPOWERSYS,INE419M01027,2023-12-28,NSE,EQ,EQ,sell,false,26.000000,259.600000,66984738,1300000036124617,2023-12-28T14:52:18
TDPOWERSYS,INE419M01027,2023-12-28,NSE,EQ,EQ,sell,false,31.000000,259.600000,66984744,1300000036124617,2023-12-28T14:52:18
KTKBANK,INE614B01018,2023-12-28,NSE,EQ,EQ,buy,false,129.000000,235.100000,47941336,1200000042421293,2023-12-28T15:23:32
KTKBANK,INE614B01018,2023-12-28,NSE,EQ,EQ,buy,false,4.000000,235.100000,47941334,1200000042421293,2023-12-28T15:23:32
KTKBANK,INE614B01018,2023-12-28,NSE,EQ,EQ,buy,false,53.000000,235.100000,47941335,1200000042421293,2023-12-28T15:23:32
KTKBANK,INE614B01018,2023-12-28,NSE,EQ,EQ,buy,false,14.000000,235.100000,47941337,1200000042421293,2023-12-28T15:23:32
SBICARD,INE018E01016,2023-12-28,NSE,EQ,EQ,buy,false,60.000000,760.350000,68325750,1300000040402855,2023-12-28T15:23:41
EICHERMOT,INE066A01021,2024-01-08,NSE,EQ,EQ,buy,false,13.000000,3926.800000,23316278,1100000013003544,2024-01-08T10:35:00
VADILALIND,INE694D01016,2024-01-09,NSE,EQ,EQ,buy,false,5.000000,2500.550000,60318340,1300000001106762,2024-01-09T09:17:31
VADILALIND,INE694D01016,2024-01-09,NSE,EQ,EQ,buy,false,15.000000,2500.550000,60326478,1300000001106762,2024-01-09T09:17:37
HDFCBANK,INE040A01034,2024-01-10,BSE,EQ,A,buy,false,6.000000,1655.500000,4423200,1704874149548738130,2024-01-10T15:16:34
KOTAKBANK,INE237A01028,2024-01-10,NSE,EQ,EQ,buy,false,5.000000,1820.550000,48232172,1200000043618566,2024-01-10T15:18:31
SHANKARA,INE274V01019,2024-01-11,NSE,EQ,EQ,sell,false,6.000000,714.850000,62744433,1300000011273627,2024-01-11T10:18:07
SHANKARA,INE274V01019,2024-01-11,NSE,EQ,EQ,sell,false,1.000000,714.400000,62744447,1300000011273627,2024-01-11T10:18:07
SHANKARA,INE274V01019,2024-01-11,NSE,EQ,EQ,sell,false,1.000000,714.400000,62744446,1300000011273627,2024-01-11T10:18:07
SHANKARA,INE274V01019,2024-01-11,NSE,EQ,EQ,sell,false,1.000000,714.400000,62744445,1300000011273627,2024-01-11T10:18:07
SHANKARA,INE274V01019,2024-01-11,NSE,EQ,EQ,sell,false,1.000000,714.400000,62744444,1300000011273627,2024-01-11T10:18:07
SHANKARA,INE274V01019,2024-01-11,NSE,EQ,EQ,sell,false,1.000000,714.400000,62744443,1300000011273627,2024-01-11T10:18:07
SHANKARA,INE274V01019,2024-01-11,NSE,EQ,EQ,sell,false,1.000000,714.400000,62744442,1300000011273627,2024-01-11T10:18:07
SHANKARA,INE274V01019,2024-01-11,NSE,EQ,EQ,sell,false,1.000000,714.400000,62744441,1300000011273627,2024-01-11T10:18:07
SHANKARA,INE274V01019,2024-01-11,NSE,EQ,EQ,sell,false,1.000000,714.400000,62744440,1300000011273627,2024-01-11T10:18:07
SHANKARA,INE274V01019,2024-01-11,NSE,EQ,EQ,sell,false,1.000000,714.400000,62744439,1300000011273627,2024-01-11T10:18:07
SHANKARA,INE274V01019,2024-01-11,NSE,EQ,EQ,sell,false,7.000000,714.400000,62744438,1300000011273627,2024-01-11T10:18:07
SHANKARA,INE274V01019,2024-01-11,NSE,EQ,EQ,sell,false,3.000000,714.550000,62744437,1300000011273627,2024-01-11T10:18:07
SHANKARA,INE274V01019,2024-01-11,NSE,EQ,EQ,sell,false,1.000000,714.600000,62744436,1300000011273627,2024-01-11T10:18:07
SHANKARA,INE274V01019,2024-01-11,NSE,EQ,EQ,sell,false,8.000000,714.650000,62744435,1300000011273627,2024-01-11T10:18:07
SHANKARA,INE274V01019,2024-01-11,NSE,EQ,EQ,sell,false,3.000000,714.750000,62744434,1300000011273627,2024-01-11T10:18:07
SHANKARA,INE274V01019,2024-01-11,NSE,EQ,EQ,sell,false,8.000000,714.850000,62744432,1300000011273627,2024-01-11T10:18:07
SHANKARA,INE274V01019,2024-01-11,NSE,EQ,EQ,sell,false,55.000000,715.050000,62744431,1300000011273627,2024-01-11T10:18:07
TDPOWERSYS,INE419M01027,2024-01-11,NSE,EQ,EQ,sell,false,116.000000,285.000000,62752596,1300000011314245,2024-01-11T10:18:26
TDPOWERSYS,INE419M01027,2024-01-11,NSE,EQ,EQ,sell,false,48.000000,285.050000,62752590,1300000011314245,2024-01-11T10:18:26
TDPOWERSYS,INE419M01027,2024-01-11,NSE,EQ,EQ,sell,false,20.000000,285.050000,62752591,1300000011314245,2024-01-11T10:18:26
TDPOWERSYS,INE419M01027,2024-01-11,NSE,EQ,EQ,sell,false,20.000000,285.050000,62752592,1300000011314245,2024-01-11T10:18:26
TDPOWERSYS,INE419M01027,2024-01-11,NSE,EQ,EQ,sell,false,20.000000,285.050000,62752593,1300000011314245,2024-01-11T10:18:26
TDPOWERSYS,INE419M01027,2024-01-11,NSE,EQ,EQ,sell,false,21.000000,285.050000,62752594,1300000011314245,2024-01-11T10:18:26
TDPOWERSYS,INE419M01027,2024-01-11,NSE,EQ,EQ,sell,false,5.000000,285.000000,62752595,1300000011314245,2024-01-11T10:18:26
AAVAS,INE216P01012,2024-01-11,NSE,EQ,EQ,buy,false,20.000000,1580.500000,1804085,1000000009609328,2024-01-11T10:19:34
AAVAS,INE216P01012,2024-01-11,NSE,EQ,EQ,buy,false,5.000000,1580.900000,1804087,1000000009609328,2024-01-11T10:19:34
AAVAS,INE216P01012,2024-01-11,NSE,EQ,EQ,buy,false,7.000000,1580.850000,1804086,1000000009609328,2024-01-11T10:19:34
CAMS,INE596I01012,2024-01-11,NSE,EQ,EQ,buy,false,9.000000,2795.000000,1810046,1000000009652401,2024-01-11T10:19:58
CAMS,INE596I01012,2024-01-11,NSE,EQ,EQ,buy,false,8.000000,2795.000000,1810047,1000000009652401,2024-01-11T10:19:58
CAMS,INE596I01012,2024-01-11,NSE,EQ,EQ,buy,false,1.000000,2795.000000,1810048,1000000009652401,2024-01-11T10:19:58
AUTOAXLES,INE449A01011,2024-01-12,NSE,EQ,EQ,buy,false,2.000000,2227.450000,2905796,1000000016416322,2024-01-12T11:30:00
AUTOAXLES,INE449A01011,2024-01-12,NSE,EQ,EQ,buy,false,1.000000,2227.400000,2905795,1000000016416322,2024-01-12T11:30:00
AUTOAXLES,INE449A01011,2024-01-12,NSE,EQ,EQ,buy,false,7.000000,2227.000000,2905793,1000000016416322,2024-01-12T11:30:00
AUTOAXLES,INE449A01011,2024-01-12,NSE,EQ,EQ,buy,false,1.000000,2227.400000,2905794,1000000016416322,2024-01-12T11:30:00
AUTOAXLES,INE449A01011,2024-01-12,NSE,EQ,EQ,buy,false,3.000000,2227.450000,2905798,1000000016416322,2024-01-12T11:30:00
AUTOAXLES,INE449A01011,2024-01-12,NSE,EQ,EQ,buy,false,1.000000,2227.450000,2905797,1000000016416322,2024-01-12T11:30:00
TDPOWERSYS,INE419M01027,2024-01-12,BSE,EQ,A,buy,false,28.000000,283.600000,92099800,1705039489683651924,2024-01-12T11:41:53
TDPOWERSYS,INE419M01027,2024-01-12,BSE,EQ,A,buy,false,7.000000,283.650000,92100000,1705039489683651924,2024-01-12T11:41:53
TDPOWERSYS,INE419M01027,2024-01-12,BSE,EQ,A,buy,false,47.000000,283.500000,92099300,1705039489683651924,2024-01-12T11:41:53
TDPOWERSYS,INE419M01027,2024-01-12,BSE,EQ,A,buy,false,18.000000,283.550000,92099500,1705039489683651924,2024-01-12T11:41:53
TDPOWERSYS,INE419M01027,2024-01-12,BSE,EQ,A,sell,false,90.000000,284.000000,93560500,1705039489683794273,2024-01-12T11:46:35
TDPOWERSYS,INE419M01027,2024-01-12,BSE,EQ,A,sell,false,105.000000,283.900000,93560900,1705039489683794273,2024-01-12T11:46:35
TDPOWERSYS,INE419M01027,2024-01-12,BSE,EQ,A,sell,false,1.000000,283.950000,93560700,1705039489683794273,2024-01-12T11:46:35
TDPOWERSYS,INE419M01027,2024-01-12,BSE,EQ,A,sell,false,4.000000,284.050000,93560300,1705039489683794273,2024-01-12T11:46:35
FMGOETZE,INE529A01010,2024-01-12,NSE,EQ,EQ,buy,false,20.000000,367.050000,24857861,1100000021527618,2024-01-12T11:46:54
FMGOETZE,INE529A01010,2024-01-12,NSE,EQ,EQ,buy,false,26.000000,366.700000,24857840,1100000021527618,2024-01-12T11:46:54
FMGOETZE,INE529A01010,2024-01-12,NSE,EQ,EQ,buy,false,1.000000,366.750000,24857841,1100000021527618,2024-01-12T11:46:54
FMGOETZE,INE529A01010,2024-01-12,NSE,EQ,EQ,buy,false,1.000000,366.800000,24857842,1100000021527618,2024-01-12T11:46:54
FMGOETZE,INE529A01010,2024-01-12,NSE,EQ,EQ,buy,false,1.000000,366.850000,24857843,1100000021527618,2024-01-12T11:46:54
FMGOETZE,INE529A01010,2024-01-12,NSE,EQ,EQ,buy,false,1.000000,366.900000,24857844,1100000021527618,2024-01-12T11:46:54
FMGOETZE,INE529A01010,2024-01-12,NSE,EQ,EQ,buy,false,1.000000,366.900000,24857845,1100000021527618,2024-01-12T11:46:54
FMGOETZE,INE529A01010,2024-01-12,NSE,EQ,EQ,buy,false,1.000000,366.900000,24857846,1100000021527618,2024-01-12T11:46:54
FMGOETZE,INE529A01010,2024-01-12,NSE,EQ,EQ,buy,false,1.000000,366.900000,24857847,1100000021527618,2024-01-12T11:46:54
FMGOETZE,INE529A01010,2024-01-12,NSE,EQ,EQ,buy,false,1.000000,366.900000,24857848,1100000021527618,2024-01-12T11:46:54
FMGOETZE,INE529A01010,2024-01-12,NSE,EQ,EQ,buy,false,1.000000,366.900000,24857849,1100000021527618,2024-01-12T11:46:54
FMGOETZE,INE529A01010,2024-01-12,NSE,EQ,EQ,buy,false,1.000000,366.900000,24857850,1100000021527618,2024-01-12T11:46:54
FMGOETZE,INE529A01010,2024-01-12,NSE,EQ,EQ,buy,false,3.000000,366.900000,24857851,1100000021527618,2024-01-12T11:46:54
FMGOETZE,INE529A01010,2024-01-12,NSE,EQ,EQ,buy,false,1.000000,366.950000,24857852,1100000021527618,2024-01-12T11:46:54
FMGOETZE,INE529A01010,2024-01-12,NSE,EQ,EQ,buy,false,3.000000,366.950000,24857853,1100000021527618,2024-01-12T11:46:54
FMGOETZE,INE529A01010,2024-01-12,NSE,EQ,EQ,buy,false,1.000000,366.950000,24857854,1100000021527618,2024-01-12T11:46:54
FMGOETZE,INE529A01010,2024-01-12,NSE,EQ,EQ,buy,false,4.000000,366.950000,24857855,1100000021527618,2024-01-12T11:46:54
FMGOETZE,INE529A01010,2024-01-12,NSE,EQ,EQ,buy,false,1.000000,366.950000,24857856,1100000021527618,2024-01-12T11:46:54
FMGOETZE,INE529A01010,2024-01-12,NSE,EQ,EQ,buy,false,1.000000,366.950000,24857857,1100000021527618,2024-01-12T11:46:54
FMGOETZE,INE529A01010,2024-01-12,NSE,EQ,EQ,buy,false,3.000000,366.950000,24857858,1100000021527618,2024-01-12T11:46:54
FMGOETZE,INE529A01010,2024-01-12,NSE,EQ,EQ,buy,false,2.000000,366.950000,24857859,1100000021527618,2024-01-12T11:46:54
FMGOETZE,INE529A01010,2024-01-12,NSE,EQ,EQ,buy,false,1.000000,367.000000,24857860,1100000021527618,2024-01-12T11:46:54
FMGOETZE,INE529A01010,2024-01-12,NSE,EQ,EQ,buy,false,1.000000,367.050000,24857862,1100000021527618,2024-01-12T11:46:54
FMGOETZE,INE529A01010,2024-01-12,NSE,EQ,EQ,buy,false,7.000000,367.100000,24857863,1100000021527618,2024-01-12T11:46:54
FMGOETZE,INE529A01010,2024-01-12,NSE,EQ,EQ,buy,false,1.000000,367.150000,24857864,1100000021527618,2024-01-12T11:46:54
FMGOETZE,INE529A01010,2024-01-12,NSE,EQ,EQ,buy,false,1.000000,367.150000,24857865,1100000021527618,2024-01-12T11:46:54
FMGOETZE,INE529A01010,2024-01-12,NSE,EQ,EQ,buy,false,1.000000,367.150000,24857866,1100000021527618,2024-01-12T11:46:54
FMGOETZE,INE529A01010,2024-01-12,NSE,EQ,EQ,buy,false,3.000000,367.150000,24857867,1100000021527618,2024-01-12T11:46:54
FMGOETZE,INE529A01010,2024-01-12,NSE,EQ,EQ,buy,false,20.000000,367.150000,24857868,1100000021527618,2024-01-12T11:46:54
FMGOETZE,INE529A01010,2024-01-12,NSE,EQ,EQ,buy,false,1.000000,367.150000,24857869,1100000021527618,2024-01-12T11:46:54
FMGOETZE,INE529A01010,2024-01-12,NSE,EQ,EQ,buy,false,1.000000,367.150000,24857870,1100000021527618,2024-01-12T11:46:54
FMGOETZE,INE529A01010,2024-01-12,NSE,EQ,EQ,buy,false,3.000000,367.150000,24857871,1100000021527618,2024-01-12T11:46:54
FMGOETZE,INE529A01010,2024-01-12,NSE,EQ,EQ,buy,false,1.000000,367.150000,24857872,1100000021527618,2024-01-12T11:46:54
FMGOETZE,INE529A01010,2024-01-12,NSE,EQ,EQ,buy,false,1.000000,367.150000,24857873,1100000021527618,2024-01-12T11:46:54
FMGOETZE,INE529A01010,2024-01-12,NSE,EQ,EQ,buy,false,1.000000,367.150000,24857874,1100000021527618,2024-01-12T11:46:54
FMGOETZE,INE529A01010,2024-01-12,NSE,EQ,EQ,buy,false,1.000000,367.150000,24857875,1100000021527618,2024-01-12T11:46:54
FMGOETZE,INE529A01010,2024-01-12,NSE,EQ,EQ,buy,false,1.000000,367.150000,24857876,1100000021527618,2024-01-12T11:46:54
FMGOETZE,INE529A01010,2024-01-12,NSE,EQ,EQ,buy,false,1.000000,367.150000,24857877,1100000021527618,2024-01-12T11:46:54
FMGOETZE,INE529A01010,2024-01-12,NSE,EQ,EQ,buy,false,1.000000,367.150000,24857878,1100000021527618,2024-01-12T11:46:54
FMGOETZE,INE529A01010,2024-01-12,NSE,EQ,EQ,buy,false,1.000000,367.150000,24857879,1100000021527618,2024-01-12T11:46:54
FMGOETZE,INE529A01010,2024-01-12,NSE,EQ,EQ,buy,false,1.000000,367.200000,24857880,1100000021527618,2024-01-12T11:46:54
FMGOETZE,INE529A01010,2024-01-12,NSE,EQ,EQ,buy,false,16.000000,367.200000,24857881,1100000021527618,2024-01-12T11:46:54
TDPOWERSYS,INE419M01027,2024-01-12,BSE,EQ,A,sell,false,158.000000,284.200000,155197700,1705051397576152700,2024-01-12T14:59:56
TDPOWERSYS,INE419M01027,2024-01-12,BSE,EQ,A,sell,false,131.000000,284.050000,155199000,1705051397576152700,2024-01-12T14:59:56
TDPOWERSYS,INE419M01027,2024-01-12,BSE,EQ,A,sell,false,73.000000,284.100000,155198500,1705051397576152700,2024-01-12T14:59:56
TDPOWERSYS,INE419M01027,2024-01-12,BSE,EQ,A,sell,false,32.000000,284.250000,155197400,1705051397576152700,2024-01-12T14:59:56
TDPOWERSYS,INE419M01027,2024-01-12,BSE,EQ,A,sell,false,6.000000,284.150000,155198000,1705051397576152700,2024-01-12T14:59:56
MARUTI,INE585B01010,2024-01-12,NSE,EQ,EQ,buy,false,2.000000,9965.350000,48460179,1200000043740714,2024-01-12T15:17:01
MARUTI,INE585B01010,2024-01-12,NSE,EQ,EQ,buy,false,3.000000,9965.750000,48460180,1200000043740714,2024-01-12T15:17:01
HDFCBANK,INE040A01034,2024-01-15,NSE,EQ,EQ,buy,false,6.000000,1661.350000,21352511,1100000005322461,2024-01-15T09:33:21
KOTAKBANK,INE237A01028,2024-01-15,NSE,EQ,EQ,buy,false,6.000000,1841.600000,41168203,1200000004833637,2024-01-15T09:33:33
FMGOETZE,INE529A01010,2024-01-16,BSE,EQ,B,buy,false,30.000000,381.600000,132746200,1705398664633016939,2024-01-16T15:27:39
EICHERMOT,INE066A01021,2024-01-17,NSE,EQ,EQ,sell,false,13.000000,3731.200000,20118107,1100000000458236,2024-01-17T09:15:12
FEDERALBNK,INE171A01029,2024-01-19,NSE,EQ,EQ,buy,false,300.000000,147.700000,22438080,1100000009827199,2024-01-19T09:55:39
LAXMIMACH,INE269B01029,2024-01-19,NSE,EQ,EQ,buy,false,1.000000,13467.400000,41960603,1200000009091974,2024-01-19T09:56:06
LAXMIMACH,INE269B01029,2024-01-19,NSE,EQ,EQ,buy,false,1.000000,13471.700000,41960605,1200000009091974,2024-01-19T09:56:06
LAXMIMACH,INE269B01029,2024-01-19,NSE,EQ,EQ,buy,false,1.000000,13471.650000,41960604,1200000009091974,2024-01-19T09:56:06
HDFCBANK,INE040A01034,2024-01-23,NSE,EQ,EQ,buy,false,3.000000,1465.950000,21694129,1100000004993378,2024-01-23T09:26:50
KOTAKBANK,INE237A01028,2024-01-23,NSE,EQ,EQ,buy,false,1.000000,1818.750000,41176962,1200000004139775,2024-01-23T09:27:11
KOTAKBANK,INE237A01028,2024-01-23,NSE,EQ,EQ,buy,false,1.000000,1818.750000,41176961,1200000004139775,2024-01-23T09:27:11
AUTOAXLES,INE449A01011,2024-01-23,NSE,EQ,EQ,sell,false,15.000000,2115.850000,7852994,1000000046173963,2024-01-23T14:44:58
DREAMFOLKS,INE0JS101016,2024-01-24,NSE,EQ,EQ,buy,false,100.000000,522.000000,24474789,1100000014757467,2024-01-24T10:35:47
HDFCBANK,INE040A01034,2024-01-24,BSE,EQ,A,buy,false,4.000000,1441.400000,14525300,1706078833698302376,2024-01-24T12:40:29
KOTAKBANK,INE237A01028,2024-01-24,NSE,EQ,EQ,buy,false,3.000000,1768.050000,46491025,1200000033875174,2024-01-24T12:40:39
ASIANPAINT,INE021A01026,2024-01-24,NSE,EQ,EQ,buy,false,2.000000,2978.700000,4977773,1000000030357074,2024-01-24T12:41:00
HAVELLS,INE176B01034,2024-01-24,NSE,EQ,EQ,buy,false,4.000000,1288.550000,27779746,1100000036771065,2024-01-24T12:41:26
SBICARD,INE018E01016,2024-02-01,BSE,EQ,A,sell,false,50.000000,717.250000,76948400,1706763011774103960,2024-02-01T10:23:18
IOC,INE242A01010,2024-02-01,BSE,EQ,A,sell,false,1000.000000,149.050000,2856200,1706758200321961704,2024-02-01T10:39:35
HAVELLS,INE176B01034,2024-02-01,BSE,EQ,A,buy,false,30.000000,1309.300000,3221400,1706767123734056699,2024-02-01T11:40:58
KOTAKBANK,INE237A01028,2024-02-01,NSE,EQ,EQ,buy,false,3.000000,1824.750000,45397499,1200000026903571,2024-02-01T11:41:21
HDFCBANK,INE040A01034,2024-02-01,NSE,EQ,EQ,buy,false,3.000000,1466.300000,26681095,1100000028302615,2024-02-01T11:41:33
ASIANPAINT,INE021A01026,2024-02-01,BSE,EQ,A,buy,false,3.000000,2946.800000,3878900,1706766685046413937,2024-02-01T11:42:39
JSL,INE220G01021,2024-02-02,NSE,EQ,EQ,buy,false,10.000000,583.700000,42620918,1200000010146457,2024-02-02T09:55:33
PROTEAN,INE004A01022,2024-02-02,BSE,EQ,B,buy,false,3.000000,1413.650000,12975900,1706844600000198520,2024-02-02T09:55:42
JSL,INE220G01021,2024-02-05,NSE,EQ,EQ,buy,false,3.000000,605.000000,41188899,1200000003708343,2024-02-05T09:24:28
JSL,INE220G01021,2024-02-05,NSE,EQ,EQ,buy,false,13.000000,605.000000,41188898,1200000003708343,2024-02-05T09:24:28
JSL,INE220G01021,2024-02-05,NSE,EQ,EQ,buy,false,2.000000,605.000000,41188900,1200000003708343,2024-02-05T09:24:28
PROTEAN,INE004A01022,2024-02-05,BSE,EQ,B,buy,false,7.000000,1552.850000,8152300,1707103800000177138,2024-02-05T09:24:42
AAVAS,INE216P01012,2024-02-05,NSE,EQ,EQ,sell,false,24.000000,1459.000000,1048016,1000000004994016,2024-02-05T09:35:31
AAVAS,INE216P01012,2024-02-05,NSE,EQ,EQ,sell,false,8.000000,1459.050000,1048015,1000000004994016,2024-02-05T09:35:31
HDFCBANK,INE040A01034,2024-02-05,BSE,EQ,A,buy,false,2.000000,1436.700000,2275600,1707103800220337862,2024-02-05T09:36:54
KOTAKBANK,INE237A01028,2024-02-05,BSE,EQ,A,buy,false,2.000000,1809.750000,9344900,1707105250382381738,2024-02-05T09:37:06
PROTEAN,INE004A01022,2024-02-05,BSE,EQ,B,buy,false,6.000000,1628.900000,52225700,1707103800000484679,2024-02-05T13:29:11
VADILALIND,INE694D01016,2024-02-07,NSE,EQ,EQ,sell,false,1.000000,3255.100000,61866105,1300000006563519,2024-02-07T09:41:07
VADILALIND,INE694D01016,2024-02-07,NSE,EQ,EQ,sell,false,1.000000,3255.150000,61866104,1300000006563519,2024-02-07T09:41:07
VADILALIND,INE694D01016,2024-02-07,NSE,EQ,EQ,sell,false,1.000000,3255.050000,61866106,1300000006563519,2024-02-07T09:41:07
VADILALIND,INE694D01016,2024-02-07,NSE,EQ,EQ,sell,false,1.000000,3255.050000,61866107,1300000006563519,2024-02-07T09:41:07
VADILALIND,INE694D01016,2024-02-07,NSE,EQ,EQ,sell,false,10.000000,3255.000000,61866108,1300000006563519,2024-02-07T09:41:07
VADILALIND,INE694D01016,2024-02-07,NSE,EQ,EQ,sell,false,5.000000,3254.000000,61866109,1300000006563519,2024-02-07T09:41:07
VADILALIND,INE694D01016,2024-02-07,NSE,EQ,EQ,sell,false,1.000000,3253.950000,61866110,1300000006563519,2024-02-07T09:41:07
PROTEAN,INE004A01022,2024-02-08,BSE,EQ,B,sell,false,16.000000,1436.950000,7142000,1707363000000158636,2024-02-08T09:30:55
SHANKARA,INE274V01019,2024-02-08,BSE,EQ,B,sell,false,18.000000,746.250000,22421000,1707364721944814746,2024-02-08T09:38:00
SHANKARA,INE274V01019,2024-02-08,BSE,EQ,B,sell,false,16.000000,745.750000,22421900,1707364721944814746,2024-02-08T09:38:00
SHANKARA,INE274V01019,2024-02-08,BSE,EQ,B,sell,false,39.000000,746.200000,22421300,1707364721944814746,2024-02-08T09:38:00
SHANKARA,INE274V01019,2024-02-08,BSE,EQ,B,sell,false,2.000000,746.000000,22421500,1707364721944814746,2024-02-08T09:38:00
SHANKARA,INE274V01019,2024-02-08,BSE,EQ,B,sell,false,25.000000,745.800000,22421700,1707364721944814746,2024-02-08T09:38:00
ASIANPAINT,INE021A01026,2024-02-09,BSE,EQ,A,buy,false,5.000000,2944.950000,1452900,1707449400163510952,2024-02-09T09:48:37
JSL,INE220G01021,2024-02-13,NSE,EQ,EQ,buy,false,20.000000,563.750000,50967901,1200000052769327,2024-02-13T15:05:37
HDFCBANK,INE040A01034,2024-02-14,NSE,EQ,EQ,buy,false,7.000000,1376.850000,20548954,1100000002089432,2024-02-14T09:20:00
KOTAKBANK,INE237A01028,2024-02-14,BSE,EQ,A,buy,false,6.000000,1719.100000,2135800,1707881400041195051,2024-02-14T09:20:13
MARUTI,INE585B01010,2024-02-14,NSE,EQ,EQ,sell,false,3.000000,10798.200000,41435899,1200000006259943,2024-02-14T09:37:48
MARUTI,INE585B01010,2024-02-14,NSE,EQ,EQ,sell,false,2.000000,10798.200000,41435898,1200000006259943,2024-02-14T09:37:48
RAMKY,INE874I01013,2024-02-14,NSE,EQ,EQ,buy,false,1.000000,619.850000,67436232,1300000036264890,2024-02-14T14:11:15
RAMKY,INE874I01013,2024-02-14,NSE,EQ,EQ,buy,false,49.000000,619.850000,67436231,1300000036264890,2024-02-14T14:11:15
KOTAKBANK,INE237A01028,2024-02-21,BSE,EQ,A,buy,false,3.000000,1761.050000,1447000,1708486200040191151,2024-02-21T09:22:04
HDFCBANK,INE040A01034,2024-02-21,NSE,EQ,EQ,buy,false,4.000000,1446.850000,20604188,1100000002555810,2024-02-21T09:22:15
ASIANPAINT,INE021A01026,2024-02-21,BSE,EQ,A,buy,false,2.000000,3009.300000,468800,1708486200040156252,2024-02-21T09:26:13
HAVELLS,INE176B01034,2024-02-29,BSE,EQ,A,sell,false,9.000000,1523.150000,1335300,1709177400405912535,2024-02-29T10:44:03
HAVELLS,INE176B01034,2024-02-29,BSE,EQ,A,sell,false,25.000000,1523.200000,1335100,1709177400405912535,2024-02-29T10:44:03
IOC,INE242A01010,2024-02-29,BSE,EQ,A,sell,false,1000.000000,166.200000,3459100,1709181036649487503,2024-02-29T10:44:27
JSL,INE220G01021,2024-02-29,NSE,EQ,EQ,buy,false,8.000000,649.000000,45342916,1200000032013032,2024-02-29T12:41:46
CAMS,INE596I01012,2024-02-29,NSE,EQ,EQ,buy,false,3.000000,3008.950000,3586090,1000000027235678,2024-02-29T12:42:15
IOC,INE242A01010,2024-03-04,BSE,EQ,A,sell,false,200.000000,174.900000,6362300,1709534559224836507,2024-03-04T14:03:05
FMGOETZE,INE529A01010,2024-03-06,NSE,EQ,EQ,sell,false,1.000000,348.650000,22436943,1100000011738517,2024-03-06T10:08:09
FMGOETZE,INE529A01010,2024-03-06,NSE,EQ,EQ,sell,false,139.000000,348.650000,22436944,1100000011738517,2024-03-06T10:08:09
FMGOETZE,INE529A01010,2024-03-06,BSE,EQ,B,sell,false,1.000000,348.000000,41055700,1709702671567032241,2024-03-06T10:55:40
FMGOETZE,INE529A01010,2024-03-06,BSE,EQ,B,sell,false,4.000000,348.050000,41055500,1709702671567032241,2024-03-06T10:55:40
FMGOETZE,INE529A01010,2024-03-06,BSE,EQ,B,sell,false,25.000000,348.500000,41055300,1709702671567032241,2024-03-06T10:55:40
RAMKY,INE874I01013,2024-03-07,NSE,EQ,EQ,sell,false,5.000000,549.100000,63611759,1300000016649854,2024-03-07T10:55:13
RAMKY,INE874I01013,2024-03-07,NSE,EQ,EQ,sell,false,10.000000,549.250000,63611755,1300000016649854,2024-03-07T10:55:13
RAMKY,INE874I01013,2024-03-07,NSE,EQ,EQ,sell,false,8.000000,549.100000,63611756,1300000016649854,2024-03-07T10:55:13
RAMKY,INE874I01013,2024-03-07,NSE,EQ,EQ,sell,false,15.000000,549.100000,63611757,1300000016649854,2024-03-07T10:55:13
RAMKY,INE874I01013,2024-03-07,NSE,EQ,EQ,sell,false,12.000000,549.100000,63611758,1300000016649854,2024-03-07T10:55:13
SBICARD,INE018E01016,2024-03-11,NSE,EQ,EQ,buy,false,18.000000,704.250000,63380134,1300000014202791,2024-03-11T10:35:33
HOMEFIRST,INE481N01025,2024-03-18,NSE,EQ,EQ,buy,false,100.000000,840.500000,22983165,1100000017024134,2024-03-18T10:59:50
HOMEFIRST,INE481N01025,2024-03-18,NSE,EQ,EQ,buy,false,15.000000,840.500000,22983166,1100000017024134,2024-03-18T10:59:50
HOMEFIRST,INE481N01025,2024-03-18,NSE,EQ,EQ,buy,false,3.000000,840.500000,22983162,1100000017024134,2024-03-18T10:59:50
HOMEFIRST,INE481N01025,2024-03-18,NSE,EQ,EQ,buy,false,1.000000,840.500000,22983163,1100000017024134,2024-03-18T10:59:50
HOMEFIRST,INE481N01025,2024-03-18,NSE,EQ,EQ,buy,false,1.000000,840.500000,22983164,1100000017024134,2024-03-18T10:59:50
IOC,INE242A01010,2024-03-18,BSE,EQ,A,sell,false,1200.000000,162.400000,3235800,1710736116187964311,2024-03-18T11:00:26
RELIGARE,INE621H01010,2024-03-18,NSE,EQ,EQ,buy,false,105.000000,216.350000,65345870,1300000028574182,2024-03-18T13:02:41
RELIGARE,INE621H01010,2024-03-18,NSE,EQ,EQ,buy,false,145.000000,216.400000,65345871,1300000028574182,2024-03-18T13:02:41
DREAMFOLKS,INE0JS101016,2024-03-20,BSE,EQ,A,sell,false,82.000000,467.750000,88888100,1710922246729833555,2024-03-20T13:57:02
DREAMFOLKS,INE0JS101016,2024-03-20,BSE,EQ,A,sell,false,13.000000,467.650000,88888300,1710922246729833555,2024-03-20T13:57:02
DREAMFOLKS,INE0JS101016,2024-03-20,BSE,EQ,A,sell,false,5.000000,467.950000,88887900,1710922246729833555,2024-03-20T13:57:02
TITAN,INE280A01028,2024-04-01,BSE,EQ,A,sell,false,26.000000,3737.000000,2472300,1711960958077325599,2024-04-01T14:32:55
TITAN,INE280A01028,2024-04-01,BSE,EQ,A,sell,false,4.000000,3736.750000,2472500,1711960958077325599,2024-04-01T14:32:55
HMAAGRO,INE0ECP01024,2024-04-02,NSE,EQ,EQ,buy,false,171.000000,55.900000,20425363,1100000001965528,2024-04-02T09:20:10
HMAAGRO,INE0ECP01024,2024-04-02,NSE,EQ,EQ,buy,false,185.000000,55.900000,20425365,1100000001965528,2024-04-02T09:20:10
HMAAGRO,INE0ECP01024,2024-04-02,NSE,EQ,EQ,buy,false,100.000000,55.900000,20425364,1100000001965528,2024-04-02T09:20:10
HMAAGRO,INE0ECP01024,2024-04-02,NSE,EQ,EQ,buy,false,233.000000,55.850000,20425359,1100000001965528,2024-04-02T09:20:10
HMAAGRO,INE0ECP01024,2024-04-02,NSE,EQ,EQ,buy,false,133.000000,55.850000,20425360,1100000001965528,2024-04-02T09:20:10
HMAAGRO,INE0ECP01024,2024-04-02,NSE,EQ,EQ,buy,false,100.000000,55.850000,20425361,1100000001965528,2024-04-02T09:20:10
HMAAGRO,INE0ECP01024,2024-04-02,NSE,EQ,EQ,buy,false,178.000000,55.850000,20425362,1100000001965528,2024-04-02T09:20:10
IEX,INE022Q01020,2024-04-02,NSE,EQ,EQ,buy,false,133.000000,140.450000,20740316,1100000003595177,2024-04-02T09:26:11
IEX,INE022Q01020,2024-04-02,NSE,EQ,EQ,buy,false,20.000000,140.450000,20740312,1100000003595177,2024-04-02T09:26:11
IEX,INE022Q01020,2024-04-02,NSE,EQ,EQ,buy,false,142.000000,140.450000,20740313,1100000003595177,2024-04-02T09:26:11
IEX,INE022Q01020,2024-04-02,NSE,EQ,EQ,buy,false,5.000000,140.450000,20740314,1100000003595177,2024-04-02T09:26:11
IEX,INE022Q01020,2024-04-02,NSE,EQ,EQ,buy,false,100.000000,140.450000,20740315,1100000003595177,2024-04-02T09:26:11
LAXMIMACH,INE269B01029,2024-04-03,NSE,EQ,EQ,sell,false,1.000000,16706.150000,41534377,1200000007911507,2024-04-03T09:47:09
LAXMIMACH,INE269B01029,2024-04-03,NSE,EQ,EQ,sell,false,2.000000,16706.150000,41534376,1200000007911507,2024-04-03T09:47:09
SATINDLTD,INE065D01027,2024-04-03,NSE,EQ,EQ,buy,false,199.000000,103.500000,65456729,1300000028659427,2024-04-03T12:52:43
SATINDLTD,INE065D01027,2024-04-03,NSE,EQ,EQ,buy,false,21.000000,103.500000,65456734,1300000028659427,2024-04-03T12:52:43
SATINDLTD,INE065D01027,2024-04-03,NSE,EQ,EQ,buy,false,59.000000,103.500000,65456735,1300000028659427,2024-04-03T12:52:43
SATINDLTD,INE065D01027,2024-04-03,NSE,EQ,EQ,buy,false,6.000000,103.500000,65456730,1300000028659427,2024-04-03T12:52:43
SATINDLTD,INE065D01027,2024-04-03,NSE,EQ,EQ,buy,false,37.000000,103.500000,65456731,1300000028659427,2024-04-03T12:52:43
SATINDLTD,INE065D01027,2024-04-03,NSE,EQ,EQ,buy,false,25.000000,103.500000,65456732,1300000028659427,2024-04-03T12:52:43
SATINDLTD,INE065D01027,2024-04-03,NSE,EQ,EQ,buy,false,113.000000,103.500000,65456733,1300000028659427,2024-04-03T12:52:43
JSL,INE220G01021,2024-04-12,NSE,EQ,EQ,buy,false,10.000000,702.400000,40845480,1200000004301465,2024-04-12T09:27:22
JSL,INE220G01021,2024-04-12,NSE,EQ,EQ,buy,false,3.000000,702.400000,40845481,1200000004301465,2024-04-12T09:27:22
JSL,INE220G01021,2024-04-12,NSE,EQ,EQ,buy,false,2.000000,702.400000,40845479,1200000004301465,2024-04-12T09:27:22
STARHEALTH,INE575P01011,2024-04-30,NSE,EQ,EQ,buy,false,5.000000,569.850000,64785144,1300000024265210,2024-04-30T12:23:03
STARHEALTH,INE575P01011,2024-04-30,NSE,EQ,EQ,buy,false,9.000000,570.000000,64785148,1300000024265210,2024-04-30T12:23:03
STARHEALTH,INE575P01011,2024-04-30,NSE,EQ,EQ,buy,false,16.000000,570.000000,64785147,1300000024265210,2024-04-30T12:23:03
STARHEALTH,INE575P01011,2024-04-30,NSE,EQ,EQ,buy,false,10.000000,569.900000,64785146,1300000024265210,2024-04-30T12:23:03
STARHEALTH,INE575P01011,2024-04-30,NSE,EQ,EQ,buy,false,105.000000,569.900000,64785145,1300000024265210,2024-04-30T12:23:03
STARHEALTH,INE575P01011,2024-04-30,NSE,EQ,EQ,buy,false,5.000000,569.550000,64785143,1300000024265210,2024-04-30T12:23:03
CEATLTD,INE482A01020,2024-05-21,NSE,EQ,EQ,buy,false,3.000000,2370.500000,8720645,1000000045590203,2024-05-21T15:12:59
CEATLTD,INE482A01020,2024-05-21,NSE,EQ,EQ,buy,false,1.000000,2370.500000,8720644,1000000045590203,2024-05-21T15:12:59
CEATLTD,INE482A01020,2024-05-21,NSE,EQ,EQ,buy,false,16.000000,2370.500000,8720643,1000000045590203,2024-05-21T15:12:59
RUSHIL,INE573K01017,2024-05-21,NSE,EQ,EQ,buy,false,3.000000,312.900000,70253324,1300000042525613,2024-05-21T15:13:33
RUSHIL,INE573K01017,2024-05-21,NSE,EQ,EQ,buy,false,33.000000,312.900000,70253329,1300000042525613,2024-05-21T15:13:33
RUSHIL,INE573K01017,2024-05-21,NSE,EQ,EQ,buy,false,1.000000,312.900000,70253328,1300000042525613,2024-05-21T15:13:33
RUSHIL,INE573K01017,2024-05-21,NSE,EQ,EQ,buy,false,10.000000,312.900000,70253327,1300000042525613,2024-05-21T15:13:33
RUSHIL,INE573K01017,2024-05-21,NSE,EQ,EQ,buy,false,3.000000,312.900000,70253326,1300000042525613,2024-05-21T15:13:33
RUSHIL,INE573K01017,2024-05-21,NSE,EQ,EQ,buy,false,1.000000,312.850000,70253312,1300000042525613,2024-05-21T15:13:33
RUSHIL,INE573K01017,2024-05-21,NSE,EQ,EQ,buy,false,3.000000,312.900000,70253313,1300000042525613,2024-05-21T15:13:33
RUSHIL,INE573K01017,2024-05-21,NSE,EQ,EQ,buy,false,1.000000,312.900000,70253314,1300000042525613,2024-05-21T15:13:33
RUSHIL,INE573K01017,2024-05-21,NSE,EQ,EQ,buy,false,10.000000,312.900000,70253315,1300000042525613,2024-05-21T15:13:33
RUSHIL,INE573K01017,2024-05-21,NSE,EQ,EQ,buy,false,10.000000,312.900000,70253316,1300000042525613,2024-05-21T15:13:33
RUSHIL,INE573K01017,2024-05-21,NSE,EQ,EQ,buy,false,4.000000,312.900000,70253317,1300000042525613,2024-05-21T15:13:33
RUSHIL,INE573K01017,2024-05-21,NSE,EQ,EQ,buy,false,32.000000,312.900000,70253318,1300000042525613,2024-05-21T15:13:33
RUSHIL,INE573K01017,2024-05-21,NSE,EQ,EQ,buy,false,3.000000,312.900000,70253319,1300000042525613,2024-05-21T15:13:33
RUSHIL,INE573K01017,2024-05-21,NSE,EQ,EQ,buy,false,10.000000,312.900000,70253320,1300000042525613,2024-05-21T15:13:33
RUSHIL,INE573K01017,2024-05-21,NSE,EQ,EQ,buy,false,3.000000,312.900000,70253321,1300000042525613,2024-05-21T15:13:33
RUSHIL,INE573K01017,2024-05-21,NSE,EQ,EQ,buy,false,3.000000,312.900000,70253322,1300000042525613,2024-05-21T15:13:33
RUSHIL,INE573K01017,2024-05-21,NSE,EQ,EQ,buy,false,10.000000,312.900000,70253323,1300000042525613,2024-05-21T15:13:33
RUSHIL,INE573K01017,2024-05-21,NSE,EQ,EQ,buy,false,10.000000,312.900000,70253325,1300000042525613,2024-05-21T15:13:33
IOC,INE242A01010,2024-05-28,NSE,EQ,EQ,sell,false,93.000000,168.600000,20726775,1100000003601807,2024-05-28T09:25:29
IOC,INE242A01010,2024-05-28,NSE,EQ,EQ,sell,false,187.000000,168.600000,20726774,1100000003601807,2024-05-28T09:25:29
IOC,INE242A01010,2024-05-28,NSE,EQ,EQ,sell,false,320.000000,168.550000,20726776,1100000003601807,2024-05-28T09:25:29
SATINDLTD,INE065D01027,2024-05-28,BSE,EQ,B,sell,false,25.000000,91.020000,235200,1716867000009075880,2024-05-28T10:16:50
SATINDLTD,INE065D01027,2024-05-28,BSE,EQ,B,sell,false,388.000000,91.000000,235600,1716867000009075880,2024-05-28T10:16:50
SATINDLTD,INE065D01027,2024-05-28,BSE,EQ,B,sell,false,25.000000,91.060000,234500,1716867000009075880,2024-05-28T10:16:50
SATINDLTD,INE065D01027,2024-05-28,BSE,EQ,B,sell,false,2.000000,91.050000,234800,1716867000009075880,2024-05-28T10:16:50
SATINDLTD,INE065D01027,2024-05-28,BSE,EQ,B,sell,false,20.000000,91.010000,235400,1716867000009075880,2024-05-28T10:16:50
STARHEALTH,INE575P01011,2024-05-30,NSE,EQ,EQ,sell,false,2.000000,509.650000,60943699,1300000005288744,2024-05-30T09:34:19
STARHEALTH,INE575P01011,2024-05-30,NSE,EQ,EQ,sell,false,123.000000,509.650000,60943702,1300000005288744,2024-05-30T09:34:19
STARHEALTH,INE575P01011,2024-05-30,NSE,EQ,EQ,sell,false,1.000000,509.650000,60943701,1300000005288744,2024-05-30T09:34:19
STARHEALTH,INE575P01011,2024-05-30,NSE,EQ,EQ,sell,false,24.000000,509.650000,60943700,1300000005288744,2024-05-30T09:34:19
KTKBANK,INE614B01018,2024-05-30,BSE,EQ,A,sell,false,142.000000,213.000000,765400,1717039800051388294,2024-05-30T09:34:29
KTKBANK,INE614B01018,2024-05-30,BSE,EQ,A,sell,false,93.000000,213.150000,763400,1717039800051388294,2024-05-30T09:34:29
KTKBANK,INE614B01018,2024-05-30,BSE,EQ,A,sell,false,2.000000,213.050000,763700,1717039800051388294,2024-05-30T09:34:29
KTKBANK,INE614B01018,2024-05-30,BSE,EQ,A,sell,false,6.000000,212.900000,766000,1717039800051388294,2024-05-30T09:34:29
KTKBANK,INE614B01018,2024-05-30,BSE,EQ,A,sell,false,22.000000,212.850000,766200,1717039800051388294,2024-05-30T09:34:29
KTKBANK,INE614B01018,2024-05-30,BSE,EQ,A,sell,false,253.000000,212.800000,766600,1717039800051388294,2024-05-30T09:34:29
KTKBANK,INE614B01018,2024-05-30,BSE,EQ,A,sell,false,82.000000,212.950000,765700,1717039800051388294,2024-05-30T09:34:29
IEX,INE022Q01020,2024-05-30,NSE,EQ,EQ,sell,false,90.000000,155.300000,21267612,1100000006983753,2024-05-30T09:36:03
IEX,INE022Q01020,2024-05-30,NSE,EQ,EQ,sell,false,305.000000,155.300000,21267610,1100000006983753,2024-05-30T09:36:03
IEX,INE022Q01020,2024-05-30,NSE,EQ,EQ,sell,false,5.000000,155.300000,21267611,1100000006983753,2024-05-30T09:36:03
JSL,INE220G01021,2024-05-30,BSE,EQ,A,sell,false,64.000000,714.300000,26949200,1717041820890274150,2024-05-30T09:36:16
JSL,INE220G01021,2024-05-30,BSE,EQ,A,sell,false,7.000000,714.350000,26949000,1717041820890274150,2024-05-30T09:36:16
SWISSMLTRY-X,INE010C01025,2024-05-30,BSE,EQ,X,buy,false,1923.000000,26.100000,10332600,1717039800001065872,2024-05-30T11:26:07
FUSION,INE139R01012,2024-06-07,NSE,EQ,EQ,buy,false,1.000000,447.200000,22219472,1100000010813013,2024-06-07T09:55:04
FUSION,INE139R01012,2024-06-07,NSE,EQ,EQ,buy,false,82.000000,447.200000,22219473,1100000010813013,2024-06-07T09:55:04
FUSION,INE139R01012,2024-06-07,NSE,EQ,EQ,buy,false,1.000000,447.250000,22219475,1100000010813013,2024-06-07T09:55:04
FUSION,INE139R01012,2024-06-07,NSE,EQ,EQ,buy,false,3.000000,447.250000,22219476,1100000010813013,2024-06-07T09:55:04
FUSION,INE139R01012,2024-06-07,NSE,EQ,EQ,buy,false,24.000000,447.250000,22219474,1100000010813013,2024-06-07T09:55:04
BANDHANBNK,INE545U01014,2024-06-07,NSE,EQ,EQ,buy,false,206.000000,193.650000,1764882,1000000009440116,2024-06-07T09:57:10
BANDHANBNK,INE545U01014,2024-06-07,NSE,EQ,EQ,buy,false,52.000000,193.650000,1764883,1000000009440116,2024-06-07T09:57:10
MAYURUNIQ,INE040D01038,2024-06-07,NSE,EQ,EQ,buy,false,1.000000,584.000000,42129922,1200000010989046,2024-06-07T09:58:54
MAYURUNIQ,INE040D01038,2024-06-07,NSE,EQ,EQ,buy,false,12.000000,584.350000,42129929,1200000010989046,2024-06-07T09:58:54
MAYURUNIQ,INE040D01038,2024-06-07,NSE,EQ,EQ,buy,false,19.000000,584.350000,42129928,1200000010989046,2024-06-07T09:58:54
MAYURUNIQ,INE040D01038,2024-06-07,NSE,EQ,EQ,buy,false,1.000000,584.350000,42129927,1200000010989046,2024-06-07T09:58:54
MAYURUNIQ,INE040D01038,2024-06-07,NSE,EQ,EQ,buy,false,1.000000,584.150000,42129926,1200000010989046,2024-06-07T09:58:54
MAYURUNIQ,INE040D01038,2024-06-07,NSE,EQ,EQ,buy,false,8.000000,584.150000,42129925,1200000010989046,2024-06-07T09:58:54
MAYURUNIQ,INE040D01038,2024-06-07,NSE,EQ,EQ,buy,false,16.000000,584.100000,42129924,1200000010989046,2024-06-07T09:58:54
MAYURUNIQ,INE040D01038,2024-06-07,NSE,EQ,EQ,buy,false,10.000000,584.050000,42129923,1200000010989046,2024-06-07T09:58:54
DLF,INE271C01023,2024-06-10,NSE,EQ,EQ,buy,false,30.000000,842.900000,27082751,1100000017029366,2024-06-10T10:26:15
DLF,INE271C01023,2024-06-10,NSE,EQ,EQ,buy,false,4.000000,842.900000,27082750,1100000017029366,2024-06-10T10:26:15
DLF,INE271C01023,2024-06-10,NSE,EQ,EQ,buy,false,9.000000,842.900000,27082749,1100000017029366,2024-06-10T10:26:15
DLF,INE271C01023,2024-06-10,NSE,EQ,EQ,buy,false,34.000000,842.900000,27082748,1100000017029366,2024-06-10T10:26:15
DLF,INE271C01023,2024-06-10,NSE,EQ,EQ,buy,false,6.000000,842.900000,27082747,1100000017029366,2024-06-10T10:26:15
DLF,INE271C01023,2024-06-10,NSE,EQ,EQ,buy,false,51.000000,842.900000,27082746,1100000017029366,2024-06-10T10:26:15
DLF,INE271C01023,2024-06-10,NSE,EQ,EQ,buy,false,43.000000,842.850000,27082745,1100000017029366,2024-06-10T10:26:15
LT,INE018A01030,2024-06-10,NSE,EQ,EQ,buy,false,5.000000,3548.000000,50931257,1200000016996847,2024-06-10T10:26:25
LT,INE018A01030,2024-06-10,NSE,EQ,EQ,buy,false,37.000000,3548.000000,50931256,1200000016996847,2024-06-10T10:26:25
JPPOWER,INE351F01018,2024-07-01,NSE,EQ,EQ,buy,false,2500.000000,19.890000,54221075,1200000035667210,2024-07-01T12:37:22
DLF,INE271C01023,2024-07-01,NSE,EQ,EQ,sell,false,2.000000,825.600000,30233068,1100000033579552,2024-07-01T12:41:13
DLF,INE271C01023,2024-07-01,NSE,EQ,EQ,sell,false,47.000000,825.600000,30233069,1100000033579552,2024-07-01T12:41:13
DLF,INE271C01023,2024-07-01,NSE,EQ,EQ,sell,false,1.000000,825.600000,30233067,1100000033579552,2024-07-01T12:41:13
LT,INE018A01030,2024-07-01,BSE,EQ,A,sell,false,4.000000,3520.500000,8208500,1719814222840635192,2024-07-01T12:41:25
LT,INE018A01030,2024-07-01,BSE,EQ,A,sell,false,5.000000,3520.550000,8208300,1719814222840635192,2024-07-01T12:41:25
LT,INE018A01030,2024-07-01,BSE,EQ,A,sell,false,4.000000,3520.600000,8208100,1719814222840635192,2024-07-01T12:41:25
IDEAFORGE,INE349Y01013,2024-07-01,NSE,EQ,EQ,buy,false,36.000000,782.850000,30245509,1100000033653800,2024-07-01T12:41:51
IDEAFORGE,INE349Y01013,2024-07-01,NSE,EQ,EQ,buy,false,84.000000,782.500000,30245508,1100000033653800,2024-07-01T12:41:51
SBICARD,INE018E01016,2024-07-09,NSE,EQ,EQ,sell,false,7.000000,731.100000,605136233,1300000022864016,2024-07-09T11:05:00
SBICARD,INE018E01016,2024-07-09,NSE,EQ,EQ,sell,false,22.000000,731.150000,605136230,1300000022864016,2024-07-09T11:05:00
SBICARD,INE018E01016,2024-07-09,NSE,EQ,EQ,sell,false,7.000000,731.150000,605136231,1300000022864016,2024-07-09T11:05:00
SBICARD,INE018E01016,2024-07-09,NSE,EQ,EQ,sell,false,9.000000,731.100000,605136232,1300000022864016,2024-07-09T11:05:00
SBICARD,INE018E01016,2024-07-09,NSE,EQ,EQ,sell,false,2.000000,731.100000,605136234,1300000022864016,2024-07-09T11:05:00
SBICARD,INE018E01016,2024-07-09,NSE,EQ,EQ,sell,false,61.000000,731.100000,605136235,1300000022864016,2024-07-09T11:05:00
SBICARD,INE018E01016,2024-07-09,NSE,EQ,EQ,sell,false,14.000000,731.100000,605136236,1300000022864016,2024-07-09T11:05:00
SBICARD,INE018E01016,2024-07-09,NSE,EQ,EQ,sell,false,9.000000,731.100000,605136237,1300000022864016,2024-07-09T11:05:00
SBICARD,INE018E01016,2024-07-09,NSE,EQ,EQ,sell,false,2.000000,731.100000,605136238,1300000022864016,2024-07-09T11:05:00
SBICARD,INE018E01016,2024-07-09,NSE,EQ,EQ,sell,false,14.000000,731.100000,605136239,1300000022864016,2024-07-09T11:05:00
SBICARD,INE018E01016,2024-07-09,NSE,EQ,EQ,sell,false,1.000000,731.100000,605136240,1300000022864016,2024-07-09T11:05:00
RUSHIL,INE573K01017,2024-07-09,BSE,EQ,B,buy,false,24.000000,366.850000,32483100,1720502039058695871,2024-07-09T11:05:27
RUSHIL,INE573K01017,2024-07-09,BSE,EQ,B,buy,false,30.000000,366.800000,32482700,1720502039058695871,2024-07-09T11:05:27
RUSHIL,INE573K01017,2024-07-09,BSE,EQ,B,buy,false,6.000000,366.750000,32482100,1720502039058695871,2024-07-09T11:05:27
HOMEFIRST,INE481N01025,2024-07-09,BSE,EQ,A,buy,false,12.000000,1044.750000,137690700,1720502923545428091,2024-07-09T11:05:40
HOMEFIRST,INE481N01025,2024-07-09,BSE,EQ,A,buy,false,24.000000,1044.950000,137691100,1720502923545428091,2024-07-09T11:05:40
HOMEFIRST,INE481N01025,2024-07-09,BSE,EQ,A,buy,false,5.000000,1045.000000,137691300,1720502923545428091,2024-07-09T11:05:40
HOMEFIRST,INE481N01025,2024-07-09,BSE,EQ,A,buy,false,9.000000,1044.900000,137690900,1720502923545428091,2024-07-09T11:05:40
RELIGARE,INE621H01010,2024-07-10,BSE,EQ,A,buy,false,16.000000,238.850000,170672500,1720591078877874796,2024-07-10T11:36:37
RELIGARE,INE621H01010,2024-07-10,BSE,EQ,A,buy,false,16.000000,238.800000,170672300,1720591078877874796,2024-07-10T11:36:37
RELIGARE,INE621H01010,2024-07-10,BSE,EQ,A,buy,false,21.000000,238.950000,170673000,1720591078877874796,2024-07-10T11:36:37
RELIGARE,INE621H01010,2024-07-10,BSE,EQ,A,buy,false,47.000000,238.900000,170672800,1720591078877874796,2024-07-10T11:36:37
MAYURUNIQ,INE040D01038,2024-07-10,BSE,EQ,B,buy,false,9.000000,648.200000,44398500,1720590320254607670,2024-07-10T11:36:54
MAYURUNIQ,INE040D01038,2024-07-10,BSE,EQ,B,buy,false,5.000000,648.300000,44398700,1720590320254607670,2024-07-10T11:36:54
MAYURUNIQ,INE040D01038,2024-07-10,BSE,EQ,B,buy,false,5.000000,648.350000,44398900,1720590320254607670,2024-07-10T11:36:54
MAYURUNIQ,INE040D01038,2024-07-10,BSE,EQ,B,buy,false,10.000000,648.400000,44399200,1720590320254607670,2024-07-10T11:36:54
MAYURUNIQ,INE040D01038,2024-07-10,BSE,EQ,B,buy,false,3.000000,647.800000,44397500,1720590320254607670,2024-07-10T11:36:54
MAYURUNIQ,INE040D01038,2024-07-10,BSE,EQ,B,buy,false,4.000000,647.850000,44397700,1720590320254607670,2024-07-10T11:36:54
MAYURUNIQ,INE040D01038,2024-07-10,BSE,EQ,B,buy,false,5.000000,648.050000,44398200,1720590320254607670,2024-07-10T11:36:54
MAYURUNIQ,INE040D01038,2024-07-10,BSE,EQ,B,buy,false,4.000000,648.000000,44397900,1720590320254607670,2024-07-10T11:36:54
CEATLTD,INE482A01020,2024-07-10,BSE,EQ,A,buy,false,4.000000,2695.650000,3917500,1720587032192927626,2024-07-10T11:37:39
CEATLTD,INE482A01020,2024-07-10,BSE,EQ,A,buy,false,5.000000,2695.600000,3917300,1720587032192927626,2024-07-10T11:37:39
CEATLTD,INE482A01020,2024-07-10,BSE,EQ,A,buy,false,2.000000,2693.850000,3917100,1720587032192927626,2024-07-10T11:37:39
HDFCBANK,INE040A01034,2024-07-11,BSE,EQ,A,sell,false,10.000000,1614.250000,798000,1720668600119201089,2024-07-11T09:20:05
HDFCBANK,INE040A01034,2024-07-11,BSE,EQ,A,sell,false,25.000000,1614.000000,798300,1720668600119201089,2024-07-11T09:20:05
KOTAKBANK,INE237A01028,2024-07-11,BSE,EQ,A,sell,false,30.000000,1829.500000,1051900,1720668600066302984,2024-07-11T09:22:59
ASIANPAINT,INE021A01026,2024-07-11,NSE,EQ,EQ,sell,false,3.000000,2996.800000,550365,1000000003114635,2024-07-11T09:25:22
ASIANPAINT,INE021A01026,2024-07-11,NSE,EQ,EQ,sell,false,9.000000,2996.800000,550364,1000000003114635,2024-07-11T09:25:22
FOCUS,INE593W01028,2024-07-15,NSE,EQ,EQ,buy,false,25.000000,145.030000,204713618,1100000022759172,2024-07-15T10:41:06
FOCUS,INE593W01028,2024-07-15,NSE,EQ,EQ,buy,false,12.000000,144.990000,204713615,1100000022759172,2024-07-15T10:41:06
FOCUS,INE593W01028,2024-07-15,NSE,EQ,EQ,buy,false,200.000000,145.000000,204713616,1100000022759172,2024-07-15T10:41:06
FOCUS,INE593W01028,2024-07-15,NSE,EQ,EQ,buy,false,22.000000,145.000000,204713617,1100000022759172,2024-07-15T10:41:06
FOCUS,INE593W01028,2024-07-15,NSE,EQ,EQ,buy,false,18.000000,145.050000,204713619,1100000022759172,2024-07-15T10:41:06
FOCUS,INE593W01028,2024-07-15,NSE,EQ,EQ,buy,false,17.000000,145.090000,204713620,1100000022759172,2024-07-15T10:41:06
FOCUS,INE593W01028,2024-07-15,NSE,EQ,EQ,buy,false,13.000000,145.090000,204713621,1100000022759172,2024-07-15T10:41:06
FOCUS,INE593W01028,2024-07-15,NSE,EQ,EQ,buy,false,18.000000,145.130000,204713622,1100000022759172,2024-07-15T10:41:06
FOCUS,INE593W01028,2024-07-15,NSE,EQ,EQ,buy,false,59.000000,145.150000,204713623,1100000022759172,2024-07-15T10:41:06
FOCUS,INE593W01028,2024-07-15,NSE,EQ,EQ,buy,false,16.000000,145.150000,204713624,1100000022759172,2024-07-15T10:41:06
PARACABLES-BE,INE074B01023,2024-07-15,NSE,EQ,BE,buy,false,1.000000,72.990000,404235677,1200000023346368,2024-07-15T10:52:32
PARACABLES-BE,INE074B01023,2024-07-15,NSE,EQ,BE,buy,false,699.000000,72.990000,404268316,1200000023346368,2024-07-15T10:52:32
FOCUS,INE593W01028,2024-07-30,NSE,EQ,EQ,sell,false,22.000000,129.120000,207268753,1100000040315227,2024-07-30T12:50:38
FOCUS,INE593W01028,2024-07-30,NSE,EQ,EQ,sell,false,36.000000,129.110000,207268754,1100000040315227,2024-07-30T12:50:38
FOCUS,INE593W01028,2024-07-30,NSE,EQ,EQ,sell,false,47.000000,129.110000,207268755,1100000040315227,2024-07-30T12:50:38
FOCUS,INE593W01028,2024-07-30,NSE,EQ,EQ,sell,false,74.000000,129.090000,207268756,1100000040315227,2024-07-30T12:50:38
FOCUS,INE593W01028,2024-07-30,NSE,EQ,EQ,sell,false,115.000000,129.140000,207268751,1100000040315227,2024-07-30T12:50:38
FOCUS,INE593W01028,2024-07-30,NSE,EQ,EQ,sell,false,18.000000,129.120000,207268752,1100000040315227,2024-07-30T12:50:38
FOCUS,INE593W01028,2024-07-30,NSE,EQ,EQ,sell,false,56.000000,129.150000,207268750,1100000040315227,2024-07-30T12:50:38
FOCUS,INE593W01028,2024-07-30,NSE,EQ,EQ,sell,false,32.000000,129.180000,207268749,1100000040315227,2024-07-30T12:50:38
CAMS,INE596I01012,2024-08-02,NSE,EQ,EQ,buy,false,6.000000,4417.650000,4400766,1000000026811719,2024-08-02T11:50:22
CAMS,INE596I01012,2024-08-02,NSE,EQ,EQ,buy,false,1.000000,4417.600000,4400765,1000000026811719,2024-08-02T11:50:22
HOMEFIRST,INE481N01025,2024-08-07,BSE,EQ,A,sell,false,54.000000,1019.000000,51836800,1723003495046486270,2024-08-07T09:45:30
HOMEFIRST,INE481N01025,2024-08-07,BSE,EQ,A,sell,false,15.000000,1019.150000,51836000,1723003495046486270,2024-08-07T09:45:30
HOMEFIRST,INE481N01025,2024-08-07,BSE,EQ,A,sell,false,21.000000,1019.050000,51836600,1723003495046486270,2024-08-07T09:45:30
HOMEFIRST,INE481N01025,2024-08-07,BSE,EQ,A,sell,false,2.000000,1019.100000,51836300,1723003495046486270,2024-08-07T09:45:30
HOMEFIRST,INE481N01025,2024-08-07,BSE,EQ,A,sell,false,8.000000,1019.950000,51834500,1723003495046486270,2024-08-07T09:45:30
HOMEFIRST,INE481N01025,2024-08-07,BSE,EQ,A,sell,false,4.000000,1019.800000,51834700,1723003495046486270,2024-08-07T09:45:30
HOMEFIRST,INE481N01025,2024-08-07,BSE,EQ,A,sell,false,19.000000,1019.750000,51834900,1723003495046486270,2024-08-07T09:45:30
HOMEFIRST,INE481N01025,2024-08-07,BSE,EQ,A,sell,false,14.000000,1019.500000,51835200,1723003495046486270,2024-08-07T09:45:30
HOMEFIRST,INE481N01025,2024-08-07,BSE,EQ,A,sell,false,19.000000,1019.350000,51835400,1723003495046486270,2024-08-07T09:45:30
HOMEFIRST,INE481N01025,2024-08-07,BSE,EQ,A,sell,false,14.000000,1019.250000,51835600,1723003495046486270,2024-08-07T09:45:30
FEDERALBNK,INE171A01029,2024-08-07,NSE,EQ,EQ,buy,false,200.000000,192.110000,202282779,1100000012522819,2024-08-07T09:57:35
FUSION,INE139R01012,2024-08-08,BSE,EQ,A,sell,false,22.000000,328.200000,24915500,1723089207330659518,2024-08-08T09:25:20
FUSION,INE139R01012,2024-08-08,BSE,EQ,A,sell,false,82.000000,328.350000,24915000,1723089207330659518,2024-08-08T09:25:20
FUSION,INE139R01012,2024-08-08,BSE,EQ,A,sell,false,7.000000,328.250000,24915200,1723089207330659518,2024-08-08T09:25:20
BSHSL,INE032Z01020,2024-08-22,NSE,EQ,EQ,buy,false,39.000000,196.670000,1388861,1000000002303754,2024-08-22T09:21:14
BSHSL,INE032Z01020,2024-08-22,NSE,EQ,EQ,buy,false,127.000000,196.670000,2093952,1000000002303754,2024-08-22T09:21:14
BSHSL,INE032Z01020,2024-08-22,NSE,EQ,EQ,buy,false,219.000000,196.670000,486498,1000000002303754,2024-08-22T09:21:14
BSHSL,INE032Z01020,2024-08-22,NSE,EQ,EQ,buy,false,71.000000,196.670000,441746,1000000002303754,2024-08-22T09:21:14
BSHSL,INE032Z01020,2024-08-22,NSE,EQ,EQ,buy,false,21.000000,196.560000,441745,1000000002303754,2024-08-22T09:21:14
BSHSL,INE032Z01020,2024-08-22,NSE,EQ,EQ,buy,false,3.000000,196.430000,441744,1000000002303754,2024-08-22T09:21:14
BSHSL,INE032Z01020,2024-08-22,NSE,EQ,EQ,buy,false,10.000000,196.380000,441743,1000000002303754,2024-08-22T09:21:14
BSHSL,INE032Z01020,2024-08-22,NSE,EQ,EQ,buy,false,10.000000,196.370000,441742,1000000002303754,2024-08-22T09:21:14
KRISHANA,INE506W01012,2024-08-28,NSE,EQ,EQ,buy,false,12.000000,249.950000,401181441,1200000005888735,2024-08-28T09:31:47
KRISHANA,INE506W01012,2024-08-28,NSE,EQ,EQ,buy,false,388.000000,249.950000,401181445,1200000005888735,2024-08-28T09:31:47
MAYURUNIQ,INE040D01038,2024-08-28,NSE,EQ,EQ,buy,false,3.000000,637.400000,401696927,1200000008763492,2024-08-28T09:42:41
MAYURUNIQ,INE040D01038,2024-08-28,NSE,EQ,EQ,buy,false,2.000000,637.350000,401696926,1200000008763492,2024-08-28T09:42:41
MAYURUNIQ,INE040D01038,2024-08-28,NSE,EQ,EQ,buy,false,7.000000,637.250000,401696923,1200000008763492,2024-08-28T09:42:41
MAYURUNIQ,INE040D01038,2024-08-28,NSE,EQ,EQ,buy,false,11.000000,637.300000,401696924,1200000008763492,2024-08-28T09:42:41
MAYURUNIQ,INE040D01038,2024-08-28,NSE,EQ,EQ,buy,false,17.000000,637.350000,401696925,1200000008763492,2024-08-28T09:42:41
RUSHIL,INE573K01025,2024-08-28,BSE,EQ,B,buy,false,800.000000,37.600000,8384600,1724817350040344351,2024-08-28T09:43:39
RELIGARE,INE621H01010,2024-08-29,NSE,EQ,EQ,sell,false,9.000000,268.200000,600082423,1300000000494144,2024-08-29T09:15:22
RELIGARE,INE621H01010,2024-08-29,NSE,EQ,EQ,sell,false,6.000000,268.200000,600082422,1300000000494144,2024-08-29T09:15:22
RELIGARE,INE621H01010,2024-08-29,NSE,EQ,EQ,sell,false,19.000000,268.200000,600082421,1300000000494144,2024-08-29T09:15:22
RELIGARE,INE621H01010,2024-08-29,NSE,EQ,EQ,sell,false,41.000000,268.050000,600082431,1300000000494144,2024-08-29T09:15:22
RELIGARE,INE621H01010,2024-08-29,NSE,EQ,EQ,sell,false,4.000000,268.250000,600082419,1300000000494144,2024-08-29T09:15:22
RELIGARE,INE621H01010,2024-08-29,NSE,EQ,EQ,sell,false,1.000000,268.250000,600082418,1300000000494144,2024-08-29T09:15:22
RELIGARE,INE621H01010,2024-08-29,NSE,EQ,EQ,sell,false,9.000000,268.250000,600082417,1300000000494144,2024-08-29T09:15:22
RELIGARE,INE621H01010,2024-08-29,NSE,EQ,EQ,sell,false,1.000000,268.250000,600082420,1300000000494144,2024-08-29T09:15:22
RELIGARE,INE621H01010,2024-08-29,NSE,EQ,EQ,sell,false,38.000000,268.050000,600082430,1300000000494144,2024-08-29T09:15:22
RELIGARE,INE621H01010,2024-08-29,NSE,EQ,EQ,sell,false,11.000000,268.050000,600082429,1300000000494144,2024-08-29T09:15:22
RELIGARE,INE621H01010,2024-08-29,NSE,EQ,EQ,sell,false,11.000000,268.100000,600082428,1300000000494144,2024-08-29T09:15:22
RELIGARE,INE621H01010,2024-08-29,NSE,EQ,EQ,sell,false,5.000000,268.100000,600082427,1300000000494144,2024-08-29T09:15:22
RELIGARE,INE621H01010,2024-08-29,NSE,EQ,EQ,sell,false,38.000000,268.150000,600082426,1300000000494144,2024-08-29T09:15:22
RELIGARE,INE621H01010,2024-08-29,NSE,EQ,EQ,sell,false,83.000000,268.150000,600082425,1300000000494144,2024-08-29T09:15:22
RELIGARE,INE621H01010,2024-08-29,NSE,EQ,EQ,sell,false,74.000000,268.200000,600082424,1300000000494144,2024-08-29T09:15:22
GSLSU,INE0JSX01015,2024-08-29,NSE,EQ,EQ,buy,false,1.000000,198.430000,208289473,1100000049357382,2024-08-29T14:26:37
GSLSU,INE0JSX01015,2024-08-29,NSE,EQ,EQ,buy,false,1.000000,198.430000,208289471,1100000049357382,2024-08-29T14:26:37
GSLSU,INE0JSX01015,2024-08-29,NSE,EQ,EQ,buy,false,1.000000,198.430000,208289470,1100000049357382,2024-08-29T14:26:37
GSLSU,INE0JSX01015,2024-08-29,NSE,EQ,EQ,buy,false,1.000000,198.430000,208289469,1100000049357382,2024-08-29T14:26:37
GSLSU,INE0JSX01015,2024-08-29,NSE,EQ,EQ,buy,false,11.000000,198.420000,208289468,1100000049357382,2024-08-29T14:26:37
GSLSU,INE0JSX01015,2024-08-29,NSE,EQ,EQ,buy,false,4.000000,198.420000,208289467,1100000049357382,2024-08-29T14:26:37
GSLSU,INE0JSX01015,2024-08-29,NSE,EQ,EQ,buy,false,21.000000,198.410000,208289466,1100000049357382,2024-08-29T14:26:37
GSLSU,INE0JSX01015,2024-08-29,NSE,EQ,EQ,buy,false,4.000000,198.400000,208289465,1100000049357382,2024-08-29T14:26:37
GSLSU,INE0JSX01015,2024-08-29,NSE,EQ,EQ,buy,false,1.000000,198.400000,208289464,1100000049357382,2024-08-29T14:26:37
GSLSU,INE0JSX01015,2024-08-29,NSE,EQ,EQ,buy,false,11.000000,198.400000,208289463,1100000049357382,2024-08-29T14:26:37
GSLSU,INE0JSX01015,2024-08-29,NSE,EQ,EQ,buy,false,1.000000,198.400000,208289462,1100000049357382,2024-08-29T14:26:37
GSLSU,INE0JSX01015,2024-08-29,NSE,EQ,EQ,buy,false,1.000000,198.390000,208289461,1100000049357382,2024-08-29T14:26:37
GSLSU,INE0JSX01015,2024-08-29,NSE,EQ,EQ,buy,false,45.000000,198.380000,208289460,1100000049357382,2024-08-29T14:26:37
GSLSU,INE0JSX01015,2024-08-29,NSE,EQ,EQ,buy,false,2.000000,198.380000,208289459,1100000049357382,2024-08-29T14:26:37
GSLSU,INE0JSX01015,2024-08-29,NSE,EQ,EQ,buy,false,1.000000,198.460000,208289477,1100000049357382,2024-08-29T14:26:37
GSLSU,INE0JSX01015,2024-08-29,NSE,EQ,EQ,buy,false,1.000000,198.470000,208289478,1100000049357382,2024-08-29T14:26:37
GSLSU,INE0JSX01015,2024-08-29,NSE,EQ,EQ,buy,false,1.000000,198.470000,208289479,1100000049357382,2024-08-29T14:26:37
GSLSU,INE0JSX01015,2024-08-29,NSE,EQ,EQ,buy,false,1.000000,198.480000,208289480,1100000049357382,2024-08-29T14:26:37
GSLSU,INE0JSX01015,2024-08-29,NSE,EQ,EQ,buy,false,11.000000,198.480000,208289481,1100000049357382,2024-08-29T14:26:37
GSLSU,INE0JSX01015,2024-08-29,NSE,EQ,EQ,buy,false,3.000000,198.480000,208289482,1100000049357382,2024-08-29T14:26:37
GSLSU,INE0JSX01015,2024-08-29,NSE,EQ,EQ,buy,false,56.000000,198.480000,208289483,1100000049357382,2024-08-29T14:26:37
GSLSU,INE0JSX01015,2024-08-29,NSE,EQ,EQ,buy,false,1.000000,198.480000,208289484,1100000049357382,2024-08-29T14:26:37
GSLSU,INE0JSX01015,2024-08-29,NSE,EQ,EQ,buy,false,7.000000,198.490000,208289485,1100000049357382,2024-08-29T14:26:37
GSLSU,INE0JSX01015,2024-08-29,NSE,EQ,EQ,buy,false,58.000000,198.490000,208289486,1100000049357382,2024-08-29T14:26:37
GSLSU,INE0JSX01015,2024-08-29,NSE,EQ,EQ,buy,false,5.000000,198.500000,208289487,1100000049357382,2024-08-29T14:26:37
GSLSU,INE0JSX01015,2024-08-29,NSE,EQ,EQ,buy,false,6.000000,198.520000,208289488,1100000049357382,2024-08-29T14:26:37
GSLSU,INE0JSX01015,2024-08-29,NSE,EQ,EQ,buy,false,3.000000,198.520000,208289489,1100000049357382,2024-08-29T14:26:37
GSLSU,INE0JSX01015,2024-08-29,NSE,EQ,EQ,buy,false,23.000000,198.520000,208289490,1100000049357382,2024-08-29T14:26:37
GSLSU,INE0JSX01015,2024-08-29,NSE,EQ,EQ,buy,false,1.000000,198.530000,208289491,1100000049357382,2024-08-29T14:26:37
GSLSU,INE0JSX01015,2024-08-29,NSE,EQ,EQ,buy,false,11.000000,198.530000,208289492,1100000049357382,2024-08-29T14:26:37
GSLSU,INE0JSX01015,2024-08-29,NSE,EQ,EQ,buy,false,1.000000,198.530000,208289493,1100000049357382,2024-08-29T14:26:37
GSLSU,INE0JSX01015,2024-08-29,NSE,EQ,EQ,buy,false,3.000000,198.570000,208289494,1100000049357382,2024-08-29T14:26:37
GSLSU,INE0JSX01015,2024-08-29,NSE,EQ,EQ,buy,false,3.000000,198.580000,208289495,1100000049357382,2024-08-29T14:26:37
GSLSU,INE0JSX01015,2024-08-29,NSE,EQ,EQ,buy,false,1.000000,198.590000,208289496,1100000049357382,2024-08-29T14:26:37
GSLSU,INE0JSX01015,2024-08-29,NSE,EQ,EQ,buy,false,11.000000,198.590000,208289497,1100000049357382,2024-08-29T14:26:37
GSLSU,INE0JSX01015,2024-08-29,NSE,EQ,EQ,buy,false,135.000000,198.590000,208289498,1100000049357382,2024-08-29T14:26:37
GSLSU,INE0JSX01015,2024-08-29,NSE,EQ,EQ,buy,false,20.000000,198.450000,208289476,1100000049357382,2024-08-29T14:26:37
GSLSU,INE0JSX01015,2024-08-29,NSE,EQ,EQ,buy,false,29.000000,198.440000,208289475,1100000049357382,2024-08-29T14:26:37
GSLSU,INE0JSX01015,2024-08-29,NSE,EQ,EQ,buy,false,2.000000,198.440000,208289474,1100000049357382,2024-08-29T14:26:37
GSLSU,INE0JSX01015,2024-08-29,NSE,EQ,EQ,buy,false,1.000000,198.430000,208289472,1100000049357382,2024-08-29T14:26:37
HINDZINC,INE267A01025,2024-09-05,NSE,EQ,EQ,buy,false,200.000000,490.900000,200122922,1100000000713537,2024-09-05T09:15:55
AADHARHFC,INE883F01010,2024-09-05,NSE,EQ,EQ,buy,false,5.000000,415.450000,178877,1000000000893023,2024-09-05T09:16:37
AADHARHFC,INE883F01010,2024-09-05,NSE,EQ,EQ,buy,false,20.000000,415.700000,178881,1000000000893023,2024-09-05T09:16:37
AADHARHFC,INE883F01010,2024-09-05,NSE,EQ,EQ,buy,false,22.000000,415.650000,178880,1000000000893023,2024-09-05T09:16:37
AADHARHFC,INE883F01010,2024-09-05,NSE,EQ,EQ,buy,false,187.000000,415.450000,178878,1000000000893023,2024-09-05T09:16:37
AADHARHFC,INE883F01010,2024-09-05,NSE,EQ,EQ,buy,false,6.000000,415.600000,178879,1000000000893023,2024-09-05T09:16:37
MAYURUNIQ,INE040D01038,2024-09-09,BSE,EQ,B,sell,false,2.000000,626.350000,19765100,1725855746801678268,2024-09-09T10:04:27
MAYURUNIQ,INE040D01038,2024-09-09,BSE,EQ,B,sell,false,37.000000,626.100000,19765400,1725855746801678268,2024-09-09T10:04:27
MAYURUNIQ,INE040D01038,2024-09-09,BSE,EQ,B,sell,false,3.000000,626.050000,19765600,1725855746801678268,2024-09-09T10:04:27
MAYURUNIQ,INE040D01038,2024-09-09,BSE,EQ,B,sell,false,9.000000,626.000000,19765900,1725855746801678268,2024-09-09T10:04:27
MAYURUNIQ,INE040D01038,2024-09-09,BSE,EQ,B,sell,false,5.000000,626.500000,19764700,1725855746801678268,2024-09-09T10:04:27
MAYURUNIQ,INE040D01038,2024-09-09,BSE,EQ,B,sell,false,19.000000,626.450000,19764900,1725855746801678268,2024-09-09T10:04:27
TI,INE133E01013,2024-09-09,NSE,EQ,EQ,buy,false,165.000000,301.400000,602981497,1300000013940069,2024-09-09T10:06:28
DEEP,INE00IY01012,2024-09-10,BSE,EQ,B,buy,false,9.000000,89.590000,4775400,1725939000001081213,2024-09-10T09:41:47
DEEP,INE00IY01012,2024-09-10,BSE,EQ,B,buy,false,591.000000,89.600000,4775600,1725939000001081213,2024-09-10T09:41:47
IDEAFORGE,INE349Y01013,2024-09-11,BSE,EQ,A,sell,false,101.000000,704.550000,33775500,1726027903917497604,2024-09-11T09:44:34
IDEAFORGE,INE349Y01013,2024-09-11,BSE,EQ,A,sell,false,10.000000,704.600000,33775200,1726027903917497604,2024-09-11T09:44:34
IDEAFORGE,INE349Y01013,2024-09-11,BSE,EQ,A,sell,false,9.000000,704.450000,33775900,1726027903917497604,2024-09-11T09:44:34
HMAAGRO,INE0ECP01024,2024-09-11,BSE,EQ,B,sell,false,15.000000,49.920000,1169700,1726025400001299610,2024-09-11T09:46:09
HMAAGRO,INE0ECP01024,2024-09-11,BSE,EQ,B,sell,false,15.000000,49.930000,1169500,1726025400001299610,2024-09-11T09:46:09
HMAAGRO,INE0ECP01024,2024-09-11,BSE,EQ,B,sell,false,132.000000,49.950000,1169300,1726025400001299610,2024-09-11T09:46:09
HMAAGRO,INE0ECP01024,2024-09-11,BSE,EQ,B,sell,false,1.000000,49.970000,1169100,1726025400001299610,2024-09-11T09:46:09
HMAAGRO,INE0ECP01024,2024-09-11,BSE,EQ,B,sell,false,180.000000,49.980000,1168900,1726025400001299610,2024-09-11T09:46:09
HMAAGRO,INE0ECP01024,2024-09-11,BSE,EQ,B,sell,false,30.000000,49.990000,1168700,1726025400001299610,2024-09-11T09:46:09
HMAAGRO,INE0ECP01024,2024-09-11,BSE,EQ,B,sell,false,300.000000,50.030000,1168500,1726025400001299610,2024-09-11T09:46:09
HMAAGRO,INE0ECP01024,2024-09-11,BSE,EQ,B,sell,false,197.000000,49.900000,1170300,1726025400001299610,2024-09-11T09:46:09
HMAAGRO,INE0ECP01024,2024-09-11,BSE,EQ,B,sell,false,230.000000,49.910000,1170000,1726025400001299610,2024-09-11T09:46:09
JPPOWER,INE351F01018,2024-09-11,BSE,EQ,A,sell,false,1400.000000,17.550000,34830800,1726027903917817818,2024-09-11T09:46:18
JPPOWER,INE351F01018,2024-09-11,BSE,EQ,A,sell,false,1066.000000,17.540000,34831300,1726027903917817818,2024-09-11T09:46:18
JPPOWER,INE351F01018,2024-09-11,BSE,EQ,A,sell,false,34.000000,17.560000,34830500,1726027903917817818,2024-09-11T09:46:18
SGFIN,INE618R01015,2024-09-11,BSE,EQ,B,buy,false,96.000000,483.000000,6088700,1726025400001008789,2024-09-11T09:54:27
SGFIN,INE618R01015,2024-09-11,BSE,EQ,B,buy,false,4.000000,482.950000,6088400,1726025400001008789,2024-09-11T09:54:27
DUCON-BE,INE741L01018,2024-09-11,NSE,EQ,BE,buy,false,912.000000,10.350000,201775803,1100000010693225,2024-09-11T09:55:40
DUCON-BE,INE741L01018,2024-09-11,NSE,EQ,BE,buy,false,265.000000,10.350000,201775804,1100000010693225,2024-09-11T09:55:40
DUCON-BE,INE741L01018,2024-09-11,NSE,EQ,BE,buy,false,1000.000000,10.350000,201785927,1100000010693225,2024-09-11T09:55:40
DUCON-BE,INE741L01018,2024-09-11,NSE,EQ,BE,buy,false,1627.000000,10.350000,201792129,1100000010693225,2024-09-11T09:55:40
DUCON-BE,INE741L01018,2024-09-11,NSE,EQ,BE,buy,false,1196.000000,10.350000,201775802,1100000010693225,2024-09-11T09:55:40
DLF,INE271C01023,2024-09-11,NSE,EQ,EQ,sell,false,17.000000,828.600000,201801271,1100000010858258,2024-09-11T09:56:25
DLF,INE271C01023,2024-09-11,NSE,EQ,EQ,sell,false,24.000000,828.600000,201801273,1100000010858258,2024-09-11T09:56:25
DLF,INE271C01023,2024-09-11,NSE,EQ,EQ,sell,false,21.000000,828.600000,201801274,1100000010858258,2024-09-11T09:56:25
DLF,INE271C01023,2024-09-11,NSE,EQ,EQ,sell,false,59.000000,828.600000,201801275,1100000010858258,2024-09-11T09:56:25
DLF,INE271C01023,2024-09-11,NSE,EQ,EQ,sell,false,6.000000,828.600000,201801272,1100000010858258,2024-09-11T09:56:25
LT,INE018A01030,2024-09-11,NSE,EQ,EQ,sell,false,6.000000,3590.850000,402206088,1200000012077287,2024-09-11T09:56:31
LT,INE018A01030,2024-09-11,NSE,EQ,EQ,sell,false,8.000000,3590.800000,402206089,1200000012077287,2024-09-11T09:56:31
LT,INE018A01030,2024-09-11,NSE,EQ,EQ,sell,false,3.000000,3590.750000,402206090,1200000012077287,2024-09-11T09:56:31
LT,INE018A01030,2024-09-11,NSE,EQ,EQ,sell,false,7.000000,3590.900000,402206086,1200000012077287,2024-09-11T09:56:31
LT,INE018A01030,2024-09-11,NSE,EQ,EQ,sell,false,5.000000,3590.900000,402206087,1200000012077287,2024-09-11T09:56:31
HINDZINC,INE267A01025,2024-09-11,NSE,EQ,EQ,sell,false,1.000000,479.000000,201821534,1100000010997922,2024-09-11T09:57:07
HINDZINC,INE267A01025,2024-09-11,NSE,EQ,EQ,sell,false,2.000000,479.000000,201821535,1100000010997922,2024-09-11T09:57:07
HINDZINC,INE267A01025,2024-09-11,NSE,EQ,EQ,sell,false,4.000000,479.000000,201821536,1100000010997922,2024-09-11T09:57:07
HINDZINC,INE267A01025,2024-09-11,NSE,EQ,EQ,sell,false,4.000000,479.000000,201821537,1100000010997922,2024-09-11T09:57:07
HINDZINC,INE267A01025,2024-09-11,NSE,EQ,EQ,sell,false,10.000000,479.000000,201821538,1100000010997922,2024-09-11T09:57:07
HINDZINC,INE267A01025,2024-09-11,NSE,EQ,EQ,sell,false,100.000000,479.000000,201821539,1100000010997922,2024-09-11T09:57:07
HINDZINC,INE267A01025,2024-09-11,NSE,EQ,EQ,sell,false,20.000000,478.900000,201821540,1100000010997922,2024-09-11T09:57:07
HINDZINC,INE267A01025,2024-09-11,NSE,EQ,EQ,sell,false,37.000000,478.800000,201821541,1100000010997922,2024-09-11T09:57:07
HINDZINC,INE267A01025,2024-09-11,NSE,EQ,EQ,sell,false,22.000000,479.000000,201821533,1100000010997922,2024-09-11T09:57:07
BSHSL,INE032Z01020,2024-09-11,NSE,EQ,EQ,sell,false,10.000000,188.220000,1468291,1000000009263802,2024-09-11T09:57:41
BSHSL,INE032Z01020,2024-09-11,NSE,EQ,EQ,sell,false,19.000000,188.910000,1468257,1000000009263802,2024-09-11T09:57:41
BSHSL,INE032Z01020,2024-09-11,NSE,EQ,EQ,sell,false,1.000000,188.840000,1468258,1000000009263802,2024-09-11T09:57:41
BSHSL,INE032Z01020,2024-09-11,NSE,EQ,EQ,sell,false,2.000000,188.830000,1468259,1000000009263802,2024-09-11T09:57:41
BSHSL,INE032Z01020,2024-09-11,NSE,EQ,EQ,sell,false,4.000000,188.820000,1468260,1000000009263802,2024-09-11T09:57:41
BSHSL,INE032Z01020,2024-09-11,NSE,EQ,EQ,sell,false,2.000000,188.820000,1468261,1000000009263802,2024-09-11T09:57:41
BSHSL,INE032Z01020,2024-09-11,NSE,EQ,EQ,sell,false,3.000000,188.810000,1468262,1000000009263802,2024-09-11T09:57:41
BSHSL,INE032Z01020,2024-09-11,NSE,EQ,EQ,sell,false,1.000000,188.810000,1468263,1000000009263802,2024-09-11T09:57:41
BSHSL,INE032Z01020,2024-09-11,NSE,EQ,EQ,sell,false,18.000000,188.800000,1468264,1000000009263802,2024-09-11T09:57:41
BSHSL,INE032Z01020,2024-09-11,NSE,EQ,EQ,sell,false,19.000000,188.800000,1468265,1000000009263802,2024-09-11T09:57:41
BSHSL,INE032Z01020,2024-09-11,NSE,EQ,EQ,sell,false,1.000000,188.720000,1468266,1000000009263802,2024-09-11T09:57:41
BSHSL,INE032Z01020,2024-09-11,NSE,EQ,EQ,sell,false,7.000000,188.670000,1468267,1000000009263802,2024-09-11T09:57:41
BSHSL,INE032Z01020,2024-09-11,NSE,EQ,EQ,sell,false,2.000000,188.640000,1468268,1000000009263802,2024-09-11T09:57:41
BSHSL,INE032Z01020,2024-09-11,NSE,EQ,EQ,sell,false,8.000000,188.620000,1468269,1000000009263802,2024-09-11T09:57:41
BSHSL,INE032Z01020,2024-09-11,NSE,EQ,EQ,sell,false,1.000000,188.610000,1468270,1000000009263802,2024-09-11T09:57:41
BSHSL,INE032Z01020,2024-09-11,NSE,EQ,EQ,sell,false,15.000000,188.610000,1468271,1000000009263802,2024-09-11T09:57:41
BSHSL,INE032Z01020,2024-09-11,NSE,EQ,EQ,sell,false,1.000000,188.610000,1468272,1000000009263802,2024-09-11T09:57:41
BSHSL,INE032Z01020,2024-09-11,NSE,EQ,EQ,sell,false,47.000000,188.610000,1468273,1000000009263802,2024-09-11T09:57:41
BSHSL,INE032Z01020,2024-09-11,NSE,EQ,EQ,sell,false,18.000000,188.600000,1468274,1000000009263802,2024-09-11T09:57:41
BSHSL,INE032Z01020,2024-09-11,NSE,EQ,EQ,sell,false,11.000000,188.600000,1468275,1000000009263802,2024-09-11T09:57:41
BSHSL,INE032Z01020,2024-09-11,NSE,EQ,EQ,sell,false,2.000000,188.510000,1468276,1000000009263802,2024-09-11T09:57:41
BSHSL,INE032Z01020,2024-09-11,NSE,EQ,EQ,sell,false,18.000000,188.500000,1468277,1000000009263802,2024-09-11T09:57:41
BSHSL,INE032Z01020,2024-09-11,NSE,EQ,EQ,sell,false,7.000000,188.430000,1468278,1000000009263802,2024-09-11T09:57:41
BSHSL,INE032Z01020,2024-09-11,NSE,EQ,EQ,sell,false,61.000000,188.420000,1468279,1000000009263802,2024-09-11T09:57:41
BSHSL,INE032Z01020,2024-09-11,NSE,EQ,EQ,sell,false,1.000000,188.410000,1468280,1000000009263802,2024-09-11T09:57:41
BSHSL,INE032Z01020,2024-09-11,NSE,EQ,EQ,sell,false,65.000000,188.410000,1468281,1000000009263802,2024-09-11T09:57:41
BSHSL,INE032Z01020,2024-09-11,NSE,EQ,EQ,sell,false,18.000000,188.400000,1468282,1000000009263802,2024-09-11T09:57:41
BSHSL,INE032Z01020,2024-09-11,NSE,EQ,EQ,sell,false,25.000000,188.390000,1468283,1000000009263802,2024-09-11T09:57:41
BSHSL,INE032Z01020,2024-09-11,NSE,EQ,EQ,sell,false,32.000000,188.290000,1468284,1000000009263802,2024-09-11T09:57:41
BSHSL,INE032Z01020,2024-09-11,NSE,EQ,EQ,sell,false,10.000000,188.220000,1468285,1000000009263802,2024-09-11T09:57:41
BSHSL,INE032Z01020,2024-09-11,NSE,EQ,EQ,sell,false,1.000000,188.220000,1468286,1000000009263802,2024-09-11T09:57:41
BSHSL,INE032Z01020,2024-09-11,NSE,EQ,EQ,sell,false,10.000000,188.220000,1468287,1000000009263802,2024-09-11T09:57:41
BSHSL,INE032Z01020,2024-09-11,NSE,EQ,EQ,sell,false,1.000000,188.220000,1468288,1000000009263802,2024-09-11T09:57:41
BSHSL,INE032Z01020,2024-09-11,NSE,EQ,EQ,sell,false,10.000000,188.220000,1468289,1000000009263802,2024-09-11T09:57:41
BSHSL,INE032Z01020,2024-09-11,NSE,EQ,EQ,sell,false,1.000000,188.220000,1468290,1000000009263802,2024-09-11T09:57:41
BSHSL,INE032Z01020,2024-09-11,NSE,EQ,EQ,sell,false,1.000000,188.220000,1468292,1000000009263802,2024-09-11T09:57:41
BSHSL,INE032Z01020,2024-09-11,NSE,EQ,EQ,sell,false,10.000000,188.220000,1468293,1000000009263802,2024-09-11T09:57:41
BSHSL,INE032Z01020,2024-09-11,NSE,EQ,EQ,sell,false,1.000000,188.220000,1468294,1000000009263802,2024-09-11T09:57:41
BSHSL,INE032Z01020,2024-09-11,NSE,EQ,EQ,sell,false,10.000000,188.220000,1468295,1000000009263802,2024-09-11T09:57:41
BSHSL,INE032Z01020,2024-09-11,NSE,EQ,EQ,sell,false,1.000000,188.220000,1468296,1000000009263802,2024-09-11T09:57:41
BSHSL,INE032Z01020,2024-09-11,NSE,EQ,EQ,sell,false,5.000000,188.220000,1468297,1000000009263802,2024-09-11T09:57:41
BSHSL,INE032Z01020,2024-09-11,NSE,EQ,EQ,sell,false,1.000000,188.220000,1468298,1000000009263802,2024-09-11T09:57:41
BSHSL,INE032Z01020,2024-09-11,NSE,EQ,EQ,sell,false,1.000000,188.210000,1468299,1000000009263802,2024-09-11T09:57:41
BSHSL,INE032Z01020,2024-09-11,NSE,EQ,EQ,sell,false,18.000000,188.210000,1468300,1000000009263802,2024-09-11T09:57:41
TATATECH,INE142M01025,2024-09-11,NSE,EQ,EQ,buy,false,8.000000,1092.400000,602243831,1300000010726346,2024-09-11T09:59:11
TATATECH,INE142M01025,2024-09-11,NSE,EQ,EQ,buy,false,4.000000,1092.350000,602243828,1300000010726346,2024-09-11T09:59:11
TATATECH,INE142M01025,2024-09-11,NSE,EQ,EQ,buy,false,20.000000,1092.350000,602243829,1300000010726346,2024-09-11T09:59:11
TATATECH,INE142M01025,2024-09-11,NSE,EQ,EQ,buy,false,18.000000,1092.350000,602243830,1300000010726346,2024-09-11T09:59:11
MEDIASSIST,INE456Z01021,2024-09-16,NSE,EQ,EQ,buy,false,21.000000,667.500000,404165322,1200000025320562,2024-09-16T11:14:35
MEDIASSIST,INE456Z01021,2024-09-16,NSE,EQ,EQ,buy,false,16.000000,667.450000,404165319,1200000025320562,2024-09-16T11:14:35
MEDIASSIST,INE456Z01021,2024-09-16,NSE,EQ,EQ,buy,false,25.000000,667.500000,404165320,1200000025320562,2024-09-16T11:14:35
MEDIASSIST,INE456Z01021,2024-09-16,NSE,EQ,EQ,buy,false,13.000000,667.500000,404165321,1200000025320562,2024-09-16T11:14:35
PARACABLES,INE074B01023,2024-09-16,BSE,EQ,B,buy,false,1000.000000,98.150000,28290300,1726464035105349905,2024-09-16T11:17:45
INFY,INE009A01021,2024-09-18,NSE,EQ,EQ,buy,false,15.000000,1895.800000,203300232,1100000020757214,2024-09-18T10:52:08
HDFCBANK,INE040A01034,2024-09-18,NSE,EQ,EQ,buy,false,6.000000,1694.800000,203311354,1100000020835010,2024-09-18T10:52:34
TECHM,INE669C01036,2024-09-18,NSE,EQ,EQ,buy,false,2.000000,1596.150000,603064101,1300000017663844,2024-09-18T10:52:52
TECHM,INE669C01036,2024-09-18,NSE,EQ,EQ,buy,false,7.000000,1596.150000,603064098,1300000017663844,2024-09-18T10:52:52
TECHM,INE669C01036,2024-09-18,NSE,EQ,EQ,buy,false,3.000000,1596.150000,603064099,1300000017663844,2024-09-18T10:52:52
TECHM,INE669C01036,2024-09-18,NSE,EQ,EQ,buy,false,1.000000,1596.150000,603064100,1300000017663844,2024-09-18T10:52:52
TECHM,INE669C01036,2024-09-18,NSE,EQ,EQ,buy,false,3.000000,1596.150000,603064102,1300000017663844,2024-09-18T10:52:52
TCS,INE467B01029,2024-09-18,NSE,EQ,EQ,buy,false,5.000000,4383.650000,603067998,1300000017687480,2024-09-18T10:53:02
BAJFINANCE,INE296A01024,2024-09-19,NSE,EQ,EQ,buy,false,5.000000,7690.000000,930926,1000000004960607,2024-09-19T09:30:11
TBZ,INE760L01018,2024-09-20,NSE,EQ,EQ,buy,false,180.000000,282.820000,601774029,1300000009388872,2024-09-20T09:48:50
MAYURUNIQ,INE040D01038,2024-09-20,NSE,EQ,EQ,sell,false,1.000000,612.550000,401940271,1200000011841203,2024-09-20T09:49:40
MAYURUNIQ,INE040D01038,2024-09-20,NSE,EQ,EQ,sell,false,9.000000,612.550000,401940272,1200000011841203,2024-09-20T09:49:40
MAYURUNIQ,INE040D01038,2024-09-20,NSE,EQ,EQ,sell,false,9.000000,612.500000,401940273,1200000011841203,2024-09-20T09:49:40
MAYURUNIQ,INE040D01038,2024-09-20,NSE,EQ,EQ,sell,false,1.000000,612.500000,401940274,1200000011841203,2024-09-20T09:49:40
MAYURUNIQ,INE040D01038,2024-09-20,NSE,EQ,EQ,sell,false,9.000000,612.450000,401940275,1200000011841203,2024-09-20T09:49:40
MAYURUNIQ,INE040D01038,2024-09-20,NSE,EQ,EQ,sell,false,10.000000,612.400000,401940276,1200000011841203,2024-09-20T09:49:40
MAYURUNIQ,INE040D01038,2024-09-20,NSE,EQ,EQ,sell,false,4.000000,612.250000,401940277,1200000011841203,2024-09-20T09:49:40
MAYURUNIQ,INE040D01038,2024-09-20,NSE,EQ,EQ,sell,false,4.000000,612.200000,401940278,1200000011841203,2024-09-20T09:49:40
MAYURUNIQ,INE040D01038,2024-09-20,NSE,EQ,EQ,sell,false,1.000000,612.150000,401940279,1200000011841203,2024-09-20T09:49:40
MAYURUNIQ,INE040D01038,2024-09-20,NSE,EQ,EQ,sell,false,2.000000,612.150000,401940280,1200000011841203,2024-09-20T09:49:40
MAYURUNIQ,INE040D01038,2024-09-20,NSE,EQ,EQ,sell,false,1.000000,612.150000,401940281,1200000011841203,2024-09-20T09:49:40
MAYURUNIQ,INE040D01038,2024-09-20,NSE,EQ,EQ,sell,false,1.000000,612.100000,401940282,1200000011841203,2024-09-20T09:49:40
MAYURUNIQ,INE040D01038,2024-09-20,NSE,EQ,EQ,sell,false,1.000000,612.100000,401940283,1200000011841203,2024-09-20T09:49:40
MAYURUNIQ,INE040D01038,2024-09-20,NSE,EQ,EQ,sell,false,20.000000,612.100000,401940284,1200000011841203,2024-09-20T09:49:40
MAYURUNIQ,INE040D01038,2024-09-20,NSE,EQ,EQ,sell,false,1.000000,612.050000,401940285,1200000011841203,2024-09-20T09:49:40
MAYURUNIQ,INE040D01038,2024-09-20,NSE,EQ,EQ,sell,false,1.000000,612.050000,401940286,1200000011841203,2024-09-20T09:49:40
MAYURUNIQ,INE040D01038,2024-09-20,NSE,EQ,EQ,sell,false,3.000000,612.050000,401940287,1200000011841203,2024-09-20T09:49:40
ADVENZYMES,INE837H01020,2024-09-20,NSE,EQ,EQ,buy,false,2.000000,533.150000,1619294,1000000009534784,2024-09-20T09:50:33
ADVENZYMES,INE837H01020,2024-09-20,NSE,EQ,EQ,buy,false,17.000000,533.200000,1619297,1000000009534784,2024-09-20T09:50:33
ADVENZYMES,INE837H01020,2024-09-20,NSE,EQ,EQ,buy,false,3.000000,533.150000,1619296,1000000009534784,2024-09-20T09:50:33
ADVENZYMES,INE837H01020,2024-09-20,NSE,EQ,EQ,buy,false,1.000000,533.150000,1619295,1000000009534784,2024-09-20T09:50:33
ADVENZYMES,INE837H01020,2024-09-20,NSE,EQ,EQ,buy,false,1.000000,533.150000,1619293,1000000009534784,2024-09-20T09:50:33
ADVENZYMES,INE837H01020,2024-09-20,NSE,EQ,EQ,buy,false,2.000000,533.150000,1619292,1000000009534784,2024-09-20T09:50:33
ADVENZYMES,INE837H01020,2024-09-20,NSE,EQ,EQ,buy,false,1.000000,533.150000,1619291,1000000009534784,2024-09-20T09:50:33
ADVENZYMES,INE837H01020,2024-09-20,NSE,EQ,EQ,buy,false,2.000000,533.150000,1619290,1000000009534784,2024-09-20T09:50:33
ADVENZYMES,INE837H01020,2024-09-20,NSE,EQ,EQ,buy,false,3.000000,533.150000,1619289,1000000009534784,2024-09-20T09:50:33
ADVENZYMES,INE837H01020,2024-09-20,NSE,EQ,EQ,buy,false,1.000000,533.150000,1619288,1000000009534784,2024-09-20T09:50:33
ADVENZYMES,INE837H01020,2024-09-20,NSE,EQ,EQ,buy,false,2.000000,533.150000,1619287,1000000009534784,2024-09-20T09:50:33
ADVENZYMES,INE837H01020,2024-09-20,NSE,EQ,EQ,buy,false,3.000000,533.150000,1619286,1000000009534784,2024-09-20T09:50:33
ADVENZYMES,INE837H01020,2024-09-20,NSE,EQ,EQ,buy,false,1.000000,533.150000,1619285,1000000009534784,2024-09-20T09:50:33
ADVENZYMES,INE837H01020,2024-09-20,NSE,EQ,EQ,buy,false,2.000000,533.150000,1619284,1000000009534784,2024-09-20T09:50:33
ADVENZYMES,INE837H01020,2024-09-20,NSE,EQ,EQ,buy,false,3.000000,533.150000,1619283,1000000009534784,2024-09-20T09:50:33
ADVENZYMES,INE837H01020,2024-09-20,NSE,EQ,EQ,buy,false,1.000000,533.150000,1619282,1000000009534784,2024-09-20T09:50:33
ADVENZYMES,INE837H01020,2024-09-20,NSE,EQ,EQ,buy,false,2.000000,533.150000,1619281,1000000009534784,2024-09-20T09:50:33
ADVENZYMES,INE837H01020,2024-09-20,NSE,EQ,EQ,buy,false,3.000000,533.150000,1619280,1000000009534784,2024-09-20T09:50:33
ADVENZYMES,INE837H01020,2024-09-20,NSE,EQ,EQ,buy,false,1.000000,533.150000,1619279,1000000009534784,2024-09-20T09:50:33
ADVENZYMES,INE837H01020,2024-09-20,NSE,EQ,EQ,buy,false,2.000000,533.150000,1619278,1000000009534784,2024-09-20T09:50:33
ADVENZYMES,INE837H01020,2024-09-20,NSE,EQ,EQ,buy,false,3.000000,533.150000,1619277,1000000009534784,2024-09-20T09:50:33
ADVENZYMES,INE837H01020,2024-09-20,NSE,EQ,EQ,buy,false,1.000000,533.150000,1619276,1000000009534784,2024-09-20T09:50:33
ADVENZYMES,INE837H01020,2024-09-20,NSE,EQ,EQ,buy,false,28.000000,533.100000,1619275,1000000009534784,2024-09-20T09:50:33
TBZ,INE760L01018,2024-09-24,BSE,EQ,B,sell,false,180.000000,297.150000,456700,1727148600050104836,2024-09-24T09:21:40
GENUSPOWER,INE955D01029,2024-09-24,NSE,EQ,EQ,buy,false,5.000000,421.700000,204457790,1100000025034723,2024-09-24T11:33:31
GENUSPOWER,INE955D01029,2024-09-24,NSE,EQ,EQ,buy,false,42.000000,421.750000,204457791,1100000025034723,2024-09-24T11:33:31
GENUSPOWER,INE955D01029,2024-09-24,NSE,EQ,EQ,buy,false,24.000000,421.800000,204457792,1100000025034723,2024-09-24T11:33:31
GENUSPOWER,INE955D01029,2024-09-24,NSE,EQ,EQ,buy,false,4.000000,421.550000,204457787,1100000025034723,2024-09-24T11:33:31
GENUSPOWER,INE955D01029,2024-09-24,NSE,EQ,EQ,buy,false,3.000000,421.650000,204457789,1100000025034723,2024-09-24T11:33:31
GENUSPOWER,INE955D01029,2024-09-24,NSE,EQ,EQ,buy,false,22.000000,421.600000,204457788,1100000025034723,2024-09-24T11:33:31
SWISSMLTRY-X,INE010C01025,2024-09-24,BSE,EQ,X,sell,false,687.000000,35.700000,9642800,1727148600001501140,2024-09-24T11:34:42
SWISSMLTRY-X,INE010C01025,2024-09-24,BSE,EQ,X,sell,false,1236.000000,35.750000,9642200,1727148600001501140,2024-09-24T11:34:42
KRISHANA,INE506W01012,2024-09-26,NSE,EQ,EQ,sell,false,4.000000,239.260000,400882752,1200000005074675,2024-09-26T09:28:54
KRISHANA,INE506W01012,2024-09-26,NSE,EQ,EQ,sell,false,1.000000,239.500000,400882751,1200000005074675,2024-09-26T09:28:54
KRISHANA,INE506W01012,2024-09-26,NSE,EQ,EQ,sell,false,1.000000,239.500000,400882750,1200000005074675,2024-09-26T09:28:54
KRISHANA,INE506W01012,2024-09-26,NSE,EQ,EQ,sell,false,1.000000,239.500000,400882749,1200000005074675,2024-09-26T09:28:54
KRISHANA,INE506W01012,2024-09-26,NSE,EQ,EQ,sell,false,10.000000,239.500000,400882748,1200000005074675,2024-09-26T09:28:54
KRISHANA,INE506W01012,2024-09-26,NSE,EQ,EQ,sell,false,200.000000,239.500000,400882747,1200000005074675,2024-09-26T09:28:54
KRISHANA,INE506W01012,2024-09-26,NSE,EQ,EQ,sell,false,73.000000,239.000000,400882775,1200000005074675,2024-09-26T09:28:54
KRISHANA,INE506W01012,2024-09-26,NSE,EQ,EQ,sell,false,1.000000,239.000000,400882774,1200000005074675,2024-09-26T09:28:54
KRISHANA,INE506W01012,2024-09-26,NSE,EQ,EQ,sell,false,6.000000,239.010000,400882773,1200000005074675,2024-09-26T09:28:54
KRISHANA,INE506W01012,2024-09-26,NSE,EQ,EQ,sell,false,1.000000,239.010000,400882772,1200000005074675,2024-09-26T09:28:54
KRISHANA,INE506W01012,2024-09-26,NSE,EQ,EQ,sell,false,3.000000,239.010000,400882771,1200000005074675,2024-09-26T09:28:54
KRISHANA,INE506W01012,2024-09-26,NSE,EQ,EQ,sell,false,1.000000,239.010000,400882770,1200000005074675,2024-09-26T09:28:54
KRISHANA,INE506W01012,2024-09-26,NSE,EQ,EQ,sell,false,3.000000,239.010000,400882769,1200000005074675,2024-09-26T09:28:54
KRISHANA,INE506W01012,2024-09-26,NSE,EQ,EQ,sell,false,1.000000,239.010000,400882768,1200000005074675,2024-09-26T09:28:54
KRISHANA,INE506W01012,2024-09-26,NSE,EQ,EQ,sell,false,3.000000,239.010000,400882767,1200000005074675,2024-09-26T09:28:54
KRISHANA,INE506W01012,2024-09-26,NSE,EQ,EQ,sell,false,1.000000,239.010000,400882766,1200000005074675,2024-09-26T09:28:54
KRISHANA,INE506W01012,2024-09-26,NSE,EQ,EQ,sell,false,3.000000,239.010000,400882765,1200000005074675,2024-09-26T09:28:54
KRISHANA,INE506W01012,2024-09-26,NSE,EQ,EQ,sell,false,1.000000,239.010000,400882764,1200000005074675,2024-09-26T09:28:54
KRISHANA,INE506W01012,2024-09-26,NSE,EQ,EQ,sell,false,3.000000,239.010000,400882763,1200000005074675,2024-09-26T09:28:54
KRISHANA,INE506W01012,2024-09-26,NSE,EQ,EQ,sell,false,3.000000,239.010000,400882761,1200000005074675,2024-09-26T09:28:54
KRISHANA,INE506W01012,2024-09-26,NSE,EQ,EQ,sell,false,1.000000,239.010000,400882762,1200000005074675,2024-09-26T09:28:54
KRISHANA,INE506W01012,2024-09-26,NSE,EQ,EQ,sell,false,1.000000,239.010000,400882760,1200000005074675,2024-09-26T09:28:54
KRISHANA,INE506W01012,2024-09-26,NSE,EQ,EQ,sell,false,3.000000,239.010000,400882759,1200000005074675,2024-09-26T09:28:54
KRISHANA,INE506W01012,2024-09-26,NSE,EQ,EQ,sell,false,1.000000,239.010000,400882758,1200000005074675,2024-09-26T09:28:54
KRISHANA,INE506W01012,2024-09-26,NSE,EQ,EQ,sell,false,3.000000,239.010000,400882757,1200000005074675,2024-09-26T09:28:54
KRISHANA,INE506W01012,2024-09-26,NSE,EQ,EQ,sell,false,1.000000,239.110000,400882756,1200000005074675,2024-09-26T09:28:54
KRISHANA,INE506W01012,2024-09-26,NSE,EQ,EQ,sell,false,14.000000,239.200000,400882755,1200000005074675,2024-09-26T09:28:54
KRISHANA,INE506W01012,2024-09-26,NSE,EQ,EQ,sell,false,1.000000,239.210000,400882754,1200000005074675,2024-09-26T09:28:54
KRISHANA,INE506W01012,2024-09-26,NSE,EQ,EQ,sell,false,55.000000,239.250000,400882753,1200000005074675,2024-09-26T09:28:54
BAJAJFINSV,INE918I01026,2024-09-26,NSE,EQ,EQ,buy,false,25.000000,1937.400000,752248,1000000004946126,2024-09-26T09:34:36
INFY,INE009A01021,2024-09-26,BSE,EQ,A,buy,false,25.000000,1907.000000,1808500,1727321400019524830,2024-09-26T09:35:13
ADVENZYMES,INE837H01020,2024-10-10,NSE,EQ,EQ,sell,false,1.000000,487.200000,5911392,1000000037505023,2024-10-10T15:17:31
ADVENZYMES,INE837H01020,2024-10-10,NSE,EQ,EQ,sell,false,1.000000,487.200000,5911393,1000000037505023,2024-10-10T15:17:31
ADVENZYMES,INE837H01020,2024-10-10,NSE,EQ,EQ,sell,false,1.000000,487.200000,5911394,1000000037505023,2024-10-10T15:17:31
ADVENZYMES,INE837H01020,2024-10-10,NSE,EQ,EQ,sell,false,1.000000,487.100000,5911395,1000000037505023,2024-10-10T15:17:31
ADVENZYMES,INE837H01020,2024-10-10,NSE,EQ,EQ,sell,false,2.000000,487.100000,5911396,1000000037505023,2024-10-10T15:17:31
ADVENZYMES,INE837H01020,2024-10-10,NSE,EQ,EQ,sell,false,2.000000,487.100000,5911397,1000000037505023,2024-10-10T15:17:31
ADVENZYMES,INE837H01020,2024-10-10,NSE,EQ,EQ,sell,false,11.000000,487.100000,5911398,1000000037505023,2024-10-10T15:17:31
ADVENZYMES,INE837H01020,2024-10-10,NSE,EQ,EQ,sell,false,1.000000,487.050000,5911399,1000000037505023,2024-10-10T15:17:31
ADVENZYMES,INE837H01020,2024-10-10,NSE,EQ,EQ,sell,false,3.000000,487.050000,5911400,1000000037505023,2024-10-10T15:17:31
ADVENZYMES,INE837H01020,2024-10-10,NSE,EQ,EQ,sell,false,1.000000,487.050000,5911401,1000000037505023,2024-10-10T15:17:31
ADVENZYMES,INE837H01020,2024-10-10,NSE,EQ,EQ,sell,false,18.000000,487.050000,5911402,1000000037505023,2024-10-10T15:17:31
ADVENZYMES,INE837H01020,2024-10-10,NSE,EQ,EQ,sell,false,1.000000,487.050000,5911403,1000000037505023,2024-10-10T15:17:31
ADVENZYMES,INE837H01020,2024-10-10,NSE,EQ,EQ,sell,false,1.000000,487.050000,5911404,1000000037505023,2024-10-10T15:17:31
ADVENZYMES,INE837H01020,2024-10-10,NSE,EQ,EQ,sell,false,2.000000,487.050000,5911405,1000000037505023,2024-10-10T15:17:31
ADVENZYMES,INE837H01020,2024-10-10,NSE,EQ,EQ,sell,false,3.000000,487.050000,5911406,1000000037505023,2024-10-10T15:17:31
ADVENZYMES,INE837H01020,2024-10-10,NSE,EQ,EQ,sell,false,1.000000,487.050000,5911407,1000000037505023,2024-10-10T15:17:31
ADVENZYMES,INE837H01020,2024-10-10,NSE,EQ,EQ,sell,false,1.000000,487.050000,5911408,1000000037505023,2024-10-10T15:17:31
ADVENZYMES,INE837H01020,2024-10-10,NSE,EQ,EQ,sell,false,1.000000,487.050000,5911409,1000000037505023,2024-10-10T15:17:31
ADVENZYMES,INE837H01020,2024-10-10,NSE,EQ,EQ,sell,false,3.000000,487.050000,5911410,1000000037505023,2024-10-10T15:17:31
ADVENZYMES,INE837H01020,2024-10-10,NSE,EQ,EQ,sell,false,1.000000,487.050000,5911411,1000000037505023,2024-10-10T15:17:31
ADVENZYMES,INE837H01020,2024-10-10,NSE,EQ,EQ,sell,false,1.000000,487.050000,5911412,1000000037505023,2024-10-10T15:17:31
ADVENZYMES,INE837H01020,2024-10-10,NSE,EQ,EQ,sell,false,1.000000,487.050000,5911413,1000000037505023,2024-10-10T15:17:31
ADVENZYMES,INE837H01020,2024-10-10,NSE,EQ,EQ,sell,false,2.000000,487.050000,5911414,1000000037505023,2024-10-10T15:17:31
ADVENZYMES,INE837H01020,2024-10-10,NSE,EQ,EQ,sell,false,4.000000,487.000000,5911415,1000000037505023,2024-10-10T15:17:31
ADVENZYMES,INE837H01020,2024-10-10,NSE,EQ,EQ,sell,false,9.000000,487.000000,5911416,1000000037505023,2024-10-10T15:17:31
ADVENZYMES,INE837H01020,2024-10-10,NSE,EQ,EQ,sell,false,1.000000,487.250000,5911389,1000000037505023,2024-10-10T15:17:31
ADVENZYMES,INE837H01020,2024-10-10,NSE,EQ,EQ,sell,false,1.000000,487.250000,5911388,1000000037505023,2024-10-10T15:17:31
ADVENZYMES,INE837H01020,2024-10-10,NSE,EQ,EQ,sell,false,9.000000,487.250000,5911390,1000000037505023,2024-10-10T15:17:31
ADVENZYMES,INE837H01020,2024-10-10,NSE,EQ,EQ,sell,false,1.000000,487.200000,5911391,1000000037505023,2024-10-10T15:17:31
DEEP,INE00IY01012,2024-10-10,BSE,EQ,B,sell,false,26.000000,80.110000,32259600,1728531000001045426,2024-10-10T15:18:13
DEEP,INE00IY01012,2024-10-10,BSE,EQ,B,sell,false,500.000000,80.100000,32259800,1728531000001045426,2024-10-10T15:18:13
DEEP,INE00IY01012,2024-10-10,BSE,EQ,B,sell,false,14.000000,80.080000,32260000,1728531000001045426,2024-10-10T15:18:13
DEEP,INE00IY01012,2024-10-10,BSE,EQ,B,sell,false,60.000000,80.300000,32259400,1728531000001045426,2024-10-10T15:18:13
BANDHANBNK,INE545U01014,2024-10-10,BSE,EQ,A,sell,false,258.000000,187.350000,5780900,1728552584253335564,2024-10-10T15:20:23
GSLSU,INE0JSX01015,2024-10-10,BSE,EQ,B,sell,false,1.000000,192.300000,31370400,1728552055074574797,2024-10-10T15:21:30
GSLSU,INE0JSX01015,2024-10-10,BSE,EQ,B,sell,false,184.000000,191.700000,31371400,1728552055074574797,2024-10-10T15:21:30
GSLSU,INE0JSX01015,2024-10-10,BSE,EQ,B,sell,false,311.000000,192.050000,31371100,1728552055074574797,2024-10-10T15:21:30
GSLSU,INE0JSX01015,2024-10-10,BSE,EQ,B,sell,false,4.000000,192.100000,31370600,1728552055074574797,2024-10-10T15:21:30
BAJFINANCE,INE296A01024,2024-10-15,BSE,EQ,A,sell,false,5.000000,7157.000000,747100,1728963000005897864,2024-10-15T09:59:03
DUCON,INE741L01018,2024-10-15,BSE,EQ,B,sell,false,2100.000000,8.830000,12360200,1728966222431455106,2024-10-15T09:59:34
DUCON,INE741L01018,2024-10-15,BSE,EQ,B,sell,false,1021.000000,8.770000,12360900,1728966222431455106,2024-10-15T09:59:34
DUCON,INE741L01018,2024-10-15,BSE,EQ,B,sell,false,768.000000,8.880000,12359400,1728966222431455106,2024-10-15T09:59:34
DUCON,INE741L01018,2024-10-15,BSE,EQ,B,sell,false,668.000000,8.900000,12359100,1728966222431455106,2024-10-15T09:59:34
DUCON,INE741L01018,2024-10-15,BSE,EQ,B,sell,false,200.000000,8.840000,12360000,1728966222431455106,2024-10-15T09:59:34
DUCON,INE741L01018,2024-10-15,BSE,EQ,B,sell,false,222.000000,8.870000,12359800,1728966222431455106,2024-10-15T09:59:34
DUCON,INE741L01018,2024-10-15,BSE,EQ,B,sell,false,21.000000,8.800000,12360600,1728966222431455106,2024-10-15T09:59:34
HDFCBANK,INE040A01034,2024-10-15,BSE,EQ,A,sell,false,6.000000,1682.450000,1384700,1728963000005841413,2024-10-15T10:00:49
PARACABLES,INE074B01023,2024-10-15,NSE,EQ,EQ,sell,false,50.000000,77.420000,401954836,1200000010495438,2024-10-15T10:01:39
PARACABLES,INE074B01023,2024-10-15,NSE,EQ,EQ,sell,false,106.000000,77.430000,401954833,1200000010495438,2024-10-15T10:01:39
PARACABLES,INE074B01023,2024-10-15,NSE,EQ,EQ,sell,false,117.000000,77.430000,401954834,1200000010495438,2024-10-15T10:01:39
PARACABLES,INE074B01023,2024-10-15,NSE,EQ,EQ,sell,false,122.000000,77.430000,401954835,1200000010495438,2024-10-15T10:01:39
PARACABLES,INE074B01023,2024-10-15,NSE,EQ,EQ,sell,false,112.000000,77.410000,401954837,1200000010495438,2024-10-15T10:01:39
PARACABLES,INE074B01023,2024-10-15,NSE,EQ,EQ,sell,false,429.000000,77.410000,401954838,1200000010495438,2024-10-15T10:01:39
PARACABLES,INE074B01023,2024-10-15,NSE,EQ,EQ,sell,false,764.000000,77.400000,401954839,1200000010495438,2024-10-15T10:01:39
RUSHIL,INE573K01025,2024-10-15,NSE,EQ,EQ,sell,false,50.000000,33.860000,601763920,1300000009386447,2024-10-15T10:01:47
RUSHIL,INE573K01025,2024-10-15,NSE,EQ,EQ,sell,false,816.000000,33.850000,601763921,1300000009386447,2024-10-15T10:01:47
RUSHIL,INE573K01025,2024-10-15,NSE,EQ,EQ,sell,false,1934.000000,33.880000,601763918,1300000009386447,2024-10-15T10:01:47
RUSHIL,INE573K01025,2024-10-15,NSE,EQ,EQ,sell,false,100.000000,33.860000,601763919,1300000009386447,2024-10-15T10:01:47
TECHM,INE669C01036,2024-10-15,BSE,EQ,A,sell,false,8.000000,1677.500000,846000,1728963000007675170,2024-10-15T10:05:33
TECHM,INE669C01036,2024-10-15,BSE,EQ,A,sell,false,4.000000,1677.800000,845600,1728963000007675170,2024-10-15T10:05:33
TECHM,INE669C01036,2024-10-15,BSE,EQ,A,sell,false,4.000000,1677.750000,845800,1728963000007675170,2024-10-15T10:05:33
TATATECH,INE142M01025,2024-10-15,BSE,EQ,B,sell,false,1.000000,1057.650000,1696900,1728963000006655432,2024-10-15T10:18:43
TATATECH,INE142M01025,2024-10-15,BSE,EQ,B,sell,false,20.000000,1057.600000,1697100,1728963000006655432,2024-10-15T10:18:43
TATATECH,INE142M01025,2024-10-15,BSE,EQ,B,sell,false,10.000000,1057.700000,1696700,1728963000006655432,2024-10-15T10:18:43
TATATECH,INE142M01025,2024-10-15,BSE,EQ,B,sell,false,9.000000,1057.450000,1697600,1728963000006655432,2024-10-15T10:18:43
TATATECH,INE142M01025,2024-10-15,BSE,EQ,B,sell,false,10.000000,1057.550000,1697300,1728963000006655432,2024-10-15T10:18:43
MEDIASSIST,INE456Z01021,2024-10-15,BSE,EQ,B,sell,false,13.000000,670.250000,3778100,1728963000010804285,2024-10-15T10:21:09
MEDIASSIST,INE456Z01021,2024-10-15,BSE,EQ,B,sell,false,20.000000,670.150000,3778500,1728963000010804285,2024-10-15T10:21:09
MEDIASSIST,INE456Z01021,2024-10-15,BSE,EQ,B,sell,false,12.000000,670.100000,3778700,1728963000010804285,2024-10-15T10:21:09
MEDIASSIST,INE456Z01021,2024-10-15,BSE,EQ,B,sell,false,13.000000,670.000000,3778900,1728963000010804285,2024-10-15T10:21:09
MEDIASSIST,INE456Z01021,2024-10-15,BSE,EQ,B,sell,false,2.000000,670.400000,3777200,1728963000010804285,2024-10-15T10:21:09
MEDIASSIST,INE456Z01021,2024-10-15,BSE,EQ,B,sell,false,1.000000,670.350000,3777400,1728963000010804285,2024-10-15T10:21:09
MEDIASSIST,INE456Z01021,2024-10-15,BSE,EQ,B,sell,false,14.000000,670.300000,3777800,1728963000010804285,2024-10-15T10:21:09
TCS,INE467B01029,2024-10-15,BSE,EQ,A,buy,false,20.000000,4122.950000,1072800,1728966873303356978,2024-10-15T10:28:28
UTIAMC,INE094J01016,2024-10-15,NSE,EQ,EQ,buy,false,45.000000,1237.950000,602914019,1300000014505091,2024-10-15T10:43:46
CAMPUS,INE278Y01022,2024-10-15,NSE,EQ,EQ,buy,false,20.000000,314.450000,2992372,1000000014757706,2024-10-15T10:46:54
CAMPUS,INE278Y01022,2024-10-15,NSE,EQ,EQ,buy,false,10.000000,314.450000,2982160,1000000014757706,2024-10-15T10:46:54
CAMPUS,INE278Y01022,2024-10-15,NSE,EQ,EQ,buy,false,100.000000,314.450000,2969906,1000000014757706,2024-10-15T10:46:54
CAMPUS,INE278Y01022,2024-10-15,NSE,EQ,EQ,buy,false,20.000000,314.450000,3004769,1000000014757706,2024-10-15T10:46:54
CAMPUS,INE278Y01022,2024-10-15,NSE,EQ,EQ,buy,false,9.000000,314.450000,2995129,1000000014757706,2024-10-15T10:46:54
CAMPUS,INE278Y01022,2024-10-15,NSE,EQ,EQ,buy,false,12.000000,314.450000,3005598,1000000014757706,2024-10-15T10:46:54
CAMPUS,INE278Y01022,2024-10-15,NSE,EQ,EQ,buy,false,149.000000,314.450000,3014686,1000000014757706,2024-10-15T10:46:54
ATUL,INE100A01010,2024-10-15,NSE,EQ,EQ,buy,false,12.000000,7990.400000,2592282,1000000015010893,2024-10-15T10:49:23
GENUSPOWER,INE955D01029,2024-10-16,NSE,EQ,EQ,buy,false,4.000000,398.950000,202176542,1100000011504788,2024-10-16T10:16:20
GENUSPOWER,INE955D01029,2024-10-16,NSE,EQ,EQ,buy,false,4.000000,398.950000,202176541,1100000011504788,2024-10-16T10:16:20
GENUSPOWER,INE955D01029,2024-10-16,NSE,EQ,EQ,buy,false,24.000000,398.950000,202176543,1100000011504788,2024-10-16T10:16:20
GENUSPOWER,INE955D01029,2024-10-16,NSE,EQ,EQ,buy,false,64.000000,399.000000,202176544,1100000011504788,2024-10-16T10:16:20
GENUSPOWER,INE955D01029,2024-10-16,NSE,EQ,EQ,buy,false,4.000000,399.000000,202176545,1100000011504788,2024-10-16T10:16:20
GENUSPOWER,INE955D01029,2024-10-16,NSE,EQ,EQ,buy,false,24.000000,399.050000,202176546,1100000011504788,2024-10-16T10:16:20
GENUSPOWER,INE955D01029,2024-10-16,NSE,EQ,EQ,buy,false,2.000000,399.050000,202176547,1100000011504788,2024-10-16T10:16:20
GENUSPOWER,INE955D01029,2024-10-16,NSE,EQ,EQ,buy,false,24.000000,399.050000,202176548,1100000011504788,2024-10-16T10:16:20
BAJAJFINSV,INE918I01026,2024-10-16,BSE,EQ,A,buy,false,4.000000,1864.950000,681500,1729053261940150523,2024-10-16T10:16:46
BAJAJFINSV,INE918I01026,2024-10-16,BSE,EQ,A,buy,false,16.000000,1865.000000,681700,1729053261940150523,2024-10-16T10:16:46
BAJAJFINSV,INE918I01026,2024-10-16,BSE,EQ,A,buy,false,10.000000,1864.900000,681300,1729053261940150523,2024-10-16T10:16:46
TI,INE133E01013,2024-10-16,BSE,EQ,A,buy,false,75.000000,309.150000,39546800,1729053847496849492,2024-10-16T10:17:58
INFY,INE009A01021,2024-10-16,NSE,EQ,EQ,buy,false,2.000000,1956.800000,202237519,1100000011825096,2024-10-16T10:19:04
INFY,INE009A01021,2024-10-16,NSE,EQ,EQ,buy,false,10.000000,1956.800000,202237520,1100000011825096,2024-10-16T10:19:04
UTIAMC,INE094J01016,2024-10-22,NSE,EQ,EQ,buy,false,1.000000,1238.000000,608918701,1300000053240662,2024-10-22T14:34:42
UTIAMC,INE094J01016,2024-10-22,NSE,EQ,EQ,buy,false,9.000000,1238.000000,608918702,1300000053240662,2024-10-22T14:34:42
UTIAMC,INE094J01016,2024-10-22,NSE,EQ,EQ,buy,false,10.000000,1238.050000,608918703,1300000053240662,2024-10-22T14:34:42
UTIAMC,INE094J01016,2024-10-22,NSE,EQ,EQ,buy,false,2.000000,1238.050000,608918704,1300000053240662,2024-10-22T14:34:42
UTIAMC,INE094J01016,2024-10-22,NSE,EQ,EQ,buy,false,3.000000,1237.950000,608918699,1300000053240662,2024-10-22T14:34:42
UTIAMC,INE094J01016,2024-10-22,NSE,EQ,EQ,buy,false,1.000000,1237.900000,608918698,1300000053240662,2024-10-22T14:34:42
UTIAMC,INE094J01016,2024-10-22,NSE,EQ,EQ,buy,false,7.000000,1237.500000,608918697,1300000053240662,2024-10-22T14:34:42
UTIAMC,INE094J01016,2024-10-22,NSE,EQ,EQ,buy,false,2.000000,1237.950000,608918700,1300000053240662,2024-10-22T14:34:42
LUPIN,INE326A01037,2024-10-23,NSE,EQ,EQ,buy,false,1.000000,2133.000000,403477590,1200000018091981,2024-10-23T10:07:30
LUPIN,INE326A01037,2024-10-23,NSE,EQ,EQ,buy,false,1.000000,2133.050000,403477592,1200000018091981,2024-10-23T10:07:30
LUPIN,INE326A01037,2024-10-23,NSE,EQ,EQ,buy,false,2.000000,2133.050000,403477593,1200000018091981,2024-10-23T10:07:30
LUPIN,INE326A01037,2024-10-23,NSE,EQ,EQ,buy,false,4.000000,2133.050000,403477594,1200000018091981,2024-10-23T10:07:30
LUPIN,INE326A01037,2024-10-23,NSE,EQ,EQ,buy,false,1.000000,2133.050000,403477595,1200000018091981,2024-10-23T10:07:30
LUPIN,INE326A01037,2024-10-23,NSE,EQ,EQ,buy,false,2.000000,2133.050000,403477596,1200000018091981,2024-10-23T10:07:30
LUPIN,INE326A01037,2024-10-23,NSE,EQ,EQ,buy,false,4.000000,2133.050000,403477597,1200000018091981,2024-10-23T10:07:30
LUPIN,INE326A01037,2024-10-23,NSE,EQ,EQ,buy,false,1.000000,2133.050000,403477598,1200000018091981,2024-10-23T10:07:30
LUPIN,INE326A01037,2024-10-23,NSE,EQ,EQ,buy,false,2.000000,2133.050000,403477599,1200000018091981,2024-10-23T10:07:30
LUPIN,INE326A01037,2024-10-23,NSE,EQ,EQ,buy,false,4.000000,2133.050000,403477600,1200000018091981,2024-10-23T10:07:30
LUPIN,INE326A01037,2024-10-23,NSE,EQ,EQ,buy,false,1.000000,2133.050000,403477601,1200000018091981,2024-10-23T10:07:30
LUPIN,INE326A01037,2024-10-23,NSE,EQ,EQ,buy,false,2.000000,2133.050000,403477602,1200000018091981,2024-10-23T10:07:30
LUPIN,INE326A01037,2024-10-23,NSE,EQ,EQ,buy,false,4.000000,2133.050000,403477603,1200000018091981,2024-10-23T10:07:30
LUPIN,INE326A01037,2024-10-23,NSE,EQ,EQ,buy,false,1.000000,2133.050000,403477604,1200000018091981,2024-10-23T10:07:30
LUPIN,INE326A01037,2024-10-23,NSE,EQ,EQ,buy,false,2.000000,2133.050000,403477605,1200000018091981,2024-10-23T10:07:30
LUPIN,INE326A01037,2024-10-23,NSE,EQ,EQ,buy,false,4.000000,2133.050000,403477606,1200000018091981,2024-10-23T10:07:30
LUPIN,INE326A01037,2024-10-23,NSE,EQ,EQ,buy,false,2.000000,2133.000000,403477588,1200000018091981,2024-10-23T10:07:30
LUPIN,INE326A01037,2024-10-23,NSE,EQ,EQ,buy,false,1.000000,2133.000000,403477589,1200000018091981,2024-10-23T10:07:30
LUPIN,INE326A01037,2024-10-23,NSE,EQ,EQ,buy,false,9.000000,2133.000000,403477591,1200000018091981,2024-10-23T10:07:30
CAMS,INE596I01012,2024-10-23,NSE,EQ,EQ,buy,false,3.000000,4450.000000,2487192,1000000015532458,2024-10-23T10:07:58
CEATLTD,INE482A01020,2024-10-23,BSE,EQ,A,buy,false,9.000000,2867.500000,1542300,1729657692696152810,2024-10-23T10:08:45
WAAREEENER,INE377N01017,2024-10-28,BSE,EQ,B,sell,false,9.000000,2467.100000,32860200,1730093701639503446,2024-10-28T11:18:20
